name,country_of_citizenship,agent_name,current_club_name,market_value_in_eur,posicion,liga,90s,goals_per_90,total_shots_per_90,Winning Goal,Total Big Chances Missed,assists_per_90,key_passes_per_90,Total Big Chances Created,Second Goal Assists,Total Successful Passes ( Excl Crosses & Corners ) ,Successful Passes Opposition Half,Progressive Carries,Successful Dribbles,Aerial Duels won,Total Fouls Won,Tackles Won,Recoveries,Foul Won Penalty,age,log_market_val,club_bucket
['kike' 'garcía'],15,5,Deportivo Alavés,1000000,1,5,18.22222222222222,0.38414634146341464,2.6341463414634148,3.0,11.0,0.054878048780487805,0.9878048780487805,4.0,0.0,241.0,158.0,34.0,9.0,83.0,43.0,7.0,44.0,0.0,34.5,13.815511557963774,1
['ivan' 'ilić'],12,5,Torino FC,18000000,2,3,4.611111111111112,,,0.0,,,1.7349397590361444,1.0,0.0,156.0,69.0,26.0,2.0,4.0,4.0,5.0,18.0,0.0,23.2,16.705882371415992,2
['sheraldo' 'becker'],12,7,Real Sociedad,10000000,1,5,1.6666666666666667,,0.6,0.0,,,1.2,,0.0,32.0,17.0,13.0,,,1.0,1.0,15.0,0.0,29.3,16.118095750958314,2
['marko' 'mitrović'],16,5,FK Dinamo Vranje,100000,2,4,7.811111111111112,0.2560455192034139,1.2802275960170697,0.0,,,1.7923186344238975,1.0,0.0,304.0,158.0,39.0,1.0,5.0,17.0,5.0,46.0,0.0,26.9,11.51293546492023,1
['lewis' 'hall'],5,8,Newcastle United,32000000,0,0,22.211111111111112,0.04502251125562781,0.5402701350675337,0.0,1.0,0.04502251125562781,0.9904952476238119,5.0,0.0,989.0,584.0,185.0,36.0,26.0,41.0,28.0,125.0,0.0,21.3,17.281246492014,2
['hossam' 'hassan'],12,5,Wej SC,100000,1,5,20.211111111111112,,1.1379879054425508,0.0,2.0,0.148433205057724,0.8411214953271028,2.0,0.0,367.0,228.0,254.0,58.0,2.0,19.0,25.0,69.0,0.0,29.7,11.51293546492023,1
['martín' 'satriano'],12,5,Olympique Lyon,6000000,1,5,16.822222222222223,0.35667107001321,1.54557463672391,3.0,1.0,0.059445178335535004,0.8322324966974901,5.0,0.0,230.0,166.0,58.0,23.0,39.0,27.0,13.0,52.0,0.0,24.8,15.607270193858982,2
['césar' 'azpilicueta'],15,5,Sevilla FC,1200000,0,5,12.533333333333333,,0.0797872340425532,0.0,,0.0797872340425532,0.0797872340425532,1.0,0.0,572.0,202.0,81.0,2.0,20.0,8.0,18.0,38.0,0.0,36.3,13.997832948091215,2
['malick' 'mbaye'],14,5,US Viterbese 1908,125000,1,1,3.3222222222222224,,0.3010033444816053,0.0,,,0.6020066889632106,,0.0,79.0,48.0,26.0,3.0,1.0,3.0,5.0,14.0,0.0,27.6,11.736077016252437,1
['yvan' 'neyou'],12,5,Getafe CF,2500000,0,5,0.7222222222222222,,,0.0,,,,,0.0,15.0,10.0,3.0,,,2.0,,2.0,0.0,28.9,14.731801689838349,1
['leandro' 'barreiro'],12,2,SL Benfica,15000000,2,4,19.422222222222224,0.15446224256292904,0.8237986270022882,1.0,4.0,0.25743707093821505,0.8237986270022882,2.0,0.0,588.0,349.0,64.0,8.0,27.0,46.0,16.0,60.0,0.0,26.0,16.52356082573315,1
['arturo' 'álvarez'],12,5,Houston Dynamo,350000,1,3,,,,,,,,,0.0,,,,,,,,,0.0,33.5,12.765691290604371,1
['pablo' 'garcía'],12,5,PAOK Thessaloniki,250000,1,5,4.2,,2.619047619047619,0.0,1.0,,0.47619047619047616,,0.0,78.0,50.0,36.0,5.0,,9.0,5.0,23.0,0.0,36.6,12.429220196836383,1
['pasquale' 'mazzocchi'],8,5,SSC Napoli,1700000,0,3,3.2222222222222223,,0.6206896551724138,0.0,,0.3103448275862069,0.9310344827586207,2.0,0.0,136.0,77.0,20.0,4.0,6.0,,2.0,17.0,0.0,30.4,14.346139397261565,0
['brandon' 'dominguès'],6,5,Budapest Honvéd FC,350000,2,5,,,,,,,,,0.0,,,,,,,,,0.0,23.0,12.765691290604371,1
['leny' 'yoro'],6,4,Manchester United,55000000,0,0,19.144444444444446,,0.4178757980266976,0.0,2.0,,0.2089378990133488,,0.0,871.0,343.0,136.0,2.0,44.0,5.0,20.0,73.0,0.0,20.1,17.822843761378564,0
['omar' 'traoré'],7,9,1.FC Heidenheim 1846,3000000,0,2,16.666666666666668,,0.48,0.0,1.0,0.12,0.6599999999999999,3.0,0.0,436.0,226.0,85.0,13.0,11.0,19.0,9.0,62.0,0.0,27.9,14.914123179965662,1
['david' 'neres'],2,5,SSC Napoli,28000000,1,3,10.277777777777779,0.29189189189189185,0.9729729729729729,2.0,,0.29189189189189185,1.7513513513513512,9.0,0.0,270.0,216.0,93.0,19.0,4.0,7.0,5.0,28.0,0.0,28.8,17.147715103853763,0
['alejandro' 'catena'],15,5,CA Osasuna,2800000,0,5,32.144444444444446,0.09332872450743172,0.43553404770134807,2.0,1.0,0.06221914967162115,0.2799861735222952,2.0,0.0,1356.0,369.0,162.0,6.0,76.0,14.0,29.0,106.0,0.0,31.1,14.845130332288226,1
['pau' 'víctor'],15,5,FC Barcelona Atlètic,1500000,1,4,25.211111111111112,0.3966505068312032,1.4279418245923314,3.0,7.0,0.15866020273248127,0.6346408109299251,7.0,0.0,774.0,531.0,119.0,38.0,20.0,32.0,15.0,80.0,0.0,22.6,14.220976332738882,1
['dominic' 'sadi'],5,5,FK Novi Pazar,150000,1,0,,,,,,,,,0.0,,,,,,,,,0.0,22.3,11.918397239722838,1
['sören' 'berg'],4,5,FC Vestsjaelland,100000,0,0,29.58888888888889,,0.642132932782576,0.0,4.0,0.033796470146451374,0.16898235073225684,4.0,0.0,1224.0,319.0,158.0,1.0,135.0,11.0,8.0,106.0,0.0,37.7,11.51293546492023,1
['noah' 'okafor'],12,3,Leeds United,18000000,1,0,17.422222222222224,0.4591836734693877,1.4349489795918366,3.0,4.0,0.057397959183673464,1.0905612244897958,4.0,0.0,253.0,181.0,138.0,39.0,12.0,14.0,15.0,61.0,0.0,25.5,16.705882371415992,2
['borja' 'mayoral'],15,5,Getafe CF,7500000,1,5,11.766666666666667,0.3399433427762039,0.8498583569405098,2.0,3.0,0.08498583569405098,0.3399433427762039,1.0,0.0,214.0,148.0,16.0,6.0,15.0,7.0,4.0,32.0,0.0,28.7,15.830413711839864,1
['florian' 'neuhaus'],7,5,Borussia Mönchengladbach,3500000,2,2,10.377777777777778,,1.1563169164882225,0.0,1.0,0.09635974304068522,0.7708779443254817,1.0,0.0,393.0,222.0,64.0,6.0,2.0,9.0,7.0,45.0,0.0,28.8,15.068273812173887,2
['joão' 'tavares'],13,5,CD Feirense,450000,2,4,10.61111111111111,,0.6596858638743456,0.0,,0.09424083769633508,0.6596858638743456,,0.0,319.0,177.0,44.0,11.0,26.0,31.0,22.0,55.0,0.0,24.5,13.017005083966255,1
['raúl' 'garcía'],15,5,Athletic Bilbao,1500000,1,5,9.9,0.7070707070707071,3.0303030303030303,3.0,5.0,0.10101010101010101,1.0101010101010102,1.0,0.0,149.0,99.0,45.0,13.0,37.0,12.0,13.0,25.0,0.0,37.9,14.220976332738882,1
['luca' 'waldschmidt'],7,5,1.FC Köln,2500000,1,2,7.4,0.6756756756756757,2.8378378378378377,0.0,4.0,0.5405405405405405,1.2162162162162162,5.0,0.0,170.0,107.0,30.0,7.0,10.0,6.0,3.0,21.0,0.0,28.0,14.731801689838349,1
['himad' 'abdelli'],12,5,Angers SCO,3000000,2,1,11.988888888888889,0.16682113067655235,0.917516218721038,0.0,,,0.7506950880444856,,0.0,621.0,305.0,120.0,15.0,9.0,12.0,17.0,74.0,0.0,23.9,14.914123179965662,1
['semeu' 'commey'],12,5,CF Estrela Amadora,300000,0,4,,,,,,,,,0.0,,,,,,,,,0.0,21.6,12.611541086966115,1
['henrikh' 'mkhitaryan'],12,5,Inter Milan,3500000,2,3,15.877777777777778,0.25192442267319803,1.7004898530440866,1.0,4.0,0.06298110566829951,1.1336599020293912,5.0,0.0,798.0,546.0,123.0,12.0,11.0,16.0,24.0,94.0,1.0,36.9,15.068273812173887,0
['stefan' 'schimmer'],7,5,1.FC Heidenheim 1846,500000,1,2,8.944444444444445,0.5590062111801242,2.4596273291925463,1.0,11.0,0.11180124223602485,1.2298136645962732,2.0,0.0,100.0,73.0,10.0,1.0,30.0,5.0,4.0,22.0,0.0,31.6,13.122365377402328,1
['kevin' 'stöger'],12,5,Borussia Mönchengladbach,3000000,2,2,14.711111111111112,0.06797583081570996,1.2235649546827794,1.0,2.0,0.06797583081570996,1.6993957703927491,6.0,0.0,663.0,388.0,93.0,3.0,2.0,29.0,19.0,65.0,0.0,32.3,14.914123179965662,2
['raúl' 'asencio'],15,5,AS Cittadella,350000,0,5,17.955555555555556,0.11138613861386139,0.6683168316831684,0.0,2.0,,0.2784653465346535,1.0,0.0,1027.0,408.0,124.0,1.0,21.0,19.0,13.0,49.0,0.0,25.1,12.765691290604371,1
['rayane' 'belaid'],15,5,Atlético Madrileño,600000,1,5,1.488888888888889,,2.014925373134328,0.0,1.0,,1.3432835820895521,,0.0,27.0,16.0,5.0,2.0,1.0,1.0,,4.0,0.0,20.9,13.304686600863562,1
['patrik' 'schick'],12,5,Bayer 04 Leverkusen,25000000,1,2,22.166666666666668,0.7218045112781954,2.661654135338346,4.0,18.0,0.13533834586466165,0.49624060150375937,5.0,0.0,331.0,205.0,32.0,10.0,62.0,20.0,4.0,23.0,1.0,29.9,17.034386422832473,2
['rayan' 'philippe'],6,5,Swift Hesperange,400000,1,2,14.277777777777779,0.35019455252918286,2.1011673151750974,1.0,4.0,,1.1206225680933852,3.0,0.0,142.0,103.0,69.0,12.0,7.0,9.0,14.0,58.0,0.0,22.6,12.899222326086994,1
['quilindschy' 'hartman'],10,5,Feyenoord Rotterdam,23000000,0,0,20.333333333333336,,0.34426229508196715,0.0,1.0,0.24590163934426226,0.7377049180327868,6.0,0.0,557.0,258.0,59.0,5.0,10.0,3.0,32.0,69.0,0.0,22.5,16.951004817371683,2
['javier' 'boñar'],15,5,Atlético de Madrid B,500000,0,5,2.988888888888889,0.3345724907063197,0.6691449814126395,0.0,,,0.3345724907063197,,0.0,100.0,46.0,22.0,1.0,3.0,1.0,3.0,8.0,0.0,19.1,13.122365377402328,1
['ángel' 'alarcón'],15,5,FC Barcelona Atlètic,300000,1,4,0.6333333333333333,,1.5789473684210527,0.0,,,,,0.0,23.0,14.0,5.0,,1.0,,,4.0,0.0,20.1,12.611541086966115,1
['oleksandr' 'zinchenko'],12,5,Nottingham Forest,15000000,0,0,3.9222222222222225,,0.509915014164306,0.0,,,1.2747875354107647,1.0,0.0,231.0,150.0,35.0,1.0,4.0,2.0,6.0,17.0,0.0,29.0,16.52356082573315,2
['nico' 'gonzález'],15,4,Manchester City,45000000,1,5,16.144444444444446,0.30970406056434957,2.291810048176187,1.0,6.0,,0.743289745354439,3.0,0.0,406.0,244.0,93.0,24.0,50.0,25.0,16.0,61.0,1.0,23.9,17.622173069956816,0
['bryan' 'cristante'],8,5,AS Roma,7000000,2,3,33.47777777777778,0.05974112180550945,0.8065051443743776,2.0,2.0,0.029870560902754726,0.7467640225688682,2.0,0.0,1663.0,991.0,221.0,13.0,111.0,9.0,40.0,179.0,0.0,30.8,15.76142084987672,2
['jan' 'bürger'],7,5,VfL Wolfsburg U19,1000000,0,2,2.7333333333333334,,0.7317073170731707,0.0,,,0.7317073170731707,,0.0,44.0,21.0,12.0,1.0,2.0,5.0,3.0,7.0,0.0,18.9,13.815511557963774,1
['josé' 'gomes'],13,5,CD Nacional,1000000,2,0,30.477777777777778,0.03281079110462997,0.4265402843601896,1.0,,0.03281079110462997,0.4921618665694495,2.0,0.0,1216.0,639.0,209.0,43.0,26.0,48.0,68.0,190.0,0.0,29.4,13.815511557963774,1
['james' 'hill'],5,5,AFC Bournemouth,7000000,0,0,21.37777777777778,,0.46777546777546775,0.0,1.0,0.1403326403326403,0.42099792099792094,2.0,0.0,716.0,233.0,96.0,2.0,108.0,12.0,20.0,69.0,0.0,23.9,15.76142084987672,1
['rodrigo' 'muniz'],2,1,Fulham FC,20000000,1,0,9.533333333333333,0.1048951048951049,1.9930069930069931,0.0,6.0,0.1048951048951049,0.7342657342657343,1.0,0.0,46.0,36.0,13.0,4.0,69.0,15.0,3.0,14.0,0.0,23.1,16.811242881518265,2
['yago' 'santiago'],15,5,Tottenham Hotspur U21,200000,2,3,0.05555555555555556,,36.0,0.0,,,18.0,,0.0,4.0,2.0,1.0,1.0,,1.0,,2.0,0.0,20.7,12.206077645517674,1
['portu'],15,8,Girona FC,1500000,1,5,5.2555555555555555,,1.1416490486257929,0.0,3.0,,0.5708245243128964,,0.0,56.0,41.0,9.0,,5.0,4.0,1.0,11.0,0.0,33.6,14.220976332738882,2
['calvin' 'ramsay'],12,3,Preston North End,4000000,0,0,,,,,,,,,0.0,,,,,,,,,0.0,20.4,15.201805169084134,1
['salvatore' 'esposito'],8,5,Spezia Calcio,3300000,1,3,28.1,0.21352313167259784,1.387900355871886,1.0,2.0,0.1779359430604982,2.1352313167259784,11.0,0.0,685.0,476.0,102.0,16.0,20.0,49.0,30.0,88.0,1.0,22.7,15.009433329466965,1
['eduardo' 'quaresma'],13,5,Sporting CP,15000000,0,4,13.177777777777779,0.1517706576728499,0.22765598650927485,2.0,,0.1517706576728499,0.22765598650927485,2.0,0.0,1033.0,459.0,162.0,11.0,21.0,10.0,20.0,55.0,0.0,23.8,16.52356082573315,2
['umar' 'sadiq'],11,0,Real Sociedad,4000000,1,5,11.411111111111111,0.3505355404089581,1.9279454722492697,0.0,5.0,0.17526777020447906,0.7010710808179162,3.0,0.0,117.0,77.0,39.0,14.0,24.0,20.0,6.0,30.0,3.0,28.9,15.201805169084134,2
['alain' 'mendy'],14,5,APO Fostiras,125000,0,1,22.311111111111114,0.0448207171314741,0.4930278884462151,0.0,5.0,,0.0448207171314741,,0.0,966.0,338.0,195.0,6.0,59.0,22.0,35.0,108.0,0.0,25.1,11.736077016252437,1
['jeremie' 'frimpong'],10,5,Liverpool FC,38000000,0,0,11.366666666666667,,0.5278592375366569,0.0,,0.0879765395894428,1.1436950146627565,4.0,0.0,360.0,255.0,111.0,18.0,7.0,21.0,10.0,50.0,0.0,25.0,17.453096744006448,0
['joão' 'graça'],13,5,Rio Ave FC,300000,2,4,0.6555555555555556,,,0.0,,,4.576271186440678,,0.0,49.0,25.0,9.0,3.0,1.0,1.0,,5.0,0.0,30.5,12.611541086966115,1
['leo' 'østigård'],12,5,Genoa CFC,10000000,0,3,29.144444444444446,0.1715592832634388,0.6176134197483797,1.0,5.0,0.03431185665268776,0.30880670987418984,1.0,0.0,1505.0,387.0,175.0,1.0,108.0,15.0,25.0,80.0,0.0,26.1,16.118095750958314,2
['juan' 'cruz'],15,5,CA Osasuna,1200000,0,5,7.177777777777778,,0.1393188854489164,0.0,1.0,,0.2786377708978328,,0.0,209.0,73.0,23.0,2.0,5.0,2.0,3.0,18.0,0.0,33.4,13.997832948091215,1
['cristian' 'romero'],0,5,Tottenham Hotspur,60000000,0,0,20.8,0.1923076923076923,0.7211538461538461,0.0,1.0,0.04807692307692307,0.4807692307692307,4.0,1.0,985.0,316.0,137.0,8.0,73.0,16.0,29.0,88.0,0.0,27.6,17.909855136853043,0
['filippo' 'missori'],8,5,US Sassuolo,1500000,0,3,,,,,,,,,0.0,,,,,,,,,0.0,20.2,14.220976332738882,1
['julián' 'malatini'],0,5,SV Werder Bremen,2000000,0,2,5.733333333333333,,0.1744186046511628,0.0,,,0.3488372093023256,,0.0,283.0,91.0,29.0,1.0,11.0,1.0,6.0,28.0,0.0,24.6,14.508658238524095,1
['rémy' 'labeau' 'lascary'],6,5,Stade Brestois 29,1800000,1,1,12.988888888888889,0.3849443969204448,1.8477331052181352,2.0,6.0,0.07698887938408897,0.9238665526090676,4.0,0.0,181.0,114.0,90.0,20.0,11.0,17.0,10.0,44.0,0.0,22.8,14.403297778421795,1
['mathias' 'pereira' 'lage'],13,3,FC St. Pauli,3500000,2,2,22.555555555555557,0.08866995073891625,1.3300492610837438,1.0,7.0,0.08866995073891625,0.9753694581280787,4.0,0.0,323.0,229.0,69.0,15.0,45.0,32.0,21.0,66.0,0.0,29.1,15.068273812173887,1
['pervis' 'estupiñán'],12,4,AC Milan,14000000,0,3,11.511111111111111,0.08687258687258688,0.7818532818532818,1.0,,0.08687258687258688,1.0424710424710424,2.0,0.0,457.0,247.0,61.0,2.0,8.0,8.0,9.0,59.0,0.0,27.9,16.454567959008102,0
['abraham' 'marcus'],11,5,FC Porto B,1200000,1,4,28.58888888888889,0.1748931208705791,1.1193159735717062,1.0,4.0,0.1748931208705791,1.3641663427905169,15.0,0.0,571.0,344.0,147.0,51.0,45.0,53.0,23.0,138.0,0.0,23.5,13.997832948091215,1
['luís' 'esteves'],13,5,Gil Vicente FC,2000000,2,4,30.77777777777778,0.1299638989169675,1.7220216606498195,1.0,1.0,0.259927797833935,1.592057761732852,8.0,1.0,1200.0,693.0,148.0,13.0,20.0,52.0,27.0,165.0,1.0,27.7,14.508658238524095,1
['kyle' 'edwards'],5,5,Ipswich Town,350000,1,4,0.12222222222222223,,,0.0,,,,,0.0,2.0,2.0,1.0,,,,,,0.0,25.3,12.765691290604371,1
['kaye' 'furo'],1,5,Club Brugge KV,2500000,1,0,0.011111111111111112,,,0.0,,,,,0.0,,,1.0,,,,,,0.0,18.8,14.731801689838349,1
['marco' 'de' 'las' 'sías'],15,5,Rayo Vallecano B,100000,0,5,,,,,,,,,0.0,,,,,,,,,0.0,20.0,11.51293546492023,1
['gustaf' 'lagerbielke'],16,5,SC Braga,5000000,0,4,26.566666666666666,0.07528230865746549,0.451693851944793,0.0,2.0,,0.30112923462986196,,0.0,1864.0,785.0,210.0,7.0,95.0,25.0,15.0,80.0,2.0,25.7,15.424948670398354,1
['víctor' 'chust'],15,5,Cádiz CF,2000000,0,5,22.11111111111111,,0.36180904522613067,0.0,1.0,,0.22613065326633167,,0.0,1308.0,536.0,182.0,7.0,26.0,9.0,32.0,85.0,0.0,24.3,14.508658238524095,1
['rafa' 'obrador'],15,5,Real Madrid Castilla,300000,0,3,10.777777777777779,,0.37113402061855666,0.0,,0.18556701030927833,0.8350515463917525,1.0,0.0,256.0,130.0,59.0,6.0,2.0,4.0,5.0,24.0,0.0,19.3,12.611541086966115,1
['fábio' 'cardoso'],13,4,FC Porto,3500000,0,5,3.3111111111111113,,,0.0,,,,,0.0,131.0,24.0,7.0,,7.0,1.0,3.0,8.0,0.0,30.1,15.068273812173887,2
['bruno' 'duarte'],2,5,SC Farense,3000000,1,4,,,,,,,,,0.0,,,,,,,,,0.0,28.2,14.914123179965662,1
['marcos' 'díaz'],0,5,CD Santa Clara,100000,1,5,3.1333333333333333,,1.5957446808510638,0.0,,,0.6382978723404256,2.0,0.0,28.0,21.0,8.0,1.0,12.0,,1.0,9.0,0.0,37.4,11.51293546492023,1
['sékou' 'mara'],6,5,AJ Auxerre,4000000,1,1,12.744444444444445,0.2353966870095902,1.8047079337401917,1.0,1.0,0.15693112467306014,0.4707933740191804,2.0,0.0,166.0,115.0,27.0,15.0,31.0,25.0,6.0,24.0,1.0,23.4,15.201805169084134,1
['lukas' 'nmecha'],7,7,Leeds United,8000000,1,0,10.588888888888889,0.5666316894018888,2.266526757607555,2.0,6.0,0.0944386149003148,0.5666316894018888,1.0,0.0,118.0,76.0,34.0,3.0,31.0,16.0,7.0,24.0,0.0,27.0,15.894952224644102,2
['germán' 'pezzella'],0,5,Real Betis Balompié,3000000,0,3,26.78888888888889,,0.1493156366652841,0.0,,0.03732890916632103,0.9332227291580256,,0.0,546.0,293.0,120.0,14.0,25.0,31.0,31.0,82.0,0.0,32.9,14.914123179965662,1
['gaetano' 'oristanio'],8,5,Cagliari Calcio,4000000,2,3,9.522222222222222,0.10501750291715287,1.47024504084014,0.0,2.0,,1.0501750291715286,,0.0,128.0,108.0,61.0,15.0,9.0,20.0,5.0,30.0,0.0,21.7,15.201805169084134,1
['jesper' 'karlsson'],16,5,Aberdeen FC,4000000,1,3,,,,,,,,,0.0,,,,,,,,,0.0,27.4,15.201805169084134,1
['rav' 'van' 'den' 'berg'],10,5,PEC Zwolle,400000,0,2,12.577777777777778,,,0.0,,0.07950530035335689,,1.0,0.0,659.0,168.0,51.0,,26.0,3.0,8.0,36.0,0.0,19.0,12.899222326086994,1
['alemão'],2,5,FC Ararat-Armenia,225000,1,5,11.433333333333334,0.26239067055393583,1.4868804664723032,1.0,5.0,,0.6122448979591837,,0.0,118.0,77.0,17.0,6.0,17.0,25.0,2.0,17.0,0.0,30.5,12.323860125621126,1
['nayef' 'aguerd'],9,5,Olympique Marseille,22000000,0,0,2.0,,1.0,0.0,,,,,0.0,104.0,42.0,14.0,1.0,4.0,1.0,,8.0,0.0,29.7,16.906553056777135,2
['quinten' 'timber'],10,5,Feyenoord Rotterdam,28000000,2,1,12.255555555555556,,0.5711695376246599,0.0,1.0,,0.6527651858567542,,1.0,416.0,262.0,74.0,16.0,2.0,20.0,16.0,44.0,0.0,23.0,17.147715103853763,2
['morten' 'hjulmand'],4,5,Sporting CP,50000000,2,4,25.833333333333336,0.11612903225806451,0.7741935483870968,1.0,3.0,0.15483870967741933,0.9677419354838709,2.0,0.0,1533.0,859.0,124.0,8.0,37.0,41.0,37.0,165.0,0.0,26.5,17.72753358339242,2
['conor' 'bradley'],12,5,Liverpool FC,30000000,0,0,10.355555555555556,,0.19313304721030042,0.0,,0.09656652360515021,0.2896995708154506,3.0,0.0,413.0,255.0,85.0,7.0,15.0,20.0,15.0,43.0,0.0,22.4,17.216707972959764,0
['jonathan' 'clauss'],6,5,OGC Nice,4500000,0,1,27.255555555555556,0.036689767631471665,0.5870362821035466,1.0,1.0,0.22013860578883,2.0179372197309418,16.0,1.0,993.0,593.0,194.0,27.0,9.0,17.0,34.0,141.0,1.0,33.2,15.319588176962746,2
['maracás'],2,5,Moreirense FC,800000,0,4,28.822222222222223,0.13878180416345412,0.2081727062451812,3.0,1.0,,0.06939090208172706,,0.0,1537.0,200.0,92.0,2.0,72.0,15.0,29.0,109.0,0.0,31.6,13.592368256649284,1
['valentin' 'rongier'],6,1,Stade Rennais FC,9000000,2,1,29.5,0.06779661016949153,0.5423728813559322,2.0,,0.1694915254237288,1.2203389830508475,8.0,0.0,1744.0,929.0,196.0,19.0,29.0,25.0,49.0,161.0,0.0,31.0,16.012735246411598,2
['laurs' 'skjellerup'],4,5,Hobro IK,150000,1,3,0.1,,,0.0,,,,,0.0,,,2.0,,1.0,,,1.0,0.0,20.9,11.918397239722838,1
['brian' 'brobbey'],10,5,Sunderland AFC,20000000,1,0,19.922222222222224,0.30117122141662017,1.2548800892359173,3.0,10.0,0.05019520356943669,0.7027328499721137,2.0,0.0,182.0,128.0,31.0,2.0,64.0,33.0,2.0,42.0,1.0,23.9,16.811242881518265,1
['savinho'],2,5,Manchester City,45000000,1,0,7.7444444444444445,0.1291248206599713,1.9368723098995695,0.0,6.0,0.1291248206599713,0.6456241032998565,,0.0,278.0,228.0,123.0,14.0,,10.0,5.0,35.0,1.0,21.7,17.622173069956816,0
['abdón' 'prats'],15,5,RCD Mallorca,900000,1,5,1.277777777777778,,0.7826086956521738,0.0,1.0,,1.5652173913043477,,0.0,16.0,12.0,,1.0,4.0,3.0,,1.0,0.0,33.0,13.710151153416941,1
['ivan' 'cavaleiro'],12,4,LOSC Lille,2000000,1,4,9.455555555555556,0.21151586368977673,1.4806110458284372,0.0,2.0,,1.7978848413631021,5.0,0.0,182.0,145.0,58.0,9.0,13.0,9.0,3.0,43.0,0.0,30.6,14.508658238524095,2
['ramon' 'lopes'],2,5,Without Club,100000,1,4,11.555555555555555,0.34615384615384615,2.1634615384615383,0.0,,0.17307692307692307,1.125,4.0,0.0,283.0,185.0,45.0,10.0,2.0,10.0,11.0,42.0,0.0,34.2,11.51293546492023,1
['alessio' 'zerbin'],8,5,US Cremonese,2200000,1,3,17.766666666666666,,0.8442776735459663,0.0,3.0,0.16885553470919326,0.7879924953095685,4.0,0.0,326.0,228.0,82.0,7.0,9.0,20.0,19.0,60.0,0.0,26.8,14.603968372873895,1
['josha' 'vagnoman'],7,5,VfB Stuttgart,10000000,0,2,17.622222222222224,0.05674653215636822,1.021437578814628,1.0,5.0,0.17023959646910466,0.7377049180327868,3.0,0.0,499.0,280.0,71.0,6.0,17.0,16.0,16.0,55.0,1.0,25.0,16.118095750958314,2
['marcelo' 'flores'],12,5,Real Oviedo,800000,2,4,2.1,,,0.0,,,0.47619047619047616,,0.0,92.0,52.0,10.0,1.0,2.0,4.0,3.0,12.0,0.0,19.7,13.592368256649284,1
['gautier' 'lloris'],6,5,Le Havre AC,3000000,0,1,25.666666666666668,0.03896103896103896,0.35064935064935066,0.0,3.0,0.03896103896103896,0.11688311688311688,1.0,0.0,1358.0,356.0,207.0,1.0,68.0,17.0,23.0,71.0,1.0,28.9,14.914123179965662,1
['yassir' 'zabiri'],9,5,FC Famalicão,4000000,1,1,0.4666666666666667,,8.571428571428571,0.0,1.0,,,,0.0,12.0,8.0,5.0,2.0,1.0,,1.0,2.0,0.0,20.8,15.201805169084134,1
['youri' 'tielemans'],1,5,Aston Villa,35000000,2,0,20.5,,0.7804878048780488,0.0,2.0,0.1951219512195122,1.2682926829268293,5.0,0.0,942.0,578.0,108.0,9.0,22.0,41.0,34.0,93.0,0.0,28.6,17.370858648025116,2
['fin' 'stevens'],12,5,Oxford United,450000,0,2,0.2888888888888889,,,0.0,,,3.4615384615384612,,0.0,7.0,6.0,,,1.0,,,3.0,0.0,20.7,13.017005083966255,1
['malo' 'gusto'],6,8,Chelsea FC,35000000,0,0,24.244444444444447,0.08249312557286892,0.37121906507791014,1.0,1.0,0.12373968835930338,0.9486709440879926,3.0,1.0,1064.0,561.0,156.0,11.0,13.0,19.0,24.0,120.0,0.0,22.6,17.370858648025116,0
['aihen' 'muñoz'],15,3,Real Sociedad,8000000,0,5,8.488888888888889,,0.5890052356020943,0.0,1.0,,0.5890052356020943,,0.0,222.0,121.0,32.0,3.0,8.0,3.0,17.0,24.0,0.0,26.8,15.894952224644102,2
['nico' 'gonzález'],15,4,Manchester City,45000000,2,0,16.41111111111111,0.060934326337169935,0.3046716316858497,0.0,,,0.6093432633716994,1.0,0.0,1121.0,691.0,134.0,12.0,30.0,18.0,29.0,83.0,0.0,23.9,17.622173069956816,0
['riccardo' 'calafiori'],8,5,Arsenal FC,50000000,0,0,17.666666666666668,0.056603773584905655,1.2452830188679245,1.0,3.0,0.11320754716981131,0.22641509433962262,,0.0,595.0,314.0,93.0,15.0,45.0,9.0,19.0,70.0,0.0,23.6,17.72753358339242,0
['michy' 'batshuayi'],1,5,Eintracht Frankfurt,3000000,1,2,1.488888888888889,0.6716417910447761,1.3432835820895521,0.0,1.0,,1.3432835820895521,,0.0,28.0,14.0,2.0,1.0,3.0,1.0,1.0,6.0,0.0,32.2,14.914123179965662,2
['bertuğ' 'yıldırım'],12,5,Basaksehir FK,2200000,1,1,0.022222222222222223,,,0.0,,,45.0,,0.0,2.0,2.0,,,,,,,0.0,23.4,14.603968372873895,1
['pepê'],2,5,FC Porto,30000000,1,4,24.900000000000002,0.12048192771084336,0.8433734939759036,1.0,2.0,0.1606425702811245,1.8072289156626504,12.0,0.0,552.0,436.0,140.0,23.0,17.0,53.0,21.0,111.0,0.0,27.3,17.216707972959764,2
['daniel' 'carvajal'],15,5,Real Madrid,12000000,0,5,8.911111111111111,,0.44887780548628425,0.0,1.0,,0.8977556109725685,3.0,0.0,406.0,229.0,28.0,1.0,5.0,8.0,10.0,28.0,0.0,32.4,16.300417291085605,0
['lucas' 'vázquez'],15,5,Bayer 04 Leverkusen,2500000,1,5,12.166666666666668,0.2465753424657534,1.643835616438356,2.0,1.0,,0.1643835616438356,,0.0,107.0,75.0,19.0,3.0,35.0,26.0,3.0,24.0,2.0,34.5,14.731801689838349,2
['thijs' 'dallinga'],10,5,Bologna FC 1909,12000000,1,3,8.666666666666668,0.23076923076923073,1.8461538461538458,2.0,5.0,0.23076923076923073,0.9230769230769229,1.0,0.0,149.0,114.0,24.0,2.0,17.0,9.0,4.0,19.0,1.0,25.4,16.300417291085605,2
['issa' 'diop'],9,5,Fulham FC,10000000,0,0,7.0888888888888895,,0.14106583072100312,0.0,,,,,0.0,333.0,96.0,45.0,1.0,15.0,3.0,4.0,15.0,0.0,28.9,16.118095750958314,2
['cristhian' 'mosquera'],15,5,Arsenal FC,35000000,0,0,8.988888888888889,,0.11124845488257107,0.0,,,0.4449938195302843,,0.0,457.0,186.0,77.0,,14.0,5.0,17.0,30.0,0.0,21.5,17.370858648025116,0
['santiago' 'mouriño'],12,5,Villarreal CF,10000000,0,5,24.48888888888889,0.04083484573502722,0.4083484573502722,1.0,,0.08166969147005444,0.2041742286751361,1.0,0.0,929.0,372.0,126.0,13.0,35.0,33.0,63.0,131.0,0.0,23.8,16.118095750958314,2
['chancel' 'mbemba'],12,5,LOSC Lille,2500000,0,1,10.588888888888889,,0.472193074501574,0.0,,,0.3777544596012592,1.0,0.0,608.0,205.0,85.0,1.0,20.0,6.0,9.0,38.0,0.0,31.4,14.731801689838349,2
['boulaye' 'dia'],14,5,US Salernitana 1919,10000000,1,3,13.566666666666666,0.07371007371007371,0.5896805896805897,0.0,3.0,0.14742014742014742,0.8845208845208845,3.0,0.0,265.0,156.0,25.0,5.0,14.0,14.0,7.0,23.0,0.0,27.6,16.118095750958314,1
['victor' 'froholdt'],4,5,FC Copenhagen U19,400000,2,4,31.944444444444446,0.18782608695652173,0.7826086956521738,3.0,5.0,0.18782608695652173,0.7513043478260869,6.0,0.0,692.0,416.0,173.0,32.0,32.0,46.0,25.0,132.0,1.0,18.3,12.899222326086994,1
['jayden' 'bogle'],5,2,Sheffield United,3800000,0,0,30.26666666666667,0.03303964757709251,0.33039647577092507,0.0,3.0,0.06607929515418502,0.5947136563876652,7.0,0.0,658.0,353.0,137.0,17.0,24.0,28.0,40.0,132.0,1.0,23.8,15.150511887854474,1
['timothy' 'chandler'],12,5,Eintracht Frankfurt,350000,2,2,0.11111111111111112,,,0.0,,,9.0,,0.0,8.0,5.0,,,2.0,,,,0.0,35.7,12.765691290604371,2
['toni' 'lato'],15,5,RCD Mallorca,1500000,0,5,5.555555555555555,,,0.0,,0.18,0.54,1.0,0.0,143.0,76.0,22.0,7.0,3.0,1.0,7.0,21.0,0.0,28.1,14.220976332738882,1
['yassin' 'belkhdim'],9,5,Angers SCO,100000,2,1,23.87777777777778,0.0837598883201489,1.0051186598417867,2.0,2.0,0.0837598883201489,0.5444392740809678,4.0,0.0,609.0,287.0,66.0,5.0,11.0,29.0,41.0,83.0,0.0,21.4,11.51293546492023,1
['jari' 'vandeputte'],1,5,US Catanzaro,1700000,2,3,20.78888888888889,0.04810261892036344,0.6734366648850881,0.0,2.0,0.2405130946018172,2.308925708177445,10.0,0.0,689.0,410.0,133.0,7.0,5.0,25.0,22.0,90.0,1.0,27.7,14.346139397261565,1
['yann' 'karamoh'],6,5,Montpellier HSC,2500000,1,4,0.07777777777777778,,,0.0,,,,,0.0,3.0,2.0,5.0,,,,,2.0,0.0,25.9,14.731801689838349,2
['kyle' 'walker'],5,1,Burnley FC,2500000,0,0,32.41111111111111,,0.030853616729516628,0.0,,0.061707233459033256,0.30853616729516625,3.0,0.0,1014.0,500.0,127.0,13.0,45.0,22.0,32.0,145.0,0.0,35.5,14.731801689838349,1
['loïc' 'nego'],12,5,Le Havre AC,600000,0,1,25.811111111111114,,0.5036590615583297,0.0,1.0,,0.5424020662935858,2.0,0.0,767.0,359.0,147.0,13.0,19.0,17.0,33.0,120.0,0.0,34.9,13.304686600863562,1
['joel' 'mvuka'],12,5,BSC Young Boys,3500000,2,1,6.177777777777778,,0.9712230215827338,0.0,1.0,,0.6474820143884892,2.0,0.0,117.0,68.0,43.0,6.0,1.0,11.0,12.0,26.0,0.0,21.5,15.068273812173887,1
['christian' 'nørgaard'],4,5,Brentford FC,18000000,2,0,0.6222222222222222,,1.6071428571428572,0.0,,,,,0.0,19.0,3.0,2.0,,2.0,,,4.0,0.0,30.2,16.705882371415992,2
['juan' 'foyth'],0,5,Villarreal CF,15000000,0,5,10.4,,0.09615384615384615,0.0,,,,,0.0,507.0,155.0,71.0,3.0,9.0,1.0,13.0,46.0,0.0,27.9,16.52356082573315,2
['isco'],15,4,Real Betis Balompié,8000000,2,5,1.4333333333333333,,0.6976744186046512,0.0,,0.6976744186046512,2.7906976744186047,1.0,0.0,86.0,58.0,23.0,1.0,1.0,7.0,1.0,4.0,0.0,32.1,15.894952224644102,1
['jorge' 'lópez'],15,5,KAA Gent,500000,0,5,17.87777777777778,,0.1678060907395898,0.0,1.0,0.05593536357986326,0.8390304536979489,2.0,1.0,538.0,255.0,101.0,18.0,14.0,26.0,23.0,91.0,0.0,34.8,13.122365377402328,1
['leonardo' 'lelo'],13,5,SC Braga,8000000,0,4,20.422222222222224,,0.09793253536452665,0.0,2.0,0.1958650707290533,1.7138193688792163,9.0,0.0,906.0,546.0,104.0,15.0,12.0,29.0,13.0,86.0,1.0,25.7,15.894952224644102,1
['pablo' 'ramón'],15,5,CD Mirandés,400000,0,5,,,,,,,,,0.0,,,,,,,,,0.0,22.3,12.899222326086994,1
['dani' 'vivian'],15,5,Athletic Bilbao,25000000,0,5,27.477777777777778,0.03639304488475536,0.47310958350181964,0.0,2.0,,0.21835826930853214,3.0,0.0,1135.0,464.0,156.0,5.0,31.0,16.0,34.0,125.0,0.0,24.9,17.034386422832473,1
['lucas' 'paquetá'],2,5,West Ham United,35000000,2,0,16.900000000000002,0.23668639053254434,1.0059171597633134,0.0,1.0,0.059171597633136085,1.3017751479289938,6.0,0.0,608.0,394.0,70.0,16.0,38.0,30.0,22.0,76.0,0.0,28.3,17.370858648025116,2
['leonardo' 'spinazzola'],8,5,SSC Napoli,3500000,0,3,21.122222222222224,0.14203051025775906,0.7101525512887953,1.0,,0.14203051025775906,1.3729615991583377,2.0,1.0,796.0,476.0,228.0,16.0,2.0,9.0,11.0,92.0,0.0,32.7,15.068273812173887,0
['diego' 'llorente'],15,5,AS Roma,7000000,0,5,12.622222222222224,0.07922535211267605,0.23767605633802813,0.0,,,0.07922535211267605,,0.0,596.0,157.0,96.0,,34.0,12.0,12.0,48.0,0.0,30.8,15.76142084987672,2
['dani' 'olmo'],15,5,RB Leipzig,60000000,2,5,22.22222222222222,0.315,2.295,5.0,8.0,0.36,1.7550000000000001,10.0,0.0,1000.0,685.0,105.0,15.0,19.0,42.0,21.0,98.0,2.0,26.2,17.909855136853043,2
['josé' 'gayà'],15,5,Valencia CF,5000000,0,5,27.344444444444445,0.03657049979683056,0.329134498171475,1.0,1.0,0.07314099959366112,0.8411214953271028,3.0,0.0,775.0,399.0,110.0,11.0,23.0,20.0,43.0,106.0,0.0,30.6,15.424948670398354,2
['philipp' 'treu'],7,3,SC Freiburg,8000000,0,2,24.311111111111114,0.04113345521023765,0.49360146252285186,0.0,3.0,0.0822669104204753,0.7404021937842779,3.0,0.0,697.0,315.0,79.0,15.0,13.0,37.0,28.0,88.0,0.0,25.0,15.894952224644102,1
['daniele' 'ghilardi'],8,5,AS Roma,8000000,0,3,11.566666666666666,,0.08645533141210375,0.0,1.0,,0.25936599423631124,,1.0,472.0,233.0,57.0,3.0,25.0,17.0,13.0,50.0,0.0,23.0,15.894952224644102,2
['mathys' 'angély'],6,5,VfL Wolfsburg,600000,0,2,,,,,,,,,0.0,,,,,,,,,0.0,18.7,13.304686600863562,2
['bruno' 'fernandes'],13,0,Manchester United,40000000,2,0,33.06666666666667,0.24193548387096772,1.633064516129032,1.0,8.0,0.6048387096774193,3.387096774193548,32.0,1.0,1592.0,1114.0,199.0,15.0,21.0,35.0,31.0,161.0,0.0,31.3,17.50439003707821,0
['ruben' 'aguilar'],6,5,RC Lens,3000000,0,1,18.72222222222222,0.10682492581602375,0.5341246290801187,2.0,,0.10682492581602375,1.228486646884273,8.0,0.0,714.0,446.0,123.0,7.0,15.0,12.0,23.0,79.0,0.0,32.6,14.914123179965662,2
['mohammed' 'kudus'],12,6,Tottenham Hotspur,55000000,2,0,17.166666666666668,0.11650485436893203,0.9320388349514562,1.0,3.0,0.2912621359223301,1.0485436893203883,3.0,2.0,380.0,294.0,133.0,52.0,11.0,15.0,19.0,95.0,0.0,25.4,17.822843761378564,0
['waldemar' 'anton'],7,5,Borussia Dortmund,18000000,0,2,32.0,0.0625,0.34375,0.0,,,0.25,,0.0,2125.0,856.0,285.0,13.0,85.0,16.0,43.0,149.0,0.0,29.4,16.705882371415992,2
['vitaliy' 'mykolenko'],12,5,Everton FC,25000000,0,0,30.88888888888889,,0.19424460431654675,0.0,,0.03237410071942446,0.6151079136690647,1.0,1.0,882.0,533.0,129.0,9.0,49.0,26.0,27.0,102.0,0.0,26.5,17.034386422832473,2
['amara' 'nallo'],5,2,Liverpool FC U21,1000000,0,0,,,,,,,,,0.0,,,,,,,,,0.0,19.1,13.815511557963774,1
['maximilian' 'mittelstädt'],7,7,VfB Stuttgart,18000000,0,2,24.322222222222223,0.2466879853814527,1.068981269986295,2.0,1.0,0.16445865692096848,1.3156692553677478,10.0,1.0,1153.0,676.0,156.0,14.0,36.0,26.0,45.0,117.0,0.0,28.8,16.705882371415992,2
['maxence' 'lacroix'],6,9,Crystal Palace,35000000,0,0,33.62222222222222,0.029742233972240583,0.5056179775280899,0.0,2.0,0.059484467944481166,0.14871116986120292,3.0,0.0,1442.0,423.0,214.0,7.0,116.0,19.0,38.0,91.0,0.0,25.7,17.370858648025116,2
['mikel' 'oyarzabal'],15,5,Real Sociedad,25000000,1,5,29.644444444444446,0.5059970014992503,2.0577211394302846,4.0,17.0,0.10119940029985007,1.2818590704647677,12.0,0.0,583.0,357.0,141.0,34.0,37.0,41.0,18.0,91.0,0.0,28.6,17.034386422832473,2
['oscar' 'højlund'],4,5,Eintracht Frankfurt,7500000,2,2,12.122222222222224,0.08249312557286892,0.4124656278643446,0.0,2.0,0.08249312557286892,0.4949587534372135,2.0,0.0,506.0,269.0,68.0,5.0,5.0,5.0,18.0,24.0,1.0,21.0,15.830413711839864,2
['julián' 'alvarez'],0,5,Atlético de Madrid,100000000,1,5,21.133333333333333,0.37854889589905366,2.082018927444795,4.0,8.0,0.18927444794952683,2.0347003154574135,10.0,0.0,575.0,439.0,129.0,26.0,5.0,18.0,13.0,51.0,0.0,25.9,18.420680753952364,0
['leander' 'dendoncker'],1,8,Real Oviedo,4000000,2,5,14.8,0.06756756756756756,0.47297297297297297,1.0,1.0,,0.4054054054054054,,0.0,477.0,200.0,56.0,4.0,23.0,3.0,25.0,54.0,0.0,30.7,15.201805169084134,1
['yanis' 'zouaoui'],6,5,Le Havre AC,1800000,0,1,26.08888888888889,0.03833049403747871,0.3833049403747871,0.0,1.0,0.03833049403747871,1.303236797274276,5.0,0.0,741.0,330.0,193.0,20.0,18.0,26.0,30.0,116.0,0.0,27.6,14.403297778421795,1
['tom' 'krauß'],7,5,1.FC Köln,3500000,2,2,19.844444444444445,,0.251959686450168,0.0,,0.10078387458006718,0.6550951847704367,2.0,0.0,719.0,354.0,107.0,9.0,15.0,22.0,44.0,122.0,0.0,24.5,15.068273812173887,1
['william'],2,5,Académica Coimbra,25000,1,4,12.977777777777778,0.6164383561643836,2.3116438356164384,3.0,1.0,0.07705479452054795,1.0017123287671232,6.0,0.0,212.0,173.0,100.0,22.0,6.0,21.0,18.0,46.0,0.0,34.4,10.12667110305036,1
['antoine' 'semenyo'],12,5,AFC Bournemouth,65000000,1,0,33.28888888888889,0.45060080106809075,1.9826435246995993,2.0,7.0,0.12016021361815754,0.9913217623497996,8.0,0.0,696.0,512.0,228.0,56.0,59.0,21.0,32.0,139.0,0.0,25.9,17.989897843244528,1
['lorenz' 'assignon'],6,5,VfB Stuttgart,12000000,0,2,12.133333333333335,,0.7417582417582417,0.0,1.0,,0.8241758241758241,3.0,0.0,402.0,245.0,59.0,11.0,20.0,7.0,15.0,40.0,0.0,25.5,16.300417291085605,2
['rémy' 'cabella'],6,5,Olympiacos Piraeus,1500000,2,1,6.322222222222223,0.3163444639718805,1.1072056239015815,0.0,3.0,,2.3725834797891037,1.0,1.0,304.0,191.0,52.0,4.0,6.0,11.0,7.0,37.0,0.0,35.8,14.220976332738882,1
['álvaro' 'fidalgo'],12,5,CF América,7000000,2,5,5.466666666666667,0.18292682926829268,0.7317073170731707,0.0,,,0.7317073170731707,,0.0,257.0,156.0,32.0,2.0,1.0,6.0,5.0,17.0,0.0,26.2,15.76142084987672,1
['hugo' 'ekitiké'],6,5,Liverpool FC,85000000,1,0,20.11111111111111,0.5469613259668509,2.386740331491713,4.0,11.0,0.19889502762430938,0.845303867403315,3.0,0.0,307.0,242.0,93.0,38.0,31.0,12.0,7.0,42.0,0.0,23.5,18.258161826219297,0
['maxime' 'lopez'],6,5,ACF Fiorentina,7500000,2,1,21.522222222222222,,0.371708828084667,0.0,1.0,0.13939081053175012,1.8585441404233352,12.0,0.0,1515.0,804.0,184.0,9.0,2.0,8.0,17.0,97.0,0.0,26.5,15.830413711839864,2
['edgar' 'costa'],13,5,CS Marítimo,100000,1,4,,,,,,,,,0.0,,,,,,,,,0.0,36.2,11.51293546492023,1
['tom' 'bischof'],7,7,Bayern Munich,40000000,2,2,14.377777777777778,0.20865533230293662,1.3910355486862442,0.0,1.0,0.20865533230293662,1.4605873261205564,5.0,0.0,1089.0,739.0,113.0,7.0,11.0,9.0,17.0,75.0,0.0,20.5,17.50439003707821,0
['romano' 'schmid'],12,3,SV Werder Bremen,17000000,2,2,33.2,0.12048192771084336,1.1746987951807228,0.0,7.0,0.24096385542168672,2.439759036144578,17.0,0.0,1109.0,822.0,255.0,37.0,17.0,31.0,27.0,173.0,0.0,25.9,16.648723960844016,1
['vincenzo' 'grifo'],8,6,SC Freiburg,5000000,2,2,19.066666666666666,0.36713286713286714,1.048951048951049,1.0,1.0,0.2097902097902098,1.8881118881118881,11.0,1.0,647.0,374.0,95.0,10.0,6.0,12.0,5.0,66.0,0.0,32.7,15.424948670398354,1
['mohamed' 'kaba'],12,5,US Lecce,3500000,2,3,6.955555555555556,,1.0063897763578276,0.0,,,0.7188498402555911,,0.0,142.0,111.0,36.0,9.0,14.0,21.0,7.0,33.0,0.0,22.6,15.068273812173887,1
['nick' 'woltemade'],7,5,Newcastle United,70000000,1,0,19.555555555555557,0.3579545454545454,1.1761363636363635,1.0,6.0,0.15340909090909088,0.7159090909090908,5.0,0.0,242.0,160.0,40.0,13.0,35.0,19.0,11.0,49.0,0.0,23.8,18.064005814299346,2
['khéphren' 'thuram'],6,5,Juventus FC,40000000,2,3,26.477777777777778,0.11330255979857323,1.3596307175828788,0.0,3.0,0.07553503986571548,0.7931179185900126,4.0,0.0,1278.0,735.0,228.0,22.0,36.0,12.0,32.0,118.0,0.0,24.7,17.50439003707821,0
['felix' 'agu'],11,5,SV Werder Bremen,8000000,0,2,8.28888888888889,,0.24128686327077745,0.0,,,0.8445040214477211,,0.0,230.0,126.0,42.0,4.0,14.0,15.0,15.0,41.0,0.0,26.2,15.894952224644102,1
['oladapo' 'afolayan'],5,5,FC St. Pauli,1000000,1,2,1.6,,1.875,0.0,2.0,,1.25,,0.0,49.0,44.0,22.0,2.0,3.0,6.0,2.0,4.0,0.0,25.8,13.815511557963774,1
['gabriel' 'silva'],2,5,Without Club,700000,1,4,16.288888888888888,0.30695770804911326,2.578444747612551,1.0,5.0,0.1227830832196453,1.227830832196453,2.0,0.0,179.0,130.0,52.0,10.0,44.0,26.0,12.0,39.0,1.0,31.9,13.45883704259595,1
['leonel' 'núñez'],0,5,PS TNI,100000,2,5,,,,,,,,,0.0,,,,,,,,,0.0,32.6,11.51293546492023,1
['oso'],15,0,Sevilla Atlético,200000,0,5,13.933333333333334,0.14354066985645933,0.7894736842105263,0.0,1.0,0.21531100478468898,1.1483253588516746,3.0,0.0,295.0,186.0,94.0,14.0,13.0,14.0,19.0,45.0,0.0,21.0,12.206077645517674,1
['trevoh' 'chalobah'],5,1,Chelsea FC,35000000,0,0,30.455555555555556,0.09850419554906968,0.4268515140459686,0.0,2.0,,0.16417365924844948,1.0,0.0,2102.0,619.0,175.0,7.0,73.0,18.0,23.0,118.0,0.0,26.4,17.370858648025116,0
['gonçalo' 'paciência'],13,5,VfL Bochum,1500000,1,4,5.544444444444444,0.5410821643286573,2.344689378757515,0.0,2.0,,0.36072144288577157,,0.0,74.0,43.0,19.0,7.0,9.0,9.0,3.0,14.0,0.0,29.8,14.220976332738882,1
['mathias' 'sauer'],4,5,Egersunds IK,400000,2,1,7.077777777777778,0.14128728414442698,1.1302982731554159,1.0,1.0,,0.42386185243328095,,0.0,187.0,113.0,21.0,3.0,7.0,3.0,6.0,46.0,0.0,21.7,12.899222326086994,1
['teun' 'koopmeiners'],10,8,Juventus FC,28000000,2,3,19.98888888888889,,0.8004446914952751,0.0,2.0,,0.8504724847137298,,0.0,1049.0,582.0,167.0,5.0,32.0,11.0,12.0,78.0,0.0,27.8,17.147715103853763,0
['fellipe' 'jack'],8,5,Spezia Calcio,1800000,0,3,,,,,,,,,0.0,,,,,,,,,0.0,19.9,14.403297778421795,1
['lucas' 'høgsberg'],4,1,FC Nordsjaelland,200000,0,1,19.944444444444446,,0.15041782729805012,0.0,,,0.050139275766016705,,0.0,1228.0,359.0,115.0,1.0,18.0,13.0,10.0,89.0,0.0,18.0,12.206077645517674,1
['derry' 'scherhant'],7,7,Hertha BSC,700000,1,2,14.355555555555556,0.348297213622291,1.6021671826625385,2.0,2.0,0.0696594427244582,1.4628482972136223,1.0,0.0,171.0,135.0,107.0,30.0,6.0,36.0,10.0,53.0,0.0,20.6,13.45883704259595,1
['georgios' 'vagiannidis'],12,1,Sporting CP,11000000,0,4,14.18888888888889,,0.49334377447141736,0.0,1.0,0.28191072826938135,0.9162098668754893,5.0,0.0,622.0,383.0,116.0,22.0,17.0,10.0,18.0,43.0,0.0,24.3,16.213405921671733,2
['pau' 'torres'],15,5,Aston Villa,25000000,0,0,18.433333333333334,,0.37974683544303794,0.0,1.0,,0.054249547920433995,,0.0,1025.0,390.0,229.0,7.0,25.0,5.0,14.0,80.0,0.0,28.9,17.034386422832473,2
['paul' 'nebel'],7,7,1.FSV Mainz 05,18000000,2,2,23.066666666666666,0.21676300578034682,0.823699421965318,2.0,5.0,0.08670520231213873,1.6907514450867052,9.0,0.0,604.0,413.0,111.0,20.0,14.0,20.0,30.0,96.0,0.0,23.2,16.705882371415992,1
['christian' 'günter'],7,5,SC Freiburg,2000000,0,2,17.22222222222222,,0.34838709677419355,0.0,,0.17419354838709677,0.9290322580645162,3.0,1.0,405.0,221.0,44.0,2.0,10.0,6.0,12.0,37.0,0.0,32.8,14.508658238524095,1
['fali' 'candé'],12,5,US Sassuolo,3000000,0,3,5.633333333333334,,0.5325443786982248,0.0,,,0.17751479289940827,,0.0,146.0,53.0,11.0,,11.0,6.0,9.0,26.0,0.0,27.9,14.914123179965662,1
['matteo' 'bianchetti'],8,5,US Cremonese,800000,0,3,22.41111111111111,,0.2677243430837878,0.0,1.0,0.08924144769459594,0.08924144769459594,1.0,0.0,935.0,299.0,83.0,2.0,47.0,14.0,29.0,45.0,0.0,30.2,13.592368256649284,1
['salomón' 'rondón'],12,5,CA River Plate,1000000,1,5,11.522222222222222,0.17357762777242045,1.7357762777242045,1.0,4.0,,0.4339440694310511,,0.0,148.0,76.0,21.0,9.0,45.0,21.0,,28.0,0.0,34.0,13.815511557963774,1
['oliver' 'sonne'],12,5,Burnley FC,4000000,0,0,1.8333333333333335,0.5454545454545454,1.6363636363636362,0.0,,,0.5454545454545454,,0.0,39.0,24.0,8.0,1.0,5.0,,1.0,4.0,0.0,25.1,15.201805169084134,1
['david' 'rodríguez'],15,5,CF Rayo Majadahonda,150000,2,5,1.6777777777777778,,1.7880794701986755,0.0,,,1.1920529801324502,,0.0,106.0,73.0,12.0,,,,,7.0,0.0,37.4,11.918397239722838,1
['robin' 'gosens'],7,5,ACF Fiorentina,6000000,0,3,20.18888888888889,0.14859658778205834,0.643918547055586,1.0,3.0,0.04953219592735278,0.5448541552008805,1.0,0.0,589.0,294.0,73.0,,34.0,24.0,17.0,44.0,0.0,31.5,15.607270193858982,2
['pedro' 'porro'],15,1,Tottenham Hotspur,40000000,0,0,29.08888888888889,0.03437738731856379,0.7906799083269671,0.0,,0.06875477463712758,1.5469824293353704,6.0,2.0,1025.0,635.0,194.0,17.0,19.0,24.0,45.0,128.0,0.0,26.2,17.50439003707821,0
['anthony' 'jung'],7,2,SC Freiburg,700000,0,2,5.788888888888889,,0.1727447216890595,0.0,,,0.690978886756238,1.0,0.0,268.0,102.0,34.0,1.0,14.0,3.0,1.0,18.0,0.0,34.1,13.45883704259595,1
['óscar' 'aranda'],15,3,FC Famalicão,4000000,1,4,0.17777777777777778,,5.625,0.0,,,5.625,1.0,0.0,6.0,5.0,2.0,,,,,,0.0,23.6,15.201805169084134,1
['elliot' 'anderson'],5,2,Nottingham Forest,60000000,2,0,36.32222222222222,0.11012542061792598,0.6882838788620373,0.0,1.0,0.11012542061792598,1.3215050474151115,7.0,1.0,1996.0,1142.0,282.0,50.0,66.0,79.0,62.0,302.0,0.0,23.1,17.909855136853043,2
['max' 'rosenfelder'],7,5,SC Freiburg,8000000,0,2,5.455555555555556,,,0.0,,,,,0.0,213.0,54.0,31.0,2.0,6.0,5.0,4.0,22.0,0.0,22.9,15.894952224644102,1
['branco' 'van' 'den' 'boomen'],10,5,Ajax Amsterdam,2500000,2,1,12.8,,0.78125,0.0,1.0,0.078125,1.953125,2.0,0.0,649.0,353.0,86.0,3.0,7.0,8.0,12.0,61.0,0.0,30.4,14.731801689838349,2
['sydney' 'van' 'hooijdonk'],10,5,Norwich City,4000000,1,4,3.9555555555555557,0.25280898876404495,1.5168539325842696,0.0,1.0,0.25280898876404495,0.7584269662921348,,0.0,32.0,15.0,1.0,,14.0,4.0,,4.0,0.0,24.3,15.201805169084134,1
['kingsley' 'ehizibue'],10,5,Udinese Calcio,2000000,0,3,19.11111111111111,0.10465116279069768,0.2616279069767442,1.0,1.0,,0.4186046511627907,2.0,0.0,362.0,178.0,56.0,7.0,12.0,22.0,31.0,71.0,0.0,30.6,14.508658238524095,1
['weston' 'mckennie'],12,8,Juventus FC,22000000,2,3,30.566666666666666,0.16357688113413305,1.1777535441657578,1.0,11.0,0.16357688113413305,1.3740458015267176,6.0,0.0,966.0,673.0,127.0,17.0,46.0,11.0,23.0,106.0,0.0,27.3,16.906553056777135,0
['sofyan' 'amrabat'],9,5,Manchester United,22000000,2,5,13.511111111111111,,0.29605263157894735,0.0,,,0.5180921052631579,,0.0,779.0,360.0,78.0,5.0,4.0,18.0,14.0,93.0,0.0,27.8,16.906553056777135,0
['soungoutou' 'magassa'],6,5,West Ham United,17000000,2,0,10.877777777777778,0.09193054136874361,0.45965270684371806,0.0,,,0.45965270684371806,1.0,0.0,327.0,169.0,32.0,5.0,11.0,17.0,21.0,54.0,0.0,22.2,16.648723960844016,2
['jack' 'hinshelwood'],5,2,Brighton & Hove Albion,22000000,2,0,17.711111111111112,0.22584692597239647,1.468005018820577,2.0,6.0,0.16938519447929737,0.508155583437892,2.0,0.0,489.0,263.0,75.0,3.0,12.0,11.0,12.0,57.0,0.0,20.7,16.906553056777135,2
['benjamin' 'andré'],6,5,LOSC Lille,4000000,2,1,24.922222222222224,0.08024966562639321,0.7222469906375389,1.0,1.0,0.08024966562639321,0.8426214890771287,2.0,0.0,1144.0,715.0,141.0,12.0,84.0,41.0,35.0,140.0,0.0,35.4,15.201805169084134,2
['fikayo' 'tomori'],5,5,AC Milan,40000000,0,3,27.8,,0.2158273381294964,0.0,,0.07194244604316546,0.07194244604316546,2.0,0.0,1376.0,542.0,95.0,3.0,16.0,7.0,39.0,73.0,0.0,26.5,17.50439003707821,0
['marc' 'gual'],15,2,Jagiellonia Bialystok,1800000,1,4,1.7,,0.5882352941176471,0.0,,,0.5882352941176471,,0.0,41.0,27.0,9.0,2.0,1.0,4.0,1.0,4.0,0.0,27.2,14.403297778421795,1
['julien' 'serrano'],6,5,US Créteil-Lusitanos,250000,2,5,,,,,,,,,0.0,,,,,,,,,0.0,24.4,12.429220196836383,1
['jesús' 'areso'],15,5,Athletic Bilbao,10000000,0,5,16.711111111111112,,0.05984042553191489,0.0,,0.05984042553191489,1.3164893617021276,3.0,0.0,485.0,297.0,115.0,14.0,33.0,7.0,16.0,56.0,0.0,26.4,16.118095750958314,1
['kilian' 'fischer'],7,5,VfL Wolfsburg,7500000,0,2,8.922222222222222,,0.224159402241594,0.0,,,0.33623910336239105,1.0,0.0,294.0,108.0,43.0,1.0,12.0,4.0,12.0,21.0,0.0,25.2,15.830413711839864,2
['marvin' 'elimbi'],6,5,Gil Vicente FC,2500000,0,4,27.022222222222222,,0.2590460526315789,0.0,2.0,,0.22203947368421054,,0.0,1032.0,282.0,160.0,2.0,41.0,8.0,16.0,76.0,0.0,22.8,14.731801689838349,1
['adrián' 'gonzález'],15,5,CF Fuenlabrada,300000,1,5,6.6000000000000005,0.303030303030303,1.6666666666666665,1.0,2.0,,1.3636363636363635,,0.0,101.0,75.0,26.0,6.0,2.0,6.0,1.0,23.0,0.0,34.1,12.611541086966115,1
['dani' 'ceballos'],15,5,Real Madrid,6000000,2,5,5.177777777777778,,0.5793991416309012,0.0,,,1.7381974248927037,,0.0,406.0,273.0,55.0,3.0,1.0,15.0,11.0,37.0,0.0,27.8,15.607270193858982,0
['daniel' 'oyegoke'],5,9,Hellas Verona,500000,0,3,6.5888888888888895,,0.4553119730185497,0.0,,,0.4553119730185497,,0.0,133.0,93.0,47.0,7.0,7.0,5.0,10.0,25.0,0.0,23.0,13.122365377402328,1
['alan' 'matturro'],12,5,Genoa CFC,4000000,0,5,10.455555555555556,0.09564293304994687,0.38257173219978746,1.0,,0.09564293304994687,0.2869287991498406,2.0,0.0,391.0,79.0,64.0,,17.0,10.0,13.0,55.0,0.0,19.6,15.201805169084134,2
['jhoanner' 'chávez'],12,5,RC Lens,3000000,0,1,,,,,,,,,0.0,,,,,,,,,0.0,23.6,14.914123179965662,2
['angeliño'],15,5,AS Roma,17000000,0,3,4.644444444444445,,0.8612440191387559,0.0,,,1.076555023923445,,0.0,164.0,97.0,20.0,,4.0,2.0,7.0,22.0,0.0,29.0,16.648723960844016,2
['stefano' 'sabelli'],8,5,Genoa CFC,1400000,0,3,9.544444444444444,,0.4190919674039581,0.0,,,0.6286379511059371,,1.0,216.0,125.0,41.0,1.0,3.0,19.0,13.0,38.0,0.0,32.9,14.151983508870947,2
['evan' 'ndicka'],3,5,AS Roma,30000000,0,3,29.811111111111114,0.10063361908311591,0.7044353335818113,0.0,1.0,,0.20126723816623182,1.0,0.0,1480.0,436.0,125.0,4.0,76.0,35.0,15.0,137.0,0.0,26.3,17.216707972959764,2
['marco' 'grüll'],12,5,SV Werder Bremen,6000000,1,2,22.344444444444445,0.13426156141223272,1.2978617603182496,1.0,3.0,0.04475385380407757,1.4321233217304823,1.0,0.0,475.0,338.0,133.0,21.0,15.0,27.0,18.0,79.0,0.0,27.5,15.607270193858982,1
['alexander' 'sørloth'],12,5,Atlético de Madrid,20000000,1,5,21.18888888888889,0.6135291033036182,2.548505506030414,5.0,17.0,,0.47194546407970633,2.0,0.0,282.0,187.0,69.0,10.0,90.0,15.0,6.0,33.0,0.0,30.0,16.811242881518265,0
['paulo' 'victor'],2,5,Al-Ettifaq FC,100000,0,4,15.077777777777778,0.06632277081798084,0.19896831245394253,0.0,,,0.6632277081798084,1.0,0.0,398.0,216.0,88.0,20.0,14.0,26.0,24.0,57.0,0.0,36.4,11.51293546492023,1
['moses' 'simon'],11,1,Paris FC,7000000,1,1,21.666666666666668,0.13846153846153844,1.1076923076923075,2.0,2.0,0.13846153846153844,1.2923076923076922,7.0,0.0,389.0,282.0,182.0,28.0,8.0,18.0,9.0,64.0,0.0,30.4,15.76142084987672,1
['joe' 'worrall'],5,5,Besiktas JK,7500000,0,0,5.522222222222222,,0.18108651911468812,0.0,,,,,0.0,125.0,19.0,2.0,,21.0,1.0,3.0,10.0,0.0,27.4,15.830413711839864,1
['james' 'mcconnell'],5,1,Ajax Amsterdam,2000000,2,0,,,,,,,,,0.0,,,,,,,,,0.0,21.2,14.508658238524095,2
['tyler' 'adams'],12,5,AFC Bournemouth,25000000,2,0,17.755555555555556,0.11264080100125155,0.39424280350438046,0.0,,0.11264080100125155,0.2816020025031289,2.0,0.0,792.0,404.0,81.0,6.0,23.0,12.0,19.0,83.0,0.0,26.8,17.034386422832473,1
['florian' 'thauvin'],6,5,RC Lens,5000000,1,1,26.655555555555555,0.3751563151313047,2.063359733222176,1.0,10.0,0.18757815756565235,2.701125468945394,16.0,1.0,878.0,633.0,264.0,49.0,11.0,34.0,16.0,110.0,0.0,32.9,15.424948670398354,2
['eric' 'da' 'silva' 'moreira'],7,4,Rio Ave FC,1000000,1,0,,,,,,,,,0.0,,,,,,,,,0.0,19.6,13.815511557963774,1
['ricard' 'artero'],15,5,Girona FC B,200000,2,5,,,,,,,,,0.0,,,,,,,,,0.0,19.4,12.206077645517674,1
['tim' 'iroegbunam'],5,5,Everton FC,12000000,2,0,14.755555555555556,,0.5421686746987951,0.0,,0.1355421686746988,0.338855421686747,3.0,0.0,351.0,209.0,68.0,14.0,20.0,20.0,41.0,71.0,1.0,22.4,16.300417291085605,2
['jonas' 'hofmann'],7,5,Bayer 04 Leverkusen,2000000,2,2,11.211111111111112,0.17839444995044598,1.5163528245787907,0.0,1.0,0.17839444995044598,1.2487611496531217,5.0,0.0,457.0,285.0,42.0,7.0,4.0,9.0,9.0,38.0,1.0,33.4,14.508658238524095,2
['luca' 'monticelli'],1,5,RSCA Futures,600000,2,3,,,,,,,,,0.0,,,,,,,,,0.0,19.4,13.304686600863562,1
['tiago' 'brito'],13,5,GD Estoril Praia,200000,2,4,0.7111111111111111,,,0.0,,,1.40625,,0.0,53.0,29.0,5.0,,6.0,1.0,4.0,6.0,0.0,21.7,12.206077645517674,1
['vini' 'souza'],2,5,Sheffield United,12000000,2,2,19.655555555555555,,0.40700960994912383,0.0,1.0,,0.40700960994912383,1.0,0.0,557.0,290.0,46.0,8.0,53.0,23.0,32.0,94.0,0.0,24.9,16.300417291085605,1
['david' 'møller' 'wolfe'],12,5,AZ Alkmaar,4500000,0,0,9.88888888888889,,0.10112359550561797,0.0,,0.20224719101123595,0.6067415730337078,3.0,0.0,170.0,115.0,40.0,5.0,11.0,4.0,5.0,21.0,0.0,22.1,15.319588176962746,1
['ramy' 'bensebaini'],12,5,Borussia Dortmund,7000000,0,2,16.98888888888889,0.2943100065402223,0.765206017004578,1.0,,0.11772400261608894,0.47089601046435575,1.0,0.0,1021.0,510.0,182.0,4.0,39.0,16.0,13.0,80.0,0.0,30.7,15.76142084987672,2
['lucas' 'tousart'],6,5,Stade Brestois 29,2000000,2,1,8.366666666666667,0.1195219123505976,0.8366533864541832,0.0,,,0.4780876494023904,2.0,0.0,169.0,71.0,18.0,2.0,17.0,5.0,11.0,30.0,1.0,28.6,14.508658238524095,1
['raoul' 'bellanova'],8,1,Torino FC,15000000,0,3,14.766666666666667,,0.5417607223476297,0.0,,0.06772009029345372,1.2866817155756207,3.0,0.0,461.0,275.0,92.0,9.0,10.0,11.0,9.0,57.0,0.0,24.1,16.52356082573315,2
['juan' 'rodríguez'],15,5,RCD Mallorca,300000,1,3,18.555555555555557,0.05389221556886227,1.8862275449101795,1.0,3.0,0.43113772455089816,1.4550898203592812,10.0,0.0,346.0,267.0,205.0,40.0,13.0,30.0,17.0,68.0,0.0,35.2,12.611541086966115,1
['umut' 'tohumcu'],7,5,TSG 1899 Hoffenheim,5000000,2,2,1.488888888888889,,1.3432835820895521,0.0,,,,,0.0,39.0,17.0,6.0,1.0,,2.0,1.0,7.0,0.0,21.4,15.424948670398354,2
['óscar' 'perea'],12,5,Avs Futebol,2000000,1,4,13.977777777777778,0.14308426073131955,1.645468998410175,0.0,5.0,,0.9300476947535771,1.0,0.0,144.0,100.0,118.0,27.0,6.0,17.0,5.0,57.0,0.0,20.2,14.508658238524095,1
['brian' 'mansilla'],0,5,Akhmat Grozny,1500000,1,4,3.511111111111111,,1.4240506329113924,0.0,,,1.7088607594936709,1.0,0.0,58.0,44.0,37.0,8.0,6.0,6.0,5.0,19.0,0.0,28.7,14.220976332738882,1
['david' 'odogu'],7,5,AC Milan,5000000,0,3,0.05555555555555556,,,0.0,,,,,0.0,1.0,,,,1.0,,,,0.0,19.6,15.424948670398354,0
['gauthier' 'hein'],6,8,AJ Auxerre,2500000,2,1,25.155555555555555,0.31802120141342755,0.9938162544169612,1.0,2.0,0.2782685512367491,1.8683745583038869,7.0,0.0,1232.0,713.0,209.0,7.0,7.0,16.0,10.0,95.0,0.0,27.2,14.731801689838349,1
['miguel' 'nóbrega'],13,5,Vitória Guimarães SC,400000,0,4,11.11111111111111,0.09,0.27,0.0,,,,,0.0,408.0,114.0,23.0,2.0,16.0,10.0,3.0,36.0,0.0,25.7,12.899222326086994,1
['matteo' 'palma'],7,1,Udinese Calcio,5000000,0,3,1.288888888888889,,,0.0,,,,,0.0,40.0,14.0,3.0,,8.0,,,6.0,0.0,17.8,15.424948670398354,1
['anthony' 'caci'],6,5,1.FSV Mainz 05,10000000,0,2,5.777777777777778,,0.6923076923076923,0.0,,,1.903846153846154,3.0,0.0,244.0,185.0,42.0,7.0,4.0,3.0,10.0,28.0,0.0,28.5,16.118095750958314,1
['nelson' 'weiper'],7,5,1.FSV Mainz 05,12000000,1,2,6.0,,1.6666666666666667,0.0,5.0,,1.0,,0.0,87.0,58.0,28.0,7.0,34.0,3.0,1.0,16.0,0.0,20.8,16.300417291085605,1
['florian' 'lejeune'],6,5,Rayo Vallecano,3000000,0,5,34.9,0.05730659025787966,1.174785100286533,0.0,1.0,0.02865329512893983,0.42979942693409745,2.0,0.0,1801.0,559.0,236.0,8.0,81.0,13.0,36.0,164.0,0.0,33.1,14.914123179965662,1
['carney' 'chukwuemeka'],12,5,Borussia Dortmund,25000000,2,2,10.077777777777778,0.19845644983461963,1.1907386990077178,0.0,1.0,,1.091510474090408,,0.0,326.0,240.0,72.0,22.0,6.0,15.0,14.0,49.0,0.0,22.2,17.034386422832473,2
['alberto' 'risco'],15,5,Getafe CF B,200000,2,5,,,,,,,,,0.0,,,,,,,,,0.0,20.3,12.206077645517674,1
['ricardo' 'gomes'],12,5,Al-Shamal SC,4500000,0,0,8.811111111111112,0.34047919293820933,1.5889029003783102,0.0,1.0,,0.34047919293820933,,0.0,167.0,121.0,46.0,5.0,6.0,8.0,15.0,26.0,0.0,31.9,15.319588176962746,1
['jermaine' 'jones'],12,5,Los Angeles Galaxy,600000,0,0,,,,,,,,,0.0,,,,,,,,,0.0,36.1,13.304686600863562,1
['rachid' 'ghezzal'],12,5,Olympique Lyon,700000,1,1,2.4333333333333336,,0.410958904109589,0.0,1.0,,0.410958904109589,,0.0,87.0,49.0,8.0,1.0,4.0,2.0,5.0,6.0,0.0,33.6,13.45883704259595,2
['frank' 'onyeka'],11,1,Brentford FC,7000000,2,0,0.9777777777777779,,,0.0,,1.0227272727272727,,1.0,0.0,28.0,19.0,4.0,2.0,1.0,3.0,,5.0,0.0,27.9,15.76142084987672,2
['john' 'donald'],15,5,Elche CF,1000000,0,5,6.677777777777778,0.1497504159733777,0.7487520798668885,1.0,1.0,,0.1497504159733777,,0.0,250.0,138.0,19.0,2.0,11.0,5.0,12.0,30.0,0.0,22.7,13.815511557963774,1
['brenden' 'aaronson'],12,8,1.FC Union Berlin,12000000,2,0,25.733333333333334,0.15544041450777202,1.049222797927461,0.0,4.0,0.19430051813471502,1.049222797927461,9.0,0.0,508.0,332.0,132.0,28.0,23.0,50.0,24.0,124.0,0.0,23.6,16.300417291085605,1
['ihlas' 'bebou'],12,5,TSG 1899 Hoffenheim,800000,1,2,1.9555555555555557,,2.0454545454545454,0.0,1.0,,1.0227272727272727,2.0,0.0,38.0,28.0,9.0,3.0,,2.0,1.0,2.0,0.0,31.7,13.592368256649284,2
['ethan' 'mbappé'],6,5,LOSC Lille,9000000,2,1,5.722222222222222,0.5242718446601942,1.7475728155339805,2.0,2.0,0.17475728155339806,1.9223300970873787,2.0,0.0,169.0,129.0,48.0,6.0,,9.0,6.0,22.0,0.0,19.0,16.012735246411598,2
['omar' 'alderete'],12,5,Sunderland AFC,12000000,0,0,30.87777777777778,0.03238575026988125,0.5505577545879813,1.0,2.0,0.03238575026988125,0.25908600215905,1.0,0.0,1046.0,354.0,266.0,17.0,88.0,10.0,18.0,103.0,0.0,29.0,16.300417291085605,1
['karl' 'etta' 'eyong'],12,5,Cádiz CF Mirandilla,300000,1,5,18.477777777777778,0.3788334335538184,2.2730006013229103,2.0,10.0,0.2164762477450391,0.5411906193625977,4.0,0.0,191.0,126.0,51.0,10.0,34.0,34.0,14.0,54.0,0.0,20.7,12.611541086966115,1
['rasmus' 'kristensen'],4,5,Eintracht Frankfurt,14000000,0,2,17.133333333333333,0.11673151750972763,0.7003891050583658,0.0,,,0.4669260700389105,1.0,0.0,802.0,421.0,115.0,14.0,32.0,11.0,33.0,91.0,0.0,28.4,16.454567959008102,2
['pablo' 'durán'],15,5,Celta Vigo B,250000,1,5,15.3,0.13071895424836602,1.5686274509803921,1.0,5.0,0.13071895424836602,0.5228758169934641,3.0,0.0,252.0,169.0,42.0,7.0,13.0,11.0,9.0,47.0,0.0,22.1,12.429220196836383,1
['federico' 'serra'],8,5,Racing Fondi,75000,1,3,,,,,,,,,0.0,,,,,,,,,0.0,20.5,11.225256725762893,1
['borja' 'iglesias'],15,5,Bayer 04 Leverkusen,5000000,1,5,19.655555555555555,0.7122668174109666,1.933295647258338,2.0,7.0,0.10175240248728096,0.7631430186546071,3.0,0.0,320.0,188.0,30.0,11.0,17.0,28.0,6.0,46.0,3.0,31.4,15.424948670398354,2
['oriol' 'rey'],15,9,Levante UD,1200000,2,5,14.155555555555557,,0.3532182103610675,0.0,,0.07064364207221349,0.6357927786499215,,0.0,480.0,255.0,46.0,1.0,13.0,14.0,12.0,57.0,0.0,25.6,13.997832948091215,1
['luca' 'kerber'],7,5,1.FC Heidenheim 1846,2000000,2,2,7.522222222222222,0.2658788774002954,0.930576070901034,0.0,2.0,,0.2658788774002954,,0.0,83.0,42.0,9.0,,12.0,6.0,12.0,9.0,0.0,23.8,14.508658238524095,1
['mohamed' 'fofana'],12,5,RC Lens,250000,1,1,8.133333333333333,0.24590163934426232,1.3524590163934427,1.0,4.0,0.12295081967213116,0.9836065573770493,3.0,0.0,169.0,130.0,62.0,7.0,,21.0,5.0,19.0,0.0,33.2,12.429220196836383,2
['bradel' 'kiwa'],6,5,AS Monaco U21,100000,0,1,,,,,,,,,0.0,,,,,,,,,0.0,19.9,11.51293546492023,1
['matheus' 'nunes'],13,4,Manchester City,38000000,2,0,30.833333333333336,0.03243243243243243,0.19459459459459458,1.0,,0.16216216216216214,0.7459459459459459,6.0,0.0,1870.0,1143.0,256.0,24.0,40.0,29.0,40.0,164.0,1.0,27.3,17.453096744006448,0
['aurèle' 'amenda'],12,5,Eintracht Frankfurt,6000000,0,2,18.622222222222224,,0.5369928400954653,0.0,2.0,,0.3221957040572792,1.0,0.0,1208.0,488.0,141.0,2.0,76.0,13.0,11.0,76.0,0.0,22.4,15.607270193858982,2
['tino' 'livramento'],5,8,Newcastle United,40000000,0,0,14.755555555555556,,0.0677710843373494,0.0,,0.0677710843373494,0.6099397590361445,1.0,1.0,580.0,340.0,95.0,14.0,9.0,16.0,15.0,81.0,0.0,23.1,17.50439003707821,2
['michele' 'rocca'],8,5,Novara FC,300000,2,3,,,,,,,,,0.0,,,,,,,,,0.0,27.4,12.611541086966115,1
['josan'],15,5,Elche CF,1000000,2,5,6.111111111111112,,0.32727272727272727,0.0,,0.49090909090909085,2.9454545454545453,4.0,0.0,217.0,180.0,58.0,7.0,,5.0,8.0,24.0,0.0,33.5,13.815511557963774,1
['andrew' 'robertson'],12,3,Liverpool FC,30000000,0,0,12.1,0.08264462809917356,0.3305785123966942,1.0,,,1.4876033057851241,3.0,0.0,556.0,349.0,69.0,3.0,13.0,1.0,9.0,38.0,0.0,30.2,17.216707972959764,0
['jordan' 'beyer'],7,5,Burnley FC,13000000,0,0,,,,,,,,,0.0,,,,,,,,,0.0,24.0,16.380459992348886,1
['michele' 'castagnetti'],8,5,US Cremonese,700000,2,3,,,,,,,,,0.0,,,,,,,,,0.0,33.5,13.45883704259595,1
['abdel' 'abqar'],9,5,Deportivo Alavés,7500000,0,5,14.8,,0.4054054054054054,0.0,1.0,0.13513513513513511,0.13513513513513511,3.0,0.0,292.0,87.0,41.0,2.0,19.0,34.0,18.0,43.0,0.0,25.2,15.830413711839864,1
['jordan' 'lefort'],12,5,Paris FC,900000,0,1,33.0,,0.24242424242424243,0.0,,0.06060606060606061,0.18181818181818182,3.0,1.0,1631.0,397.0,231.0,9.0,36.0,19.0,27.0,129.0,0.0,29.9,13.710151153416941,1
['tunde' 'akinsola'],11,5,Avs Futebol,800000,1,4,27.133333333333333,0.036855036855036855,1.3267813267813269,0.0,3.0,0.14742014742014742,0.9950859950859952,6.0,0.0,320.0,238.0,196.0,43.0,13.0,34.0,15.0,116.0,0.0,22.8,13.592368256649284,1
['talisca'],2,5,Al-Nassr FC,15000000,0,4,,,,,,,,,0.0,,,,,,,,,0.0,29.4,16.52356082573315,0
['timothy' 'castagne'],1,5,Fulham FC,10000000,0,0,18.46666666666667,,0.43321299638989164,0.0,1.0,,0.8122743682310468,3.0,0.0,608.0,268.0,76.0,1.0,26.0,8.0,21.0,51.0,0.0,30.0,16.118095750958314,2
['konstantinos' 'koulierakis'],12,0,VfL Wolfsburg,25000000,0,2,27.566666666666666,0.14510278113663846,0.7255139056831923,0.0,4.0,0.036275695284159616,0.47158403869407495,3.0,0.0,1251.0,420.0,173.0,3.0,63.0,13.0,25.0,83.0,0.0,22.1,17.034386422832473,2
['mohamed' 'youssouf'],12,5,AC Ajaccio,200000,0,1,,,,,,,,,0.0,,,,,,,,,0.0,35.3,12.206077645517674,1
['junior' 'ajayi'],3,5,Hellas Verona Primavera,150000,1,3,0.011111111111111112,,,0.0,,,,,0.0,1.0,1.0,,,1.0,,,,0.0,19.7,11.918397239722838,1
['lamine' 'gueye'],14,5,Paris FC,800000,1,5,,,,,,,,,0.0,,,,,,,,,0.0,25.6,13.592368256649284,1
['dominik' 'szoboszlai'],12,5,Liverpool FC,85000000,2,0,34.922222222222224,0.17181037225580653,1.288577791918549,1.0,3.0,0.20044543429844097,1.9185491568565065,12.0,0.0,1864.0,1175.0,262.0,25.0,19.0,30.0,32.0,182.0,0.0,25.1,18.258161826219297,0
['edon' 'zhegrova'],12,5,Juventus FC,20000000,1,3,3.9444444444444446,,2.788732394366197,0.0,,,2.5352112676056335,2.0,0.0,185.0,169.0,59.0,20.0,2.0,6.0,3.0,20.0,0.0,26.7,16.811242881518265,0
['ryan' 'carlos'],2,5,CF Estrela Amadora,400000,0,4,1.6888888888888889,,,0.0,,,1.1842105263157894,,0.0,53.0,25.0,10.0,,,1.0,2.0,8.0,0.0,23.6,12.899222326086994,1
['miguel' 'sousa'],13,5,Casa Pia AC,400000,2,4,3.577777777777778,,,0.0,,0.5590062111801242,1.1180124223602483,3.0,0.0,82.0,44.0,16.0,5.0,1.0,15.0,5.0,13.0,0.0,27.2,12.899222326086994,1
['thilo' 'kehrer'],7,5,AS Monaco,18000000,0,1,25.96666666666667,,0.5006418485237484,0.0,2.0,,0.1925545571245186,1.0,1.0,1424.0,623.0,216.0,4.0,67.0,29.0,42.0,92.0,0.0,29.2,16.705882371415992,1
['alberto' 'grassi'],8,5,US Cremonese,1800000,2,3,17.7,,0.5649717514124294,0.0,1.0,,0.33898305084745767,,1.0,687.0,291.0,79.0,8.0,15.0,25.0,8.0,70.0,0.0,30.8,14.403297778421795,1
['thiago' 'silva'],2,5,Chelsea FC,1000000,2,4,0.24444444444444446,,,0.0,,,8.181818181818182,,0.0,26.0,23.0,3.0,,,,1.0,3.0,0.0,39.7,13.815511557963774,0
['youssef' 'maleh'],9,5,FC Empoli,4500000,2,3,16.3,0.06134969325153374,0.920245398773006,1.0,1.0,,0.5521472392638036,1.0,0.0,444.0,247.0,31.0,7.0,10.0,17.0,17.0,65.0,0.0,25.8,15.319588176962746,1
['marc' 'roca'],15,0,Real Betis Balompié,9000000,2,5,21.38888888888889,0.046753246753246755,0.5142857142857142,0.0,2.0,0.046753246753246755,0.7480519480519481,3.0,1.0,867.0,434.0,92.0,11.0,9.0,22.0,28.0,100.0,0.0,27.5,16.012735246411598,1
['josé' 'maría' 'lópez' 'silva'],15,5,UD Tamaraceite,25000,0,4,11.066666666666666,0.09036144578313253,0.2710843373493976,0.0,1.0,,0.09036144578313253,,0.0,431.0,116.0,52.0,,29.0,6.0,18.0,26.0,0.0,39.5,10.12667110305036,1
['rodrigo' 'mora'],13,4,FC Porto,40000000,2,4,13.1,0.07633587786259542,2.0610687022900764,0.0,3.0,0.07633587786259542,2.67175572519084,6.0,0.0,334.0,206.0,77.0,22.0,7.0,9.0,15.0,64.0,0.0,18.6,17.50439003707821,2
['pascal' 'groß'],7,5,Borussia Dortmund,3500000,2,0,16.177777777777777,0.061813186813186816,0.5563186813186813,0.0,1.0,0.18543956043956045,1.978021978021978,4.0,0.0,812.0,453.0,119.0,7.0,13.0,12.0,17.0,68.0,0.0,34.5,15.068273812173887,2
['jonathan' 'gradit'],6,5,RC Lens,4500000,0,1,8.988888888888889,,0.11124845488257107,0.0,,,0.22249690976514214,,0.0,433.0,186.0,65.0,3.0,14.0,9.0,12.0,32.0,0.0,31.5,15.319588176962746,2
['luis' 'orejuela'],12,5,Ceará Sporting Club,1000000,0,5,1.0,,1.0,0.0,,,,,0.0,30.0,13.0,,1.0,1.0,4.0,,,0.0,27.9,13.815511557963774,1
['matteo' 'lavelli'],8,5,Inter U23,450000,1,3,0.07777777777777778,,,0.0,,,,,0.0,1.0,,1.0,,,,,,0.0,19.0,13.017005083966255,1
['jamie' 'murphy'],12,5,Ayr United FC,300000,2,0,17.31111111111111,0.17329910141206675,1.5596919127086009,0.0,3.0,0.11553273427471118,1.1553273427471118,10.0,0.0,346.0,285.0,96.0,19.0,6.0,12.0,11.0,46.0,0.0,34.3,12.611541086966115,1
['oussama' 'el' 'azzouzi'],9,5,AJ Auxerre,1800000,2,1,9.033333333333333,0.11070110701107011,0.44280442804428044,1.0,1.0,,0.996309963099631,1.0,0.0,350.0,186.0,47.0,6.0,11.0,7.0,16.0,41.0,0.0,24.5,14.403297778421795,1
['duarte' 'duarte'],13,5,UD Oliveirense,50000,1,4,14.344444444444445,0.209140201394268,1.324554608830364,1.0,4.0,0.069713400464756,0.69713400464756,,0.0,120.0,72.0,35.0,5.0,23.0,20.0,17.0,40.0,0.0,35.8,10.819798284210286,1
['konan' 'n’dri'],12,5,US Lecce,1500000,1,3,5.466666666666667,0.36585365853658536,2.5609756097560976,0.0,1.0,,0.7317073170731707,2.0,0.0,90.0,75.0,74.0,9.0,5.0,18.0,4.0,22.0,0.0,25.2,14.220976332738882,1
['pierre-yves' 'hamel'],6,5,Paris FC,500000,1,1,0.8666666666666667,,,0.0,,,,,0.0,6.0,3.0,,,2.0,,,2.0,0.0,29.4,13.122365377402328,1
['gianluca' 'prestianni'],0,5,SL Benfica,12000000,1,4,17.155555555555555,0.17487046632124353,1.9818652849740934,1.0,3.0,0.2914507772020726,2.215025906735751,5.0,2.0,453.0,396.0,164.0,53.0,10.0,39.0,12.0,83.0,1.0,19.9,16.300417291085605,1
['andrea' 'pinamonti'],8,5,US Sassuolo,15000000,1,3,27.26666666666667,0.2933985330073349,1.980440097799511,5.0,14.0,0.1100244498777506,0.5134474327628361,4.0,0.0,326.0,158.0,35.0,5.0,55.0,30.0,4.0,43.0,1.0,25.0,16.52356082573315,1
['saba' 'goglichidze'],12,5,Udinese Calcio,4500000,0,3,4.688888888888889,,0.6398104265402843,0.0,1.0,,0.42654028436018954,,0.0,150.0,52.0,12.0,,5.0,4.0,8.0,13.0,0.0,21.5,15.319588176962746,1
['gonçalo' 'esteves'],13,5,FC Alverca,500000,0,4,1.8111111111111111,0.5521472392638037,1.1042944785276074,0.0,,,0.5521472392638037,,0.0,43.0,19.0,11.0,2.0,1.0,3.0,2.0,8.0,0.0,21.8,13.122365377402328,1
['habib' 'diallo'],14,8,Al-Shabab FC,14000000,1,1,21.22222222222222,0.18848167539267016,1.3193717277486912,1.0,5.0,0.04712041884816754,0.4712041884816754,,1.0,178.0,106.0,36.0,13.0,72.0,29.0,5.0,39.0,1.0,28.4,16.454567959008102,1
['viktor' 'gyökeres'],16,5,Arsenal FC,70000000,1,0,24.511111111111113,0.5711695376246599,1.6319129646418857,5.0,12.0,0.04079782411604714,0.7343608340888486,3.0,0.0,194.0,161.0,58.0,6.0,30.0,31.0,5.0,52.0,0.0,27.5,18.064005814299346,0
['weverson'],2,5,FC Arouca,1500000,0,4,0.2888888888888889,,,0.0,,,,,0.0,12.0,3.0,1.0,,,,,1.0,0.0,23.9,14.220976332738882,1
['ayoze' 'pérez'],15,5,Villarreal CF,6000000,1,5,10.633333333333333,0.2821316614420063,1.4106583072100314,0.0,5.0,0.2821316614420063,1.0344827586206897,2.0,0.0,167.0,108.0,57.0,10.0,14.0,22.0,10.0,17.0,0.0,32.4,15.607270193858982,2
['freddie' 'potts'],5,2,West Ham United U21,250000,2,0,12.966666666666667,,0.07712082262210797,0.0,,0.07712082262210797,0.5398457583547558,2.0,0.0,445.0,256.0,42.0,2.0,20.0,14.0,17.0,38.0,0.0,19.1,12.429220196836383,1
['matteo' 'tramoni'],6,5,Pisa Sporting Club,1300000,1,3,17.87777777777778,0.11187072715972653,1.1746426351771284,0.0,3.0,0.11187072715972653,1.4543194530764447,4.0,0.0,262.0,210.0,67.0,8.0,12.0,15.0,20.0,66.0,0.0,23.7,14.077875591662238,1
['jorrel' 'hato'],10,5,Chelsea FC,35000000,0,0,11.11111111111111,,0.36,0.0,,,0.63,1.0,0.0,610.0,229.0,53.0,7.0,14.0,2.0,21.0,46.0,0.0,19.8,17.370858648025116,0
['marius' 'bülter'],7,5,1.FC Köln,2000000,1,2,17.677777777777777,0.28284098051539913,1.979886863607794,2.0,5.0,0.2262727844123193,1.2445003142677562,7.0,0.0,294.0,206.0,71.0,6.0,42.0,24.0,5.0,42.0,0.0,32.7,14.508658238524095,1
['aimar' 'oroz'],15,5,CA Osasuna,9000000,2,5,22.355555555555558,,0.6262425447316102,0.0,,0.08946322067594432,1.4761431411530814,4.0,0.0,648.0,440.0,187.0,28.0,24.0,59.0,19.0,105.0,0.0,24.0,16.012735246411598,1
['serhou' 'guirassy'],12,5,Borussia Dortmund,40000000,1,2,26.08888888888889,0.651618398637138,2.721465076660988,7.0,21.0,0.03833049403747871,0.7282793867120954,1.0,0.0,430.0,296.0,56.0,12.0,95.0,36.0,1.0,54.0,2.0,29.8,17.50439003707821,2
['abde' 'rebbach'],12,5,Deportivo Alavés,1500000,1,5,15.077777777777778,0.06632277081798084,1.5917464996315402,1.0,3.0,0.19896831245394253,1.5917464996315402,8.0,0.0,330.0,213.0,108.0,15.0,8.0,26.0,17.0,74.0,0.0,27.3,14.220976332738882,1
['nicolò' 'cavuoti'],8,5,Cagliari Primavera,200000,2,3,0.4444444444444445,,,0.0,,,,,0.0,12.0,6.0,2.0,1.0,1.0,1.0,,2.0,0.0,20.2,12.206077645517674,1
['kento' 'shiogai'],12,7,NEC Nijmegen,2500000,1,2,3.477777777777778,0.28753993610223644,2.3003194888178915,0.0,3.0,,0.5750798722044729,1.0,0.0,40.0,28.0,15.0,3.0,1.0,3.0,4.0,18.0,0.0,20.7,14.731801689838349,1
['charlie' 'cresswell'],5,5,FC Toulouse,15000000,0,1,28.144444444444446,0.10659297275957362,1.101460718515594,0.0,5.0,0.07106198183971575,0.31977891827872085,1.0,0.0,1207.0,326.0,141.0,1.0,130.0,15.0,14.0,74.0,0.0,23.3,16.52356082573315,1
['josué' 'casimir'],12,5,AJ Auxerre,3500000,1,1,16.7,0.059880239520958084,1.0179640718562875,0.0,3.0,,0.5988023952095809,1.0,0.0,354.0,235.0,80.0,9.0,25.0,32.0,18.0,65.0,0.0,24.2,15.068273812173887,1
['federico' 'baschirotto'],8,5,US Cremonese,4000000,0,3,28.233333333333334,0.07083825265643447,0.3187721369539551,0.0,1.0,,0.07083825265643447,,0.0,1138.0,259.0,111.0,1.0,57.0,9.0,13.0,80.0,0.0,29.3,15.201805169084134,1
['franjo' 'ivanović'],12,5,SL Benfica,20000000,1,4,9.644444444444444,0.6221198156682028,2.799539170506913,2.0,4.0,0.10368663594470047,0.8294930875576038,3.0,0.0,159.0,124.0,59.0,21.0,16.0,22.0,5.0,33.0,2.0,22.2,16.811242881518265,1
['almugera' 'kabar'],7,5,Borussia Dortmund,3000000,0,2,0.16666666666666669,,5.999999999999999,0.0,,,,,0.0,1.0,2.0,,,1.0,,1.0,,0.0,19.5,14.914123179965662,2
['yannik' 'engelhardt'],7,5,Borussia Mönchengladbach,6000000,2,2,27.677777777777777,0.07226013649136893,0.6142111601766359,0.0,1.0,0.07226013649136893,0.4335608189482136,1.0,0.0,1142.0,466.0,137.0,6.0,37.0,34.0,22.0,121.0,0.0,24.9,15.607270193858982,2
['youssef' 'chermiti'],13,2,Rangers FC,6000000,1,0,,,,,,,,,0.0,,,,,,,,,0.0,21.5,15.607270193858982,1
['lorenzo' 'colombo'],8,5,Genoa CFC,6000000,1,3,25.066666666666666,0.2792553191489362,2.074468085106383,2.0,11.0,0.0398936170212766,0.6781914893617021,1.0,0.0,322.0,215.0,68.0,19.0,60.0,53.0,12.0,53.0,1.0,23.8,15.607270193858982,2
['álex' 'forés'],15,6,Villarreal CF B,1500000,1,5,3.277777777777778,,1.5254237288135593,0.0,2.0,0.30508474576271183,,,0.0,38.0,20.0,5.0,3.0,2.0,6.0,1.0,11.0,0.0,23.2,14.220976332738882,1
['jamie' 'vardy'],5,8,Leicester City,2000000,1,3,21.433333333333334,0.27993779160186627,0.9797822706065319,2.0,6.0,0.09331259720062209,0.6065318818040435,4.0,0.0,178.0,132.0,42.0,6.0,46.0,18.0,9.0,35.0,0.0,36.8,14.508658238524095,2
['guilherme' 'oliveira'],13,5,CF Os Belenenses,50000,0,4,,,,,,,,,0.0,,,,,,,,,0.0,28.5,10.819798284210286,1
['héctor' 'hernández'],15,5,CF Rayo Majadahonda,200000,1,4,3.9000000000000004,0.5128205128205128,1.7948717948717947,1.0,1.0,0.2564102564102564,,1.0,0.0,58.0,35.0,5.0,3.0,11.0,2.0,2.0,9.0,1.0,32.1,12.206077645517674,1
['ignatius' 'ganago'],12,5,FC Nantes,3000000,1,1,9.344444444444445,0.3210463733650416,1.7122473246135552,1.0,4.0,0.1070154577883472,0.535077288941736,1.0,0.0,97.0,63.0,36.0,7.0,36.0,13.0,3.0,21.0,0.0,25.3,14.914123179965662,1
['diego' 'jiménez'],15,5,Hércules CF,100000,0,5,0.8555555555555556,,1.1688311688311688,0.0,1.0,,,,0.0,34.0,21.0,1.0,,,,1.0,3.0,0.0,31.9,11.51293546492023,1
['jack' 'fletcher'],5,5,Manchester United U21,1000000,2,0,1.1888888888888889,,0.8411214953271028,0.0,,,1.6822429906542056,,0.0,37.0,23.0,1.0,,1.0,1.0,2.0,4.0,0.0,18.8,13.815511557963774,1
['zakaria' 'diallo'],6,5,Le Havre AC,200000,1,1,0.1,,,0.0,,,10.0,,0.0,,,,,,1.0,,,0.0,36.2,12.206077645517674,1
['yéremy' 'pino'],15,2,Villarreal CF,30000000,2,0,22.233333333333334,0.08995502248875561,1.0344827586206895,0.0,5.0,0.04497751124437781,1.9340329835082457,13.0,0.0,595.0,371.0,104.0,17.0,21.0,22.0,19.0,97.0,0.0,21.6,17.216707972959764,2
['giuseppe' 'ambrosino'],8,5,AS Cittadella,1800000,1,3,0.3888888888888889,,,0.0,,,,,0.0,2.0,2.0,1.0,2.0,1.0,1.0,,1.0,0.0,19.8,14.403297778421795,1
['ulisses' 'garcia'],12,5,Olympique Marseille,3000000,0,3,8.477777777777778,0.11795543905635648,0.11795543905635648,0.0,,0.11795543905635648,0.7077326343381389,3.0,1.0,293.0,166.0,27.0,1.0,3.0,1.0,9.0,36.0,0.0,29.9,14.914123179965662,2
['steven' 'baseya'],6,5,RC Strasbourg Alsace,50000,0,4,5.711111111111111,,0.35019455252918286,0.0,1.0,,,,0.0,275.0,67.0,38.0,3.0,10.0,5.0,4.0,16.0,0.0,19.4,10.819798284210286,1
['jacopo' 'fazzini'],8,5,FC Empoli,6000000,2,3,6.377777777777778,,0.470383275261324,0.0,1.0,,1.411149825783972,1.0,0.0,140.0,95.0,46.0,9.0,9.0,15.0,10.0,35.0,0.0,21.2,15.607270193858982,1
['pascal' 'stenzel'],7,5,VfB Stuttgart,1200000,0,2,1.1888888888888889,,1.6822429906542056,0.0,,,,,0.0,48.0,30.0,5.0,,1.0,2.0,,4.0,0.0,29.7,13.997832948091215,2
['ferro'],13,5,GD Estoril Praia,600000,0,4,18.144444444444446,0.11022657685241885,0.27556644213104714,0.0,,,0.27556644213104714,,0.0,778.0,222.0,68.0,7.0,53.0,6.0,25.0,83.0,0.0,28.7,13.304686600863562,1
['sacha' 'boey'],6,5,Bayern Munich,15000000,0,2,5.133333333333334,,0.3896103896103896,0.0,,,0.7792207792207791,,0.0,253.0,162.0,19.0,1.0,6.0,8.0,4.0,21.0,0.0,25.3,16.52356082573315,0
['felix' 'mambimbi'],12,5,FC St. Gallen 1879,1200000,1,1,5.822222222222223,0.17175572519083968,0.8587786259541984,0.0,1.0,,1.2022900763358777,1.0,0.0,86.0,52.0,24.0,4.0,3.0,5.0,9.0,27.0,0.0,22.7,13.997832948091215,1
['jermaine' 'jones'],12,5,Los Angeles Galaxy,600000,2,0,,,,,,,,,0.0,,,,,,,,,0.0,36.1,13.304686600863562,1
['luca' 'netz'],7,5,Borussia Mönchengladbach,6000000,0,0,3.6444444444444444,,,0.0,,,0.5487804878048781,,0.0,76.0,31.0,15.0,2.0,1.0,2.0,7.0,15.0,0.0,22.6,15.607270193858982,2
['chemsdine' 'talbi'],9,3,Sunderland AFC,22000000,1,0,17.011111111111113,0.2351404310907903,1.1757021554539515,1.0,2.0,0.058785107772697576,0.6466361854996734,,0.0,324.0,205.0,91.0,16.0,1.0,1.0,6.0,59.0,0.0,20.6,16.906553056777135,1
['danel' 'sinani'],12,8,Norwich City,1000000,1,2,22.977777777777778,0.21760154738878143,1.4796905222437138,2.0,3.0,0.13056092843326886,1.8713733075435204,5.0,1.0,708.0,477.0,98.0,12.0,11.0,27.0,14.0,108.0,0.0,26.2,13.815511557963774,1
['daniel' 'james'],12,2,Leeds United,12000000,2,0,5.2555555555555555,,1.331923890063425,0.0,2.0,,1.7124735729386893,1.0,0.0,66.0,60.0,41.0,5.0,2.0,7.0,4.0,18.0,0.0,25.6,16.300417291085605,2
['pablo' 'maffeo'],0,5,RCD Mallorca,5000000,0,5,27.68888888888889,0.036115569823434994,0.18057784911717495,0.0,,0.036115569823434994,0.5778491171749599,1.0,0.0,646.0,357.0,132.0,32.0,29.0,22.0,33.0,103.0,0.0,28.4,15.424948670398354,1
['rubén' 'sánchez'],15,5,FC OKMK Olmaliq,400000,0,5,7.911111111111111,,1.0112359550561798,0.0,,0.12640449438202248,1.0112359550561798,2.0,0.0,197.0,122.0,82.0,15.0,14.0,11.0,9.0,40.0,0.0,29.0,12.899222326086994,1
['tyler' 'onyango'],5,9,Everton FC U21,500000,2,0,,,,,,,,,0.0,,,,,,,,,0.0,21.2,13.122365377402328,1
['javi' 'guerra'],15,5,Rayo Vallecano,200000,2,5,21.0,0.047619047619047616,0.7619047619047619,0.0,2.0,0.2857142857142857,1.0952380952380953,6.0,0.0,765.0,410.0,137.0,20.0,13.0,17.0,16.0,99.0,0.0,37.2,12.206077645517674,1
['iván' 'fresneda'],15,5,Sporting CP,12000000,0,4,17.822222222222223,0.05610972568578553,0.3927680798004987,0.0,1.0,,0.7294264339152119,1.0,0.0,723.0,365.0,159.0,7.0,22.0,18.0,18.0,53.0,0.0,21.2,16.300417291085605,2
['stephen' 'eustaquio'],12,0,FC Porto,11000000,2,4,2.022222222222222,,0.989010989010989,0.0,,,0.989010989010989,,0.0,102.0,36.0,6.0,1.0,4.0,2.0,3.0,7.0,0.0,27.5,16.213405921671733,2
['lucien' 'agoumé'],6,5,Sevilla FC,6000000,2,5,28.566666666666666,0.03500583430571762,0.31505250875145857,0.0,,0.10501750291715287,0.8401400233372229,8.0,1.0,1011.0,558.0,134.0,11.0,54.0,14.0,42.0,130.0,0.0,22.3,15.607270193858982,2
['andré' 'pedrosa'],13,5,Vitória Setúbal FC,125000,0,5,11.61111111111111,0.0861244019138756,0.6028708133971292,0.0,1.0,0.0861244019138756,1.8947368421052633,4.0,0.0,349.0,211.0,37.0,5.0,7.0,9.0,17.0,36.0,0.0,24.2,11.736077016252437,1
['neil' 'el' 'aynaoui'],9,5,RC Lens,8000000,2,3,10.511111111111111,0.09513742071881606,0.5708245243128964,0.0,,0.19027484143763213,0.9513742071881607,3.0,0.0,494.0,252.0,61.0,9.0,12.0,10.0,10.0,50.0,0.0,22.9,15.894952224644102,2
['gonçalo' 'guedes'],13,4,Real Sociedad,6000000,1,5,20.233333333333334,0.39538714991762763,1.4332784184514002,3.0,3.0,0.19769357495881382,0.9884678747940692,6.0,1.0,418.0,322.0,115.0,18.0,11.0,33.0,15.0,55.0,0.0,29.0,15.607270193858982,2
['corrie' 'ndaba'],12,5,Kilmarnock FC,350000,0,3,5.988888888888889,,0.16697588126159554,0.0,,,0.3339517625231911,,0.0,166.0,78.0,18.0,6.0,7.0,,4.0,17.0,0.0,24.4,12.765691290604371,1
['omar' 'mascarell'],12,5,RCD Mallorca,800000,2,5,24.355555555555558,0.08211678832116788,0.2052919708029197,1.0,,0.08211678832116788,0.24635036496350363,2.0,0.0,898.0,377.0,64.0,6.0,29.0,13.0,28.0,111.0,0.0,32.9,13.592368256649284,1
['mario' 'götze'],7,7,Eintracht Frankfurt,3500000,2,2,9.766666666666667,,0.20477815699658702,0.0,,,1.5358361774744027,5.0,0.0,411.0,217.0,39.0,5.0,1.0,12.0,9.0,49.0,0.0,33.5,15.068273812173887,2
['andré' 'sousa'],13,5,CD Nacional,50000,0,4,,,,,,,,,0.0,,,,,,,,,0.0,35.4,10.819798284210286,1
['jack' 'grealish'],5,2,Everton FC,25000000,2,0,18.122222222222224,0.1103617412630288,0.7725321888412017,2.0,4.0,0.33108522378908645,1.765787860208461,5.0,2.0,482.0,357.0,178.0,23.0,4.0,58.0,15.0,87.0,0.0,30.2,17.034386422832473,2
['bruma'],13,5,SL Benfica,5000000,1,4,0.2111111111111111,,4.7368421052631575,0.0,,,,,0.0,9.0,7.0,3.0,2.0,,,,3.0,0.0,31.2,15.424948670398354,1
['lewis' 'dunk'],5,2,Brighton & Hove Albion,4000000,0,0,29.522222222222222,0.03387278885961611,0.6097101994730899,0.0,,,0.20323673315769666,1.0,0.0,2138.0,569.0,192.0,4.0,73.0,9.0,21.0,126.0,1.0,34.1,15.201805169084134,2
['jimi' 'gower'],5,5,Moreirense FC,100000,2,4,1.788888888888889,,0.5590062111801242,0.0,,,,,0.0,63.0,40.0,8.0,1.0,2.0,5.0,1.0,9.0,0.0,21.2,11.51293546492023,1
['granit' 'xhaka'],12,5,Sunderland AFC,10000000,2,0,30.255555555555556,0.03305178112376056,0.49577671685640834,0.0,,0.19831068674256333,0.9254498714652956,9.0,0.0,1405.0,816.0,170.0,11.0,55.0,38.0,32.0,167.0,0.0,33.2,16.118095750958314,1
['joel' 'chima' 'fujita'],12,5,FC St. Pauli,8000000,2,2,29.677777777777777,0.03369524522650693,0.7076001497566454,1.0,1.0,0.10108573567952078,0.909771621115687,5.0,0.0,902.0,545.0,150.0,47.0,14.0,19.0,31.0,168.0,0.0,23.8,15.894952224644102,1
['antonis' 'papakanellos'],12,5,Rio Ave FC,500000,2,4,4.688888888888889,,0.21327014218009477,0.0,,,0.42654028436018954,1.0,0.0,130.0,85.0,36.0,14.0,2.0,6.0,7.0,22.0,0.0,20.4,13.122365377402328,1
['skelly' 'alvero'],6,5,SV Werder Bremen,2500000,2,2,0.35555555555555557,,,0.0,,,,,0.0,23.0,7.0,3.0,,,1.0,,2.0,0.0,23.6,14.731801689838349,1
['jay' 'idzes'],12,5,Go Ahead Eagles,750000,0,3,33.43333333333334,,0.08973080757726819,0.0,,,0.08973080757726819,2.0,0.0,1262.0,329.0,127.0,6.0,52.0,13.0,13.0,98.0,0.0,23.1,13.527829818844937,1
['matthew' 'nogueira'],12,5,York United FC,25000,2,4,8.833333333333334,0.11320754716981131,1.1320754716981132,0.0,2.0,,0.6792452830188679,,0.0,162.0,113.0,41.0,7.0,11.0,14.0,10.0,29.0,1.0,24.2,10.12667110305036,1
['jon' 'pacheco'],15,5,Deportivo Alavés,5000000,0,5,19.266666666666666,,0.20761245674740486,0.0,,,0.2595155709342561,1.0,0.0,812.0,294.0,125.0,3.0,42.0,7.0,16.0,70.0,0.0,24.9,15.424948670398354,1
['david' 'pizarro'],12,5,Club Universidad de Chile,300000,1,1,0.2888888888888889,,,0.0,,,,,0.0,2.0,1.0,1.0,,,1.0,,3.0,0.0,38.7,12.611541086966115,1
['robert' 'andrich'],7,5,Bayer 04 Leverkusen,7000000,2,2,28.3,0.0706713780918728,0.31802120141342755,1.0,2.0,,0.42402826855123676,,0.0,1675.0,764.0,211.0,1.0,42.0,22.0,29.0,105.0,0.0,31.2,15.76142084987672,2
['nicolò' 'zaniolo'],8,5,Udinese Calcio,13000000,2,3,25.211111111111112,0.1983252534156016,1.8642573821066548,2.0,6.0,0.2379903040987219,1.7849272807404142,7.0,2.0,452.0,341.0,176.0,33.0,18.0,61.0,22.0,92.0,0.0,26.5,16.380459992348886,1
['nikolaos' 'athanasiou'],12,5,Rio Ave FC,1000000,0,4,14.588888888888889,,0.20563594821020564,0.0,,0.06854531607006854,1.0967250571210967,4.0,0.0,396.0,172.0,87.0,10.0,10.0,23.0,14.0,52.0,0.0,24.8,13.815511557963774,1
['yoel' 'rodríguez'],15,5,SD Eibar,600000,1,4,4.522222222222222,0.22113022113022113,1.769041769041769,0.0,4.0,,0.6633906633906634,,0.0,37.0,25.0,7.0,2.0,6.0,7.0,4.0,11.0,0.0,34.8,13.304686600863562,1
['côme' 'bianay' 'balcot'],6,5,Torino Primavera,200000,0,3,,,,,,,,,0.0,,,,,,,,,0.0,19.1,12.206077645517674,1
['piri'],15,5,Elche Ilicitano,25000,1,5,,,,,,,,,0.0,,,,,,,,,0.0,22.5,10.12667110305036,1
['miguel' 'peña'],15,5,Atlético Levante UD,100000,2,4,3.9222222222222225,,0.509915014164306,0.0,,,0.254957507082153,,0.0,160.0,67.0,10.0,1.0,9.0,11.0,10.0,14.0,0.0,21.3,11.51293546492023,1
['félix' 'correia'],13,5,LOSC Lille,10000000,1,1,22.28888888888889,0.17946161515453637,1.0767696909272182,2.0,6.0,0.22432701894317048,1.435692921236291,9.0,0.0,660.0,502.0,117.0,16.0,11.0,28.0,13.0,81.0,0.0,24.9,16.118095750958314,2
['tiago' 'gabriel'],13,1,US Lecce,15000000,0,3,33.77777777777778,0.05921052631578947,0.5328947368421052,0.0,4.0,,0.05921052631578947,,0.0,1125.0,287.0,128.0,1.0,121.0,38.0,37.0,81.0,0.0,21.0,16.52356082573315,1
['abdelhamid' 'ait' 'boudlal'],9,5,Stade Rennais FC,10000000,0,1,14.577777777777778,0.13719512195121952,0.6859756097560976,0.0,2.0,0.06859756097560976,,1.0,0.0,686.0,151.0,112.0,8.0,35.0,9.0,14.0,58.0,0.0,19.7,16.118095750958314,2
['warmed' 'omari'],12,5,Hamburger SV,3000000,0,2,17.855555555555558,,0.16801493466085873,0.0,,0.05600497822028624,0.3920348475420037,,0.0,621.0,185.0,81.0,6.0,23.0,11.0,16.0,51.0,0.0,25.7,14.914123179965662,1
['kafoumba' 'coulibaly'],3,5,Without Club,300000,0,2,23.57777777777778,0.042412818096135715,0.2544769085768143,0.0,1.0,,0.29688972667295005,,0.0,1246.0,415.0,141.0,8.0,36.0,9.0,14.0,66.0,0.0,29.3,12.611541086966115,1
['laurent' 'abergel'],6,5,FC Lorient,3000000,2,1,25.08888888888889,0.03985828166519043,0.5181576616474757,0.0,1.0,,0.5978742249778565,2.0,0.0,1412.0,581.0,177.0,8.0,16.0,25.0,21.0,124.0,0.0,31.3,14.914123179965662,1
['raúl' 'jiménez'],12,5,Fulham FC,4000000,1,0,23.977777777777778,0.3753475440222428,2.126969416126043,4.0,9.0,0.12511584800741427,0.917516218721038,2.0,0.0,327.0,197.0,54.0,10.0,83.0,33.0,20.0,54.0,2.0,34.6,15.201805169084134,2
['kiko'],13,5,Anorthosis Famagusta,300000,0,4,20.555555555555557,0.048648648648648644,0.38918918918918916,0.0,,,0.7783783783783783,,0.0,651.0,246.0,66.0,13.0,19.0,19.0,30.0,60.0,0.0,30.4,12.611541086966115,1
['strahinja' 'pavlović'],12,5,AC Milan,28000000,0,3,30.88888888888889,0.1618705035971223,0.6474820143884892,2.0,2.0,0.03237410071942446,0.45323741007194246,,1.0,1621.0,664.0,299.0,16.0,68.0,28.0,27.0,96.0,1.0,24.6,17.147715103853763,0
['jean-clair' 'todibo'],6,5,West Ham United,23000000,0,0,19.900000000000002,,0.05025125628140703,0.0,1.0,0.05025125628140703,0.20100502512562812,,0.0,674.0,207.0,96.0,4.0,25.0,3.0,24.0,88.0,0.0,25.9,16.951004817371683,2
['tamás' 'nikitscher'],12,5,Rio Ave FC,500000,2,4,15.277777777777779,0.06545454545454545,0.45818181818181813,1.0,1.0,0.06545454545454545,0.2618181818181818,,0.0,518.0,213.0,30.0,6.0,31.0,20.0,18.0,81.0,0.0,26.1,13.122365377402328,1
['karem' 'zoabi'],12,5,Rio Ave FC,800000,1,4,1.0222222222222224,,0.9782608695652173,0.0,,,1.9565217391304346,,0.0,15.0,10.0,1.0,,1.0,2.0,2.0,3.0,0.0,19.6,13.592368256649284,1
['casemiro'],2,5,Manchester United,8000000,2,0,28.755555555555556,0.3129829984544049,1.2519319938176197,1.0,6.0,0.0695517774343122,1.1823802163833075,4.0,0.0,1301.0,697.0,132.0,6.0,57.0,36.0,45.0,138.0,0.0,33.8,15.894952224644102,0
['jérémy' 'jacquet'],6,5,Stade Rennais FC,20000000,0,1,18.58888888888889,,0.4303646144650329,0.0,,,0.484160191273162,,0.0,973.0,359.0,155.0,4.0,37.0,17.0,16.0,77.0,0.0,20.4,16.811242881518265,2
['lamine' 'yamal'],15,4,FC Barcelona,120000000,1,5,25.2,0.6349206349206349,3.373015873015873,4.0,7.0,0.4365079365079365,2.420634920634921,25.0,1.0,1094.0,902.0,381.0,133.0,,52.0,21.0,99.0,2.0,17.0,18.603002309079653,0
['jim' 'larsen'],4,5,FC Midtjylland,800000,1,0,11.222222222222223,,0.891089108910891,0.0,2.0,0.0891089108910891,0.9801980198019801,2.0,0.0,232.0,174.0,53.0,10.0,10.0,,4.0,31.0,0.0,30.2,13.592368256649284,1
['badou' 'ndiaye'],14,5,Gaziantep FK,300000,1,2,1.577777777777778,,,0.0,,,,,0.0,116.0,73.0,20.0,8.0,3.0,3.0,5.0,6.0,0.0,35.1,12.611541086966115,1
['henrique' 'silva'],2,5,Olympique Lyon,1000000,0,4,11.455555555555556,,0.1745877788554801,0.0,,,0.1745877788554801,,0.0,473.0,104.0,65.0,4.0,32.0,18.0,11.0,41.0,0.0,30.1,13.815511557963774,2
['billy' 'gilmour'],12,2,SSC Napoli,20000000,2,3,8.333333333333334,0.12,0.72,0.0,,,0.6,,1.0,639.0,343.0,49.0,9.0,5.0,6.0,5.0,51.0,0.0,24.5,16.811242881518265,0
['jamal' 'musiala'],7,5,Bayern Munich,130000000,2,2,7.544444444444445,0.39764359351988215,2.385861561119293,1.0,4.0,0.5301914580265096,1.723122238586156,3.0,0.0,248.0,189.0,58.0,21.0,2.0,18.0,4.0,28.0,0.0,22.8,18.683045016112164,0
['jerson' 'cabral'],12,5,Ionikos Nikeas,200000,1,4,18.644444444444446,0.37544696066746125,2.2526817640047674,2.0,3.0,0.0536352800953516,1.0190703218116806,4.0,0.0,506.0,272.0,96.0,31.0,13.0,57.0,28.0,108.0,1.0,32.4,12.206077645517674,1
['romelu' 'lukaku'],1,5,SSC Napoli,15000000,1,3,0.4444444444444445,2.25,4.5,1.0,1.0,,4.5,,0.0,11.0,8.0,1.0,,,,,1.0,0.0,32.6,16.52356082573315,0
['samuel' 'iling-junior'],5,1,West Bromwich Albion,10000000,1,0,,,,,,,,,0.0,,,,,,,,,0.0,22.2,16.118095750958314,1
['gerónimo' 'spina'],0,5,Atlético Madrileño,200000,0,5,,,,,,,,,0.0,,,,,,,,,0.0,20.9,12.206077645517674,1
['fisayo' 'dele-bashiru'],11,5,Hatayspor,2000000,2,3,12.222222222222223,,0.5727272727272726,0.0,,,0.7363636363636363,1.0,0.0,376.0,212.0,41.0,5.0,4.0,3.0,14.0,40.0,0.0,23.3,14.508658238524095,1
['amadou' 'sarr'],14,5,Inter Milan Primavera,150000,1,3,11.533333333333333,,0.953757225433526,0.0,1.0,0.08670520231213873,1.0404624277456647,1.0,0.0,202.0,151.0,39.0,10.0,36.0,21.0,9.0,37.0,0.0,20.0,11.918397239722838,1
['julian' 'niehues'],7,5,1.FC Heidenheim 1846,1500000,2,2,15.433333333333334,0.19438444924406048,0.8423326133909287,0.0,1.0,,0.4535637149028078,1.0,0.0,501.0,220.0,49.0,5.0,25.0,9.0,9.0,71.0,0.0,24.7,14.220976332738882,1
['pablo' 'marí'],15,5,ACF Fiorentina,2500000,0,3,8.988888888888889,,0.22249690976514214,0.0,,,0.22249690976514214,,0.0,418.0,99.0,32.0,,18.0,8.0,8.0,28.0,0.0,32.3,14.731801689838349,2
['boris' 'popović'],12,5,FC Arouca,1200000,0,4,12.866666666666667,0.07772020725388601,0.31088082901554404,0.0,,,0.07772020725388601,,0.0,550.0,142.0,64.0,1.0,22.0,6.0,5.0,19.0,0.0,25.8,13.997832948091215,1
['carlos' 'baleba'],12,5,Brighton & Hove Albion,60000000,2,0,17.211111111111112,,0.6391220142027114,0.0,1.0,,0.34861200774693346,1.0,0.0,598.0,240.0,83.0,12.0,22.0,19.0,19.0,95.0,0.0,21.9,17.909855136853043,2
['guillermo' 'maripán'],12,5,Torino FC,4000000,0,3,23.322222222222223,0.0857551214864221,0.47165316817532155,1.0,3.0,,0.3858980466888995,,0.0,807.0,237.0,77.0,3.0,59.0,7.0,30.0,71.0,0.0,31.6,15.201805169084134,2
['sebastiaan' 'bornauw'],1,5,Leeds United,5000000,0,0,3.8000000000000003,,,0.0,,,,,0.0,101.0,28.0,4.0,1.0,9.0,,3.0,10.0,0.0,26.7,15.424948670398354,2
['juan' 'rodríguez'],15,5,RCD Mallorca,300000,0,3,13.833333333333334,,0.14457831325301204,0.0,1.0,,,,0.0,538.0,115.0,44.0,1.0,16.0,7.0,27.0,39.0,0.0,35.2,12.611541086966115,1
['andré' 'onana'],12,5,Trabzonspor,15000000,2,0,19.41111111111111,0.10303377218088151,0.7727532913566113,0.0,4.0,,0.3606182026330853,,0.0,734.0,349.0,75.0,7.0,45.0,25.0,29.0,72.0,0.0,29.7,16.52356082573315,1
['ibrahim' 'salah'],9,5,FC Basel 1893,2000000,1,1,0.3666666666666667,,,0.0,,,,,0.0,22.0,15.0,2.0,,1.0,2.0,1.0,1.0,0.0,24.3,14.508658238524095,1
['jesurun' 'rak-sakyi'],12,5,Crystal Palace,2000000,1,0,,,,,,,,,0.0,,,,,,,,,0.0,21.6,14.508658238524095,2
['gelson' 'martins'],13,5,Olympiacos Piraeus,2500000,2,4,0.022222222222222223,,,0.0,,,,,0.0,2.0,2.0,,,,,,,0.0,30.6,14.731801689838349,1
['robert' 'lewandowski'],12,5,FC Barcelona,15000000,1,5,16.455555555555556,0.7900067521944631,2.7954085077650235,5.0,14.0,0.12153950033760973,0.6684672518568535,4.0,0.0,232.0,155.0,25.0,9.0,21.0,17.0,2.0,28.0,0.0,35.8,16.52356082573315,0
['jofre' 'carreras'],15,5,RCD Espanyol Barcelona,600000,1,5,9.433333333333334,0.10600706713780919,1.2720848056537102,0.0,,,1.3780918727915195,2.0,0.0,141.0,104.0,81.0,16.0,3.0,25.0,5.0,40.0,0.0,22.3,13.304686600863562,0
['nampalys' 'mendy'],14,5,RC Lens,3000000,0,5,19.044444444444444,0.10501750291715287,0.5250875145857643,0.0,2.0,,0.15752625437572929,1.0,0.0,790.0,159.0,75.0,3.0,29.0,12.0,10.0,62.0,0.0,31.9,14.914123179965662,2
['unai' 'vencedor'],15,5,SD Eibar,5000000,2,5,9.088888888888889,,,0.0,,,1.3202933985330074,3.0,0.0,339.0,182.0,31.0,4.0,14.0,8.0,13.0,39.0,0.0,22.9,15.424948670398354,1
['philipp' 'lienhart'],12,3,SC Freiburg,12000000,0,2,14.444444444444445,0.06923076923076923,0.5538461538461539,0.0,1.0,,0.27692307692307694,,1.0,882.0,343.0,170.0,3.0,31.0,8.0,11.0,47.0,0.0,29.4,16.300417291085605,1
['nile' 'john'],5,5,Tottenham Hotspur U23,400000,2,4,7.455555555555556,,1.3412816691505216,0.0,,0.13412816691505217,0.5365126676602087,2.0,0.0,159.0,81.0,18.0,1.0,,11.0,6.0,22.0,0.0,19.3,12.899222326086994,1
['alidu' 'seidu'],12,5,Stade Rennais FC,6000000,0,1,13.166666666666668,,0.37974683544303794,0.0,,0.07594936708860758,0.5316455696202531,3.0,0.0,695.0,342.0,122.0,7.0,14.0,31.0,21.0,89.0,0.0,25.5,15.607270193858982,2
['alex' 'iwobi'],11,5,Fulham FC,25000000,1,0,25.3,0.15810276679841898,0.7114624505928854,1.0,,0.11857707509881422,1.5019762845849802,4.0,0.0,1130.0,633.0,208.0,15.0,7.0,10.0,18.0,116.0,0.0,29.6,17.034386422832473,2
['mikayil' 'faye'],14,5,US Cremonese,6000000,0,3,2.7777777777777777,,,0.0,,,0.36,1.0,0.0,97.0,39.0,14.0,3.0,3.0,4.0,6.0,16.0,0.0,21.4,15.607270193858982,1
['adam' 'armstrong'],5,2,Southampton FC,9000000,1,0,11.11111111111111,0.09,0.9,0.0,2.0,0.18,0.36,3.0,0.0,101.0,69.0,10.0,9.0,8.0,3.0,3.0,13.0,0.0,28.8,16.012735246411598,2
['achraf' 'hakimi'],9,5,Paris Saint-Germain,80000000,0,1,15.266666666666667,0.13100436681222707,1.3100436681222707,1.0,4.0,0.13100436681222707,1.244541484716157,2.0,0.0,1160.0,822.0,149.0,8.0,4.0,17.0,13.0,70.0,0.0,27.1,18.197537205138154,0
['fran' 'beltrán'],15,5,Celta de Vigo,6000000,2,5,16.422222222222224,0.060893098782138014,0.5480378890392421,1.0,,,0.7307171853856562,2.0,0.0,921.0,520.0,121.0,7.0,9.0,12.0,15.0,67.0,0.0,25.3,15.607270193858982,1
['ahmed' 'daghim'],12,5,Boldklubben af 1893,50000,1,2,15.077777777777778,0.13264554163596168,1.1938098747236552,1.0,5.0,0.19896831245394253,0.9948415622697127,6.0,0.0,265.0,209.0,104.0,17.0,19.0,23.0,18.0,45.0,0.0,22.5,10.819798284210286,1
['nathan' 'ngoy'],1,5,Standard Liège,3500000,0,1,25.711111111111112,0.03889369057908384,0.5445116681071737,1.0,2.0,0.07778738115816768,0.07778738115816768,3.0,0.0,1425.0,405.0,222.0,7.0,28.0,10.0,19.0,108.0,0.0,21.0,15.068273812173887,1
['mike' 'de' 'silva'],1,5,SK Beveren,350000,2,4,0.03333333333333333,,,0.0,,,,,0.0,6.0,1.0,1.0,,,,,2.0,0.0,23.8,12.765691290604371,1
['morgan' 'gibbs-white'],5,2,Nottingham Forest,65000000,2,0,33.55555555555556,0.4172185430463576,1.6986754966887416,3.0,9.0,0.11920529801324503,1.281456953642384,5.0,0.0,954.0,696.0,178.0,28.0,41.0,40.0,15.0,107.0,1.0,25.9,17.989897843244528,2
['joël' 'veltman'],10,5,Brighton & Hove Albion,2500000,0,0,10.944444444444445,0.09137055837563451,0.18274111675126903,0.0,,,0.36548223350253806,,0.0,328.0,166.0,53.0,2.0,19.0,22.0,17.0,39.0,0.0,33.9,14.731801689838349,2
['florentino'],13,5,Burnley FC,22000000,2,0,21.6,,0.37037037037037035,0.0,2.0,0.09259259259259259,0.4629629629629629,,0.0,823.0,387.0,64.0,7.0,22.0,8.0,43.0,103.0,0.0,26.3,16.906553056777135,1
['tijjani' 'reijnders'],10,5,Manchester City,65000000,2,0,17.322222222222223,0.28864656831302116,1.8473380372033354,0.0,4.0,0.11545862732520847,0.8659397049390635,4.0,1.0,685.0,470.0,131.0,19.0,3.0,15.0,4.0,58.0,0.0,27.4,17.989897843244528,0
['thibault' 'de' 'smet'],1,5,Stade Reims,4000000,0,1,12.744444444444445,,0.2353966870095902,0.0,,0.07846556233653007,0.3138622493461203,1.0,0.0,466.0,204.0,65.0,3.0,12.0,13.0,11.0,46.0,0.0,26.0,15.201805169084134,2
['andré' 'geraldes'],13,5,Casa Pia AC,200000,0,4,22.166666666666668,,0.045112781954887216,0.0,,,0.13533834586466165,,0.0,532.0,186.0,54.0,7.0,14.0,12.0,6.0,58.0,0.0,34.6,12.206077645517674,1
['unai' 'núñez'],15,5,Celta de Vigo,7000000,0,5,8.211111111111112,,0.3653585926928281,0.0,1.0,,0.12178619756427603,,0.0,322.0,117.0,35.0,,11.0,7.0,10.0,33.0,0.0,27.4,15.76142084987672,1
['giorgio' 'scalvini'],8,5,Atalanta BC,45000000,0,3,18.444444444444446,0.16265060240963855,0.6506024096385542,2.0,3.0,0.05421686746987951,0.7590361445783131,2.0,0.0,964.0,425.0,110.0,13.0,40.0,8.0,19.0,90.0,0.0,20.5,17.622173069956816,1
['grady' 'diangana'],12,9,West Bromwich Albion,4500000,1,5,9.38888888888889,0.10650887573964496,0.6390532544378698,0.0,1.0,,0.9585798816568047,1.0,0.0,233.0,150.0,45.0,9.0,6.0,18.0,4.0,25.0,0.0,25.1,15.319588176962746,1
['elias' 'baum'],7,2,Eintracht Frankfurt,1000000,0,2,0.788888888888889,,,0.0,,,1.2676056338028168,,0.0,59.0,25.0,9.0,,2.0,,,1.0,0.0,18.6,13.815511557963774,2
['jonathan' 'rowe'],5,9,Norwich City,500000,1,3,15.922222222222222,0.1884159106769016,1.9469644103279833,2.0,6.0,0.0628053035589672,1.1304954640614095,4.0,0.0,271.0,215.0,108.0,44.0,15.0,44.0,12.0,60.0,0.0,20.1,13.122365377402328,1
['orri' 'óskarsson'],12,2,Real Sociedad,12000000,1,5,7.488888888888889,0.9347181008902077,2.537091988130564,0.0,4.0,,0.6676557863501483,2.0,0.0,67.0,49.0,9.0,3.0,13.0,4.0,4.0,8.0,0.0,21.3,16.300417291085605,2
['harry' 'kane'],5,5,Bayern Munich,65000000,1,2,26.46666666666667,1.3602015113350125,3.438287153652393,7.0,18.0,0.18891687657430728,1.322418136020151,18.0,0.0,589.0,399.0,93.0,32.0,43.0,32.0,13.0,77.0,2.0,32.4,17.989897843244528,0
['goduine' 'koyalipou'],12,8,Levante UD,2500000,1,5,2.6555555555555554,0.3765690376569038,1.882845188284519,0.0,1.0,,0.3765690376569038,1.0,0.0,31.0,21.0,9.0,9.0,7.0,1.0,3.0,10.0,0.0,25.8,14.731801689838349,1
['jules' 'koundé'],6,5,FC Barcelona,45000000,0,5,24.122222222222224,0.041455550437586364,0.41455550437586364,0.0,5.0,0.12436665131275909,0.8291110087517273,6.0,0.0,1698.0,944.0,187.0,20.0,35.0,24.0,25.0,84.0,0.0,25.6,17.622173069956816,0
['alan'],2,5,SC Braga,300000,2,4,30.033333333333335,0.1664816870144284,0.9988901220865705,1.0,2.0,0.1664816870144284,1.1986681465038844,9.0,1.0,968.0,632.0,146.0,18.0,1.0,53.0,15.0,85.0,0.0,37.4,12.611541086966115,1
['antoine' 'griezmann'],6,5,Atlético de Madrid,11000000,1,5,14.311111111111112,0.48913043478260865,2.7251552795031055,2.0,7.0,0.13975155279503104,1.6770186335403725,7.0,1.0,542.0,365.0,73.0,8.0,10.0,9.0,9.0,57.0,0.0,34.7,16.213405921671733,0
['dominic' 'solanke'],5,5,AFC Bournemouth,40000000,1,0,11.11111111111111,0.27,1.26,0.0,3.0,,0.54,1.0,0.0,117.0,75.0,36.0,13.0,20.0,9.0,16.0,34.0,0.0,26.7,17.50439003707821,1
['gustavo' 'sá'],13,5,FC Famalicão,8000000,2,4,30.122222222222224,0.13279232755440795,1.0623386204352636,0.0,6.0,0.06639616377720398,1.3611213574326817,10.0,1.0,774.0,519.0,122.0,15.0,58.0,72.0,31.0,122.0,0.0,19.6,15.894952224644102,1
['jorge' 'herrando'],15,5,CA Osasuna,3500000,0,5,17.0,,0.058823529411764705,0.0,1.0,0.058823529411764705,0.058823529411764705,1.0,0.0,598.0,172.0,50.0,3.0,28.0,8.0,14.0,38.0,1.0,24.8,15.068273812173887,1
['nélson' 'oliveira'],13,5,Vitória Guimarães SC,300000,1,4,14.600000000000001,0.2054794520547945,1.643835616438356,2.0,3.0,,0.547945205479452,,0.0,196.0,122.0,20.0,8.0,16.0,35.0,1.0,27.0,0.0,34.4,12.611541086966115,1
['thomas' 'lemar'],6,5,Girona FC,2000000,2,5,13.844444444444445,0.21669341894060995,0.7223113964686998,0.0,1.0,0.07223113964686999,1.3001605136436596,1.0,1.0,566.0,383.0,96.0,19.0,2.0,20.0,15.0,56.0,0.0,30.1,14.508658238524095,2
['christos' 'alexiou'],12,5,Inter U23,900000,0,3,,,,,,,,,0.0,,,,,,,,,0.0,20.5,13.710151153416941,1
['jonathan' 'panzo'],5,5,Rio Ave FC,1500000,0,4,12.166666666666668,,0.2465753424657534,0.0,1.0,,0.0821917808219178,,0.0,580.0,95.0,91.0,1.0,24.0,3.0,12.0,37.0,0.0,25.1,14.220976332738882,1
['formose' 'mendy'],6,5,US Avranches,300000,0,5,2.288888888888889,,,0.0,,,,,0.0,146.0,91.0,9.0,2.0,2.0,1.0,1.0,12.0,0.0,29.7,12.611541086966115,1
['léo' 'realpe'],12,5,FC Famalicão,4000000,0,4,18.855555555555558,0.053034767236299345,0.2651738361814967,0.0,,0.053034767236299345,0.15910430170889803,,0.0,867.0,281.0,146.0,5.0,37.0,13.0,13.0,79.0,0.0,24.8,15.201805169084134,1
['marco' 'pellegrino'],0,5,US Salernitana 1919,3500000,1,3,32.233333333333334,0.2481902792140641,1.5511892450879006,4.0,9.0,0.031023784901758014,0.5894519131334023,4.0,0.0,288.0,193.0,60.0,23.0,118.0,67.0,11.0,83.0,0.0,21.9,15.068273812173887,1
['charlee' 'adams'],5,5,Birmingham City,75000,1,3,20.344444444444445,0.24576734025122882,1.5237575095576188,2.0,5.0,0.09830693610049153,1.1796832332058984,6.0,0.0,384.0,264.0,43.0,12.0,30.0,15.0,8.0,52.0,0.0,22.0,11.225256725762893,1
['mohamed' 'salah'],12,5,Liverpool FC,30000000,1,0,23.044444444444444,0.3037608486017358,1.8225650916104146,2.0,11.0,0.26036644165863065,1.8225650916104146,10.0,0.0,578.0,483.0,163.0,16.0,8.0,16.0,12.0,74.0,0.0,33.5,17.216707972959764,0
['callum' 'olusesi'],5,5,Tottenham Hotspur U21,500000,2,0,0.15555555555555556,,,0.0,,,,,0.0,8.0,7.0,,,,,,2.0,0.0,18.8,13.122365377402328,1
['jenson' 'seelt'],10,5,Sunderland AFC,2000000,0,0,1.488888888888889,,,0.0,,,,,0.0,96.0,41.0,26.0,,5.0,1.0,,6.0,0.0,20.1,14.508658238524095,1
['pablo' 'martínez'],6,5,Deportivo de La Coruña,250000,2,5,18.766666666666666,0.05328596802841919,0.9591474245115453,0.0,1.0,0.21314387211367675,1.3321492007104796,9.0,0.0,498.0,297.0,79.0,14.0,12.0,12.0,9.0,80.0,0.0,34.4,12.429220196836383,1
['amadou' 'dante'],12,5,FC Arouca,1500000,0,4,9.244444444444445,,0.7572115384615384,0.0,,,0.8653846153846153,1.0,0.0,276.0,143.0,65.0,6.0,8.0,4.0,19.0,33.0,0.0,25.2,14.220976332738882,1
['konrad' 'laimer'],12,6,Bayern Munich,32000000,2,2,22.18888888888889,0.13520280420630945,0.6760140210315473,2.0,2.0,0.4056084126189284,1.6224336504757135,5.0,0.0,1241.0,879.0,205.0,14.0,15.0,9.0,24.0,90.0,0.0,28.6,17.281246492014,0
['antonio' 'sanabria'],12,5,Torino FC,7000000,1,3,10.455555555555556,0.09564293304994687,0.7651434643995749,0.0,4.0,0.09564293304994687,0.4782146652497343,3.0,0.0,145.0,88.0,21.0,7.0,29.0,15.0,1.0,11.0,0.0,28.3,15.76142084987672,2
['miro'],12,5,Gil Vicente U23,200000,1,4,3.1333333333333333,,1.2765957446808511,0.0,4.0,,0.3191489361702128,1.0,0.0,30.0,16.0,13.0,3.0,10.0,6.0,,5.0,0.0,20.7,12.206077645517674,1
['matheus' 'dias'],2,5,CD Nacional,1500000,2,4,27.11111111111111,,0.6270491803278688,0.0,4.0,0.036885245901639344,0.4795081967213115,2.0,0.0,863.0,367.0,113.0,6.0,40.0,28.0,24.0,110.0,0.0,23.6,14.220976332738882,1
['jacques' 'ekomié'],12,5,FC Girondins Bordeaux,600000,0,1,24.61111111111111,,0.3656884875846501,0.0,4.0,,0.48758465011286684,1.0,0.0,598.0,275.0,166.0,14.0,25.0,31.0,34.0,106.0,0.0,20.2,13.304686600863562,1
['ainsley' 'maitland-niles'],5,5,Olympique Lyon,9000000,2,1,27.11111111111111,0.036885245901639344,0.4795081967213115,0.0,3.0,0.14754098360655737,0.6270491803278688,5.0,0.0,929.0,414.0,133.0,14.0,18.0,12.0,30.0,102.0,0.0,26.8,16.012735246411598,2
['cícero'],12,5,Anadia FC,50000,2,4,13.366666666666667,0.07481296758104738,0.44887780548628425,0.0,1.0,0.07481296758104738,0.22443890274314213,1.0,0.0,427.0,238.0,41.0,2.0,33.0,12.0,13.0,56.0,0.0,35.1,10.819798284210286,1
['guéla' 'doué'],3,5,RC Strasbourg Alsace,18000000,0,1,21.922222222222224,0.09123162696401418,0.41054232133806384,0.0,3.0,0.2736948808920425,0.5930055752660922,6.0,0.0,1063.0,470.0,174.0,18.0,55.0,21.0,37.0,95.0,0.0,23.2,16.705882371415992,1
['rodrigo' 'conceição'],13,4,FC Zürich,1000000,0,4,15.9,0.06289308176100629,0.3773584905660377,0.0,,,0.8805031446540881,,0.0,377.0,216.0,129.0,17.0,12.0,25.0,30.0,69.0,0.0,23.8,13.815511557963774,1
['berat' 'djimsiti'],12,5,Atalanta BC,10000000,0,3,26.822222222222223,,0.4101077050538525,0.0,3.0,,0.1864125932062966,,0.0,1362.0,401.0,140.0,3.0,85.0,8.0,29.0,90.0,0.0,31.3,16.118095750958314,1
['oscar' 'bobb'],12,2,Manchester City,25000000,2,0,9.844444444444445,,0.8126410835214446,0.0,1.0,0.10158013544018057,1.7268623024830698,1.0,0.0,303.0,230.0,59.0,24.0,6.0,16.0,10.0,37.0,0.0,22.4,17.034386422832473,0
['emile' 'smith' 'rowe'],5,5,Fulham FC,22000000,2,0,19.744444444444444,0.15194147439504785,1.1648846370287,0.0,5.0,,0.9116488463702871,1.0,0.0,779.0,479.0,120.0,13.0,6.0,13.0,18.0,65.0,0.0,25.4,16.906553056777135,2
['tony' 'strata'],12,0,AC Ajaccio,50000,0,4,15.600000000000001,0.0641025641025641,0.4487179487179487,0.0,,0.0641025641025641,0.8974358974358974,3.0,0.0,535.0,296.0,119.0,12.0,12.0,26.0,19.0,90.0,0.0,18.8,10.819798284210286,1
['thomas' 'touré'],3,5,Royal Excelsior Virton,200000,1,4,5.6000000000000005,,2.142857142857143,0.0,3.0,,0.8928571428571428,,0.0,112.0,68.0,49.0,14.0,4.0,15.0,5.0,14.0,0.0,28.3,12.206077645517674,1
['noahkai' 'banks'],12,7,FC Augsburg,15000000,0,2,19.177777777777777,0.05214368482039398,0.3128621089223639,0.0,1.0,0.05214368482039398,0.3128621089223639,1.0,0.0,794.0,319.0,81.0,5.0,34.0,18.0,26.0,57.0,0.0,19.0,16.52356082573315,1
['buba' 'sangaré'],15,5,AS Roma,1000000,0,5,5.455555555555556,,0.18329938900203666,0.0,,,0.18329938900203666,1.0,0.0,195.0,97.0,35.0,4.0,8.0,6.0,12.0,18.0,0.0,18.4,13.815511557963774,2
['andreas' 'hanche-olsen'],12,5,1.FSV Mainz 05,5000000,0,2,9.444444444444445,,0.5294117647058824,0.0,,0.10588235294117647,0.21176470588235294,1.0,0.0,356.0,113.0,65.0,,52.0,6.0,4.0,32.0,0.0,28.9,15.424948670398354,1
['isaac' 'cossier'],6,5,Le Mans FC,200000,0,1,,,,,,,,,0.0,,,,,,,,,0.0,19.0,12.206077645517674,1
['junior' 'mwanga'],6,5,FC Nantes,7000000,2,1,18.244444444444444,0.05481120584652863,0.438489646772229,0.0,1.0,0.05481120584652863,0.9317904993909867,2.0,0.0,679.0,290.0,136.0,18.0,16.0,16.0,21.0,80.0,0.0,22.6,15.76142084987672,1
['jarrod' 'bowen'],5,3,West Ham United,35000000,1,0,35.833333333333336,0.22325581395348837,1.3395348837209302,2.0,5.0,0.27906976744186046,0.9209302325581394,14.0,0.0,554.0,430.0,260.0,52.0,30.0,46.0,28.0,148.0,0.0,29.0,17.370858648025116,2
['beñat' 'prados'],15,2,Athletic Bilbao,15000000,2,5,0.9444444444444445,,1.0588235294117647,0.0,,,2.1176470588235294,,0.0,37.0,21.0,3.0,1.0,2.0,,2.0,4.0,0.0,23.3,16.52356082573315,1
['albert' 'grønbæk'],4,5,Genoa CFC,8000000,2,3,1.1222222222222222,,0.8910891089108911,0.0,,,1.7821782178217822,,0.0,13.0,9.0,8.0,2.0,1.0,1.0,2.0,2.0,0.0,24.6,15.894952224644102,2
['nathan' 'aké'],10,8,Manchester City,18000000,0,0,6.788888888888889,,0.5891980360065466,0.0,1.0,,1.0310965630114566,2.0,0.0,411.0,209.0,69.0,,17.0,8.0,5.0,14.0,0.0,30.8,16.705882371415992,0
['dean' 'huijsen'],15,5,AS Roma,10000000,0,5,21.41111111111111,0.09340944473274519,0.7472755578619615,0.0,2.0,0.09340944473274519,0.37363777893098077,1.0,0.0,1410.0,709.0,253.0,2.0,50.0,12.0,17.0,72.0,0.0,19.1,16.118095750958314,2
['lucas' 'soares'],2,5,Casa Pia AC,600000,0,4,23.11111111111111,,0.6923076923076923,0.0,,,0.6057692307692307,4.0,1.0,589.0,318.0,122.0,34.0,17.0,28.0,28.0,72.0,0.0,25.1,13.304686600863562,1
['koni' 'de' 'winter'],1,5,Genoa CFC,12000000,0,3,19.977777777777778,0.05005561735261402,0.25027808676307006,0.0,1.0,0.05005561735261402,0.20022246941045607,,0.0,1154.0,423.0,153.0,3.0,42.0,8.0,18.0,74.0,0.0,22.0,16.300417291085605,2
['nikola' 'krstović'],12,5,US Lecce,6000000,1,3,18.844444444444445,0.5306603773584906,3.92688679245283,2.0,13.0,0.2653301886792453,0.7959905660377359,5.0,0.0,354.0,260.0,73.0,15.0,59.0,27.0,10.0,63.0,0.0,24.2,15.607270193858982,1
['omari' 'hutchinson'],5,5,Nottingham Forest,30000000,1,0,17.844444444444445,0.0560398505603985,0.9526774595267745,0.0,2.0,0.224159402241594,1.4570361145703612,7.0,0.0,422.0,321.0,160.0,41.0,5.0,24.0,10.0,84.0,1.0,22.1,17.216707972959764,2
['ole' 'pohlmann'],7,6,Rio Ave FC,1500000,2,4,19.233333333333334,0.05199306759098787,0.8838821490467937,0.0,1.0,0.05199306759098787,0.7279029462738301,3.0,0.0,426.0,237.0,83.0,21.0,12.0,31.0,17.0,71.0,1.0,24.7,14.220976332738882,1
['ilias' 'kostis'],12,4,Atlético Madrileño,500000,0,5,,,,,,,,,0.0,,,,,,,,,0.0,22.8,13.122365377402328,1
['rosen' 'bozhinov'],12,5,Royal Antwerp FC,2500000,0,3,5.822222222222223,,0.34351145038167935,0.0,,,0.6870229007633587,1.0,0.0,284.0,97.0,49.0,,15.0,1.0,5.0,18.0,0.0,20.9,14.731801689838349,1
['ragnar' 'ache'],7,7,1.FC Kaiserslautern,2000000,1,2,19.166666666666668,0.3652173913043478,2.034782608695652,2.0,13.0,0.20869565217391303,1.2521739130434781,6.0,0.0,186.0,139.0,24.0,9.0,128.0,29.0,8.0,34.0,1.0,25.2,14.508658238524095,1
['fábio' 'baldé'],13,5,SC Braga B,75000,1,2,4.888888888888889,0.20454545454545453,1.6363636363636362,1.0,,0.20454545454545453,0.8181818181818181,2.0,0.0,78.0,46.0,27.0,10.0,6.0,2.0,6.0,14.0,0.0,21.2,11.225256725762893,1
['unai' 'egiluz'],15,5,Bilbao Athletic,100000,0,5,,,,,,,,,0.0,,,,,,,,,0.0,22.3,11.51293546492023,1
['julian' 'brandt'],7,5,Borussia Dortmund,20000000,2,2,17.855555555555558,0.3920348475420037,1.8481642812694459,2.0,3.0,0.22401991288114495,1.4561294337274422,8.0,2.0,614.0,447.0,82.0,18.0,23.0,5.0,8.0,64.0,0.0,29.6,16.811242881518265,2
['diogo' 'travassos'],13,0,Moreirense FC,2500000,0,4,27.07777777777778,0.1846532622076323,0.9232663110381616,1.0,2.0,0.1107919573245794,0.7386130488305293,7.0,1.0,707.0,386.0,189.0,39.0,14.0,48.0,42.0,116.0,0.0,21.7,14.731801689838349,1
['max' 'finkgräfe'],7,9,1.FC Köln,6000000,0,2,5.577777777777778,0.1792828685258964,0.7171314741035856,0.0,,0.1792828685258964,1.9721115537848604,2.0,0.0,274.0,141.0,36.0,5.0,2.0,4.0,9.0,35.0,0.0,20.2,15.607270193858982,1
['gianluca' 'scamacca'],8,2,Atalanta BC,35000000,1,3,14.555555555555555,0.6870229007633588,3.366412213740458,2.0,5.0,0.06870229007633588,1.099236641221374,1.0,0.0,221.0,165.0,21.0,13.0,26.0,18.0,5.0,32.0,0.0,25.4,17.370858648025116,1
['josé' 'fontán'],15,3,FC Arouca,1000000,0,4,28.27777777777778,0.07072691552062868,0.45972495088408644,0.0,1.0,0.10609037328094302,0.38899803536345773,5.0,0.0,1669.0,460.0,258.0,6.0,61.0,19.0,20.0,113.0,0.0,25.9,13.815511557963774,1
['babacar' 'sarr'],14,5,Without Club,250000,0,1,8.966666666666667,,1.003717472118959,0.0,3.0,,0.8921933085501859,1.0,0.0,266.0,145.0,74.0,10.0,7.0,18.0,9.0,31.0,0.0,30.7,12.429220196836383,1
['mikel' 'goti'],15,5,Real Sociedad,1500000,2,5,0.8222222222222223,,1.216216216216216,0.0,1.0,,,,0.0,14.0,12.0,6.0,2.0,3.0,,,3.0,0.0,23.6,14.220976332738882,2
['jeison' 'lucumí'],12,5,Deportes Tolima,800000,0,3,24.41111111111111,0.040964952207555756,0.2867546654528903,0.0,,,0.2867546654528903,1.0,0.0,1406.0,493.0,175.0,5.0,42.0,19.0,19.0,130.0,0.0,28.4,13.592368256649284,1
['joan' 'jordán'],15,5,Sevilla FC,3500000,2,5,0.24444444444444446,,,0.0,,,,,0.0,21.0,11.0,1.0,,,,,3.0,0.0,29.9,15.068273812173887,2
['georginio' 'rutter'],6,5,Brighton & Hove Albion,32000000,1,0,19.433333333333334,0.15437392795883362,1.3379073756432247,1.0,2.0,0.15437392795883362,1.0806174957118353,8.0,0.0,297.0,215.0,131.0,27.0,19.0,33.0,19.0,58.0,1.0,23.6,17.281246492014,2
['pedro' 'lópez'],15,5,SD Huesca,100000,1,5,,,,,,,,,0.0,,,,,,,,,0.0,37.6,11.51293546492023,1
['tino' 'anjorin'],5,5,Chelsea FC U21,1000000,2,3,3.077777777777778,,0.3249097472924188,0.0,1.0,,0.9747292418772563,,0.0,101.0,65.0,13.0,3.0,8.0,1.0,5.0,13.0,0.0,21.5,13.815511557963774,1
['benjamin' 'arthur'],5,5,Brentford FC B,250000,0,0,,,,,,,,,0.0,,,,,,,,,0.0,18.4,12.429220196836383,1
['tiago' 'tomás'],13,5,VfB Stuttgart,15000000,1,2,11.255555555555556,0.4442250740375123,2.309970384995064,1.0,5.0,0.26653504442250736,0.7107601184600197,2.0,0.0,238.0,183.0,44.0,13.0,10.0,29.0,8.0,36.0,2.0,23.5,16.52356082573315,2
['cheikh' 'niasse'],14,5,BSC Young Boys,2800000,2,3,10.866666666666667,,0.460122699386503,0.0,,0.09202453987730061,0.920245398773006,,0.0,293.0,170.0,26.0,4.0,21.0,15.0,14.0,41.0,0.0,23.7,14.845130332288226,1
['exequiel' 'palacios'],0,5,Bayer 04 Leverkusen,30000000,2,2,12.18888888888889,,0.5742935278030993,0.0,,0.0820419325432999,0.9845031905195988,2.0,0.0,1069.0,704.0,116.0,4.0,4.0,18.0,9.0,98.0,0.0,27.2,17.216707972959764,2
['sorriso'],2,5,FC Famalicão,5000000,1,4,31.1,0.1607717041800643,1.2540192926045015,2.0,11.0,0.12861736334405144,1.2218649517684887,10.0,0.0,637.0,500.0,185.0,22.0,48.0,88.0,27.0,140.0,0.0,24.8,15.424948670398354,1
['jens' 'castrop'],12,5,1.FC Nuremberg,1500000,2,2,17.68888888888889,0.16959798994974873,1.243718592964824,0.0,7.0,0.05653266331658291,0.9610552763819095,,1.0,375.0,223.0,135.0,25.0,13.0,26.0,28.0,84.0,0.0,20.2,14.220976332738882,1
['bryan' 'zaragoza'],15,5,Celta de Vigo,10000000,1,5,12.61111111111111,0.07929515418502203,1.5859030837004406,0.0,,0.07929515418502203,1.3480176211453745,4.0,0.0,259.0,210.0,138.0,27.0,1.0,17.0,5.0,32.0,1.0,24.3,16.118095750958314,1
['manuel' 'de' 'luca'],8,5,UC Sampdoria,1400000,1,3,0.15555555555555556,6.428571428571429,12.857142857142858,1.0,1.0,,,,0.0,1.0,1.0,2.0,,1.0,1.0,,,0.0,25.2,14.151983508870947,1
['wilson' 'odobert'],6,5,Tottenham Hotspur,22000000,1,0,10.88888888888889,,1.6530612244897958,0.0,4.0,0.18367346938775508,1.6530612244897958,2.0,0.0,276.0,228.0,101.0,24.0,5.0,10.0,9.0,54.0,0.0,21.0,16.906553056777135,0
['christian' 'eriksen'],4,5,VfL Wolfsburg,3000000,2,2,26.87777777777778,0.11161637040099213,1.0417527904092598,0.0,3.0,0.3348491112029764,2.0090946672178585,15.0,0.0,902.0,555.0,100.0,10.0,10.0,5.0,19.0,122.0,0.0,33.8,14.914123179965662,2
['mattia' 'felici'],8,5,Cagliari Calcio,2800000,1,3,4.533333333333333,0.4411764705882353,1.5441176470588236,0.0,1.0,0.22058823529411764,1.5441176470588236,1.0,0.0,71.0,48.0,38.0,7.0,1.0,6.0,6.0,15.0,0.0,24.7,14.845130332288226,1
['matthieu' 'udol'],6,5,FC Metz,2500000,0,1,32.86666666666667,0.030425963488843813,1.156186612576065,0.0,7.0,0.21298174442190668,1.4300202839756593,22.0,1.0,1076.0,599.0,195.0,15.0,35.0,27.0,23.0,131.0,0.0,28.2,14.731801689838349,1
['tanguy' 'nianzou'],6,5,Sevilla FC,1400000,0,5,7.2,,0.8333333333333333,0.0,,,0.2777777777777778,,0.0,282.0,76.0,38.0,2.0,23.0,6.0,8.0,18.0,0.0,23.5,14.151983508870947,2
['jonas' 'rouhi'],16,5,Juventus FC,2000000,0,3,,,,,,,,,0.0,,,,,,,,,0.0,22.0,14.508658238524095,0
['jonny' 'maddison'],5,5,Yeovil Town,50000,2,0,0.05555555555555556,,,0.0,,,,,0.0,11.0,10.0,2.0,,,1.0,,1.0,0.0,21.9,10.819798284210286,1
['christian' 'kabasele'],1,5,Udinese Calcio,800000,0,3,23.855555555555558,0.12575687005123426,0.33535165346995804,1.0,,,0.041918956683744756,,0.0,699.0,136.0,55.0,5.0,64.0,25.0,11.0,53.0,0.0,34.8,13.592368256649284,1
['kassim' 'doumbia'],12,5,NK Maribor,200000,2,1,18.8,0.26595744680851063,1.276595744680851,1.0,3.0,0.15957446808510636,1.2234042553191489,10.0,0.0,529.0,299.0,90.0,16.0,11.0,20.0,31.0,107.0,0.0,27.8,12.206077645517674,1
['laurent' 'dos' 'santos'],6,5,FC Villefranche-Beaujolais,250000,0,4,30.211111111111112,0.09930121368150055,0.5627068775285031,0.0,3.0,0.06620080912100036,0.33100404560500185,1.0,0.0,1047.0,292.0,150.0,13.0,65.0,21.0,16.0,109.0,0.0,30.2,12.429220196836383,1
['daley' 'blind'],10,5,Girona FC,1400000,0,5,29.0,,0.06896551724137931,0.0,,,0.3793103448275862,1.0,0.0,1883.0,702.0,319.0,12.0,33.0,20.0,34.0,141.0,0.0,35.8,14.151983508870947,2
['gideon' 'mensah'],12,5,AJ Auxerre,3500000,0,1,24.922222222222224,,0.040124832813196606,0.0,,0.040124832813196606,0.5216228265715559,1.0,0.0,891.0,471.0,141.0,15.0,12.0,31.0,37.0,122.0,0.0,27.4,15.068273812173887,1
['jack' 'harrison'],5,5,Leeds United,10000000,1,0,2.9222222222222225,,1.7110266159695815,0.0,1.0,,0.6844106463878327,1.0,0.0,93.0,59.0,26.0,3.0,1.0,4.0,2.0,13.0,0.0,29.1,16.118095750958314,2
['maga'],13,5,UD Oliveirense,475000,0,4,17.511111111111113,,0.05710659898477157,0.0,,,0.9137055837563451,2.0,0.0,500.0,261.0,49.0,1.0,17.0,16.0,16.0,75.0,0.0,24.2,13.07107218827772,1
['andré' 'santos'],2,5,Boluspor,100000,0,4,11.466666666666667,0.0872093023255814,0.872093023255814,0.0,1.0,,0.0872093023255814,,0.0,317.0,73.0,31.0,2.0,46.0,3.0,13.0,42.0,0.0,35.2,11.51293546492023,1
['cassiano' 'kiala'],7,4,FC Bayern Munich U19,2000000,0,2,0.011111111111111112,,,0.0,,,,,0.0,2.0,1.0,1.0,,,,,1.0,0.0,16.9,14.508658238524095,1
['chris' 'wood'],12,1,Nottingham Forest,8000000,1,0,9.377777777777778,0.31990521327014215,2.2393364928909953,0.0,3.0,,0.42654028436018954,,0.0,97.0,59.0,2.0,1.0,24.0,5.0,1.0,12.0,0.0,34.0,15.894952224644102,2
['matthijs' 'de' 'ligt'],10,5,Bayern Munich,65000000,0,0,13.0,0.07692307692307693,0.6153846153846154,0.0,1.0,,0.23076923076923078,2.0,0.0,537.0,145.0,47.0,1.0,50.0,5.0,13.0,40.0,0.0,24.8,17.989897843244528,0
['kassoum' 'ouattara'],6,5,AS Monaco,9000000,0,1,10.777777777777779,,0.556701030927835,0.0,1.0,0.2783505154639175,1.2989690721649483,5.0,0.0,280.0,165.0,87.0,9.0,16.0,10.0,17.0,52.0,0.0,21.2,16.012735246411598,1
['salih' 'özcan'],12,5,Borussia Dortmund,3500000,2,2,0.8111111111111111,,,0.0,,,2.4657534246575343,,0.0,84.0,62.0,7.0,,5.0,1.0,2.0,8.0,0.0,27.9,15.068273812173887,2
['marshall' 'munetsi'],12,8,Stade Reims,10000000,2,0,9.700000000000001,0.10309278350515463,1.2371134020618555,0.0,,0.10309278350515463,0.20618556701030927,1.0,0.0,107.0,84.0,27.0,5.0,30.0,10.0,12.0,20.0,0.0,27.9,16.118095750958314,2
['antonio' 'nusa'],12,5,RB Leipzig,32000000,2,2,22.61111111111111,0.1769041769041769,1.8574938574938575,1.0,3.0,0.1326781326781327,1.3267813267813269,9.0,0.0,468.0,366.0,226.0,68.0,5.0,64.0,14.0,98.0,0.0,20.7,17.281246492014,2
['niklas' 'süle'],7,7,Borussia Dortmund,5000000,0,2,5.411111111111111,,0.36960985626283366,0.0,,0.18480492813141683,0.18480492813141683,1.0,0.0,339.0,151.0,46.0,1.0,7.0,1.0,5.0,23.0,0.0,30.3,15.424948670398354,2
['matheus' 'carvalho'],2,5,Clube Náutico Capibaribe,350000,2,1,3.2222222222222223,,1.8620689655172413,0.0,,,0.3103448275862069,,0.0,180.0,81.0,41.0,1.0,4.0,5.0,5.0,14.0,0.0,29.4,12.765691290604371,1
['henri' 'camara'],14,5,Panetolikos GFS,150000,1,3,,,,,,,,,0.0,,,,,,,,,0.0,38.4,11.918397239722838,1
['luismi' 'sánchez'],15,5,Real Oviedo,600000,0,5,,,,,,,,,0.0,,,,,,,,,0.0,31.1,13.304686600863562,1
['bruno' 'ogbus'],12,5,SC Freiburg,1000000,0,2,13.055555555555555,,0.30638297872340425,0.0,2.0,,0.07659574468085106,,0.0,567.0,163.0,92.0,3.0,23.0,11.0,17.0,49.0,0.0,20.0,13.815511557963774,1
['faris' 'moumbagna'],12,5,Olympique Marseille,10000000,1,3,0.9777777777777779,,1.0227272727272727,0.0,1.0,,1.0227272727272727,,0.0,9.0,6.0,5.0,,3.0,,,2.0,0.0,23.9,16.118095750958314,2
['lucas' 'gourna-douath'],6,5,Red Bull Salzburg,4000000,2,1,14.166666666666668,,0.4235294117647058,0.0,,,0.4235294117647058,,0.0,487.0,232.0,88.0,8.0,15.0,35.0,14.0,90.0,0.0,22.4,15.201805169084134,1
['leandro' 'trossard'],1,5,Arsenal FC,20000000,1,0,21.3,0.28169014084507044,1.5492957746478873,2.0,8.0,0.28169014084507044,1.3615023474178403,8.0,0.0,555.0,434.0,137.0,23.0,6.0,39.0,17.0,76.0,0.0,31.0,16.811242881518265,0
['mitchel' 'bakker'],10,5,Atalanta BC,4000000,0,3,,,,,,,,,0.0,,,,,,,,,0.0,25.5,15.201805169084134,1
['lautaro' 'valenti'],0,5,Parma Calcio 1913,1500000,0,3,24.333333333333336,,0.3287671232876712,0.0,,,0.410958904109589,3.0,1.0,831.0,273.0,108.0,8.0,40.0,17.0,29.0,80.0,0.0,26.9,14.220976332738882,1
['pierre-emile' 'højbjerg'],4,5,Olympique Marseille,18000000,2,1,29.255555555555556,0.10254462590201291,1.127990884922142,0.0,4.0,0.13672616786935055,1.127990884922142,5.0,0.0,1957.0,1133.0,262.0,17.0,30.0,43.0,25.0,153.0,0.0,30.4,16.705882371415992,2
['atakan' 'karazor'],12,5,VfB Stuttgart,9000000,2,2,21.0,,0.23809523809523808,0.0,2.0,0.047619047619047616,0.5238095238095238,3.0,0.0,930.0,561.0,57.0,8.0,52.0,34.0,23.0,72.0,0.0,29.2,16.012735246411598,2
['rochinha'],13,5,FC Famalicão,600000,1,4,0.03333333333333333,,,0.0,,,90.0,,0.0,3.0,7.0,2.0,,,2.0,,1.0,0.0,30.6,13.304686600863562,1
['joe' 'garner'],5,9,Carlisle United,75000,2,0,35.93333333333334,0.05565862708719851,0.8905380333951761,1.0,,0.1948051948051948,1.2523191094619666,12.0,0.0,1447.0,881.0,181.0,17.0,26.0,37.0,68.0,175.0,0.0,35.2,11.225256725762893,1
['ruben' 'lucas'],10,5,Go Ahead Eagles,50000,2,4,,,,,,,,,0.0,,,,,,,,,0.0,19.9,10.819798284210286,1
['charles' 'de' 'ketelaere'],1,2,Atalanta BC,34000000,1,3,23.08888888888889,0.12993262752646775,1.2127045235803657,2.0,3.0,0.2165543792107796,2.3820981713185754,17.0,0.0,765.0,638.0,232.0,47.0,42.0,34.0,14.0,116.0,0.0,23.2,17.341871111992198,1
['tammy' 'abraham'],5,6,Besiktas JK,14000000,1,0,3.1,0.6451612903225806,1.9354838709677418,1.0,3.0,,1.2903225806451613,1.0,0.0,25.0,16.0,,1.0,5.0,,2.0,6.0,0.0,28.2,16.454567959008102,1
['carlos' 'domínguez'],15,5,Celta de Vigo,3000000,0,5,6.777777777777778,,0.29508196721311475,0.0,1.0,,0.14754098360655737,,0.0,404.0,109.0,43.0,,14.0,1.0,8.0,25.0,0.0,23.3,14.914123179965662,1
['florian' 'kainz'],12,3,1.FC Köln,2500000,2,2,2.988888888888889,0.3345724907063197,1.6728624535315986,1.0,2.0,0.3345724907063197,2.676579925650558,,0.0,149.0,112.0,27.0,3.0,1.0,4.0,2.0,16.0,0.0,31.6,14.731801689838349,1
['jan' 'schöppner'],7,5,1.FC Heidenheim 1846,4000000,2,2,25.11111111111111,0.11946902654867257,0.5973451327433629,1.0,1.0,0.11946902654867257,0.43805309734513276,5.0,0.0,474.0,231.0,86.0,11.0,48.0,17.0,16.0,97.0,0.0,26.5,15.201805169084134,1
['malthe' 'højholt'],4,5,Pisa Sporting Club,1200000,2,3,8.944444444444445,,0.4472049689440994,0.0,2.0,,0.3354037267080745,,0.0,206.0,82.0,9.0,1.0,5.0,5.0,8.0,24.0,0.0,24.7,13.997832948091215,1
['ilia' 'gruev'],12,5,Leeds United,5000000,2,0,14.68888888888889,,0.4084720121028744,0.0,1.0,0.2042360060514372,0.5446293494704992,2.0,0.0,523.0,205.0,24.0,6.0,14.0,9.0,12.0,51.0,0.0,24.0,15.424948670398354,2
['pol' 'lirola'],15,5,Frosinone Calcio,1800000,0,3,3.388888888888889,,,0.0,,,0.29508196721311475,,0.0,71.0,46.0,16.0,1.0,2.0,,3.0,15.0,0.0,26.8,14.403297778421795,1
['sergio' 'carreira'],15,5,Villarreal CF B,1500000,0,5,27.922222222222224,0.0716275368085953,0.32232391563867885,1.0,2.0,0.03581376840429765,0.6088340628730601,,0.0,1215.0,654.0,202.0,23.0,11.0,33.0,17.0,98.0,0.0,22.7,14.220976332738882,1
['marquinhos'],2,5,Paris Saint-Germain,30000000,0,1,10.655555555555557,,0.0938477580813347,0.0,,,0.1876955161626694,,0.0,812.0,378.0,104.0,2.0,21.0,2.0,12.0,41.0,0.0,31.6,17.216707972959764,0
['souleymane' 'coulibaly'],3,5,Karmiotissa Pano Polemidion,300000,0,1,,,,,,,,,0.0,,,,,,,,,0.0,28.4,12.611541086966115,1
['samuel' 'essende'],12,5,FC Augsburg,3500000,1,2,4.477777777777778,0.22332506203473945,2.903225806451613,0.0,2.0,,0.8933002481389578,,0.0,63.0,44.0,23.0,5.0,17.0,14.0,2.0,18.0,0.0,27.9,15.068273812173887,1
['mikel' 'jauregizar'],15,3,Bilbao Athletic,800000,2,5,29.855555555555558,0.06698920729438035,0.5359136583550428,0.0,,,0.9043542984741346,1.0,0.0,1046.0,685.0,113.0,10.0,41.0,32.0,43.0,162.0,0.0,20.6,13.592368256649284,1
['chadi' 'riad'],9,5,Crystal Palace,12000000,0,0,4.333333333333334,,0.46153846153846145,0.0,1.0,0.23076923076923073,,1.0,0.0,267.0,102.0,50.0,1.0,12.0,3.0,2.0,18.0,0.0,22.5,16.300417291085605,2
['kiko' 'bondoso'],13,5,Moreirense FC,800000,1,4,22.355555555555558,,0.2236580516898608,0.0,,0.17892644135188865,1.0288270377733597,4.0,1.0,558.0,367.0,114.0,8.0,10.0,37.0,14.0,86.0,0.0,30.1,13.592368256649284,1
['lucas' 'boyé'],0,5,Granada CF,7000000,1,5,20.744444444444444,0.5302624531333691,2.217461167648634,3.0,8.0,0.048205677557579006,1.156936261381896,5.0,0.0,286.0,215.0,84.0,37.0,32.0,36.0,22.0,61.0,0.0,28.3,15.76142084987672,1
['jeremy' 'sarmiento'],12,5,US Cremonese,5000000,2,3,1.5222222222222224,,1.313868613138686,0.0,,,1.970802919708029,,0.0,53.0,36.0,17.0,5.0,,1.0,2.0,10.0,0.0,23.5,15.424948670398354,1
['krépin' 'diatta'],14,8,AS Monaco,6000000,2,1,11.233333333333334,,0.4451038575667655,0.0,1.0,0.08902077151335311,1.0682492581602372,4.0,0.0,359.0,240.0,46.0,6.0,27.0,10.0,18.0,57.0,0.0,26.8,15.607270193858982,1
['arda' 'güler'],12,5,Real Madrid,45000000,2,5,22.333333333333336,0.1791044776119403,1.5671641791044775,1.0,3.0,0.4029850746268656,2.731343283582089,14.0,0.0,1216.0,888.0,150.0,27.0,4.0,32.0,29.0,101.0,0.0,19.4,17.622173069956816,0
['bafodé' 'diakité'],6,5,AFC Bournemouth,35000000,0,0,14.166666666666668,,0.07058823529411765,0.0,,,0.2117647058823529,,0.0,659.0,244.0,102.0,,35.0,5.0,15.0,48.0,0.0,24.9,17.370858648025116,1
['álex' 'sola'],15,5,Granada CF,2000000,2,5,0.13333333333333333,,,0.0,,,,,0.0,,,,,,2.0,,,0.0,26.6,14.508658238524095,1
['christian' 'conteh'],7,5,SG Dynamo Dresden,500000,1,2,4.5,,0.4444444444444444,0.0,,,1.5555555555555556,4.0,0.0,63.0,54.0,30.0,5.0,,3.0,1.0,10.0,0.0,23.8,13.122365377402328,1
['kenan' 'yıldız'],12,5,Juventus FC,75000000,1,3,31.522222222222222,0.31723651744800846,2.030313711667254,1.0,3.0,0.19034191046880508,2.2206556221360594,15.0,0.0,1030.0,779.0,330.0,78.0,16.0,56.0,13.0,121.0,1.0,20.6,18.132998684833918,0
['mt'],2,5,CD Santa Clara,4500000,0,4,8.344444444444445,0.11984021304926763,1.0785619174434087,1.0,,,0.5992010652463382,1.0,0.0,391.0,138.0,79.0,4.0,18.0,7.0,7.0,30.0,0.0,24.8,15.319588176962746,1
['andré' 'lacximicant'],13,5,GD Estoril Praia,800000,1,4,13.477777777777778,0.2225886232481451,2.5226710634789775,1.0,7.0,0.1483924154987634,0.7419620774938169,1.0,0.0,146.0,104.0,53.0,6.0,25.0,19.0,6.0,33.0,0.0,24.6,13.592368256649284,1
['lenny' 'vallier'],6,5,Chamois Niortais FC,600000,0,4,8.333333333333334,,0.24,0.0,,,1.68,3.0,0.0,199.0,105.0,53.0,8.0,7.0,12.0,6.0,45.0,0.0,24.1,13.304686600863562,1
['joshua' 'king'],12,5,Al-Khaleej FC,1500000,2,0,14.033333333333333,0.07125890736342043,1.4251781472684086,0.0,3.0,0.14251781472684086,0.7838479809976248,,0.0,257.0,165.0,106.0,16.0,3.0,27.0,13.0,55.0,0.0,33.9,14.220976332738882,1
['aitor' 'paredes'],15,2,Athletic Bilbao,22000000,0,5,17.1,0.11695906432748537,0.6432748538011696,1.0,1.0,,0.23391812865497075,1.0,0.0,803.0,300.0,149.0,3.0,30.0,7.0,12.0,67.0,0.0,24.1,16.906553056777135,1
['dário' 'essugo'],13,0,GD Chaves,3500000,2,0,0.2777777777777778,,,0.0,,,,,0.0,19.0,12.0,3.0,2.0,1.0,1.0,2.0,,0.0,19.2,15.068273812173887,1
['karol' 'mets'],12,5,FC St. Pauli,1000000,0,2,21.48888888888889,0.046535677352637014,0.23267838676318509,0.0,,,0.18614270941054806,,0.0,1029.0,333.0,92.0,1.0,45.0,11.0,21.0,66.0,0.0,30.4,13.815511557963774,1
['mansour' 'diop'],14,5,White Star Brussels (- 2017),200000,0,1,,,,,,,,,0.0,,,,,,,,,0.0,25.2,12.206077645517674,1
['corentin' 'tolisso'],6,5,Olympique Lyon,5000000,2,1,24.622222222222224,0.4467509025270758,1.5433212996389891,1.0,7.0,0.1624548736462094,1.177797833935018,9.0,1.0,1059.0,600.0,114.0,4.0,52.0,54.0,17.0,105.0,1.0,29.8,15.424948670398354,2
['jonas' 'mendes'],12,5,PS Kalamata,100000,0,4,27.122222222222224,0.036870135190495694,0.7374027038099139,0.0,,0.036870135190495694,0.7005325686194183,4.0,0.0,833.0,442.0,149.0,11.0,23.0,18.0,34.0,92.0,0.0,33.6,11.51293546492023,1
['myles' 'peart-harris'],12,5,Brentford FC,900000,2,0,0.011111111111111112,,,0.0,,,,,0.0,,,,,,,,,0.0,23.2,13.710151153416941,2
['motez' 'nourani'],12,5,Adana Demirspor,175000,1,4,1.7666666666666668,,0.5660377358490566,0.0,1.0,,,,0.0,28.0,19.0,10.0,,,7.0,3.0,6.0,0.0,22.4,12.07254696717504,1
['jake' 'sinclair'],5,5,Hibernian FC,50000,2,0,,,,,,,,,0.0,,,,,,,,,0.0,19.8,10.819798284210286,1
['raúl' 'moro'],15,3,Real Oviedo,2500000,1,5,6.833333333333334,,0.2926829268292683,0.0,,0.2926829268292683,1.170731707317073,2.0,1.0,124.0,102.0,46.0,12.0,1.0,6.0,,24.0,0.0,20.5,14.731801689838349,1
['nahuel' 'estévez'],0,5,Parma Calcio 1913,1800000,2,3,11.466666666666667,,0.2616279069767442,0.0,1.0,0.0872093023255814,1.0465116279069768,2.0,0.0,418.0,235.0,28.0,,33.0,13.0,9.0,51.0,0.0,27.9,14.403297778421795,1
['beñat' 'turrientes'],15,5,Real Sociedad,8000000,2,5,12.966666666666667,,1.1568123393316194,0.0,,0.23136246786632392,0.6169665809768637,1.0,0.0,519.0,261.0,80.0,19.0,9.0,21.0,23.0,67.0,0.0,23.9,15.894952224644102,2
['david' 'tavares'],12,5,FC Famalicão,300000,0,4,,,,,,,,,0.0,,,,,,,,,0.0,24.2,12.611541086966115,1
['marnon' 'busch'],7,5,1.FC Heidenheim 1846,1200000,0,2,21.244444444444444,0.047071129707112976,0.3765690376569038,0.0,1.0,0.23535564853556487,0.5177824267782427,8.0,1.0,548.0,252.0,84.0,3.0,21.0,8.0,24.0,82.0,0.0,31.0,13.997832948091215,1
['leandro' 'pinto'],2,5,RFK Novi Sad 1921,200000,2,4,2.388888888888889,,0.4186046511627907,0.0,,0.4186046511627907,0.4186046511627907,,0.0,121.0,75.0,9.0,3.0,4.0,5.0,3.0,13.0,0.0,29.4,12.206077645517674,1
['damion' 'downs'],12,8,1.FC Köln,2000000,1,2,5.966666666666667,,0.8379888268156425,0.0,1.0,,1.1731843575418994,1.0,0.0,55.0,33.0,13.0,2.0,7.0,1.0,2.0,8.0,0.0,19.9,14.508658238524095,1
['alessandro' 'bastoni'],8,5,Inter Milan,80000000,0,3,24.98888888888889,0.040017785682525564,0.5602489995553579,1.0,3.0,0.16007114273010226,0.8403734993330368,7.0,0.0,1618.0,792.0,234.0,6.0,52.0,20.0,39.0,100.0,0.0,26.7,18.197537205138154,0
['oliver' 'sorg'],7,9,Without Club,175000,0,2,,,,,,,,,0.0,,,,,,,,,0.0,31.9,12.07254696717504,1
['botond' 'balogh'],12,5,Parma Calcio 1913,750000,0,3,,,,,,,,,0.0,,,,,,,,,0.0,21.0,13.527829818844937,1
['jamaldeen' 'jimoh-aloba'],5,5,Aston Villa U21,300000,2,0,0.08888888888888889,,,0.0,,,,,0.0,6.0,2.0,,,,1.0,,1.0,0.0,19.2,12.611541086966115,1
['andrea' 'cambiaso'],8,5,Juventus FC,30000000,0,3,30.344444444444445,0.09886488465763456,0.7250091541559868,2.0,2.0,0.13181984621017942,1.6807030391797877,11.0,0.0,1326.0,759.0,211.0,9.0,9.0,21.0,39.0,162.0,0.0,25.8,17.216707972959764,0
['khvicha' 'kvaratskhelia'],12,5,Paris Saint-Germain,90000000,1,1,15.833333333333334,0.5052631578947369,3.031578947368421,3.0,7.0,0.25263157894736843,1.894736842105263,9.0,0.0,760.0,572.0,180.0,43.0,7.0,26.0,12.0,53.0,0.0,24.8,18.31532023940565,0
['yassine' 'kechta'],9,5,Le Havre AC,5000000,2,1,13.988888888888889,0.14297061159650518,1.0722795869737887,0.0,4.0,0.07148530579825259,1.0007942811755361,5.0,0.0,318.0,186.0,82.0,7.0,3.0,15.0,18.0,63.0,0.0,23.8,15.424948670398354,1
['iliesse' 'salhi'],6,5,OGC Nizza U19,50000,0,5,,,,,,,,,0.0,,,,,,,,,0.0,17.9,10.819798284210286,1
['ben' 'gannon-doak'],12,5,Liverpool FC,10000000,1,0,0.8,,,0.0,,1.25,,1.0,0.0,30.0,22.0,13.0,1.0,1.0,1.0,1.0,4.0,0.0,18.5,16.118095750958314,0
['javi' 'martínez'],15,5,Qatar SC,1500000,0,5,,,,,,,,,0.0,,,,,,,,,0.0,35.2,14.220976332738882,1
['andré' 'andré'],13,5,Vitória Guimarães SC,200000,2,0,28.733333333333334,0.03480278422273782,0.1740139211136891,1.0,,,0.6264501160092807,1.0,0.0,1146.0,530.0,125.0,19.0,4.0,40.0,41.0,196.0,0.0,34.8,12.206077645517674,1
['matías' 'vecino'],12,5,SS Lazio,1500000,2,5,1.3,,0.7692307692307692,0.0,,,,,0.0,71.0,49.0,6.0,,3.0,,5.0,5.0,0.0,34.3,14.220976332738882,2
['joshua' 'wynder'],12,5,SL Benfica B,1500000,0,4,,,,,,,,,0.0,,,,,,,,,0.0,20.6,14.220976332738882,1
['agus' 'garcía'],15,5,ATK,225000,0,0,0.4222222222222222,,,0.0,,,,,0.0,25.0,15.0,6.0,,,,1.0,2.0,0.0,34.7,12.323860125621126,1
['jacobo' 'ramón'],15,5,Real Madrid U19,100000,0,3,29.477777777777778,0.06784771956275915,0.9498680738786279,0.0,9.0,,0.37316245759517525,1.0,0.0,1864.0,711.0,278.0,7.0,107.0,12.0,29.0,113.0,0.0,19.0,11.51293546492023,1
['nauzet' 'pérez'],15,5,Linares Deportivo,100000,0,4,4.144444444444445,0.24128686327077745,0.4825737265415549,0.0,,,0.24128686327077745,,0.0,307.0,78.0,54.0,,11.0,,4.0,18.0,0.0,36.6,11.51293546492023,1
['maximilian' 'eggestein'],7,6,SC Freiburg,10000000,2,2,34.0,0.08823529411764706,0.7058823529411765,2.0,2.0,0.029411764705882353,0.5294117647058824,2.0,0.0,1225.0,656.0,159.0,15.0,55.0,20.0,34.0,129.0,0.0,29.0,16.118095750958314,1
['tijjani' 'noslin'],10,8,SS Lazio,6500000,1,3,11.644444444444446,0.34351145038167935,2.4045801526717554,2.0,3.0,0.08587786259541984,1.116412213740458,1.0,0.0,283.0,183.0,67.0,17.0,20.0,23.0,6.0,32.0,2.0,26.5,15.687312888712007,2
['axel' 'disasi'],6,5,Chelsea FC,15000000,0,0,11.944444444444445,,0.33488372093023255,0.0,1.0,,0.08372093023255814,,0.0,426.0,95.0,42.0,2.0,16.0,3.0,9.0,24.0,0.0,27.7,16.52356082573315,0
['carlos' 'soler'],15,0,Real Sociedad,8000000,2,5,23.844444444444445,0.16775396085740912,1.174277726001864,1.0,4.0,0.12581547064305684,1.7194780987884435,8.0,0.0,952.0,574.0,136.0,13.0,8.0,20.0,19.0,85.0,0.0,28.9,15.894952224644102,2
['jorge' 'morcillo'],15,5,Real Avilés Industrial,50000,2,5,1.2333333333333334,,1.6216216216216215,0.0,,,0.8108108108108107,,0.0,38.0,16.0,3.0,,1.0,,2.0,5.0,0.0,37.3,10.819798284210286,1
['john' 'mcatee'],5,5,Barnsley FC,300000,2,0,3.077777777777778,,0.6498194945848376,0.0,,0.3249097472924188,1.6245487364620939,1.0,0.0,99.0,70.0,20.0,3.0,1.0,5.0,4.0,15.0,0.0,24.4,12.611541086966115,1
['vakoun' 'bayo'],3,9,RSC Charleroi,3000000,1,3,4.7555555555555555,,2.7336448598130842,0.0,3.0,0.4205607476635514,0.2102803738317757,1.0,0.0,80.0,56.0,9.0,1.0,23.0,5.0,1.0,12.0,0.0,26.4,14.914123179965662,1
['charlie' 'tasker'],5,5,Brighton & Hove Albion U21,200000,0,0,,,,,,,,,0.0,,,,,,,,,0.0,19.8,12.206077645517674,1
['warren' 'zaïre-emery'],6,4,Paris Saint-Germain,50000000,2,1,26.61111111111111,0.1127348643006263,0.4509394572025052,0.0,1.0,0.15031315240083507,1.3903966597077244,8.0,0.0,1885.0,1163.0,285.0,30.0,16.0,17.0,29.0,145.0,0.0,19.8,17.72753358339242,0
['randal' 'kolo' 'muani'],6,5,Tottenham Hotspur,25000000,1,0,17.6,0.056818181818181816,0.7954545454545454,0.0,7.0,0.056818181818181816,1.0227272727272727,2.0,1.0,217.0,165.0,88.0,25.0,27.0,17.0,17.0,63.0,0.0,27.0,17.034386422832473,0
['bakery' 'jatta'],12,5,Hamburger SV,1300000,2,2,10.200000000000001,0.0980392156862745,0.980392156862745,0.0,3.0,0.0980392156862745,0.2941176470588235,,0.0,182.0,99.0,36.0,3.0,6.0,5.0,10.0,22.0,0.0,25.1,14.077875591662238,1
['ilaix' 'moriba'],12,5,Getafe CF,3000000,2,5,25.644444444444446,0.0389948006932409,0.5069324090121317,0.0,2.0,0.0779896013864818,0.5069324090121317,4.0,0.0,845.0,466.0,84.0,13.0,15.0,55.0,40.0,94.0,1.0,21.4,14.914123179965662,1
['désiré' 'doué'],6,5,Paris Saint-Germain,90000000,1,1,15.066666666666666,0.4646017699115044,2.588495575221239,3.0,8.0,0.26548672566371684,1.6592920353982301,5.0,0.0,729.0,513.0,164.0,32.0,1.0,28.0,19.0,65.0,3.0,20.5,18.31532023940565,0
['juan' 'muñoz'],15,5,Zaglebie Lubin,800000,2,5,6.055555555555555,,2.146788990825688,0.0,,,1.1559633027522935,,0.0,129.0,97.0,17.0,4.0,4.0,2.0,5.0,25.0,0.0,27.9,13.592368256649284,1
['eric' 'dier'],5,5,AS Monaco,7000000,0,1,7.633333333333334,0.13100436681222707,0.26200873362445415,1.0,,,0.26200873362445415,,0.0,555.0,277.0,77.0,,14.0,4.0,4.0,19.0,0.0,31.9,15.76142084987672,1
['martin' 'svensson'],4,5,Nyköbing FC,50000,1,4,1.9555555555555557,,3.068181818181818,0.0,2.0,,2.0454545454545454,1.0,0.0,26.0,14.0,12.0,,4.0,2.0,1.0,4.0,0.0,29.9,10.819798284210286,1
['matías' 'soulé'],0,5,Frosinone Calcio,25000000,1,3,23.211111111111112,0.2584968884633796,1.507898516036381,1.0,2.0,0.21541407371948298,1.6802297750119675,5.0,1.0,804.0,616.0,200.0,34.0,9.0,40.0,14.0,127.0,0.0,21.1,17.034386422832473,1
['nicolás' 'otamendi'],0,4,SL Benfica,1000000,0,4,28.944444444444446,0.06909788867562379,0.5527831094049903,0.0,,,0.3109404990403071,,0.0,1735.0,664.0,337.0,9.0,127.0,41.0,29.0,105.0,2.0,37.8,13.815511557963774,1
['maximilian' 'wöber'],12,5,Borussia Mönchengladbach,10000000,0,2,0.3888888888888889,,,0.0,,,2.571428571428571,1.0,0.0,4.0,3.0,2.0,,1.0,,1.0,2.0,0.0,26.3,16.118095750958314,2
['santiago' 'castro'],0,5,Bologna FC 1909,12000000,1,3,24.522222222222222,0.285455369279565,1.9166289080199366,3.0,8.0,0.08155867693701858,1.0194834617127322,4.0,0.0,273.0,172.0,39.0,14.0,48.0,49.0,7.0,44.0,2.0,19.7,16.300417291085605,2
['yassin' 'tallal'],9,5,Getafe CF U19,50000,1,5,,,,,,,,,0.0,,,,,,,,,0.0,19.3,10.819798284210286,1
['darlin' 'yongwa'],12,5,FC Lorient,1500000,0,1,14.5,,0.3448275862068966,0.0,1.0,0.06896551724137931,1.103448275862069,4.0,0.0,526.0,235.0,137.0,13.0,18.0,22.0,22.0,65.0,1.0,23.7,14.220976332738882,1
['rafa' 'soares'],13,5,PAOK Thessaloniki,1200000,0,4,18.977777777777778,0.05269320843091335,0.2107728337236534,0.0,,0.15807962529274006,1.0011709601873535,2.0,0.0,627.0,367.0,84.0,4.0,9.0,3.0,13.0,58.0,0.0,29.1,13.997832948091215,1
['cj' 'egan-riley'],5,5,PSV Eindhoven U21,1500000,0,1,6.955555555555556,,,0.0,,,0.28753993610223644,1.0,0.0,485.0,160.0,81.0,1.0,10.0,5.0,7.0,29.0,0.0,21.4,14.220976332738882,1
['xeka'],13,0,GD Estoril Praia,1000000,2,4,7.266666666666667,0.13761467889908258,0.5504587155963303,0.0,,,0.13761467889908258,,0.0,293.0,125.0,18.0,5.0,16.0,9.0,12.0,39.0,0.0,31.1,13.815511557963774,1
['allan' 'nyom'],12,5,Getafe CF,200000,0,5,4.033333333333333,,0.49586776859504134,0.0,,0.24793388429752067,0.7438016528925621,1.0,1.0,90.0,48.0,9.0,1.0,16.0,4.0,5.0,14.0,0.0,37.6,12.206077645517674,1
['loum' 'tchaouna'],6,5,Burnley FC,15000000,1,0,12.366666666666667,0.16172506738544473,1.1320754716981132,0.0,1.0,,0.8086253369272237,1.0,0.0,225.0,152.0,52.0,7.0,14.0,15.0,9.0,32.0,0.0,22.3,16.52356082573315,1
['diogo' 'spencer'],13,4,SL Benfica B,750000,0,4,12.766666666666667,0.07832898172323759,0.31331592689295035,0.0,,0.15665796344647517,0.9399477806788511,1.0,0.0,295.0,206.0,76.0,31.0,5.0,7.0,11.0,54.0,0.0,20.2,13.527829818844937,1
['ricardo' 'dias'],13,5,UD Vilafranquense,75000,0,4,,,,,,,,,0.0,,,,,,,,,0.0,32.3,11.225256725762893,1
['dominic' 'vavassori'],8,5,Atalanta U23,2000000,1,3,,,,,,,,,0.0,,,,,,,,,0.0,20.0,14.508658238524095,1
['romaine' 'mundle'],5,5,Sunderland AFC,1500000,1,0,4.444444444444445,,1.125,0.0,1.0,,0.22499999999999998,,0.0,89.0,61.0,22.0,7.0,5.0,8.0,5.0,22.0,0.0,21.1,14.220976332738882,1
['rassoul' 'ndiaye'],14,5,Le Havre AC,5000000,2,1,27.58888888888889,0.1449859041482078,0.797422472815143,1.0,3.0,0.1449859041482078,0.8699154248892469,5.0,0.0,697.0,430.0,149.0,22.0,16.0,37.0,31.0,136.0,0.0,24.0,15.424948670398354,1
['kerem' 'aktürkoğlu'],12,5,Fenerbahce,22000000,1,4,0.2555555555555556,,3.913043478260869,0.0,,,3.913043478260869,,0.0,6.0,6.0,5.0,,,1.0,,1.0,0.0,27.2,16.906553056777135,1
['hanno' 'behrens'],7,5,VfB Lübeck,250000,2,2,14.655555555555557,0.06823351023502652,0.34116755117513264,0.0,,0.13646702047005305,1.0917361637604244,6.0,0.0,341.0,175.0,77.0,15.0,14.0,27.0,17.0,79.0,0.0,33.6,12.429220196836383,1
['marash' 'kumbulla'],12,5,US Sassuolo,4500000,0,5,4.866666666666667,,0.6164383561643835,0.0,,,0.2054794520547945,,0.0,230.0,64.0,32.0,1.0,11.0,5.0,1.0,14.0,0.0,24.3,15.319588176962746,1
['tommaso' 'pobega'],8,5,Bologna FC 1909,9000000,2,3,14.455555555555556,0.13835511145272866,1.3835511145272867,1.0,1.0,0.06917755572636433,0.3458877786318217,2.0,0.0,354.0,205.0,23.0,5.0,20.0,12.0,17.0,43.0,0.0,26.4,16.012735246411598,2
['tomas' 'suslov'],12,5,Hellas Verona,7000000,2,3,3.6222222222222222,,1.656441717791411,0.0,1.0,,0.5521472392638037,,0.0,72.0,41.0,26.0,3.0,,11.0,5.0,22.0,0.0,22.0,15.76142084987672,1
['hidemasa' 'morita'],12,1,Sporting CP,9000000,2,4,20.37777777777778,0.049073064340239905,0.4907306434023991,0.0,1.0,0.19629225736095962,0.7851690294438385,3.0,0.0,1029.0,643.0,113.0,10.0,28.0,11.0,27.0,117.0,0.0,30.6,16.012735246411598,2
['ezequiel' 'muñoz'],0,5,Club Estudiantes de La Plata,100000,0,5,,,,,,,,,0.0,,,,,,,,,0.0,32.7,11.51293546492023,1
['mousa' 'tamari'],12,8,Stade Rennais FC,6000000,1,1,23.96666666666667,0.25034770514603616,1.752433936022253,2.0,2.0,0.25034770514603616,1.1265646731571626,7.0,0.0,503.0,351.0,187.0,30.0,2.0,27.0,17.0,115.0,4.0,28.5,15.607270193858982,2
['adrien' 'truffert'],6,2,AFC Bournemouth,20000000,0,0,35.55555555555556,0.028124999999999997,0.309375,1.0,1.0,0.08437499999999999,0.6749999999999999,4.0,0.0,1227.0,684.0,261.0,30.0,44.0,31.0,50.0,180.0,0.0,24.1,16.811242881518265,1
['ulisses'],2,5,CD Nacional,1000000,0,4,2.488888888888889,,0.4017857142857143,0.0,,,,,0.0,98.0,35.0,8.0,1.0,6.0,2.0,2.0,11.0,0.0,26.2,13.815511557963774,1
['guy' 'ramos'],12,5,Almere City FC,75000,1,1,13.844444444444445,0.4333868378812199,3.250401284109149,1.0,14.0,0.07223113964686999,1.0834670947030498,2.0,0.0,267.0,171.0,33.0,17.0,20.0,22.0,12.0,29.0,0.0,33.4,11.225256725762893,1
['cheikh' 'sabaly'],14,8,FC Metz,2000000,1,1,10.777777777777779,,0.6494845360824741,0.0,4.0,0.18556701030927833,0.7422680412371133,4.0,0.0,175.0,104.0,72.0,14.0,2.0,16.0,13.0,36.0,0.0,25.3,14.508658238524095,1
['joão' 'carvalho'],13,5,GD Estoril Praia,3000000,2,4,31.08888888888889,0.19299499642601858,1.3187991422444603,3.0,2.0,0.3538241601143674,1.3831308077198,13.0,0.0,1016.0,622.0,166.0,32.0,9.0,39.0,26.0,171.0,1.0,28.8,14.914123179965662,1
['martial' 'godo'],3,5,RC Strasbourg Alsace,7000000,1,1,16.633333333333333,0.4809619238476954,1.683366733466934,1.0,8.0,0.06012024048096193,1.2024048096192386,1.0,1.0,348.0,212.0,118.0,21.0,4.0,29.0,12.0,71.0,1.0,22.8,15.76142084987672,1
['andré' 'luiz'],2,5,Without Club,400000,1,4,16.666666666666668,0.42,2.0999999999999996,0.0,9.0,0.3,0.96,5.0,0.0,210.0,132.0,154.0,31.0,9.0,49.0,12.0,60.0,2.0,33.1,12.899222326086994,1
['rocco' 'reitz'],7,7,Borussia Mönchengladbach,17000000,2,2,29.28888888888889,,1.1608497723823974,0.0,,0.13657056145675264,0.8194233687405159,7.0,0.0,965.0,535.0,170.0,24.0,25.0,55.0,42.0,140.0,0.0,23.6,16.648723960844016,2
['rodri' 'alonso'],15,5,Villarreal CF B,300000,2,4,16.622222222222224,0.18048128342245986,0.48128342245989303,0.0,1.0,0.18048128342245986,0.4211229946524064,3.0,0.0,573.0,278.0,48.0,8.0,9.0,24.0,9.0,70.0,0.0,20.8,12.611541086966115,1
['manu' 'morlanes'],15,5,RCD Mallorca,2400000,2,5,17.822222222222223,0.11221945137157106,0.44887780548628425,0.0,1.0,,0.8977556109725685,2.0,0.0,759.0,421.0,107.0,8.0,12.0,11.0,27.0,88.0,0.0,26.9,14.690979711984754,1
['evan' 'ferguson'],12,5,AS Roma,25000000,1,3,8.622222222222222,0.34793814432989695,2.8994845360824746,2.0,4.0,0.23195876288659795,1.5077319587628866,2.0,0.0,127.0,93.0,24.0,8.0,10.0,9.0,4.0,17.0,0.0,21.2,17.034386422832473,2
['jordan' 'zemura'],12,5,Udinese Calcio,4000000,0,3,11.3,,0.35398230088495575,0.0,,0.08849557522123894,0.8849557522123893,2.0,0.0,211.0,152.0,53.0,9.0,6.0,11.0,18.0,43.0,1.0,26.1,15.201805169084134,1
['rico' 'lewis'],5,1,Manchester City,35000000,0,0,3.466666666666667,,0.5769230769230769,0.0,,0.28846153846153844,1.4423076923076923,2.0,0.0,203.0,114.0,37.0,2.0,1.0,7.0,3.0,10.0,0.0,21.0,17.370858648025116,0
['nicolò' 'savona'],8,5,Nottingham Forest,15000000,0,0,11.4,0.17543859649122806,0.3508771929824561,0.0,,,0.6140350877192983,1.0,0.0,314.0,149.0,29.0,2.0,7.0,5.0,12.0,27.0,0.0,22.7,16.52356082573315,2
['michel' 'aebischer'],12,8,Pisa Sporting Club,4500000,2,3,31.544444444444444,0.03170130327580134,0.5072208524128214,0.0,1.0,0.03170130327580134,0.9827404015498415,7.0,1.0,1270.0,590.0,164.0,14.0,14.0,38.0,35.0,167.0,0.0,29.0,15.319588176962746,1
['victor' 'nelsson'],4,5,Hellas Verona,7500000,0,3,34.833333333333336,,0.17224880382775118,0.0,1.0,,0.08612440191387559,,0.0,1010.0,319.0,92.0,3.0,124.0,19.0,40.0,109.0,0.0,27.2,15.830413711839864,1
['gabriel' 'silva'],2,5,Without Club,700000,1,4,24.944444444444446,0.24053452115812915,2.1648106904231623,3.0,11.0,,1.1224944320712693,3.0,1.0,343.0,232.0,83.0,24.0,36.0,57.0,16.0,66.0,1.0,31.9,13.45883704259595,1
['romain' 'esse'],5,5,Crystal Palace,10000000,2,0,0.4444444444444445,,,0.0,,,,,0.0,13.0,8.0,6.0,1.0,1.0,2.0,1.0,2.0,0.0,20.6,16.118095750958314,2
['lilian' 'brassier'],6,5,Stade Rennais FC,10000000,0,1,25.022222222222222,,0.3197158081705151,0.0,1.0,0.03996447602131439,0.47957371225577267,3.0,0.0,1353.0,536.0,238.0,7.0,38.0,21.0,12.0,126.0,0.0,26.1,16.118095750958314,2
['vladimír' 'coufal'],12,5,TSG 1899 Hoffenheim,2700000,0,2,33.522222222222226,0.02983095790520384,0.5071262843884653,0.0,,0.23864766324163073,1.521378853165396,16.0,0.0,1041.0,675.0,175.0,31.0,42.0,42.0,33.0,176.0,0.0,33.3,14.80876270134486,2
['jayden' 'addai'],10,5,Como 1907,20000000,1,3,7.644444444444445,0.39244186046511625,1.438953488372093,2.0,,,0.9156976744186046,2.0,0.0,124.0,92.0,62.0,14.0,2.0,14.0,2.0,24.0,0.0,20.3,16.811242881518265,1
['jeff' 'chabot'],7,5,VfB Stuttgart,15000000,0,2,25.511111111111113,,0.627177700348432,0.0,2.0,,0.274390243902439,,0.0,1534.0,660.0,211.0,4.0,128.0,40.0,20.0,105.0,0.0,27.8,16.52356082573315,2
['willy' 'boly'],3,5,Nottingham Forest,800000,0,0,,,,,,,,,0.0,,,,,,,,,0.0,34.8,13.592368256649284,2
['george' 'ilenikhena'],11,5,AS Monaco,12000000,1,1,4.177777777777778,0.4787234042553191,3.111702127659574,1.0,3.0,,0.7180851063829787,,0.0,39.0,27.0,7.0,1.0,8.0,6.0,,4.0,0.0,19.3,16.300417291085605,1
['ferdinando' 'coppola'],8,5,Hellas Verona,50000,0,3,5.077777777777778,,,0.0,,,,,0.0,103.0,43.0,12.0,,3.0,9.0,5.0,12.0,0.0,40.0,10.819798284210286,1
['issa' 'soumaré'],14,5,Le Havre AC,5000000,1,1,31.76666666666667,0.2203567681007345,2.0461699895068204,2.0,17.0,0.15739769150052466,0.7555089192025183,9.0,0.0,430.0,292.0,126.0,23.0,127.0,72.0,20.0,90.0,2.0,25.2,15.424948670398354,1
['samuel' 'amo-ameyaw'],5,5,RC Strasbourg Alsace,8000000,1,1,11.577777777777778,0.1727447216890595,0.9500959692898273,0.0,1.0,0.1727447216890595,0.9500959692898273,2.0,0.0,368.0,217.0,156.0,28.0,,26.0,11.0,48.0,0.0,19.4,15.894952224644102,1
['kristian' 'thorstvedt'],12,5,US Sassuolo,8000000,2,3,25.311111111111114,0.15803336259877085,1.1852502194907812,1.0,9.0,0.15803336259877085,1.0272168568920104,3.0,0.0,803.0,488.0,134.0,16.0,27.0,54.0,18.0,95.0,0.0,25.2,15.894952224644102,1
['arjen' 'van' 'der' 'heide'],10,5,Roda JC Kerkrade,350000,1,4,2.6333333333333333,,1.139240506329114,0.0,1.0,,1.518987341772152,,0.0,47.0,33.0,15.0,3.0,8.0,1.0,,8.0,0.0,21.6,12.765691290604371,1
['omar' 'richards'],5,2,Rio Ave FC,2000000,0,4,7.800000000000001,,0.2564102564102564,0.0,,,0.5128205128205128,,0.0,213.0,99.0,30.0,3.0,10.0,11.0,8.0,32.0,0.0,27.8,14.508658238524095,1
['tobías' 'medina'],0,5,Rio Ave FC,800000,2,4,0.12222222222222223,,,0.0,,,,,0.0,5.0,3.0,,,,2.0,1.0,3.0,0.0,21.8,13.592368256649284,1
['sergio' 'bermejo'],15,5,Gil Vicente FC,800000,1,4,4.355555555555556,,1.3775510204081631,0.0,1.0,,0.4591836734693877,,0.0,79.0,54.0,14.0,5.0,3.0,9.0,3.0,18.0,0.0,28.3,13.592368256649284,1
['abel' 'bretones'],15,5,CA Osasuna,4500000,0,5,17.244444444444444,0.05798969072164949,0.5798969072164949,0.0,,0.11597938144329897,0.6378865979381444,3.0,0.0,361.0,225.0,84.0,13.0,12.0,18.0,12.0,67.0,1.0,25.3,15.319588176962746,1
['zeki' 'çelik'],12,5,AS Roma,12000000,0,3,29.333333333333336,0.03409090909090909,0.47727272727272724,0.0,2.0,0.06818181818181818,0.7840909090909091,2.0,1.0,1116.0,678.0,195.0,8.0,35.0,17.0,37.0,113.0,0.0,28.8,16.300417291085605,2
['francesco' 'camarda'],8,5,US Lecce,15000000,1,3,7.433333333333334,0.13452914798206278,1.210762331838565,0.0,3.0,,0.5381165919282511,1.0,0.0,73.0,46.0,14.0,3.0,13.0,4.0,1.0,20.0,0.0,17.8,16.52356082573315,1
['joshua' 'kimmich'],7,5,Bayern Munich,40000000,2,2,25.333333333333336,0.07894736842105263,0.8684210526315789,2.0,1.0,0.3157894736842105,1.894736842105263,16.0,2.0,2448.0,1576.0,283.0,11.0,7.0,21.0,25.0,117.0,0.0,30.9,17.50439003707821,0
['idrissa' 'gueye'],14,5,Everton FC,1000000,2,0,23.344444444444445,0.08567348881485007,0.7710613993336506,1.0,,0.12851023322227512,0.42836744407425037,2.0,0.0,930.0,545.0,105.0,7.0,13.0,31.0,20.0,114.0,0.0,36.2,13.815511557963774,2
['matteo' 'gabbia'],8,5,AC Milan,8000000,0,3,27.122222222222224,,0.6267922982384269,0.0,3.0,,0.07374027038099139,,0.0,1325.0,377.0,124.0,,60.0,6.0,11.0,62.0,0.0,24.6,15.894952224644102,0
['gavi'],15,5,FC Barcelona,40000000,2,5,4.377777777777778,,,0.0,,0.22842639593908629,0.9137055837563451,,0.0,276.0,168.0,17.0,,10.0,11.0,5.0,21.0,0.0,21.4,17.50439003707821,0
['hugo' 'sotelo'],15,5,Celta de Vigo,9000000,2,5,14.911111111111111,,0.13412816691505217,0.0,,0.13412816691505217,1.6095380029806259,5.0,0.0,918.0,557.0,115.0,2.0,4.0,14.0,15.0,89.0,0.0,22.0,16.012735246411598,1
['julien' 'lomboto'],6,5,UD Oliveirense,200000,0,4,2.4555555555555557,,,0.0,,,0.4072398190045249,,0.0,122.0,22.0,8.0,,4.0,4.0,2.0,7.0,0.0,22.1,12.206077645517674,1
['papa' 'gueye'],14,5,Without Club,50000,2,5,22.177777777777777,0.18036072144288579,1.623246492985972,2.0,4.0,0.09018036072144289,0.9468937875751503,3.0,1.0,800.0,451.0,125.0,15.0,23.0,54.0,21.0,102.0,0.0,36.2,10.819798284210286,1
['joseph' 'aidoo'],12,5,Celta de Vigo,4000000,0,5,7.1000000000000005,,0.2816901408450704,0.0,2.0,,,,0.0,364.0,117.0,27.0,1.0,12.0,1.0,3.0,26.0,0.0,28.7,15.201805169084134,1
['leonardo' 'buta'],13,5,SD Eibar,1500000,0,4,0.1,,,0.0,,,,,0.0,2.0,2.0,,,,3.0,1.0,,0.0,23.6,14.220976332738882,1
['rúben' 'ribeiro'],13,5,GD Chaves,100000,1,2,7.022222222222222,0.2848101265822785,2.5632911392405062,1.0,4.0,,0.14240506329113925,,0.0,80.0,53.0,21.0,8.0,21.0,3.0,3.0,10.0,0.0,36.8,11.51293546492023,1
['alysson'],2,5,SC Farense,400000,1,0,0.5222222222222223,,1.9148936170212765,0.0,,,,,0.0,14.0,10.0,4.0,2.0,,1.0,,3.0,0.0,23.2,12.899222326086994,1
['zaidu' 'sanusi'],11,4,FC Porto,3000000,0,4,11.055555555555555,0.09045226130653267,0.36180904522613067,0.0,1.0,0.09045226130653267,1.5376884422110553,2.0,0.0,381.0,206.0,73.0,8.0,13.0,13.0,9.0,53.0,0.0,28.5,14.914123179965662,2
['gleison' 'moreira'],2,5,SC Covilhã,275000,2,4,0.011111111111111112,,,0.0,,,,,0.0,,,,,,,,,0.0,26.0,12.524530013005734,1
['santi' 'comesaña'],15,5,Villarreal CF,6000000,2,5,26.1,0.11494252873563218,0.8045977011494252,0.0,4.0,0.22988505747126436,0.8045977011494252,3.0,0.0,983.0,531.0,135.0,11.0,35.0,24.0,22.0,128.0,0.0,27.7,15.607270193858982,2
['issiar' 'dramé'],12,5,CF Estrela Amadora,400000,0,4,0.03333333333333333,,,0.0,,,,,0.0,5.0,2.0,3.0,,,,,,0.0,26.8,12.899222326086994,1
['matías' 'fernández'],12,5,Deportes La Serena,125000,2,4,7.6000000000000005,0.13157894736842105,1.1842105263157894,0.0,,0.13157894736842105,1.4473684210526314,3.0,0.0,117.0,81.0,32.0,4.0,7.0,23.0,3.0,24.0,0.0,36.5,11.736077016252437,1
['mattia' 'viti'],8,1,US Sassuolo,5000000,0,3,2.888888888888889,,,0.0,,,,,0.0,120.0,61.0,15.0,1.0,4.0,4.0,4.0,11.0,0.0,22.4,15.424948670398354,1
['felipe' 'garcia'],2,5,Tombense Futebol Clube (MG),200000,1,4,2.6333333333333333,0.379746835443038,2.278481012658228,0.0,1.0,,1.139240506329114,,0.0,50.0,30.0,22.0,5.0,4.0,7.0,3.0,15.0,0.0,35.9,12.206077645517674,1
['emiliano' 'buendía'],0,5,Aston Villa,18000000,2,0,18.544444444444444,0.32354703415218694,1.8334331935290593,4.0,2.0,0.10784901138406232,1.348112642300779,4.0,0.0,508.0,313.0,91.0,9.0,21.0,42.0,22.0,105.0,0.0,29.0,16.705882371415992,2
['xaver' 'schlager'],12,6,RB Leipzig,28000000,2,2,20.41111111111111,0.14697876973326074,0.5389221556886228,0.0,1.0,0.04899292324442025,0.979858464888405,2.0,0.0,921.0,558.0,184.0,22.0,23.0,16.0,23.0,123.0,0.0,26.7,17.147715103853763,2
['taichi' 'fukui'],12,5,FC Arouca,2000000,2,4,28.11111111111111,0.1422924901185771,0.8181818181818182,0.0,,0.10671936758893281,0.4980237154150198,1.0,3.0,1094.0,512.0,120.0,18.0,15.0,40.0,40.0,141.0,0.0,21.4,14.508658238524095,1
['ezra' 'mayers'],5,1,West Ham United U21,500000,0,0,1.2555555555555555,,,0.0,,,1.592920353982301,,0.0,68.0,46.0,7.0,1.0,3.0,,,6.0,0.0,19.0,13.122365377402328,1
['robinho'],2,5,Basaksehir FK,500000,2,4,10.344444444444445,,0.38668098818474755,0.0,,0.09667024704618689,1.3533834586466165,2.0,0.0,359.0,175.0,54.0,8.0,9.0,16.0,14.0,49.0,1.0,36.5,13.122365377402328,1
['konstantinos' 'tsimikas'],12,0,AS Roma,10000000,0,3,7.077777777777778,,0.5651491365777079,0.0,1.0,,0.5651491365777079,,0.0,212.0,115.0,33.0,6.0,5.0,8.0,6.0,26.0,0.0,29.6,16.118095750958314,2
['ferdi' 'kadıoğlu'],12,8,Brighton & Hove Albion,28000000,0,0,32.82222222222222,0.030467163168584967,0.6093432633716994,1.0,3.0,,0.5484089370345294,,1.0,1104.0,646.0,204.0,12.0,30.0,35.0,38.0,126.0,0.0,26.2,17.147715103853763,2
['david' 'preu'],7,6,1.FC Union Berlin,400000,1,2,,,,,,,,,0.0,,,,,,,,,0.0,21.1,12.899222326086994,1
['simon' 'elisor'],6,5,FC Famalicão,1500000,1,4,22.811111111111114,0.04383828543594739,1.6658548465660008,1.0,10.0,0.08767657087189477,0.9206039941548951,5.0,0.0,248.0,170.0,46.0,13.0,37.0,43.0,9.0,41.0,0.0,26.4,14.220976332738882,1
['ryan' 'yates'],5,1,Nottingham Forest,10000000,2,0,6.433333333333334,,0.6217616580310881,0.0,1.0,0.31088082901554404,0.46632124352331605,,0.0,193.0,95.0,7.0,1.0,18.0,13.0,9.0,16.0,0.0,28.0,16.118095750958314,2
['azzedine' 'ounahi'],9,0,Girona FC,10000000,2,5,17.622222222222224,0.28373266078184106,1.7591424968474147,0.0,,0.11349306431273644,1.5889029003783102,11.0,1.0,717.0,511.0,188.0,57.0,4.0,55.0,13.0,73.0,1.0,25.6,16.118095750958314,2
['nadir' 'zortea'],8,5,Bologna FC 1909,7500000,0,3,19.855555555555558,,0.5036373810856183,0.0,,0.10072747621712366,1.1080022383883603,4.0,0.0,615.0,351.0,173.0,20.0,17.0,16.0,17.0,74.0,0.0,26.5,15.830413711839864,2
['gustavo' 'mendonça'],13,5,Avs Futebol,200000,2,4,15.566666666666666,,0.3854389721627409,0.0,1.0,,0.9635974304068523,1.0,0.0,362.0,189.0,44.0,7.0,22.0,13.0,28.0,93.0,0.0,22.8,12.206077645517674,1
['kaoru' 'mitoma'],12,5,Brighton & Hove Albion,30000000,2,0,19.122222222222224,0.15688553166763508,1.2550842533410806,0.0,8.0,0.05229517722254503,1.5165601394538057,4.0,1.0,473.0,362.0,167.0,28.0,15.0,21.0,12.0,62.0,0.0,28.6,17.216707972959764,2
['nemanja' 'gudelj'],12,5,Sevilla FC,2500000,2,5,25.444444444444446,0.07860262008733623,0.9432314410480349,1.0,,,0.23580786026200873,1.0,0.0,959.0,293.0,73.0,5.0,43.0,10.0,23.0,78.0,0.0,34.1,14.731801689838349,2
['rodri' 'ríos'],15,5,AD Ceuta FC,500000,2,4,25.322222222222223,0.19745502413339183,1.8165862220272049,1.0,5.0,0.15796401930671347,0.7108380868802106,6.0,0.0,989.0,587.0,166.0,26.0,37.0,65.0,30.0,107.0,0.0,33.1,13.122365377402328,1
['álex' 'baena'],15,2,Villarreal CF,40000000,2,5,16.11111111111111,0.12413793103448276,1.1172413793103448,0.0,1.0,0.18620689655172415,2.420689655172414,13.0,0.0,536.0,372.0,135.0,13.0,7.0,28.0,8.0,56.0,0.0,22.9,17.50439003707821,2
['morten' 'rasmussen'],4,5,BK Fremad Amager,50000,2,2,7.688888888888889,,0.6502890173410405,0.0,3.0,,0.6502890173410405,,0.0,239.0,122.0,21.0,5.0,8.0,7.0,5.0,35.0,0.0,32.2,10.819798284210286,1
['michael' 'keane'],5,5,Everton FC,4000000,0,0,26.77777777777778,0.11203319502074688,0.5975103734439834,0.0,3.0,,0.03734439834024896,,0.0,862.0,276.0,90.0,6.0,106.0,6.0,23.0,82.0,0.0,32.9,15.201805169084134,2
['jonas' 'meffert'],7,7,Hamburger SV,1500000,2,2,1.6,,,0.0,,,1.25,,0.0,62.0,19.0,5.0,,3.0,,3.0,12.0,0.0,28.8,14.220976332738882,1
['mourad' 'el' 'ghezouani'],9,5,Burgos CF,700000,1,5,0.5555555555555556,,,0.0,,,1.7999999999999998,,0.0,11.0,7.0,,,2.0,1.0,2.0,1.0,0.0,25.0,13.45883704259595,1
['andré' 'pinto'],13,5,Without Club,150000,0,4,3.7444444444444445,,,0.0,,,0.26706231454005935,,0.0,92.0,39.0,9.0,3.0,4.0,5.0,3.0,13.0,0.0,33.5,11.918397239722838,1
['ismaël' 'gharbi'],12,5,FC Augsburg,7000000,1,2,0.9777777777777779,,2.0454545454545454,0.0,,,1.0227272727272727,,0.0,33.0,24.0,5.0,1.0,,8.0,1.0,1.0,0.0,21.7,15.76142084987672,1
['eberechi' 'eze'],5,1,Arsenal FC,65000000,2,0,20.133333333333333,0.347682119205298,1.7384105960264902,3.0,1.0,0.09933774834437087,0.6456953642384106,4.0,0.0,526.0,361.0,92.0,28.0,9.0,36.0,13.0,74.0,0.0,27.4,17.989897843244528,0
['justin' 'kalumba'],6,5,Angers SCO B,250000,1,5,0.888888888888889,,1.125,0.0,,,,,0.0,20.0,16.0,11.0,1.0,,4.0,1.0,2.0,0.0,18.5,12.429220196836383,1
['alex' 'sola'],12,5,CF Estrela Amadora,100000,2,4,7.833333333333334,,0.1276595744680851,0.0,1.0,,0.1276595744680851,,0.0,210.0,67.0,27.0,2.0,8.0,16.0,7.0,33.0,0.0,22.0,11.51293546492023,1
['borja' 'sánchez'],15,5,UD San Sebastián de los Reyes,100000,2,5,0.14444444444444446,,,0.0,,,,,0.0,10.0,4.0,1.0,,,,,,0.0,36.4,11.51293546492023,1
['harrison' 'armstrong'],5,1,Preston North End,1200000,2,0,5.555555555555555,,0.72,0.0,1.0,,0.72,,0.0,145.0,99.0,24.0,1.0,6.0,14.0,10.0,25.0,0.0,18.9,13.997832948091215,1
['diogo' 'leite'],13,5,1.FC Union Berlin,12000000,0,2,21.88888888888889,,0.27411167512690354,0.0,2.0,,0.41116751269035534,,0.0,810.0,321.0,111.0,6.0,63.0,25.0,16.0,77.0,1.0,26.9,16.300417291085605,1
['jordi' 'martín'],15,5,Getafe CF B,600000,0,5,24.0,0.08333333333333333,0.5,1.0,4.0,,0.08333333333333333,,0.0,1191.0,358.0,200.0,8.0,80.0,11.0,15.0,76.0,0.0,23.4,13.304686600863562,1
['samuel' 'dahl'],16,5,SL Benfica,9000000,0,4,31.8,0.031446540880503145,0.3773584905660377,0.0,,0.031446540880503145,1.069182389937107,2.0,0.0,1375.0,825.0,236.0,21.0,18.0,28.0,56.0,145.0,0.0,22.8,16.012735246411598,1
['nicolas' 'pépé'],3,5,Trabzonspor,8500000,1,5,25.622222222222224,0.3122289679098005,1.6001734605377276,2.0,7.0,0.2341717259323504,1.795316565481353,12.0,3.0,678.0,486.0,226.0,59.0,17.0,41.0,21.0,108.0,2.0,29.0,15.955576839107596,1
['rafael' 'nel'],13,0,Sporting CP B,1500000,1,4,1.9222222222222223,1.0404624277456647,3.121387283236994,0.0,3.0,0.5202312138728323,0.5202312138728323,1.0,0.0,26.0,14.0,5.0,,4.0,7.0,2.0,,0.0,20.7,14.220976332738882,1
['lautaro' 'martínez'],0,5,Inter Milan,85000000,0,0,12.677777777777779,,0.15775635407537247,0.0,,,0.3943908851884312,1.0,0.0,798.0,349.0,163.0,14.0,12.0,2.0,10.0,64.0,0.0,28.3,18.258161826219297,0
['nilson' 'angulo'],12,8,RSC Anderlecht,7000000,1,0,2.977777777777778,,1.007462686567164,0.0,2.0,,1.007462686567164,,0.0,32.0,26.0,17.0,5.0,3.0,2.0,5.0,6.0,0.0,22.5,15.76142084987672,1
['makan' 'aïko'],6,5,Fortuna Sittard,600000,1,4,11.755555555555556,0.08506616257088846,1.3610586011342154,1.0,1.0,0.17013232514177692,1.0207939508506616,4.0,0.0,185.0,121.0,82.0,27.0,3.0,20.0,9.0,45.0,0.0,24.9,13.304686600863562,1
['ben' 'winterburn'],5,5,Barnet FC,450000,2,0,0.06666666666666667,,,0.0,,,,,0.0,,,,,,,,,0.0,21.2,13.017005083966255,1
['júnior' 'díaz'],12,5,LD Alajuelense,75000,2,5,3.4555555555555557,,,0.0,,0.28938906752411575,1.4469453376205788,1.0,0.0,124.0,62.0,17.0,7.0,2.0,3.0,3.0,14.0,0.0,37.8,11.225256725762893,1
['léo' 'scienza'],2,5,Southampton FC,9000000,2,2,2.0,0.5,1.0,0.0,,,1.5,3.0,0.0,28.0,14.0,19.0,3.0,,7.0,2.0,7.0,0.0,27.2,16.012735246411598,2
['david' 'mokwa'],6,5,TSG 1899 Hoffenheim,1000000,1,2,,,,,,,,,0.0,,,,,,,,,0.0,21.1,13.815511557963774,2
['koki' 'machida'],12,2,TSG 1899 Hoffenheim,7000000,0,2,0.48888888888888893,,,0.0,,,,,0.0,32.0,11.0,,,1.0,,,2.0,0.0,28.3,15.76142084987672,2
['jack' 'moorhouse'],12,5,Leyton Orient,100000,2,0,,,,,,,,,0.0,,,,,,,,,0.0,20.0,11.51293546492023,1
['pau' 'navarro'],15,5,Villarreal CF,5000000,0,5,20.37777777777778,,0.09814612868047981,0.0,,,0.19629225736095962,1.0,0.0,822.0,221.0,64.0,6.0,26.0,10.0,35.0,58.0,0.0,20.6,15.424948670398354,2
['pedro' 'carvalho'],13,5,GD Estoril Praia,500000,0,4,13.866666666666667,,0.6490384615384616,0.0,3.0,0.07211538461538461,0.5048076923076923,1.0,0.0,404.0,215.0,86.0,7.0,6.0,10.0,17.0,57.0,0.0,22.8,13.122365377402328,1
['odilon' 'kossounou'],3,9,Atalanta BC,22000000,0,3,10.944444444444445,0.09137055837563451,0.27411167512690354,1.0,,,0.36548223350253806,,0.0,575.0,227.0,65.0,5.0,13.0,3.0,14.0,40.0,0.0,25.0,16.906553056777135,1
['emre' 'can'],7,5,Borussia Dortmund,6000000,2,2,6.9,0.43478260869565216,0.7246376811594203,2.0,,,,,0.0,388.0,179.0,43.0,3.0,18.0,10.0,8.0,41.0,0.0,31.9,15.607270193858982,2
['ramón' 'terrats'],15,5,Villarreal CF,4000000,2,5,10.866666666666667,0.09202453987730061,1.0122699386503067,0.0,,0.18404907975460122,1.2883435582822085,4.0,0.0,192.0,132.0,40.0,8.0,9.0,20.0,9.0,35.0,0.0,23.6,15.201805169084134,2
['jaume' 'grau'],15,5,Avs Futebol,700000,2,4,14.733333333333334,,0.33936651583710403,0.0,,,0.20361990950226244,,0.0,377.0,174.0,64.0,1.0,13.0,13.0,20.0,59.0,0.0,28.6,13.45883704259595,1
['zanos' 'savva'],12,5,Torino Primavera,1000000,1,3,,,,,,,,,0.0,,,,,,,,,0.0,18.6,13.815511557963774,1
['reiss' 'nelson'],5,5,Arsenal FC,15000000,1,0,1.3,,3.846153846153846,0.0,2.0,0.7692307692307692,0.7692307692307692,,0.0,66.0,50.0,16.0,5.0,,2.0,3.0,16.0,0.0,24.5,16.52356082573315,0
['ribair' 'rodríguez'],12,5,Danubio FC,25000,0,5,16.177777777777777,,0.12362637362637363,0.0,,0.061813186813186816,0.3708791208791209,1.0,0.0,501.0,255.0,62.0,1.0,14.0,5.0,12.0,43.0,0.0,35.8,10.12667110305036,1
['charles' 'herrmann'],7,5,Borussia Mönchengladbach,1000000,2,2,0.044444444444444446,,,0.0,,22.5,,1.0,0.0,2.0,3.0,2.0,,,,,,0.0,19.9,13.815511557963774,2
['joão' 'novais'],13,5,Al-Jabalain FC,375000,2,4,0.48888888888888893,,4.090909090909091,0.0,,,2.0454545454545454,,0.0,20.0,16.0,4.0,1.0,1.0,,1.0,2.0,0.0,32.4,12.834683971615659,1
['césar' 'tárrega'],15,8,Valencia CF,15000000,0,5,26.855555555555558,,0.29788994621431525,0.0,1.0,,0.07447248655357881,,0.0,1078.0,244.0,124.0,10.0,61.0,12.0,20.0,80.0,0.0,23.8,16.52356082573315,2
['arnaud' 'nordin'],6,5,1.FSV Mainz 05,4000000,1,2,5.177777777777778,,1.7381974248927037,0.0,,,0.5793991416309012,,0.0,132.0,90.0,39.0,4.0,2.0,13.0,6.0,25.0,0.0,27.5,15.201805169084134,1
['tobias' 'werner'],7,5,VfB Stuttgart II,175000,1,2,0.14444444444444446,,,0.0,,,,,0.0,7.0,7.0,2.0,,,,,,0.0,33.6,12.07254696717504,1
['alessandro' 'marcandalli'],8,5,Genoa CFC,2500000,0,3,27.955555555555556,,0.10731319554848967,0.0,,0.07154213036565978,0.2861685214626391,1.0,0.0,969.0,371.0,130.0,4.0,52.0,10.0,24.0,77.0,0.0,23.2,14.731801689838349,2
['hugo' 'álvarez'],15,6,RC Celta Fortuna,1500000,2,5,14.4,0.2777777777777778,0.6944444444444444,0.0,3.0,0.1388888888888889,1.5277777777777777,5.0,0.0,506.0,363.0,105.0,14.0,1.0,17.0,9.0,43.0,0.0,20.9,14.220976332738882,1
['stanislav' 'lobotka'],12,5,SSC Napoli,18000000,2,3,26.644444444444446,0.03753127606338615,0.22518765638031693,1.0,,0.03753127606338615,0.7506255212677231,,0.0,1655.0,862.0,113.0,4.0,11.0,44.0,16.0,120.0,0.0,31.1,16.705882371415992,0
['david' 'pejičić'],12,5,NK Maribor,1000000,2,3,,,,,,,,,0.0,,,,,,,,,0.0,18.5,13.815511557963774,1
['dayot' 'upamecano'],6,5,Bayern Munich,70000000,0,2,19.96666666666667,0.050083472454090144,0.30050083472454087,1.0,1.0,0.050083472454090144,0.5008347245409015,4.0,0.0,1527.0,746.0,210.0,4.0,34.0,5.0,28.0,121.0,0.0,27.1,18.064005814299346,0
['franco' 'vázquez'],0,5,US Cremonese,1500000,1,3,5.733333333333333,0.1744186046511628,1.744186046511628,0.0,,0.3488372093023256,1.3953488372093024,4.0,0.0,155.0,106.0,22.0,5.0,8.0,16.0,8.0,21.0,0.0,34.6,14.220976332738882,1
['mauro' 'arambarri'],12,5,Getafe CF,10000000,2,5,34.16666666666667,0.17560975609756097,1.3170731707317072,2.0,6.0,0.05853658536585365,0.5560975609756097,1.0,0.0,554.0,350.0,107.0,30.0,50.0,66.0,42.0,147.0,0.0,30.2,16.118095750958314,1
['nacho' 'vidal'],15,0,Real Oviedo,1600000,0,5,24.333333333333336,,0.4520547945205479,0.0,5.0,,0.2876712328767123,,0.0,719.0,313.0,91.0,14.0,21.0,27.0,30.0,78.0,0.0,30.9,14.285514812209815,1
['guilherme' 'schettine'],2,5,Moreirense FC,1500000,1,4,11.044444444444444,0.8148893360160966,2.1730382293762576,3.0,4.0,0.09054325955734406,0.5432595573440644,1.0,0.0,154.0,81.0,24.0,8.0,26.0,19.0,2.0,25.0,0.0,30.2,14.220976332738882,1
['quentin' 'merlin'],6,5,Stade Rennais FC,12000000,0,1,27.133333333333333,0.036855036855036855,0.515970515970516,0.0,1.0,0.18427518427518427,1.28992628992629,5.0,0.0,1016.0,614.0,179.0,16.0,13.0,30.0,38.0,127.0,0.0,23.6,16.300417291085605,2
['michael' 'olise'],6,5,Bayern Munich,130000000,2,2,25.744444444444447,0.5826499784203711,2.75787656452309,5.0,15.0,0.7380233059991368,2.3305999136814846,27.0,2.0,1310.0,1107.0,340.0,65.0,8.0,58.0,10.0,100.0,2.0,24.0,18.683045016112164,0
['tommaso' 'corazza'],8,5,Delfino Pescara 1936,1500000,0,3,,,,,,,,,0.0,,,,,,,,,0.0,21.5,14.220976332738882,1
['ezechiel' 'banzuzi'],10,7,RB Leipzig,18000000,2,2,6.4222222222222225,,1.245674740484429,0.0,2.0,0.15570934256055363,0.9342560553633218,,0.0,242.0,155.0,23.0,2.0,25.0,7.0,10.0,36.0,0.0,20.8,16.705882371415992,2
['matteo' 'cocchi'],8,5,Inter U23,1500000,0,3,,,,,,,,,0.0,,,,,,,,,0.0,18.9,14.220976332738882,1
['cristian' 'romero'],0,5,Tottenham Hotspur,60000000,0,5,33.5,0.14925373134328357,0.6865671641791045,2.0,2.0,0.08955223880597014,0.6567164179104478,5.0,0.0,748.0,411.0,217.0,40.0,14.0,17.0,56.0,163.0,0.0,27.6,17.909855136853043,0
['félix' 'lemaréchal'],6,5,RC Strasbourg Alsace,10000000,2,1,6.155555555555556,,1.1371841155234657,0.0,1.0,0.3249097472924188,0.8122743682310469,2.0,0.0,181.0,106.0,37.0,12.0,4.0,6.0,6.0,25.0,0.0,22.4,16.118095750958314,1
['johan' 'bakayoko'],1,5,RB Leipzig,25000000,1,2,8.588888888888889,0.2328589909443726,1.7464424320827945,2.0,3.0,,1.0478654592496766,1.0,0.0,237.0,147.0,57.0,15.0,2.0,11.0,2.0,31.0,1.0,22.7,17.034386422832473,2
['álvaro' 'odriozola'],15,5,Real Sociedad,800000,0,5,2.2444444444444445,0.44554455445544555,0.44554455445544555,0.0,,,1.3366336633663367,2.0,0.0,24.0,19.0,8.0,,1.0,3.0,1.0,2.0,1.0,30.0,13.592368256649284,2
['calvin' 'bassey'],11,9,Fulham FC,28000000,0,0,26.133333333333333,0.03826530612244898,0.26785714285714285,0.0,,,0.34438775510204084,,0.0,1401.0,438.0,275.0,9.0,38.0,36.0,32.0,108.0,1.0,25.9,17.147715103853763,2
['virgil' 'van' 'dijk'],10,6,Liverpool FC,18000000,0,0,37.0,0.16216216216216217,0.6756756756756757,2.0,8.0,,0.2972972972972973,,0.0,2431.0,1124.0,283.0,2.0,167.0,16.0,13.0,85.0,0.0,34.4,16.705882371415992,0
['kyllian' 'antonio'],6,5,RC Lens,250000,0,1,1.6666666666666667,,0.6,0.0,,,,,0.0,54.0,29.0,15.0,2.0,2.0,4.0,4.0,11.0,0.0,17.9,12.429220196836383,2
['david' 'rodríguez'],15,5,CF Rayo Majadahonda,150000,2,5,0.7444444444444445,,,0.0,,,1.3432835820895521,,0.0,12.0,8.0,,1.0,2.0,3.0,1.0,1.0,0.0,37.4,11.918397239722838,1
['yerry' 'mina'],12,5,Cagliari Calcio,3000000,0,3,21.922222222222224,0.04561581348200709,0.36492650785605674,1.0,,,0.36492650785605674,,0.0,997.0,169.0,102.0,2.0,53.0,36.0,14.0,76.0,0.0,31.2,14.914123179965662,1
['reece' 'james'],5,5,Blackpool FC,400000,0,0,21.366666666666667,0.093603744149766,0.5616224648985959,0.0,,0.187207488299532,1.076443057722309,8.0,0.0,1156.0,619.0,129.0,11.0,31.0,21.0,33.0,100.0,0.0,29.6,12.899222326086994,1
['abdoulaye' 'bamba'],3,5,Angers SCO,400000,0,1,2.111111111111111,,0.47368421052631576,0.0,,,,,0.0,36.0,16.0,5.0,,6.0,3.0,3.0,6.0,0.0,33.2,12.899222326086994,1
['kyle' 'walker-peters'],5,1,West Ham United,13000000,0,0,14.333333333333334,0.06976744186046512,0.3488372093023256,1.0,,,0.4883720930232558,1.0,0.0,493.0,287.0,86.0,16.0,12.0,24.0,30.0,55.0,0.0,28.7,16.380459992348886,2
['daniele' 'rugani'],8,5,Juventus FC,2000000,0,3,5.666666666666667,,,0.0,,,,,0.0,267.0,60.0,16.0,,14.0,,5.0,13.0,0.0,31.4,14.508658238524095,0
['christopher' 'nkunku'],6,5,Chelsea FC,65000000,1,3,14.333333333333334,0.4883720930232558,1.6046511627906976,0.0,7.0,0.20930232558139533,0.8372093023255813,3.0,0.0,291.0,214.0,45.0,8.0,13.0,21.0,2.0,30.0,4.0,26.5,17.989897843244528,0
['michael' 'gregoritsch'],12,3,Bröndby IF,1500000,1,2,10.200000000000001,0.588235294117647,2.352941176470588,1.0,6.0,0.196078431372549,0.4901960784313725,3.0,0.0,99.0,72.0,17.0,2.0,32.0,17.0,4.0,18.0,0.0,31.7,14.220976332738882,1
['gilson' 'costa'],13,5,FK Aksu,75000,0,4,6.233333333333333,,0.9625668449197861,0.0,1.0,0.16042780748663102,0.9625668449197861,2.0,0.0,146.0,91.0,40.0,6.0,8.0,1.0,4.0,26.0,0.0,26.7,11.225256725762893,1
['coli' 'saco'],12,5,Yverdon Sport FC,200000,2,3,,,,,,,,,0.0,,,,,,,,,0.0,23.6,12.206077645517674,1
['rafa' 'navarro'],15,5,UD San Sebastián de los Reyes,150000,2,5,12.877777777777778,0.4659188955996549,1.3977566867989646,2.0,,0.07765314926660914,1.3977566867989646,3.0,0.0,290.0,230.0,107.0,21.0,9.0,16.0,9.0,54.0,0.0,29.3,11.918397239722838,1
['mateo' 'joseph'],15,8,Leeds United U21,900000,1,5,18.922222222222224,0.10569583088667057,1.479741632413388,1.0,8.0,0.15854374633000584,0.5813270698766881,3.0,0.0,246.0,167.0,73.0,18.0,10.0,31.0,20.0,65.0,1.0,19.6,13.710151153416941,1
['dyego' 'sousa'],13,5,Without Club,50000,2,4,25.166666666666668,0.07947019867549668,0.5562913907284768,0.0,,,0.2781456953642384,,0.0,683.0,197.0,113.0,5.0,72.0,11.0,31.0,95.0,0.0,35.7,10.819798284210286,1
['daniel' 'boloca'],8,8,US Sassuolo,7000000,2,3,1.5,,1.3333333333333333,0.0,,,0.6666666666666666,,0.0,53.0,31.0,13.0,1.0,,1.0,2.0,11.0,0.0,25.5,15.76142084987672,1
['steve' 'banks'],5,5,St. Johnstone FC,50000,1,2,,,,,,,,,0.0,,,,,,,,,0.0,42.7,10.819798284210286,1
['afonso' 'patrão'],13,5,SC Braga B,1700000,1,4,,,,,,,,,0.0,,,,,,,,,0.0,18.9,14.346139397261565,1
['alejandro' 'balde'],15,4,FC Barcelona,60000000,0,5,19.322222222222223,,0.3622771707878091,0.0,,0.10350776308223117,1.0350776308223117,4.0,1.0,1029.0,612.0,149.0,23.0,10.0,22.0,23.0,87.0,1.0,22.2,17.909855136853043,0
['lewis' 'ferguson'],12,5,Bologna FC 1909,20000000,2,3,15.733333333333334,0.0635593220338983,0.3813559322033898,0.0,,,0.8898305084745762,1.0,0.0,831.0,444.0,81.0,3.0,30.0,23.0,16.0,58.0,0.0,26.3,16.811242881518265,2
['matteo' 'spinaccè'],8,5,Inter U23,1000000,1,3,,,,,,,,,0.0,,,,,,,,,0.0,19.4,13.815511557963774,1
['finn' 'jeltsch'],7,5,VfB Stuttgart,25000000,0,2,16.733333333333334,,0.1195219123505976,0.0,,0.0597609561752988,0.2390438247011952,,0.0,948.0,399.0,133.0,5.0,29.0,16.0,14.0,80.0,0.0,19.4,17.034386422832473,2
['jean-daniel' 'akpa' 'akpro'],3,5,Hellas Verona,500000,2,3,15.422222222222222,0.06484149855907781,0.45389048991354464,0.0,1.0,,0.648414985590778,,0.0,262.0,152.0,58.0,20.0,27.0,14.0,26.0,79.0,0.0,33.2,13.122365377402328,1
['rodrigo' 'bentancur'],12,5,Tottenham Hotspur,27000000,2,0,19.11111111111111,0.05232558139534884,0.47093023255813954,0.0,1.0,0.05232558139534884,0.47093023255813954,1.0,0.0,774.0,359.0,77.0,16.0,29.0,4.0,33.0,118.0,0.0,28.5,17.11134746100564,0
['mouctar' 'diakhaby'],12,5,Valencia CF,2800000,0,5,6.044444444444444,0.16544117647058823,0.6617647058823529,1.0,,,0.16544117647058823,,0.0,280.0,77.0,42.0,1.0,16.0,3.0,6.0,22.0,1.0,29.0,14.845130332288226,2
['anderson' 'oliveira'],2,5,Portimonense SC,400000,2,4,,,,,,,,,0.0,,,,,,,,,0.0,24.9,12.899222326086994,1
['moisés' 'caicedo'],12,1,Chelsea FC,110000000,2,0,29.18888888888889,0.10277883517320137,0.4796345641416064,0.0,1.0,0.03425961172440046,0.5138941758660068,4.0,1.0,1783.0,931.0,175.0,14.0,14.0,49.0,46.0,168.0,0.0,24.1,18.5159909328476,0
['jakub' 'brabec'],12,5,Rio Ave FC,600000,0,4,23.88888888888889,0.04186046511627907,0.16744186046511628,0.0,,,0.1255813953488372,1.0,0.0,1058.0,222.0,106.0,2.0,32.0,4.0,18.0,59.0,0.0,33.4,13.304686600863562,1
['alberto' 'moleiro'],15,5,Villarreal CF,30000000,2,5,25.666666666666668,0.3896103896103896,1.5194805194805194,3.0,6.0,0.1948051948051948,1.2077922077922076,9.0,0.0,587.0,390.0,151.0,31.0,3.0,25.0,19.0,100.0,1.0,22.2,17.216707972959764,2
['filip' 'ugrinic'],12,8,BSC Young Boys,4000000,2,5,14.933333333333334,,0.6696428571428571,0.0,,0.20089285714285715,1.2053571428571428,6.0,0.0,508.0,296.0,47.0,15.0,15.0,13.0,15.0,69.0,0.0,24.8,15.201805169084134,1
['niels' 'nkounkou'],6,5,Torino FC,3500000,0,3,3.588888888888889,,0.8359133126934984,0.0,,0.2786377708978328,1.1145510835913313,2.0,0.0,86.0,55.0,28.0,7.0,3.0,3.0,9.0,10.0,0.0,25.1,15.068273812173887,2
['iago' 'aspas'],15,5,Celta de Vigo,1800000,1,5,11.477777777777778,0.4356243949661181,2.0038722168441434,3.0,2.0,0.26137463697967084,2.352371732817038,8.0,0.0,463.0,369.0,67.0,11.0,3.0,13.0,11.0,44.0,1.0,38.4,14.403297778421795,1
['nicolò' 'fagioli'],8,5,Juventus FC,20000000,2,3,28.48888888888889,0.07020280811232449,0.7020280811232449,1.0,1.0,0.10530421216848673,2.0709828393135723,11.0,0.0,1503.0,817.0,194.0,19.0,1.0,45.0,33.0,146.0,0.0,23.4,16.811242881518265,0
['arthur'],2,5,Santa Lucia FC,10000,0,2,12.577777777777778,0.07950530035335689,0.39752650176678445,0.0,1.0,0.23851590106007067,0.8745583038869258,2.0,0.0,385.0,242.0,71.0,14.0,15.0,10.0,11.0,59.0,0.0,24.5,9.210440366976517,1
['zeki' 'amdouni'],12,5,Burnley FC,9000000,1,0,0.2777777777777778,,7.199999999999999,0.0,,,,,0.0,10.0,7.0,6.0,1.0,1.0,,,1.0,0.0,25.0,16.012735246411598,1
['bamo' 'meïté'],3,1,FC Lorient,4000000,0,1,21.8,,0.36697247706422015,0.0,1.0,0.13761467889908258,0.18348623853211007,2.0,0.0,723.0,299.0,101.0,7.0,65.0,24.0,15.0,64.0,0.0,24.0,15.201805169084134,1
['maxim' 'de' 'cuyper'],1,5,Brighton & Hove Albion,22000000,0,0,14.211111111111112,0.1407349491790461,0.5629397967161844,2.0,1.0,0.2111024237685692,1.6888193901485535,9.0,1.0,522.0,264.0,67.0,6.0,9.0,20.0,12.0,62.0,0.0,25.0,16.906553056777135,2
['giovanni' 'bonfanti'],8,5,Atalanta BC,1000000,0,3,5.5,,0.7272727272727273,0.0,,,0.5454545454545454,,0.0,91.0,33.0,22.0,5.0,9.0,3.0,6.0,19.0,0.0,21.4,13.815511557963774,1
['theo' 'bair'],12,5,FC Lausanne-Sport,1800000,1,1,0.08888888888888889,,,0.0,,,,,0.0,3.0,3.0,,,3.0,,,,0.0,26.3,14.403297778421795,1
['kevin' 'de' 'bruyne'],1,5,SSC Napoli,15000000,2,3,12.1,0.4132231404958678,1.5702479338842976,0.0,,0.08264462809917356,2.56198347107438,5.0,1.0,560.0,400.0,82.0,9.0,3.0,6.0,8.0,42.0,0.0,34.5,16.52356082573315,0
['alessandro' 'di' 'pardo'],8,5,Cagliari Calcio,800000,0,3,0.5888888888888889,,1.6981132075471697,0.0,,,,,0.0,13.0,4.0,,,,1.0,1.0,3.0,0.0,26.4,13.592368256649284,1
['jonah' 'kusi-asare'],16,5,Fulham FC,4000000,1,0,0.5444444444444445,,,0.0,,,1.8367346938775508,,0.0,11.0,11.0,2.0,,1.0,2.0,1.0,4.0,0.0,18.4,15.201805169084134,2
['mané'],15,5,UD Almería,500000,1,0,17.88888888888889,0.11180124223602485,1.7329192546583851,0.0,,0.055900621118012424,1.1180124223602483,4.0,1.0,266.0,200.0,136.0,28.0,8.0,43.0,12.0,63.0,2.0,33.1,13.122365377402328,1
['marvin' 'pieringer'],7,5,1.FC Heidenheim 1846,4500000,1,2,18.366666666666667,0.2177858439201452,1.5789473684210527,0.0,7.0,0.0544464609800363,0.8166969147005444,3.0,0.0,260.0,143.0,72.0,16.0,64.0,27.0,13.0,44.0,1.0,26.2,15.319588176962746,1
['keven' 'schlotterbeck'],7,5,FC Augsburg,6000000,0,2,22.566666666666666,,0.39881831610044316,0.0,1.0,0.04431314623338257,0.4874446085672083,1.0,0.0,1035.0,374.0,121.0,10.0,67.0,20.0,25.0,101.0,1.0,28.6,15.607270193858982,1
['hassane' 'kamara'],3,5,Udinese Calcio,3000000,0,3,19.88888888888889,,0.6536312849162011,0.0,1.0,0.10055865921787709,1.005586592178771,6.0,1.0,565.0,314.0,121.0,17.0,16.0,11.0,22.0,68.0,0.0,31.8,14.914123179965662,1
['alejandro' 'garnacho'],0,5,Chelsea FC,45000000,1,0,14.077777777777778,0.07103393843725335,1.6337805840568271,0.0,7.0,0.2841357537490134,1.7758484609313339,6.0,0.0,411.0,303.0,167.0,14.0,3.0,23.0,11.0,44.0,0.0,21.4,17.622173069956816,0
['jeff' 'ekhator'],8,8,Genoa CFC,7000000,1,3,10.488888888888889,0.2860169491525424,1.3347457627118644,0.0,4.0,,0.9533898305084746,1.0,0.0,105.0,68.0,35.0,12.0,26.0,19.0,8.0,32.0,1.0,19.1,15.76142084987672,2
['alfonso' 'trezza'],12,5,FC Arouca,1000000,1,4,25.87777777777778,0.347788750536711,1.3525118076427651,2.0,5.0,0.077286389008158,0.77286389008158,4.0,1.0,273.0,178.0,75.0,16.0,8.0,26.0,18.0,75.0,0.0,26.5,13.815511557963774,1
['alejandro' 'grimaldo'],15,8,Bayer 04 Leverkusen,24000000,0,2,28.044444444444444,0.28526148969889065,1.5332805071315372,0.0,4.0,0.28526148969889065,2.2107765451664028,16.0,0.0,1602.0,978.0,236.0,25.0,10.0,29.0,25.0,127.0,0.0,30.2,16.993564429978885,2
['máximo' 'perrone'],0,5,Como 1907,25000000,2,3,29.533333333333335,0.10158013544018057,0.47404063205417607,1.0,3.0,0.13544018058690743,0.8803611738148984,4.0,2.0,1926.0,999.0,165.0,9.0,12.0,22.0,37.0,128.0,0.0,23.0,17.034386422832473,1
['rui' 'duarte'],13,5,Clube Desportivo Estrela da Amadora,300000,2,4,,,,,,,,,0.0,,,,,,,,,0.0,34.8,12.611541086966115,1
['bukayo' 'saka'],5,5,Arsenal FC,130000000,1,0,23.72222222222222,0.29508196721311475,1.8969555035128807,1.0,8.0,0.1686182669789227,2.360655737704918,11.0,2.0,569.0,495.0,202.0,50.0,22.0,51.0,17.0,111.0,0.0,24.3,18.683045016112164,0
['souleymane' 'baba' 'diomandé'],3,5,Without Club,100000,0,1,22.711111111111112,0.08806262230919765,0.3082191780821918,0.0,2.0,0.08806262230919765,0.08806262230919765,1.0,0.0,808.0,251.0,101.0,4.0,38.0,25.0,18.0,79.0,0.0,24.5,11.51293546492023,1
['reece' 'welch'],5,5,Everton FC U21,250000,0,0,,,,,,,,,0.0,,,,,,,,,0.0,22.2,12.429220196836383,1
['kevin' 'kampl'],12,5,RB Leipzig,3500000,2,2,0.03333333333333333,,,0.0,,,,,0.0,1.0,,,,,,,1.0,0.0,33.6,15.068273812173887,2
['giovani' 'lo' 'celso'],0,5,Tottenham Hotspur,16000000,2,5,14.611111111111112,0.13688212927756652,1.3688212927756653,1.0,2.0,0.2053231939163498,1.847908745247148,6.0,0.0,719.0,481.0,97.0,15.0,10.0,41.0,13.0,70.0,0.0,28.1,16.588099342704055,0
['sebastian' 'nanasi'],16,5,RC Strasbourg Alsace,15000000,2,1,10.633333333333333,0.4702194357366771,1.316614420062696,1.0,6.0,0.18808777429467086,1.316614420062696,3.0,0.0,313.0,196.0,47.0,5.0,2.0,3.0,4.0,22.0,0.0,23.6,16.52356082573315,1
['ísak' 'jóhannesson'],12,2,Fortuna Düsseldorf,3500000,2,2,20.133333333333333,0.049668874172185434,0.49668874172185434,0.0,,0.09933774834437087,1.5397350993377483,2.0,1.0,758.0,459.0,106.0,6.0,10.0,5.0,14.0,71.0,0.0,21.2,15.068273812173887,1
['johan' 'manzambi'],12,8,SC Freiburg,30000000,2,2,23.26666666666667,0.2148997134670487,1.5472779369627505,0.0,5.0,0.17191977077363896,0.6876790830945558,6.0,0.0,793.0,443.0,227.0,33.0,33.0,78.0,13.0,110.0,1.0,20.2,17.216707972959764,1
['yahia' 'fofana'],3,5,Angers SCO,2500000,2,3,23.87777777777778,0.0837598883201489,1.4657980456026056,1.0,5.0,0.12563983248022334,1.382038157282457,5.0,0.0,650.0,389.0,114.0,13.0,9.0,16.0,17.0,86.0,0.0,23.2,14.731801689838349,1
['ebenezer' 'akinsanmiro'],11,5,Inter Milan Primavera,1800000,2,3,15.566666666666666,,0.7066381156316917,0.0,2.0,0.06423982869379015,0.9635974304068523,3.0,0.0,409.0,216.0,90.0,21.0,14.0,28.0,24.0,104.0,0.0,19.6,14.403297778421795,1
['edgar' 'gonzález'],15,5,UD Almería,3000000,1,0,,,,,,,,,0.0,,,,,,,,,0.0,27.2,14.914123179965662,1
['ryan' 'christie'],12,3,AFC Bournemouth,9000000,2,0,10.955555555555556,0.18255578093306288,1.3691683569979716,0.0,1.0,,1.0040567951318458,2.0,0.0,428.0,269.0,91.0,19.0,13.0,22.0,17.0,62.0,0.0,30.8,16.012735246411598,1
['williot' 'swedberg'],16,5,Celta de Vigo,5000000,2,5,12.544444444444444,0.31886625332152346,1.1160318866253323,3.0,3.0,0.39858281665190437,0.39858281665190437,4.0,0.0,211.0,144.0,51.0,9.0,2.0,33.0,18.0,29.0,0.0,20.3,15.424948670398354,1
['david' 'carmo'],12,5,Real Oviedo,10000000,0,5,19.855555555555558,0.05036373810856183,0.40290990486849465,0.0,,,0.35254616675993283,1.0,0.0,838.0,242.0,100.0,2.0,62.0,4.0,17.0,60.0,0.0,26.4,16.118095750958314,1
['filippo' 'romagna'],8,5,US Sassuolo,400000,0,3,3.5,,0.5714285714285714,0.0,,,,,0.0,165.0,38.0,19.0,,3.0,1.0,1.0,9.0,0.0,26.1,12.899222326086994,1
['andrew' 'davies'],5,5,Dundee FC,250000,0,2,5.811111111111111,0.17208413001912046,0.6883365200764818,1.0,1.0,0.5162523900573613,1.0325047801147227,2.0,0.0,337.0,201.0,71.0,13.0,6.0,5.0,6.0,51.0,0.0,34.7,12.429220196836383,1
['bingourou' 'kamara'],14,5,Montpellier HSC,800000,2,0,15.755555555555556,0.06346967559943582,0.2538787023977433,1.0,2.0,0.19040902679830746,0.7616361071932298,,0.0,722.0,392.0,83.0,14.0,36.0,30.0,17.0,65.0,0.0,26.7,13.592368256649284,2
['gustav' 'isaksen'],4,5,SS Lazio,17000000,1,3,17.755555555555556,0.2816020025031289,1.9148936170212765,2.0,8.0,0.05632040050062578,0.9011264080100124,,0.0,414.0,277.0,148.0,27.0,11.0,57.0,8.0,62.0,0.0,24.7,16.648723960844016,2
['robin' 'koch'],7,5,Eintracht Frankfurt,15000000,0,2,31.5,0.09523809523809523,0.4126984126984127,0.0,1.0,0.031746031746031744,0.2857142857142857,1.0,0.0,1963.0,692.0,164.0,2.0,108.0,13.0,22.0,108.0,1.0,29.4,16.52356082573315,2
['mathias' 'honsak'],12,5,1.FC Heidenheim 1846,2000000,1,2,13.866666666666667,0.14423076923076922,1.7307692307692306,1.0,4.0,0.07211538461538461,0.7211538461538461,2.0,1.0,222.0,137.0,67.0,15.0,16.0,15.0,12.0,67.0,0.0,29.0,14.508658238524095,1
['salis' 'abdul' 'samed'],12,5,RC Lens,8000000,2,1,10.144444444444446,,0.0985761226725082,0.0,,,0.0985761226725082,,0.0,405.0,155.0,40.0,2.0,6.0,10.0,6.0,33.0,0.0,24.2,15.894952224644102,2
['jeffrey' 'gouweleeuw'],10,5,FC Augsburg,1000000,0,2,9.455555555555556,,0.42303172737955347,0.0,,0.10575793184488837,0.42303172737955347,,0.0,294.0,114.0,45.0,2.0,14.0,3.0,12.0,33.0,0.0,34.4,13.815511557963774,1
['wendel'],2,5,Zenit St. Petersburg,15000000,1,4,10.18888888888889,0.09814612868047981,0.8833151581243184,0.0,3.0,0.19629225736095962,0.5888767720828789,2.0,0.0,116.0,62.0,19.0,1.0,17.0,10.0,1.0,15.0,0.0,28.3,16.52356082573315,1
['albert' 'sambi' 'lokonga'],1,5,Luton Town,15000000,2,2,19.022222222222222,0.2628504672897196,0.8411214953271028,1.0,,,1.314252336448598,,0.0,670.0,329.0,90.0,8.0,22.0,27.0,12.0,61.0,1.0,24.6,16.52356082573315,1
['antoine' 'joujou'],6,5,FC Famalicão,2000000,1,3,,,,,,,,,0.0,,,,,,,,,0.0,22.8,14.508658238524095,1
['marc' 'guiu'],15,5,FC Barcelona,7500000,1,0,2.9555555555555557,,3.7218045112781954,0.0,3.0,0.3383458646616541,0.6766917293233082,1.0,0.0,22.0,17.0,6.0,1.0,5.0,2.0,,4.0,0.0,18.4,15.830413711839864,0
['joe' 'hodge'],12,5,CD Tondela,700000,2,4,15.811111111111112,0.06324666198172874,0.8854532677442023,0.0,1.0,0.06324666198172874,1.0751932536893887,2.0,1.0,465.0,272.0,56.0,7.0,2.0,6.0,16.0,84.0,0.0,23.3,13.45883704259595,1
['andré' 'santos'],2,5,Boluspor,100000,2,0,12.944444444444445,,0.6180257510729613,0.0,3.0,,0.6180257510729613,1.0,0.0,680.0,334.0,59.0,2.0,14.0,21.0,14.0,45.0,0.0,35.2,11.51293546492023,1
['adrien' 'tamèze'],6,5,Torino FC,2000000,2,3,12.422222222222222,,0.24150268336314848,0.0,,,0.6440071556350626,,0.0,413.0,188.0,56.0,,19.0,7.0,11.0,58.0,0.0,31.9,14.508658238524095,2
['nathaniel' 'adjei'],12,5,FC Lorient,2500000,0,1,8.444444444444445,,0.47368421052631576,0.0,1.0,,0.11842105263157894,,0.0,340.0,114.0,56.0,1.0,8.0,6.0,7.0,19.0,0.0,21.8,14.731801689838349,1
['pascal' 'struijk'],10,5,Leeds United,18000000,0,0,31.633333333333333,,0.7270811380400422,0.0,4.0,0.03161222339304531,0.34773445732349845,2.0,0.0,1567.0,497.0,166.0,4.0,108.0,21.0,23.0,116.0,0.0,23.9,16.705882371415992,2
['rui' 'rêgo'],13,5,SC Beira-Mar,800000,1,4,1.2444444444444445,,1.6071428571428572,0.0,,,1.6071428571428572,,0.0,30.0,19.0,12.0,9.0,,2.0,2.0,7.0,0.0,33.3,13.592368256649284,1
['tom' 'rothe'],7,5,1.FC Union Berlin,10000000,0,2,11.366666666666667,0.1759530791788856,1.2316715542521994,0.0,,,0.9677419354838709,1.0,0.0,276.0,141.0,56.0,7.0,26.0,6.0,14.0,45.0,0.0,21.1,16.118095750958314,1
['assis'],2,5,Boavista FC,200000,2,4,9.833333333333334,0.10169491525423728,0.4067796610169491,0.0,2.0,0.10169491525423728,0.5084745762711864,,0.0,468.0,207.0,33.0,3.0,19.0,14.0,8.0,51.0,0.0,29.7,12.206077645517674,1
['chem' 'campbell'],12,5,Stevenage FC,1000000,1,2,1.0,,1.0,0.0,,,3.0,,0.0,27.0,26.0,5.0,1.0,,1.0,,1.0,0.0,22.9,13.815511557963774,1
['alessandro' 'zanoli'],8,5,US Salernitana 1919,5000000,0,3,14.333333333333334,0.06976744186046512,0.20930232558139533,0.0,,0.13953488372093023,0.9069767441860465,3.0,0.0,280.0,158.0,63.0,14.0,17.0,5.0,19.0,50.0,0.0,23.7,15.424948670398354,1
['otar' 'mamageishvili'],12,5,FC Famalicão,700000,2,4,1.3333333333333335,,0.7499999999999999,0.0,1.0,,0.7499999999999999,,0.0,26.0,11.0,5.0,1.0,2.0,2.0,1.0,3.0,0.0,22.9,13.45883704259595,1
['raúl' 'fernández'],15,5,Granada CF,200000,1,5,25.48888888888889,0.2353966870095902,1.6870095902353965,2.0,7.0,0.1176983435047951,0.5884917175239756,6.0,0.0,242.0,153.0,45.0,9.0,58.0,43.0,5.0,56.0,1.0,36.2,12.206077645517674,1
['bruno' 'langa'],12,5,UD Almería,1500000,0,4,9.944444444444445,,0.10055865921787709,0.0,,,0.8044692737430167,2.0,0.0,211.0,99.0,41.0,13.0,6.0,18.0,9.0,32.0,0.0,26.6,14.220976332738882,1
['ismael' 'sierra'],15,5,Villarreal CF B,200000,0,5,,,,,,,,,0.0,,,,,,,,,0.0,22.8,12.206077645517674,1
['rômulo'],8,5,Without Club,300000,1,2,24.48888888888889,0.367513611615245,2.2050816696914697,3.0,22.0,0.16333938294010888,0.8575317604355717,6.0,1.0,418.0,268.0,52.0,11.0,53.0,20.0,20.0,71.0,0.0,35.8,12.611541086966115,1
['nicolas' 'seiwald'],12,3,RB Leipzig,16000000,2,2,30.033333333333335,,0.4328523862375139,0.0,2.0,0.06659267480577136,0.4328523862375139,3.0,0.0,1284.0,608.0,115.0,8.0,33.0,6.0,46.0,117.0,0.0,23.1,16.588099342704055,2
['leonidas' 'stergiou'],12,3,VfB Stuttgart,3500000,0,2,2.2666666666666666,,0.4411764705882353,0.0,,,,,0.0,59.0,23.0,7.0,1.0,5.0,1.0,4.0,8.0,0.0,23.8,15.068273812173887,2
['clemens' 'riedel'],7,7,SV Darmstadt 98,2000000,0,5,14.522222222222222,,0.13771996939556236,0.0,,0.06885998469778118,0.20657995409334354,,0.0,687.0,163.0,70.0,1.0,32.0,6.0,13.0,51.0,0.0,20.9,14.508658238524095,1
['javi' 'llabrés'],15,5,RCD Mallorca,800000,1,5,1.9444444444444444,,2.5714285714285716,0.0,2.0,,0.5142857142857143,,0.0,48.0,31.0,8.0,1.0,1.0,3.0,2.0,7.0,0.0,23.3,13.592368256649284,1
['manuel' 'lazzari'],8,5,SS Lazio,2500000,2,3,10.277777777777779,,0.29189189189189185,0.0,,,0.19459459459459458,,0.0,333.0,166.0,103.0,10.0,3.0,18.0,9.0,38.0,0.0,32.1,14.731801689838349,2
['ricardo' 'horta'],13,5,SC Braga,10000000,1,4,23.87777777777778,0.5863192182410423,2.0939972080037226,4.0,4.0,0.1675197766402978,1.8845974872033502,6.0,2.0,1012.0,771.0,97.0,9.0,5.0,17.0,19.0,62.0,1.0,31.3,16.118095750958314,1
['lucas' 'digne'],6,5,Aston Villa,8000000,0,0,20.57777777777778,,0.3887688984881209,0.0,,0.2915766738660907,0.9719222462203023,4.0,0.0,591.0,356.0,73.0,4.0,35.0,12.0,28.0,63.0,0.0,32.4,15.894952224644102,2
['mario' 'pašalić'],12,5,Atalanta BC,7000000,2,3,20.166666666666668,0.1487603305785124,0.743801652892562,0.0,2.0,0.1983471074380165,1.6363636363636362,7.0,0.0,1157.0,653.0,165.0,7.0,26.0,6.0,17.0,99.0,0.0,30.9,15.76142084987672,1
['niklas' 'dorsch'],7,5,1.FC Heidenheim 1846,3000000,2,2,25.22222222222222,,0.3568281938325991,0.0,,0.039647577092511016,0.9118942731277533,5.0,0.0,872.0,416.0,119.0,12.0,15.0,27.0,30.0,140.0,0.0,27.9,14.914123179965662,1
['luís' 'rocha'],13,5,CD Santa Clara,100000,0,4,13.0,,0.15384615384615385,0.0,,,0.07692307692307693,,0.0,615.0,160.0,67.0,1.0,18.0,6.0,7.0,36.0,0.0,39.3,11.51293546492023,1
['saad' 'agouzoul'],9,5,Omonia Nicosia,500000,0,1,,,,,,,,,0.0,,,,,,,,,0.0,28.4,13.122365377402328,1
['noni' 'madueke'],5,5,Arsenal FC,50000000,1,0,12.6,0.15873015873015872,1.1111111111111112,0.0,2.0,0.07936507936507936,1.4285714285714286,5.0,0.0,283.0,236.0,112.0,26.0,10.0,15.0,10.0,32.0,0.0,23.8,17.72753358339242,0
['arthur' 'atta'],6,5,Udinese Calcio,15000000,2,3,26.477777777777778,0.1888375996642887,1.3596307175828788,1.0,3.0,0.11330255979857323,1.0952580780528745,5.0,0.0,793.0,523.0,238.0,61.0,21.0,31.0,15.0,105.0,0.0,22.9,16.52356082573315,1
['wesley' 'fofana'],6,5,Chelsea FC,28000000,0,0,17.58888888888889,,0.28427037271004424,0.0,,0.056854074542008845,0.11370814908401769,1.0,0.0,1077.0,392.0,120.0,10.0,66.0,15.0,10.0,73.0,0.0,25.0,17.147715103853763,0
['mathis' 'saka'],6,5,Rodez AF,150000,2,1,0.07777777777777778,,,0.0,,,,,0.0,2.0,2.0,,,,,,,0.0,19.2,11.918397239722838,1
['vítor' 'carvalho'],2,5,SC Braga,4000000,2,4,11.811111111111112,0.16933207902163686,0.761994355597366,2.0,,0.08466603951081843,0.2539981185324553,1.0,0.0,800.0,235.0,97.0,,31.0,12.0,7.0,38.0,1.0,28.6,15.201805169084134,1
['yannik' 'keitel'],7,5,VfB Stuttgart,2000000,2,2,2.7444444444444445,,,0.0,,,,,0.0,72.0,31.0,9.0,,8.0,2.0,4.0,2.0,0.0,25.8,14.508658238524095,2
['josé' 'izquierdo'],12,5,Without Club,350000,0,5,0.2777777777777778,,,0.0,,,,,0.0,11.0,5.0,1.0,,,,,3.0,0.0,31.3,12.765691290604371,1
['abdelhamid' 'sabiri'],9,5,Al-Fayha FC,2200000,2,3,0.2777777777777778,,3.5999999999999996,0.0,,,10.799999999999999,,0.0,13.0,12.0,1.0,,,1.0,2.0,2.0,0.0,27.5,14.603968372873895,1
['oumar' 'camara'],12,5,Nantong Zhiyun,150000,0,1,29.211111111111112,0.03423354887790034,0.4108025865348041,0.0,,,0.13693419551160135,,0.0,1203.0,242.0,104.0,3.0,51.0,7.0,30.0,108.0,0.0,30.9,11.918397239722838,1
['clayton'],2,5,Londrina Esporte Clube (PR),350000,1,4,17.77777777777778,0.5625,1.7999999999999998,1.0,7.0,0.22499999999999998,0.39375,6.0,0.0,173.0,97.0,55.0,6.0,23.0,58.0,2.0,35.0,1.0,27.7,12.765691290604371,1
['bruno' 'lourenço'],13,5,Boavista FC,700000,1,4,2.588888888888889,,1.5450643776824033,0.0,2.0,,1.5450643776824033,,0.0,66.0,41.0,8.0,2.0,3.0,6.0,4.0,13.0,0.0,26.3,13.45883704259595,1
['cristian' 'álvarez'],0,5,Real Zaragoza,100000,2,5,21.07777777777778,0.1423299947285187,0.9014232999472851,1.0,2.0,0.0474433315761729,1.850289931470743,6.0,0.0,531.0,368.0,124.0,19.0,4.0,49.0,11.0,92.0,1.0,37.6,11.51293546492023,1
['eren' 'dinkçi'],12,5,SC Freiburg,6000000,1,2,15.333333333333334,0.19565217391304346,1.5652173913043477,0.0,4.0,0.06521739130434782,0.6521739130434783,,0.0,286.0,180.0,84.0,11.0,4.0,5.0,15.0,81.0,1.0,24.0,15.607270193858982,1
['cassiano'],2,5,Casa Pia AC,150000,1,4,20.922222222222224,0.28677642060541686,1.242697822623473,2.0,8.0,,0.4779607010090281,1.0,0.0,154.0,105.0,36.0,4.0,74.0,53.0,12.0,45.0,1.0,36.5,11.918397239722838,1
['jordan' 'james'],12,9,Leicester City,8000000,2,1,,,,,,,,,0.0,,,,,,,,,0.0,21.4,15.894952224644102,2
['lucas' 'cunha'],2,5,Red Bull Bragantino,2500000,2,3,29.533333333333335,0.13544018058690743,0.9480812641083521,2.0,6.0,0.13544018058690743,1.3544018058690743,10.0,0.0,1734.0,977.0,185.0,22.0,17.0,19.0,31.0,164.0,0.0,26.5,14.731801689838349,1
['yago' 'santiago'],15,5,Tottenham Hotspur U21,200000,1,5,3.088888888888889,,,0.0,,,0.6474820143884892,,0.0,89.0,65.0,19.0,4.0,2.0,2.0,1.0,12.0,0.0,20.7,12.206077645517674,1
['hélder' 'tavares'],12,5,FC Voluntari,200000,2,4,6.544444444444444,,,0.0,,,0.30560271646859083,,0.0,154.0,81.0,7.0,,12.0,10.0,10.0,32.0,0.0,33.5,12.206077645517674,1
['nikola' 'milenković'],12,5,Nottingham Forest,30000000,0,0,36.5,,0.3835616438356164,0.0,2.0,,0.0273972602739726,1.0,0.0,1292.0,383.0,117.0,3.0,86.0,20.0,17.0,104.0,0.0,28.2,17.216707972959764,2
['telmo' 'arcanjo'],12,5,Vitória Guimarães SC,3000000,2,4,13.811111111111112,0.07240547063555913,1.3757039420756234,0.0,,,2.1721641190667738,3.0,1.0,318.0,242.0,96.0,19.0,11.0,35.0,15.0,54.0,0.0,24.5,14.914123179965662,1
['nico' 'schlotterbeck'],7,5,Borussia Dortmund,55000000,0,2,28.0,0.17857142857142858,0.75,1.0,2.0,0.03571428571428571,0.39285714285714285,1.0,0.0,1752.0,816.0,263.0,15.0,66.0,27.0,37.0,142.0,1.0,26.1,17.822843761378564,2
['kai' 'havertz'],7,6,Arsenal FC,55000000,1,0,5.166666666666667,0.1935483870967742,1.7419354838709677,0.0,5.0,0.3870967741935484,0.5806451612903225,,0.0,82.0,60.0,19.0,3.0,16.0,8.0,5.0,12.0,0.0,26.5,17.822843761378564,0
['lukas' 'ullrich'],7,5,Borussia Mönchengladbach,7000000,0,2,14.511111111111111,,0.5513016845329249,0.0,,,0.9647779479326187,1.0,0.0,379.0,175.0,75.0,9.0,10.0,11.0,16.0,52.0,0.0,21.8,15.76142084987672,2
['raphinha'],2,5,FC Barcelona,50000000,1,5,14.722222222222223,0.7471698113207547,2.9886792452830186,3.0,5.0,0.20377358490566036,2.4452830188679244,10.0,2.0,488.0,384.0,125.0,20.0,3.0,9.0,6.0,44.0,1.0,27.5,17.72753358339242,0
['luken' 'beitia'],15,5,Real Sociedad B,300000,0,5,0.044444444444444446,,,0.0,,,,,0.0,1.0,,,,,1.0,,1.0,0.0,21.5,12.611541086966115,1
['kiki'],13,5,Ural Yekaterinburg,500000,0,4,17.0,,0.35294117647058826,0.0,,,0.9411764705882353,2.0,1.0,367.0,206.0,68.0,6.0,30.0,18.0,23.0,78.0,0.0,29.5,13.122365377402328,1
['jean-philippe' 'gbamin'],3,5,Without Club,4000000,2,1,27.366666666666667,0.03654080389768575,0.3654080389768575,0.0,1.0,0.03654080389768575,0.5115712545676004,3.0,0.0,1560.0,462.0,240.0,26.0,27.0,8.0,25.0,163.0,0.0,28.1,15.201805169084134,1
['marcos' 'senesi'],0,6,AFC Bournemouth,22000000,0,0,34.55555555555556,,0.37620578778135044,0.0,2.0,0.14469453376205788,0.5498392282958199,7.0,0.0,1686.0,739.0,360.0,6.0,88.0,36.0,32.0,146.0,1.0,28.6,16.906553056777135,1
['sebastiano' 'luperto'],8,5,Cagliari Calcio,4000000,0,3,30.57777777777778,0.03270348837209302,0.22892441860465115,0.0,1.0,0.03270348837209302,0.13081395348837208,4.0,0.0,1303.0,275.0,127.0,5.0,29.0,27.0,20.0,78.0,0.0,29.3,15.201805169084134,1
['milos' 'kerkez'],12,5,Liverpool FC,40000000,0,0,25.033333333333335,0.07989347536617843,0.2796271637816245,0.0,,0.03994673768308921,0.9986684420772303,3.0,0.0,909.0,541.0,146.0,12.0,33.0,30.0,26.0,87.0,0.0,22.1,17.50439003707821,0
['dávid' 'hancko'],12,5,Atlético de Madrid,30000000,0,5,25.544444444444444,,0.665506742061766,0.0,2.0,0.078294910830796,0.430622009569378,4.0,0.0,1206.0,526.0,202.0,8.0,42.0,4.0,27.0,82.0,0.0,28.0,17.216707972959764,0
['witi'],12,5,CD Nacional,350000,1,4,10.38888888888889,0.0962566844919786,1.5401069518716577,0.0,5.0,0.0962566844919786,1.4438502673796791,2.0,0.0,143.0,112.0,70.0,8.0,6.0,12.0,9.0,49.0,0.0,26.8,12.765691290604371,1
['petar' 'sučić'],12,5,Inter Milan,30000000,2,3,17.788888888888888,0.11242973141786385,0.7870081199250469,0.0,2.0,0.11242973141786385,1.2929419113054341,5.0,0.0,895.0,549.0,168.0,15.0,10.0,23.0,20.0,71.0,0.0,22.2,17.216707972959764,0
['oier' 'zarraga'],15,5,Udinese Calcio,1800000,2,3,4.966666666666667,,0.40268456375838924,0.0,1.0,,0.40268456375838924,1.0,0.0,140.0,83.0,17.0,1.0,8.0,5.0,6.0,26.0,0.0,27.0,14.403297778421795,1
['chiquinho'],13,5,Olympiacos Piraeus,5000000,1,4,16.57777777777778,0.12064343163538872,1.0254691689008042,2.0,3.0,0.24128686327077745,1.0857908847184985,10.0,0.0,183.0,146.0,119.0,34.0,9.0,75.0,16.0,61.0,2.0,30.4,15.424948670398354,1
['devyne' 'rensch'],10,5,AS Roma,8500000,0,3,12.11111111111111,0.08256880733944955,0.3302752293577982,0.0,1.0,0.3302752293577982,0.41284403669724773,3.0,0.0,402.0,235.0,35.0,4.0,10.0,17.0,16.0,40.0,1.0,22.9,15.955576839107596,2
['ardian' 'ismajli'],12,5,Torino FC,6000000,0,3,20.18888888888889,,0.2971931755641167,0.0,1.0,0.04953219592735278,0.14859658778205834,1.0,0.0,810.0,248.0,72.0,2.0,50.0,17.0,14.0,59.0,0.0,29.2,15.607270193858982,2
['adolfo' 'martínez'],15,5,Club Polideportivo El Ejido,100000,0,5,28.255555555555556,0.03539127015336217,0.424695241840346,1.0,1.0,0.1061738104600865,0.7432166732206056,7.0,0.0,1167.0,508.0,184.0,12.0,31.0,30.0,36.0,114.0,0.0,25.1,11.51293546492023,1
['joão' 'pedro'],13,5,FC Penafiel,100000,1,0,28.711111111111112,0.5224458204334365,1.741486068111455,5.0,11.0,0.1741486068111455,0.8359133126934984,6.0,0.0,515.0,343.0,127.0,37.0,71.0,54.0,17.0,69.0,3.0,32.9,11.51293546492023,1
['amath' 'ndiaye'],14,5,Real Valladolid CF,1500000,0,3,8.344444444444445,,0.7190412782956058,0.0,1.0,,0.11984021304926763,,0.0,342.0,90.0,29.0,2.0,24.0,12.0,9.0,27.0,0.0,27.9,14.220976332738882,1
['carl' 'starfelt'],16,5,Celta de Vigo,6000000,0,5,16.57777777777778,,0.24128686327077745,0.0,2.0,,0.06032171581769436,,0.0,973.0,223.0,84.0,1.0,31.0,8.0,14.0,50.0,0.0,29.0,15.607270193858982,1
['benedict' 'hollerbach'],7,5,1.FSV Mainz 05,10000000,1,2,9.8,0.1020408163265306,1.530612244897959,0.0,5.0,0.2040816326530612,0.2040816326530612,3.0,0.0,133.0,91.0,63.0,12.0,17.0,13.0,8.0,31.0,0.0,24.6,16.118095750958314,1
['vladyslav' 'vanat'],12,5,Girona FC,15000000,1,5,21.77777777777778,0.41326530612244894,1.010204081632653,3.0,9.0,0.04591836734693877,0.5051020408163265,3.0,0.0,213.0,104.0,36.0,9.0,17.0,17.0,3.0,24.0,1.0,23.9,16.52356082573315,2
['allan' 'tchaptchet'],6,5,Grenoble Foot 38,600000,0,4,,,,,,,,,0.0,,,,,,,,,0.0,21.8,13.304686600863562,1
['charalampos' 'lykogiannis'],12,5,Bologna FC 1909,1500000,0,3,6.966666666666667,,0.5741626794258373,0.0,,0.14354066985645933,1.7224880382775118,1.0,0.0,228.0,136.0,26.0,3.0,7.0,1.0,9.0,26.0,0.0,32.2,14.220976332738882,2
['ernest' 'poku'],10,5,AZ Alkmaar,1300000,1,2,16.48888888888889,0.30323450134770885,1.0916442048517518,3.0,4.0,0.30323450134770885,1.334231805929919,4.0,1.0,464.0,345.0,167.0,28.0,3.0,17.0,7.0,44.0,0.0,20.3,14.077875591662238,1
['alejandro' 'rego'],15,3,Athletic Bilbao,3000000,2,5,13.511111111111111,0.07401315789473684,0.37006578947368424,1.0,,0.07401315789473684,0.7401315789473685,1.0,0.0,410.0,232.0,43.0,8.0,14.0,5.0,18.0,67.0,0.0,22.5,14.914123179965662,1
['mahmoud' 'dahoud'],12,5,Eintracht Frankfurt,2000000,2,2,7.955555555555556,0.25139664804469275,1.2569832402234637,0.0,,0.3770949720670391,0.5027932960893855,,0.0,296.0,170.0,30.0,5.0,5.0,2.0,7.0,36.0,0.0,30.0,14.508658238524095,2
['christian' 'mawissa'],6,5,AS Monaco,15000000,0,1,12.233333333333334,,0.08174386920980926,0.0,1.0,,0.24523160762942778,,0.0,696.0,303.0,117.0,16.0,20.0,12.0,24.0,71.0,0.0,20.7,16.52356082573315,1
['danny' 'namaso'],12,5,AJ Auxerre,5000000,1,1,27.255555555555556,0.110069302894415,1.4675907052588666,1.0,8.0,0.110069302894415,1.0640032613126784,5.0,0.0,577.0,391.0,138.0,33.0,45.0,47.0,22.0,113.0,0.0,25.3,15.424948670398354,1
['leo' 'fuhr' 'hjelde'],12,5,Leeds United,1500000,0,0,,,,,,,,,0.0,,,,,,,,,0.0,19.8,14.220976332738882,2
['kikas'],13,5,CF Estrela Amadora,1000000,1,4,13.466666666666667,0.44554455445544555,1.8564356435643565,1.0,8.0,0.07425742574257425,0.594059405940594,1.0,0.0,119.0,55.0,25.0,1.0,9.0,11.0,1.0,16.0,0.0,27.3,13.815511557963774,1
['donny' 'van' 'de' 'beek'],10,5,Girona FC,2000000,2,5,0.45555555555555555,,4.390243902439025,0.0,,,,,0.0,12.0,8.0,,,,,,3.0,0.0,28.7,14.508658238524095,2
['simon' 'adingra'],3,5,Sunderland AFC,22000000,1,0,7.311111111111112,0.13677811550151975,0.547112462006079,0.0,1.0,,0.9574468085106382,2.0,0.0,122.0,82.0,46.0,7.0,9.0,3.0,8.0,20.0,0.0,23.9,16.906553056777135,1
['tosin' 'adarabioyo'],5,5,Chelsea FC,20000000,0,0,8.766666666666667,,0.11406844106463877,0.0,,,0.11406844106463877,1.0,0.0,685.0,203.0,80.0,,41.0,,8.0,22.0,0.0,28.2,16.811242881518265,0
['óscar' 'mingueza'],15,9,Celta de Vigo,8000000,0,5,21.344444444444445,0.04685059864653826,0.4685059864653826,0.0,,0.18740239458615304,1.1712649661634564,7.0,2.0,1031.0,626.0,129.0,15.0,14.0,28.0,19.0,79.0,0.0,25.1,15.894952224644102,1
['luca' 'ranieri'],8,5,ACF Fiorentina,7000000,0,3,27.366666666666667,0.03654080389768575,0.43848964677222896,0.0,3.0,,0.2557856272838002,2.0,0.0,1211.0,475.0,118.0,6.0,47.0,27.0,24.0,74.0,0.0,26.7,15.76142084987672,2
['wout' 'faes'],1,5,Leicester City,12000000,0,1,11.677777777777779,,0.3425309229305423,0.0,1.0,,,,0.0,650.0,287.0,92.0,1.0,23.0,3.0,11.0,37.0,0.0,27.7,16.300417291085605,2
['kassim' 'abdallah'],12,5,Marignane Gignac FC,150000,1,1,,,,,,,,,0.0,,,,,,,,,0.0,34.7,11.918397239722838,1
['luquinhas'],2,5,New York Red Bulls,3000000,1,4,2.3222222222222224,,0.8612440191387559,0.0,1.0,,,,0.0,50.0,25.0,9.0,1.0,2.0,6.0,4.0,8.0,0.0,26.9,14.914123179965662,1
['toma' 'bašić'],12,5,SS Lazio,2500000,2,3,18.400000000000002,0.10869565217391303,1.2499999999999998,1.0,,0.16304347826086954,0.9782608695652173,5.0,0.0,703.0,357.0,62.0,1.0,19.0,19.0,14.0,57.0,0.0,29.1,14.731801689838349,2
['marco' 'soares'],12,5,FC Arouca,50000,2,1,0.12222222222222223,8.181818181818182,8.181818181818182,1.0,,,8.181818181818182,1.0,0.0,3.0,1.0,1.0,,,,,1.0,0.0,38.0,10.819798284210286,1
['edson' 'álvarez'],12,5,Fenerbahce,22000000,2,0,,,,,,,,,0.0,,,,,,,,,0.0,28.1,16.906553056777135,1
['hakan' 'çalhanoğlu'],12,9,Inter Milan,22000000,2,3,18.322222222222223,0.49120679199514855,2.0194057004244996,1.0,1.0,0.2183141297756216,2.0194057004244996,7.0,0.0,1261.0,768.0,145.0,5.0,13.0,11.0,18.0,102.0,0.0,31.9,16.906553056777135,0
['matthis' 'abline'],6,8,FC Nantes,20000000,1,1,27.744444444444447,0.21625951141369643,1.9823788546255505,1.0,8.0,0.14417300760913093,0.9371245494593511,7.0,0.0,291.0,231.0,173.0,51.0,34.0,42.0,13.0,71.0,2.0,22.7,16.811242881518265,1
['marcão'],2,5,KVC Westerlo,100000,0,5,10.411111111111111,,0.576307363927428,0.0,1.0,,,,0.0,407.0,115.0,81.0,1.0,27.0,21.0,5.0,32.0,0.0,26.7,11.51293546492023,1
['dodô'],2,5,FK Liepaja,150000,0,3,33.87777777777778,0.02951787471302066,0.5903574942604132,0.0,1.0,0.05903574942604132,1.4168579862249917,8.0,0.0,1130.0,661.0,344.0,46.0,17.0,52.0,18.0,169.0,0.0,36.1,11.918397239722838,1
['mateu' 'morey'],15,5,RCD Mallorca,1500000,0,5,7.777777777777778,0.1285714285714286,0.38571428571428573,0.0,,,0.38571428571428573,1.0,0.0,184.0,105.0,25.0,4.0,6.0,10.0,7.0,29.0,0.0,25.8,14.220976332738882,1
['wesley' 'saïd'],6,8,RC Lens,4000000,1,1,21.333333333333336,0.46874999999999994,2.1093749999999996,6.0,13.0,0.09374999999999999,1.1249999999999998,10.0,0.0,557.0,328.0,96.0,25.0,15.0,13.0,14.0,57.0,0.0,30.7,15.201805169084134,2
['derrick' 'köhn'],12,5,1.FC Union Berlin,4000000,0,2,21.133333333333333,0.04731861198738171,0.8990536277602524,0.0,2.0,0.09463722397476342,1.0883280757097793,5.0,1.0,425.0,260.0,81.0,11.0,6.0,16.0,23.0,88.0,0.0,26.9,15.201805169084134,1
['riccardo' 'orsolini'],8,5,Bologna FC 1909,25000000,1,3,23.26666666666667,0.3868194842406876,2.7507163323782233,2.0,7.0,0.04297994269340974,1.0744985673352434,1.0,0.0,388.0,280.0,120.0,32.0,28.0,43.0,13.0,64.0,0.0,28.9,17.034386422832473,2
['rodrigo' 'pinho'],2,5,CF Estrela Amadora,200000,1,4,13.166666666666668,0.30379746835443033,2.4303797468354427,1.0,5.0,0.07594936708860758,0.5316455696202531,2.0,0.0,110.0,54.0,22.0,8.0,27.0,23.0,4.0,30.0,1.0,34.6,12.206077645517674,1
['valentín' 'barco'],0,4,Brighton & Hove Albion,13000000,2,1,23.455555555555556,0.08526764566556135,0.7674088109900521,0.0,3.0,0.1705352913311227,1.3642823306489815,13.0,2.0,1309.0,625.0,207.0,24.0,9.0,61.0,29.0,127.0,0.0,19.8,16.380459992348886,2
['emirhan' 'i̇lkhan'],12,5,Basaksehir FK,3000000,2,3,9.555555555555555,0.10465116279069768,0.7325581395348837,1.0,2.0,0.20930232558139536,0.9418604651162791,2.0,0.0,340.0,166.0,41.0,6.0,11.0,17.0,17.0,49.0,0.0,20.0,14.914123179965662,1
['davide' 'zappacosta'],8,5,Atalanta BC,3500000,0,3,27.18888888888889,0.1103391908459338,0.8091540662035145,2.0,2.0,0.1103391908459338,1.2505108295872496,2.0,0.0,915.0,533.0,185.0,25.0,10.0,8.0,13.0,93.0,0.0,33.5,15.068273812173887,1
['gabriel' 'veron'],2,5,Cruzeiro Esporte Clube,7000000,1,4,9.233333333333334,0.10830324909747291,1.083032490974729,1.0,2.0,,0.5415162454873645,,0.0,150.0,106.0,32.0,4.0,7.0,9.0,15.0,32.0,0.0,21.8,15.76142084987672,1
['hicham' 'boudaoui'],12,5,OGC Nice,12000000,2,1,18.322222222222223,0.0545785324439054,0.7640994542146755,1.0,3.0,0.1091570648878108,0.7640994542146755,3.0,0.0,555.0,279.0,112.0,15.0,11.0,37.0,16.0,96.0,0.0,26.2,16.300417291085605,2
['farès' 'chaïbi'],12,9,Eintracht Frankfurt,15000000,2,2,19.96666666666667,0.10016694490818029,0.9515859766277127,1.0,5.0,0.4507512520868113,1.5525876460767944,11.0,0.0,631.0,416.0,98.0,11.0,23.0,21.0,17.0,82.0,0.0,23.1,16.52356082573315,2
['lawrence' 'ofori'],12,5,Moreirense FC,2000000,2,4,9.1,,0.43956043956043955,0.0,1.0,0.10989010989010989,0.989010989010989,3.0,0.0,216.0,131.0,26.0,6.0,1.0,10.0,8.0,42.0,0.0,27.5,14.508658238524095,1
['arnaut' 'danjuma'],10,5,Everton FC,13000000,1,5,18.07777777777778,0.16594960049170251,1.5488629379225567,0.0,8.0,0.11063306699446834,0.8297480024585125,6.0,0.0,304.0,206.0,128.0,27.0,8.0,22.0,11.0,66.0,1.0,27.3,16.380459992348886,2
['keane' 'lewis-potter'],5,5,Brentford FC,15000000,1,0,19.87777777777778,0.15092230296254888,0.9055338177752934,1.0,2.0,0.15092230296254888,0.7546115148127445,6.0,0.0,391.0,240.0,97.0,15.0,11.0,34.0,13.0,85.0,0.0,23.3,16.52356082573315,2
['lennard' 'maloney'],12,5,1.FSV Mainz 05,3500000,2,2,5.2444444444444445,,0.5720338983050848,0.0,1.0,,0.1906779661016949,,0.0,125.0,33.0,7.0,,22.0,3.0,7.0,20.0,0.0,26.2,15.068273812173887,1
['maximiliano' 'olivera'],12,5,FC Juárez,1500000,0,3,14.711111111111112,,0.5438066465256797,0.0,2.0,,0.6797583081570997,,0.0,960.0,429.0,150.0,2.0,33.0,9.0,21.0,66.0,0.0,31.3,14.220976332738882,1
['tyrell' 'malacia'],10,5,Manchester United,5000000,0,0,0.07777777777777778,,,0.0,,,,,0.0,5.0,3.0,,,,,,2.0,0.0,26.3,15.424948670398354,0
['philip' 'roberts'],12,5,Dundee FC,250000,2,0,0.3,,,0.0,,,,,0.0,16.0,14.0,3.0,1.0,,,,1.0,0.0,20.5,12.429220196836383,1
['ludovic' 'blas'],6,5,Stade Rennais FC,15000000,1,1,16.244444444444444,0.3077975376196991,1.7236662106703147,1.0,2.0,0.24623803009575926,2.4623803009575926,10.0,0.0,511.0,365.0,132.0,24.0,6.0,26.0,10.0,80.0,0.0,28.0,16.52356082573315,2
['paris' 'brunner'],7,5,AS Monaco,1500000,1,1,1.2555555555555555,,0.7964601769911505,0.0,,,,,0.0,14.0,12.0,7.0,1.0,2.0,1.0,2.0,4.0,0.0,19.8,14.220976332738882,1
['logan' 'costa'],12,5,Villarreal CF,18000000,0,5,,,,,,,,,0.0,,,,,,,,,0.0,24.7,16.705882371415992,2
['miguel' 'san' 'román'],15,5,SD Ponferradina,500000,2,5,14.555555555555555,0.06870229007633588,0.3435114503816794,1.0,1.0,,1.16793893129771,4.0,0.0,656.0,376.0,65.0,3.0,10.0,11.0,17.0,69.0,0.0,25.9,13.122365377402328,1
['jarrad' 'branthwaite'],5,5,Everton FC,45000000,0,0,7.566666666666667,0.13215859030837004,0.6607929515418501,0.0,,,0.3964757709251101,1.0,0.0,294.0,147.0,56.0,,30.0,1.0,5.0,29.0,1.0,23.5,17.622173069956816,2
['sandro' 'lima'],2,5,Manisa FK,250000,1,4,15.844444444444445,0.31556802244039267,1.4516129032258065,2.0,5.0,0.12622720897615708,0.6311360448807853,2.0,0.0,242.0,158.0,36.0,5.0,37.0,28.0,7.0,44.0,1.0,33.0,12.429220196836383,1
['toni' 'borevković'],12,5,Vitória Guimarães SC,3000000,0,4,1.0,,,0.0,,,1.0,,0.0,43.0,9.0,6.0,,1.0,1.0,,1.0,0.0,27.0,14.914123179965662,1
['junior' 'dina' 'ebimbe'],12,5,Stade Brestois 29,6000000,2,1,12.966666666666667,0.3856041131105398,1.3110539845758356,0.0,6.0,,0.6169665809768637,2.0,0.0,212.0,121.0,38.0,3.0,9.0,15.0,16.0,44.0,0.0,25.1,15.607270193858982,1
['gil' 'dias'],13,5,FC Famalicão,1500000,1,4,27.844444444444445,0.14365522745411013,1.3647246608140462,0.0,6.0,0.25139664804469275,0.9696727853152434,14.0,1.0,580.0,451.0,176.0,32.0,17.0,43.0,42.0,140.0,1.0,29.2,14.220976332738882,1
['mike' 'jensen'],4,5,HB Köge,150000,2,0,23.400000000000002,0.1282051282051282,0.7692307692307692,0.0,2.0,0.04273504273504273,1.1965811965811965,11.0,2.0,857.0,553.0,99.0,18.0,7.0,12.0,23.0,108.0,0.0,35.3,11.918397239722838,1
['ritsu' 'doan'],12,2,SC Freiburg,18000000,2,2,26.433333333333334,0.18915510718789408,1.1349306431273645,3.0,4.0,0.18915510718789408,1.2862547288776798,12.0,1.0,681.0,504.0,119.0,34.0,21.0,34.0,24.0,75.0,0.0,26.0,16.705882371415992,1
['óscar' 'trejo'],0,5,Rayo Vallecano,1000000,2,5,0.8111111111111111,,1.2328767123287672,0.0,,,3.6986301369863015,,0.0,53.0,40.0,10.0,,,3.0,,1.0,0.0,36.1,13.815511557963774,1
['oliver' 'burke'],12,8,1.FC Union Berlin,4000000,1,2,18.61111111111111,0.32238805970149254,1.5044776119402985,2.0,6.0,0.10746268656716418,1.0746268656716418,3.0,0.0,251.0,197.0,70.0,11.0,30.0,8.0,7.0,57.0,0.0,28.7,15.201805169084134,1
['abu' 'francis'],12,5,FC Toulouse,2000000,2,1,5.911111111111111,,0.3383458646616541,0.0,,,0.16917293233082706,,0.0,197.0,80.0,10.0,3.0,7.0,4.0,14.0,33.0,0.0,24.6,14.508658238524095,1
['ademola' 'lookman'],11,6,Atalanta BC,35000000,1,5,5.533333333333333,0.5421686746987951,2.3493975903614457,1.0,2.0,,1.4457831325301205,2.0,0.0,118.0,92.0,43.0,6.0,2.0,9.0,1.0,22.0,0.0,28.2,17.370858648025116,1
['franck' 'honorat'],6,5,Borussia Mönchengladbach,12000000,2,2,22.07777777777778,0.09058882737795672,0.49823855057876193,0.0,1.0,0.2717664821338701,1.766482133870156,10.0,0.0,430.0,319.0,108.0,17.0,12.0,6.0,11.0,69.0,1.0,29.4,16.300417291085605,2
['nordi' 'mukiele'],6,5,Sunderland AFC,15000000,0,0,28.96666666666667,0.10356731875719216,0.4833141542002301,2.0,3.0,0.1380897583429229,0.621403912543153,7.0,0.0,846.0,404.0,172.0,11.0,75.0,23.0,44.0,121.0,0.0,28.1,16.52356082573315,1
['william' 'osula'],4,2,Sheffield United,3000000,1,0,7.333333333333334,0.6818181818181818,1.909090909090909,1.0,4.0,,0.8181818181818181,,0.0,57.0,34.0,27.0,5.0,9.0,13.0,3.0,20.0,0.0,20.8,14.914123179965662,1
['bradley' 'johnson'],5,5,Milton Keynes Dons,100000,1,0,18.633333333333333,0.10733452593917711,0.8586762075134169,0.0,2.0,0.053667262969588556,0.9660107334525939,1.0,0.0,245.0,172.0,76.0,9.0,16.0,15.0,18.0,52.0,0.0,36.1,11.51293546492023,1
['federico' 'dimarco'],8,5,Inter Milan,50000000,0,3,29.155555555555555,0.20579268292682928,1.5091463414634148,2.0,9.0,0.583079268292683,2.606707317073171,33.0,0.0,1158.0,865.0,129.0,7.0,2.0,22.0,32.0,123.0,0.0,28.1,17.72753358339242,0
['ovie' 'ejaria'],5,1,Reading FC,2000000,1,5,2.177777777777778,,0.9183673469387754,0.0,,,0.4591836734693877,,0.0,95.0,61.0,18.0,4.0,8.0,5.0,3.0,9.0,0.0,25.5,14.508658238524095,1
['jakub' 'piotrowski'],12,5,Ludogorets Razgrad,2000000,2,3,18.255555555555556,0.05477784540474741,1.205112598904443,0.0,3.0,0.05477784540474741,0.5477784540474742,1.0,0.0,445.0,259.0,90.0,13.0,21.0,29.0,23.0,79.0,0.0,25.9,14.508658238524095,1
['harry' 'wilson'],12,9,Fulham FC,20000000,1,0,29.57777777777778,0.33809166040571,1.6228399699474079,6.0,1.0,0.20285499624342598,1.081893313298272,8.0,0.0,618.0,453.0,113.0,18.0,5.0,36.0,18.0,82.0,0.0,28.7,16.811242881518265,2
['lutsharel' 'geertruida'],10,8,Feyenoord Rotterdam,32000000,0,0,16.72222222222222,,0.3588039867109635,0.0,1.0,,0.47840531561461797,1.0,0.0,564.0,254.0,66.0,7.0,10.0,5.0,19.0,62.0,0.0,23.9,17.281246492014,2
['miguel' 'baeza'],15,5,CD Mirandés,700000,2,4,9.0,0.1111111111111111,0.8888888888888888,0.0,2.0,,0.7777777777777778,,0.0,182.0,115.0,27.0,1.0,6.0,5.0,3.0,21.0,0.0,23.5,13.45883704259595,1
['noah' 'lahmadi'],6,5,Toulouse FC B,50000,2,1,,,,,,,,,0.0,,,,,,,,,0.0,19.4,10.819798284210286,1
['josé' 'gomes'],13,5,CD Nacional,1000000,0,4,25.7,0.038910505836575876,0.5836575875486382,0.0,2.0,0.19455252918287938,0.7392996108949417,7.0,0.0,372.0,213.0,113.0,21.0,31.0,18.0,24.0,84.0,0.0,29.4,13.815511557963774,1
['alexis' 'sánchez'],12,5,Sevilla FC,1400000,2,5,11.466666666666667,,0.5232558139534884,0.0,1.0,,0.872093023255814,3.0,0.0,287.0,161.0,60.0,5.0,5.0,10.0,11.0,68.0,0.0,37.0,14.151983508870947,2
['senny' 'mayulu'],6,5,Paris Saint-Germain,40000000,2,1,18.322222222222223,0.2183141297756216,1.5827774408732564,0.0,6.0,0.2183141297756216,1.9102486355366888,7.0,0.0,673.0,451.0,92.0,16.0,7.0,20.0,29.0,80.0,0.0,19.6,17.50439003707821,0
['diogo' 'pinto'],13,5,NK Olimpija Ljubljana,200000,0,4,22.366666666666667,0.044709388971684055,0.5365126676602087,0.0,1.0,0.26825633383010433,0.4918032786885246,6.0,0.0,669.0,290.0,106.0,15.0,30.0,46.0,32.0,60.0,0.0,24.9,12.206077645517674,1
['nahuel' 'molina'],0,5,Atlético de Madrid,15000000,0,5,14.677777777777779,0.13626040878122633,0.7494322482967448,1.0,1.0,0.13626040878122633,1.2944738834216503,6.0,0.0,563.0,313.0,96.0,15.0,7.0,5.0,22.0,80.0,0.0,27.7,16.52356082573315,0
['ashley' 'barnes'],5,1,Burnley FC,1000000,1,0,0.3888888888888889,,,0.0,,,,,0.0,2.0,2.0,,1.0,7.0,,,2.0,0.0,33.6,13.815511557963774,1
['ishé' 'samuels-smith'],5,5,Swansea City,700000,0,1,,,,,,,,,0.0,,,,,,,,,0.0,19.5,13.45883704259595,1
['andrea' 'cogoni'],8,5,Cagliari Primavera,400000,0,3,,,,,,,,,0.0,,,,,,,,,0.0,19.0,12.899222326086994,1
['cesare' 'casadei'],8,5,Torino FC,14000000,2,3,21.266666666666666,0.23510971786833856,1.2225705329153607,1.0,4.0,,0.7523510971786834,3.0,0.0,536.0,310.0,70.0,12.0,101.0,15.0,15.0,79.0,0.0,23.0,16.454567959008102,2
['isaac' 'koné'],3,5,Ionikos Nikeas,150000,2,3,29.1,0.20618556701030927,0.6185567010309279,1.0,3.0,,0.7560137457044673,1.0,0.0,963.0,515.0,176.0,22.0,7.0,50.0,16.0,85.0,0.0,30.4,11.918397239722838,1
['jesper' 'karlström'],16,5,Udinese Calcio,4000000,2,3,33.36666666666667,0.02997002997002997,0.2697302697302697,0.0,,,0.4795204795204795,1.0,0.0,1039.0,509.0,136.0,10.0,30.0,28.0,33.0,135.0,0.0,30.5,15.201805169084134,1
['joão' 'marques'],13,5,SC Braga,1500000,2,4,6.522222222222222,0.15332197614991483,0.4599659284497445,0.0,,0.15332197614991483,0.919931856899489,1.0,0.0,118.0,81.0,22.0,7.0,17.0,20.0,6.0,31.0,0.0,23.8,14.220976332738882,1
['vincent' 'marchetti'],6,5,AC Ajaccio,2000000,2,1,8.944444444444445,0.2236024844720497,1.7888198757763976,1.0,1.0,0.11180124223602485,0.3354037267080745,1.0,0.0,344.0,146.0,45.0,10.0,12.0,4.0,14.0,32.0,0.0,26.3,14.508658238524095,1
['elia' 'plicco'],8,5,Parma Primavera,500000,2,3,,,,,,,,,0.0,,,,,,,,,0.0,18.9,13.122365377402328,1
['enes' 'ünal'],12,5,AFC Bournemouth,8000000,1,0,2.177777777777778,0.4591836734693877,4.132653061224489,0.0,2.0,,,,0.0,32.0,21.0,6.0,1.0,8.0,8.0,1.0,5.0,0.0,28.6,15.894952224644102,1
['rubén' 'martínez'],15,5,AEK Larnaca,200000,0,5,1.1111111111111112,,,0.0,,,,,0.0,57.0,17.0,5.0,,1.0,1.0,,3.0,0.0,37.6,12.206077645517674,1
['bradley' 'locko'],6,5,Stade Brestois 29,12000000,0,1,14.177777777777779,,0.14106583072100312,0.0,,0.14106583072100312,0.4231974921630094,3.0,0.0,353.0,171.0,84.0,12.0,7.0,18.0,29.0,62.0,0.0,22.1,16.300417291085605,1
['mathieu' 'cornet'],1,5,FC Wiltz 71,75000,1,3,1.2444444444444445,,2.4107142857142856,0.0,2.0,,4.821428571428571,,0.0,31.0,26.0,9.0,,3.0,1.0,4.0,4.0,0.0,31.9,11.225256725762893,1
['soriba' 'diaoune'],6,5,LOSC Lille B,300000,1,1,1.9777777777777779,0.5056179775280899,4.044943820224719,0.0,1.0,0.5056179775280899,2.0224719101123596,,0.0,50.0,36.0,14.0,5.0,1.0,3.0,2.0,7.0,0.0,18.3,12.611541086966115,1
['andrei' 'rațiu'],12,5,Rayo Vallecano,18000000,0,5,30.133333333333333,,0.8628318584070797,0.0,3.0,0.09955752212389381,1.261061946902655,10.0,0.0,1047.0,597.0,276.0,59.0,22.0,21.0,41.0,154.0,0.0,27.5,16.705882371415992,1
['federico' 'ceccherini'],8,5,US Cremonese,400000,0,3,5.333333333333334,,0.9374999999999999,0.0,,0.18749999999999997,0.18749999999999997,1.0,0.0,181.0,56.0,11.0,1.0,16.0,9.0,2.0,15.0,0.0,33.6,12.899222326086994,1
['andrás' 'schäfer'],12,5,1.FC Union Berlin,4500000,2,2,15.777777777777779,0.1267605633802817,1.2676056338028168,1.0,2.0,0.06338028169014084,0.3169014084507042,1.0,1.0,390.0,209.0,44.0,9.0,28.0,23.0,21.0,68.0,0.0,26.7,15.319588176962746,1
['ismaïl' 'bouneb'],6,5,Quevilly - Rouen Métropole,100000,2,1,,,,,,,,,0.0,,,,,,,,,0.0,19.5,11.51293546492023,1
['tiago' 'esgaio'],13,5,FC Arouca,900000,0,4,27.355555555555558,0.10966693744922826,0.5483346872461413,2.0,3.0,0.1827782290820471,0.7676685621445978,6.0,1.0,728.0,360.0,83.0,4.0,88.0,23.0,22.0,89.0,0.0,30.4,13.710151153416941,1
['rafik' 'messali'],12,5,FC Toulouse,800000,2,1,5.555555555555555,,,0.0,,,0.54,1.0,0.0,134.0,83.0,28.0,4.0,6.0,9.0,6.0,29.0,0.0,22.6,13.592368256649284,1
['grischa' 'prömel'],7,7,TSG 1899 Hoffenheim,3000000,2,2,19.400000000000002,0.3608247422680412,1.7525773195876286,0.0,5.0,0.10309278350515463,0.7216494845360824,3.0,0.0,761.0,437.0,98.0,6.0,27.0,28.0,16.0,102.0,0.0,30.9,14.914123179965662,2
['cristian' 'devenish'],12,5,Rio Ave FC,700000,0,4,24.055555555555557,,0.16628175519630484,0.0,,,0.20785219399538105,,0.0,735.0,160.0,96.0,6.0,26.0,17.0,11.0,89.0,0.0,23.4,13.45883704259595,1
['joelinton'],2,5,Newcastle United,30000000,2,0,21.7,0.09216589861751152,1.0599078341013826,0.0,1.0,0.04608294930875576,0.7373271889400922,3.0,0.0,694.0,398.0,98.0,16.0,63.0,27.0,24.0,120.0,0.0,29.3,17.216707972959764,2
['jaka' 'bijol'],12,5,Leeds United,18000000,0,0,19.255555555555556,0.05193306405077899,0.5712637045585689,0.0,1.0,0.10386612810155799,0.259665320253895,3.0,0.0,807.0,224.0,146.0,2.0,63.0,10.0,14.0,61.0,0.0,26.8,16.705882371415992,2
['sandro' 'vidigal'],13,3,SC Braga,1500000,1,4,0.5555555555555556,,1.7999999999999998,0.0,,,,,0.0,11.0,6.0,8.0,2.0,3.0,4.0,,2.0,0.0,18.4,14.220976332738882,1
['geovany' 'quenda'],13,5,Sporting CP,45000000,2,4,9.700000000000001,0.20618556701030927,1.3402061855670102,0.0,2.0,0.5154639175257731,1.4432989690721647,3.0,0.0,318.0,224.0,82.0,16.0,3.0,19.0,9.0,55.0,0.0,18.6,17.622173069956816,2
['olivier' 'giroud'],6,5,AC Milan,3000000,1,1,17.38888888888889,0.402555910543131,2.012779552715655,3.0,7.0,0.05750798722044728,1.035143769968051,2.0,0.0,231.0,143.0,18.0,3.0,50.0,29.0,8.0,27.0,0.0,37.7,14.914123179965662,0
['charles' 'vanhoutte'],1,5,Union Saint-Gilloise,4500000,2,1,19.255555555555556,,0.10386612810155799,0.0,,0.10386612810155799,0.6751298326601269,2.0,0.0,810.0,418.0,91.0,7.0,36.0,8.0,27.0,100.0,0.0,25.7,15.319588176962746,1
['seko' 'fofana'],3,5,Stade Rennais FC,8000000,2,3,0.9,,2.2222222222222223,0.0,,,2.2222222222222223,,0.0,14.0,9.0,3.0,1.0,2.0,1.0,2.0,2.0,0.0,30.6,15.894952224644102,2
['fabian' 'schär'],12,7,Newcastle United,6000000,0,0,12.122222222222224,,1.072410632447296,0.0,2.0,,0.3299725022914757,,0.0,672.0,241.0,73.0,,46.0,6.0,10.0,43.0,0.0,34.0,15.607270193858982,2
['yeferson' 'paz'],12,5,AC Perugia Calcio,500000,0,3,,,,,,,,,0.0,,,,,,,,,0.0,22.0,13.122365377402328,1
['joaquín' 'panichelli'],0,5,Deportivo Alavés B,300000,1,1,24.38888888888889,0.6560364464692483,2.091116173120729,5.0,13.0,0.04100227790432802,0.8610478359908884,5.0,0.0,338.0,197.0,55.0,11.0,60.0,44.0,8.0,71.0,0.0,21.7,12.611541086966115,1
['moise' 'kean'],8,5,ACF Fiorentina,45000000,1,3,22.677777777777777,0.35276825085742286,3.307202351788339,3.0,18.0,0.04409603135717786,0.08819206271435572,,0.0,154.0,101.0,72.0,25.0,27.0,44.0,3.0,34.0,0.0,25.8,17.622173069956816,2
['edoardo' 'goldaniga'],8,5,Como 1907,1200000,0,3,0.15555555555555556,,,0.0,,,,,0.0,18.0,5.0,2.0,,1.0,,,,0.0,30.6,13.997832948091215,1
['aaron' 'wan-bissaka'],12,9,West Ham United,22000000,0,0,22.455555555555556,,,0.0,,0.08906481939633845,0.7125185551707076,2.0,0.0,545.0,346.0,99.0,16.0,22.0,12.0,21.0,72.0,0.0,28.0,16.906553056777135,2
['jean-philippe' 'mateta'],6,5,Crystal Palace,40000000,1,0,24.22222222222222,0.4541284403669725,2.2706422018348627,3.0,20.0,,0.37155963302752293,2.0,0.0,196.0,132.0,64.0,14.0,64.0,19.0,5.0,57.0,1.0,28.4,17.50439003707821,2
['chimy' 'ávila'],0,5,Real Betis Balompié,1500000,1,5,3.9555555555555557,0.25280898876404495,1.0112359550561798,0.0,2.0,,2.0224719101123596,,0.0,66.0,54.0,7.0,,9.0,8.0,2.0,12.0,0.0,31.8,14.220976332738882,1
['gabri' 'veiga'],15,5,FC Porto,23000000,2,4,18.033333333333335,0.16635859519408502,1.77449168207024,2.0,4.0,0.44362292051756,1.6081330868761552,10.0,0.0,553.0,361.0,73.0,15.0,2.0,22.0,31.0,81.0,1.0,23.6,16.951004817371683,2
['papa' 'ba'],14,5,Girona FC B,50000,1,5,,,,,,,,,0.0,,,,,,,,,0.0,21.7,10.819798284210286,1
['jeanuël' 'belocian'],6,5,Bayer 04 Leverkusen,12000000,0,2,17.144444444444446,,0.1749837977965003,0.0,1.0,0.05832793259883344,0.23331173039533376,1.0,0.0,645.0,298.0,87.0,7.0,16.0,13.0,18.0,59.0,0.0,20.8,16.300417291085605,2
['eduard' 'sobol'],12,5,RC Strasbourg Alsace,700000,0,1,,,,,,,,,0.0,,,,,,,,,0.0,30.7,13.45883704259595,1
['sergio' 'camello'],15,5,Rayo Vallecano,3000000,1,5,7.7,0.38961038961038963,2.0779220779220777,2.0,5.0,,1.948051948051948,1.0,0.0,146.0,90.0,24.0,15.0,4.0,13.0,6.0,36.0,0.0,23.3,14.914123179965662,1
['charalampos' 'kostoulas'],12,5,Brighton & Hove Albion,25000000,1,0,3.488888888888889,0.5732484076433121,4.012738853503184,0.0,2.0,0.28662420382165604,1.7197452229299364,3.0,0.0,81.0,58.0,28.0,9.0,17.0,7.0,7.0,22.0,0.0,18.5,17.034386422832473,2
['jon' 'ander' 'olasagasti'],15,5,Real Sociedad,1200000,2,5,17.355555555555558,0.057618437900128036,0.9218950064020486,0.0,3.0,0.23047375160051214,1.498079385403329,5.0,1.0,478.0,299.0,92.0,11.0,28.0,29.0,13.0,75.0,0.0,23.8,13.997832948091215,2
['enzo' 'ebosse'],12,5,Udinese Calcio,2500000,0,3,12.78888888888889,,0.07819287576020852,0.0,,0.07819287576020852,0.31277150304083406,1.0,1.0,629.0,220.0,100.0,2.0,12.0,10.0,7.0,33.0,0.0,25.2,14.731801689838349,1
['caleb' 'ekuban'],12,5,Genoa CFC,1300000,1,3,10.833333333333334,0.3692307692307692,2.215384615384615,1.0,2.0,0.0923076923076923,0.923076923076923,1.0,0.0,105.0,73.0,30.0,7.0,23.0,29.0,3.0,36.0,0.0,31.8,14.077875591662238,2
['dossa' 'júnior'],12,5,AEL Limassol,250000,2,4,8.222222222222223,,1.581081081081081,0.0,,0.1216216216216216,2.067567567567567,3.0,0.0,207.0,134.0,30.0,15.0,2.0,18.0,12.0,37.0,0.0,33.4,12.429220196836383,1
['joão' 'tomé'],13,5,Rio Ave FC,400000,0,4,7.388888888888889,,0.5413533834586466,0.0,1.0,,0.5413533834586466,2.0,0.0,207.0,95.0,46.0,8.0,21.0,7.0,9.0,26.0,0.0,22.8,12.899222326086994,1
['bambo' 'diaby'],15,5,Preston North End,300000,0,5,1.1,,,0.0,,,,,0.0,59.0,16.0,7.0,,2.0,3.0,,3.0,0.0,25.5,12.611541086966115,1
['joshua' 'zirkzee'],10,5,Manchester United,25000000,1,0,6.577777777777778,0.304054054054054,2.888513513513513,0.0,4.0,0.152027027027027,1.5202702702702702,2.0,0.0,179.0,111.0,16.0,5.0,20.0,6.0,6.0,19.0,0.0,24.6,17.034386422832473,0
['timothée' 'kolodziejczak'],6,5,FC Schalke 04,400000,0,1,7.333333333333334,,0.13636363636363635,0.0,,,0.2727272727272727,,0.0,448.0,115.0,59.0,1.0,10.0,1.0,5.0,30.0,0.0,31.7,12.899222326086994,1
['danny' 'welbeck'],5,5,Brighton & Hove Albion,4000000,1,0,23.76666666666667,0.546984572230014,1.8934081346423561,4.0,11.0,0.04207573632538569,0.7994389901823281,4.0,0.0,363.0,216.0,45.0,11.0,17.0,9.0,14.0,48.0,0.0,35.0,15.201805169084134,2
['igor' 'zubeldia'],15,8,Real Sociedad,9000000,0,5,21.133333333333333,,0.18927444794952683,0.0,,0.04731861198738171,0.18927444794952683,1.0,0.0,900.0,255.0,150.0,1.0,45.0,5.0,18.0,53.0,0.0,28.7,16.012735246411598,2
['andré' 'gomes'],13,8,LOSC Lille,4500000,2,0,4.4222222222222225,,1.3567839195979898,0.0,,,0.9045226130653266,,0.0,144.0,76.0,16.0,3.0,,8.0,4.0,15.0,0.0,32.4,15.319588176962746,2
['felix' 'nmecha'],7,5,Borussia Dortmund,45000000,2,2,24.26666666666667,0.0824175824175824,0.7829670329670328,0.0,3.0,0.12362637362637362,0.7005494505494505,3.0,0.0,937.0,560.0,147.0,31.0,27.0,22.0,23.0,109.0,0.0,25.2,17.622173069956816,2
['diego' 'costa'],15,5,Wolverhampton Wanderers,2000000,0,2,29.96666666666667,0.06674082313681869,0.3337041156840934,0.0,2.0,0.10011123470522802,0.43381535038932145,4.0,0.0,867.0,425.0,133.0,15.0,50.0,24.0,26.0,118.0,0.0,34.7,14.508658238524095,2
['joris' 'chotard'],6,5,Montpellier HSC,10000000,2,1,30.67777777777778,0.06519377037305324,0.5867439333574791,0.0,2.0,0.03259688518652662,0.3259688518652662,,0.0,955.0,451.0,103.0,4.0,26.0,12.0,36.0,128.0,0.0,22.7,16.118095750958314,2
['remy' 'rees-dottin'],5,5,AFC Bournemouth U21,300000,1,0,,,,,,,,,0.0,,,,,,,,,0.0,19.8,12.611541086966115,1
['kobamelo' 'kodisang'],12,5,Moreirense FC,1500000,1,4,1.2666666666666666,,,0.0,,,2.368421052631579,,0.0,21.0,17.0,2.0,1.0,,3.0,,7.0,0.0,24.8,14.220976332738882,1
['antonio' 'vergara'],8,5,FC Pro Vercelli 1892,175000,2,3,6.822222222222223,0.14657980456026057,1.0260586319218241,0.0,,0.29315960912052114,1.3192182410423452,,0.0,134.0,96.0,55.0,8.0,5.0,20.0,9.0,34.0,1.0,20.4,12.07254696717504,1
['kiko' 'femenía'],15,5,Villarreal CF,1400000,0,5,22.444444444444446,0.04455445544554455,0.3118811881188119,1.0,1.0,0.04455445544554455,0.7128712871287128,2.0,0.0,465.0,257.0,75.0,7.0,18.0,11.0,22.0,100.0,0.0,33.3,14.151983508870947,2
['dominique' 'heintz'],7,7,1.FC Köln,800000,0,2,4.2444444444444445,,,0.0,,,0.2356020942408377,,0.0,229.0,76.0,33.0,3.0,13.0,4.0,1.0,11.0,0.0,30.8,13.592368256649284,1
['oliver' 'sørensen'],4,5,Parma Calcio 1913,7500000,2,3,20.177777777777777,0.04955947136563877,0.4460352422907489,1.0,2.0,0.04955947136563877,0.4460352422907489,1.0,0.0,420.0,256.0,68.0,6.0,14.0,20.0,7.0,61.0,0.0,23.8,15.830413711839864,1
['murilo' 'souza'],2,5,PFK Lviv,100000,1,4,28.76666666666667,0.38238702201622243,2.0162224797219004,2.0,8.0,0.13904982618771725,1.2514484356894553,4.0,0.0,592.0,438.0,172.0,34.0,13.0,25.0,18.0,129.0,0.0,27.1,11.51293546492023,1
['eray' 'cömert'],12,5,Valencia CF,2000000,0,5,14.100000000000001,0.14184397163120566,0.5673758865248226,0.0,,,0.35460992907801414,,0.0,656.0,183.0,73.0,,17.0,13.0,15.0,42.0,0.0,27.9,14.508658238524095,2
['korede' 'osundina'],12,5,Casa Pia AC,350000,1,4,7.7444444444444445,0.2582496413199426,0.6456241032998565,1.0,2.0,,0.6456241032998565,2.0,0.0,75.0,42.0,22.0,8.0,6.0,7.0,5.0,26.0,0.0,21.8,12.765691290604371,1
['tim' 'siersleben'],7,5,1.FC Heidenheim 1846,2500000,0,2,12.022222222222222,,0.41589648798521256,0.0,1.0,,0.16635859519408502,,0.0,444.0,155.0,75.0,,15.0,13.0,15.0,36.0,0.0,25.8,14.731801689838349,1
['giovanni' 'simeone'],0,5,Torino FC,5000000,1,5,22.433333333333334,0.17830609212481427,1.2481426448736999,1.0,7.0,0.2674591381872214,1.025260029717682,9.0,2.0,744.0,474.0,125.0,28.0,25.0,40.0,24.0,104.0,0.0,30.5,15.424948670398354,2
['louis' 'mouton'],6,5,Pau FC,500000,2,1,21.155555555555555,0.09453781512605042,1.08718487394958,1.0,1.0,0.04726890756302521,0.9926470588235294,4.0,0.0,534.0,304.0,58.0,12.0,15.0,16.0,23.0,71.0,0.0,21.4,13.122365377402328,1
['tobias' 'slotsager'],4,2,Hellas Verona,2000000,0,3,4.9222222222222225,,0.4063205417607223,0.0,,,,,0.0,176.0,71.0,23.0,,21.0,5.0,7.0,13.0,0.0,20.0,14.508658238524095,1
['angelo' 'stiller'],7,7,VfB Stuttgart,45000000,2,2,30.48888888888889,0.06559766763848396,0.39358600583090375,1.0,4.0,0.1639941690962099,1.639941690962099,10.0,1.0,2055.0,1252.0,197.0,14.0,33.0,44.0,24.0,160.0,0.0,24.7,17.622173069956816,2
['moïse' 'bombito'],12,5,OGC Nice,8000000,0,1,1.6222222222222222,,,0.0,,,,,0.0,54.0,12.0,9.0,,6.0,1.0,2.0,4.0,0.0,25.7,15.894952224644102,2
['andreas' 'skov' 'olsen'],4,5,VfL Wolfsburg,10000000,1,2,4.011111111111111,0.24930747922437674,1.4958448753462603,0.0,1.0,,1.745152354570637,1.0,0.0,110.0,64.0,23.0,3.0,3.0,4.0,1.0,11.0,0.0,26.0,16.118095750958314,2
['pedro' 'moreira'],13,5,SC Beira-Mar,800000,2,4,26.433333333333334,0.11349306431273644,0.45397225725094575,1.0,,0.07566204287515763,0.416141235813367,1.0,0.0,713.0,314.0,99.0,20.0,13.0,56.0,22.0,99.0,0.0,30.0,13.592368256649284,1
['jens' 'stage'],4,5,SV Werder Bremen,14000000,2,2,27.422222222222224,0.36466774716369527,1.4951377633711507,2.0,5.0,0.07293354943273905,0.8387358184764991,4.0,1.0,834.0,418.0,89.0,13.0,61.0,30.0,31.0,116.0,0.0,29.1,16.454567959008102,1
['keke' 'topp'],7,5,SV Werder Bremen,5000000,1,2,6.988888888888889,0.14308426073131955,2.0031796502384736,0.0,4.0,0.14308426073131955,1.0015898251192368,1.0,0.0,142.0,100.0,21.0,5.0,23.0,7.0,5.0,28.0,0.0,21.7,15.424948670398354,1
['andrea' 'natali'],8,5,AZ Alkmaar U21,400000,0,2,,,,,,,,,0.0,,,,,,,,,0.0,17.9,12.899222326086994,1
['allan' 'saint-maximin'],6,5,Al-Ahli SFC,24000000,1,1,4.477777777777778,0.6699751861042184,2.456575682382134,0.0,1.0,0.6699751861042184,3.3498759305210917,2.0,0.0,145.0,128.0,73.0,14.0,2.0,7.0,,21.0,0.0,26.6,16.993564429978885,0
['immanuel' 'pherai'],10,5,Eintracht Braunschweig,2500000,2,2,0.33333333333333337,,,0.0,,,,,0.0,18.0,12.0,4.0,1.0,1.0,2.0,1.0,6.0,0.0,22.2,14.731801689838349,1
['maghnes' 'akliouche'],6,5,AS Monaco,45000000,2,1,26.033333333333335,0.23047375160051214,1.344430217669654,0.0,6.0,0.23047375160051214,1.382842509603073,8.0,0.0,915.0,661.0,200.0,24.0,3.0,35.0,22.0,139.0,1.0,23.8,17.622173069956816,1
['erling' 'haaland'],12,5,Manchester City,200000000,1,0,31.866666666666667,0.8158995815899581,3.1694560669456067,10.0,30.0,0.2510460251046025,0.502092050209205,8.0,0.0,240.0,154.0,73.0,15.0,72.0,25.0,9.0,39.0,0.0,25.4,19.11382792951231,0
['tiago' 'freitas'],13,5,SL Benfica B,550000,2,4,,,,,,,,,0.0,,,,,,,,,0.0,19.3,13.217675375388819,1
['marco' 'palestra'],8,5,Atalanta U23,1000000,0,3,32.96666666666667,0.030333670374115267,0.5156723963599595,1.0,,0.12133468149646107,0.7583417593528816,7.0,1.0,713.0,360.0,277.0,67.0,15.0,107.0,33.0,114.0,0.0,19.3,13.815511557963774,1
['eddie' 'nketiah'],5,5,Crystal Palace,16000000,1,0,4.622222222222223,0.43269230769230765,1.9471153846153844,1.0,1.0,,1.5144230769230769,1.0,0.0,70.0,35.0,35.0,5.0,8.0,7.0,6.0,17.0,0.0,26.5,16.588099342704055,2
['saël' 'kumbedi'],6,5,VfL Wolfsburg,9000000,0,2,20.055555555555557,,0.14958448753462603,0.0,1.0,0.2493074792243767,0.5983379501385041,4.0,0.0,517.0,265.0,89.0,16.0,11.0,18.0,31.0,66.0,0.0,20.7,16.012735246411598,2
['naouirou' 'ahamada'],6,5,Crystal Palace,3500000,2,1,6.544444444444444,,0.6112054329371817,0.0,,0.15280135823429541,0.7640067911714771,1.0,0.0,217.0,144.0,69.0,8.0,3.0,8.0,8.0,37.0,0.0,23.7,15.068273812173887,2
['pau' 'cubarsí'],15,5,FC Barcelona,30000000,0,5,30.08888888888889,0.03323485967503693,0.2326440177252585,0.0,,,0.16617429837518463,1.0,0.0,2628.0,1022.0,373.0,1.0,65.0,9.0,27.0,104.0,0.0,17.4,17.216707972959764,0
['manor' 'solomon'],12,5,Tottenham Hotspur,13000000,1,0,,,,,,,,,0.0,,,,,,,,,0.0,24.8,16.380459992348886,0
['richarlison'],2,1,Tottenham Hotspur,28000000,1,0,19.933333333333334,0.5016722408026756,2.1070234113712374,3.0,8.0,0.20066889632107024,0.7023411371237458,4.0,0.0,181.0,131.0,49.0,10.0,62.0,30.0,15.0,56.0,0.0,28.6,17.147715103853763,0
['manolis' 'saliakas'],12,5,FC St. Pauli,1500000,0,2,12.333333333333334,0.08108108108108107,0.4054054054054054,0.0,,0.24324324324324323,0.7297297297297297,1.0,0.0,385.0,229.0,61.0,5.0,8.0,7.0,23.0,57.0,1.0,26.8,14.220976332738882,1
['diogo' 'calila'],12,5,CD Santa Clara,500000,0,4,11.022222222222222,0.0907258064516129,0.5443548387096774,0.0,,,0.7258064516129032,,0.0,246.0,122.0,67.0,5.0,16.0,14.0,7.0,24.0,0.0,27.2,13.122365377402328,1
['erik' 'expósito'],15,5,Slask Wroclaw,1800000,2,5,26.533333333333335,0.03768844221105527,1.1683417085427135,0.0,3.0,0.22613065326633164,2.7135678391959797,11.0,1.0,730.0,521.0,142.0,33.0,17.0,41.0,28.0,114.0,0.0,27.3,14.403297778421795,1
['pepelu'],15,8,Valencia CF,22000000,2,5,23.622222222222224,0.08466603951081843,0.592662276575729,0.0,2.0,,0.8889934148635935,1.0,0.0,1161.0,564.0,102.0,8.0,29.0,14.0,33.0,133.0,0.0,25.8,16.906553056777135,2
['jonas' 'föhrenbach'],7,5,1.FC Heidenheim 1846,1500000,0,2,25.855555555555558,0.03867640739149119,0.03867640739149119,0.0,,0.03867640739149119,0.7735281478298237,3.0,0.0,656.0,290.0,97.0,2.0,26.0,18.0,28.0,67.0,0.0,29.9,14.220976332738882,1
['sven' 'botman'],10,5,Newcastle United,35000000,0,0,18.422222222222224,0.054282267792521106,0.5971049457177321,0.0,1.0,0.054282267792521106,0.37997587454764775,3.0,0.0,926.0,239.0,100.0,4.0,76.0,18.0,12.0,86.0,0.0,25.9,17.370858648025116,2
['noa' 'lang'],10,5,SSC Napoli,25000000,1,3,7.355555555555556,0.13595166163141992,0.8157099697885196,0.0,1.0,0.27190332326283984,1.767371601208459,4.0,0.0,212.0,168.0,62.0,8.0,6.0,11.0,7.0,32.0,0.0,26.5,17.034386422832473,0
['samu'],13,5,Vitória Guimarães SC,1500000,2,4,22.644444444444446,0.30912659470068693,1.633954857703631,3.0,4.0,0.1324828263002944,1.4131501472031402,7.0,0.0,582.0,395.0,78.0,11.0,23.0,26.0,31.0,84.0,0.0,29.7,14.220976332738882,1
['samuele' 'ricci'],8,1,Torino FC,22000000,2,3,14.411111111111111,0.06939090208172706,0.8326908249807248,0.0,2.0,0.27756360832690824,1.110254433307633,5.0,0.0,583.0,367.0,76.0,5.0,3.0,33.0,9.0,58.0,0.0,22.8,16.906553056777135,2
['junior' 'messias'],2,8,Genoa CFC,2500000,1,3,7.5,0.4,1.8666666666666667,1.0,,0.13333333333333333,0.6666666666666666,1.0,0.0,198.0,144.0,79.0,20.0,13.0,22.0,9.0,41.0,0.0,33.1,14.731801689838349,2
['mergim' 'berisha'],7,2,TSG 1899 Hoffenheim,2500000,2,3,9.777777777777779,0.20454545454545453,1.534090909090909,1.0,,0.30681818181818177,1.7386363636363635,5.0,0.0,296.0,206.0,53.0,3.0,7.0,10.0,12.0,41.0,0.0,27.6,14.731801689838349,2
['senne' 'lynen'],1,5,SV Werder Bremen,10000000,2,2,30.633333333333333,,0.45701849836779107,0.0,1.0,,0.4896626768226333,1.0,0.0,1418.0,647.0,124.0,6.0,31.0,12.0,28.0,135.0,0.0,26.8,16.118095750958314,1
['breel' 'embolo'],12,5,Stade Rennais FC,12000000,1,1,20.3,0.3940886699507389,1.5270935960591132,1.0,6.0,0.14778325123152708,0.5911330049261083,2.0,0.0,244.0,159.0,55.0,14.0,26.0,57.0,13.0,56.0,0.0,28.8,16.300417291085605,2
['djibril' 'coulibaly'],6,5,OGC Nice,500000,2,1,0.12222222222222223,,,0.0,,,,,0.0,8.0,7.0,,,1.0,,,1.0,0.0,17.1,13.122365377402328,2
['arnaud' 'kalimuendo'],6,5,Nottingham Forest,25000000,1,0,0.9888888888888889,,1.0112359550561798,0.0,1.0,,1.0112359550561798,,0.0,24.0,20.0,7.0,,4.0,,1.0,4.0,0.0,23.9,17.034386422832473,2
['didier' 'delgado'],12,5,CD Atlético Huila,150000,0,5,,,,,,,,,0.0,,,,,,,,,0.0,30.9,11.918397239722838,1
['fabiano' 'parisi'],8,5,ACF Fiorentina,9500000,0,3,16.96666666666667,0.058939096267190565,0.943025540275049,0.0,1.0,0.058939096267190565,1.0609037328094302,3.0,0.0,542.0,327.0,117.0,31.0,10.0,66.0,13.0,94.0,1.0,23.6,16.066802461833923,2
['andrea' 'costa'],8,5,AC Reggiana 1919,200000,0,4,24.744444444444447,0.04041311180960933,0.6466097889537493,0.0,3.0,0.32330489447687466,0.8082622361921867,9.0,0.0,718.0,345.0,177.0,27.0,29.0,34.0,43.0,102.0,2.0,35.4,12.206077645517674,1
['adri' 'miranda'],15,1,Cádiz CF Mirandilla,100000,1,4,0.06666666666666667,,,0.0,,,,,0.0,3.0,3.0,,,,1.0,,,0.0,21.2,11.51293546492023,1
['nikola' 'vlašić'],12,5,Torino FC,10000000,2,3,31.922222222222224,0.25060911938739994,1.1277410372432997,2.0,2.0,0.09397841977027496,1.4723285764009746,3.0,0.0,890.0,598.0,175.0,27.0,22.0,42.0,36.0,173.0,0.0,26.7,16.118095750958314,2
['leonardo' 'pavoletti'],8,5,Cagliari Calcio,700000,1,3,2.411111111111111,0.4147465437788019,1.6589861751152075,0.0,2.0,0.4147465437788019,0.4147465437788019,1.0,0.0,37.0,16.0,1.0,,11.0,,2.0,6.0,0.0,37.1,13.45883704259595,1
['randy' 'nteka'],12,5,Rayo Vallecano,1200000,2,5,3.077777777777778,0.6498194945848376,2.5992779783393503,1.0,5.0,,0.9747292418772563,,0.0,50.0,33.0,4.0,2.0,15.0,4.0,3.0,8.0,0.0,28.0,13.997832948091215,1
['chris' 'führich'],7,5,VfB Stuttgart,10000000,2,2,18.944444444444446,0.3695014662756598,1.7947214076246332,0.0,5.0,0.3695014662756598,2.1114369501466275,15.0,2.0,731.0,571.0,193.0,28.0,4.0,6.0,8.0,82.0,0.0,27.9,16.118095750958314,2
['joão' 'mário'],13,5,SL Benfica,4000000,0,3,10.044444444444444,0.09955752212389381,0.29867256637168144,0.0,,,0.5973451327433629,1.0,0.0,352.0,203.0,103.0,14.0,6.0,28.0,8.0,40.0,0.0,31.4,15.201805169084134,1
['gabriel' 'brás'],13,4,FC Porto B,1000000,0,4,,,,,,,,,0.0,,,,,,,,,0.0,21.7,13.815511557963774,1
['olivier' 'boscagli'],6,5,Brighton & Hove Albion,18000000,0,0,8.88888888888889,,0.11249999999999999,0.0,,0.11249999999999999,0.33749999999999997,,0.0,652.0,252.0,85.0,2.0,17.0,11.0,9.0,54.0,0.0,28.1,16.705882371415992,2
['budu' 'zivzivadze'],12,5,1.FC Heidenheim 1846,1200000,1,2,12.733333333333334,0.47120418848167533,1.8062827225130889,1.0,6.0,,0.5497382198952879,2.0,0.0,158.0,108.0,40.0,13.0,16.0,13.0,10.0,32.0,0.0,31.8,13.997832948091215,1
['jean' 'onana'],12,5,Genoa CFC,1300000,2,3,0.4666666666666667,,2.142857142857143,0.0,,,2.142857142857143,,0.0,17.0,7.0,2.0,,1.0,,3.0,1.0,0.0,26.0,14.077875591662238,2
['kike' 'salas'],15,3,Sevilla FC,6000000,0,5,22.477777777777778,0.08897676717745921,0.4893722194760257,0.0,,,0.31141868512110726,,0.0,1031.0,334.0,136.0,7.0,92.0,18.0,29.0,98.0,1.0,23.6,15.607270193858982,2
['alexis' 'mac' 'allister'],0,5,Liverpool FC,85000000,2,0,28.57777777777778,0.06998444790046655,1.0497667185069983,2.0,2.0,0.1399688958009331,0.9797822706065318,4.0,1.0,1212.0,774.0,134.0,10.0,16.0,31.0,25.0,112.0,0.0,27.0,18.258161826219297,0
['bryan' 'mbeumo'],12,5,Brentford FC,40000000,1,0,28.3,0.35335689045936397,2.049469964664311,5.0,13.0,0.10600706713780919,1.519434628975265,5.0,0.0,618.0,467.0,139.0,17.0,15.0,28.0,11.0,88.0,1.0,24.8,17.50439003707821,2
['luis' 'rioja'],15,0,Valencia CF,2000000,1,5,27.46666666666667,0.07281553398058252,0.6189320388349514,0.0,1.0,0.21844660194174756,1.0922330097087378,7.0,1.0,630.0,432.0,161.0,34.0,3.0,28.0,24.0,98.0,0.0,32.2,14.508658238524095,2
['arthur' 'vermeeren'],1,5,Olympique Marseille,28000000,2,1,8.944444444444445,,0.2236024844720497,0.0,1.0,0.11180124223602485,1.1180124223602483,1.0,0.0,504.0,273.0,32.0,5.0,4.0,1.0,10.0,58.0,0.0,20.9,17.147715103853763,2
['oscar' 'fraulo'],4,5,Borussia Mönchengladbach,3000000,2,2,0.4444444444444445,2.25,2.25,0.0,,,,,0.0,17.0,10.0,,,,,,4.0,0.0,22.0,14.914123179965662,2
['ousmane' 'dembélé'],6,5,Paris Saint-Germain,100000000,1,1,11.5,0.8695652173913043,3.3043478260869565,5.0,4.0,0.6086956521739131,2.9565217391304346,9.0,0.0,611.0,515.0,123.0,24.0,2.0,4.0,3.0,24.0,0.0,28.6,18.420680753952364,0
['abdoulaye' 'diallo'],14,5,AS Nancy-Lorraine,100000,1,0,25.044444444444444,0.07985803016858918,1.4773735581188998,0.0,6.0,0.07985803016858918,1.5173025732031944,6.0,0.0,764.0,513.0,205.0,38.0,13.0,38.0,24.0,106.0,1.0,31.2,11.51293546492023,1
['jonathan' 'burkardt'],7,5,Eintracht Frankfurt,35000000,1,2,14.88888888888889,0.8731343283582089,2.216417910447761,2.0,8.0,0.06716417910447761,0.5373134328358209,1.0,0.0,151.0,95.0,28.0,6.0,11.0,15.0,4.0,22.0,2.0,25.4,17.370858648025116,2
['dane' 'scarlett'],5,1,Tottenham Hotspur,2000000,1,0,0.07777777777777778,,,0.0,,,,,0.0,2.0,1.0,,,,,,1.0,0.0,21.7,14.508658238524095,0
['ibrahima' 'mbaye'],14,5,Without Club,300000,1,1,10.722222222222223,0.27979274611398963,1.6787564766839376,0.0,4.0,0.18652849740932642,1.6787564766839376,2.0,0.0,475.0,359.0,109.0,20.0,5.0,12.0,8.0,40.0,0.0,28.6,12.611541086966115,1
['yoel' 'lago'],15,5,RC Celta Fortuna,200000,0,5,8.444444444444445,,,0.0,,,0.23684210526315788,,0.0,400.0,116.0,53.0,1.0,8.0,12.0,8.0,26.0,0.0,20.2,12.206077645517674,1
['rio' 'ngumoha'],5,5,Liverpool FC,15000000,1,0,5.311111111111111,0.3765690376569038,2.071129707112971,2.0,,0.1882845188284519,2.6359832635983267,3.0,0.0,152.0,133.0,77.0,30.0,,10.0,2.0,18.0,0.0,17.3,16.52356082573315,0
['daniel' 'svensson'],16,5,Borussia Dortmund,22000000,0,2,27.244444444444447,0.0734094616639478,0.2936378466557912,1.0,4.0,0.0734094616639478,1.2112561174551386,6.0,0.0,701.0,437.0,95.0,12.0,22.0,22.0,25.0,88.0,0.0,23.8,16.906553056777135,2
['juanmi'],15,5,Getafe CF,1200000,1,5,1.9000000000000001,0.5263157894736842,1.0526315789473684,0.0,2.0,,1.5789473684210524,,0.0,24.0,16.0,4.0,1.0,5.0,1.0,,3.0,0.0,32.6,13.997832948091215,1
['jeremy' 'toljan'],7,5,US Sassuolo,3500000,0,5,34.0,0.029411764705882353,0.14705882352941177,0.0,,0.11764705882352941,0.7058823529411765,11.0,0.0,844.0,408.0,124.0,5.0,13.0,19.0,38.0,94.0,0.0,29.8,15.068273812173887,1
['daniel' 'bragança'],13,4,Sporting CP,10000000,2,4,5.611111111111112,1.0693069306930691,1.9603960396039601,3.0,1.0,,1.4257425742574257,1.0,0.0,346.0,228.0,39.0,4.0,5.0,10.0,6.0,27.0,0.0,26.6,16.118095750958314,2
['aljoscha' 'kemlein'],7,5,1.FC Union Berlin,9000000,2,2,21.855555555555558,,0.4575495678698525,0.0,1.0,0.09150991357397051,0.549059481443823,3.0,1.0,741.0,382.0,78.0,17.0,31.0,11.0,22.0,124.0,0.0,21.4,16.012735246411598,1
['iwo' 'kaczmarski'],12,5,Miedz Legnica,300000,2,3,,,,,,,,,0.0,,,,,,,,,0.0,20.2,12.611541086966115,1
['lukas' 'kübler'],7,6,SC Freiburg,1500000,0,2,17.7,0.11299435028248588,0.7909604519774012,1.0,,0.11299435028248588,0.5084745762711864,3.0,0.0,516.0,231.0,52.0,2.0,38.0,11.0,25.0,54.0,0.0,33.3,14.220976332738882,1
['djibril' 'sow'],12,5,Sevilla FC,9000000,2,5,22.38888888888889,0.22332506203473945,0.6699751861042184,1.0,1.0,0.17866004962779156,0.8039702233250621,2.0,0.0,758.0,369.0,68.0,6.0,14.0,28.0,23.0,78.0,0.0,27.3,16.012735246411598,2
['martim' 'neto'],13,5,Elche CF,5000000,2,5,15.022222222222222,0.13313609467455623,0.665680473372781,0.0,1.0,0.3328402366863905,1.331360946745562,4.0,0.0,529.0,360.0,86.0,21.0,5.0,11.0,12.0,58.0,0.0,22.9,15.424948670398354,1
['timothy' 'weah'],12,5,Olympique Marseille,20000000,1,1,24.166666666666668,0.08275862068965517,0.7862068965517242,0.0,3.0,0.08275862068965517,1.1172413793103448,7.0,0.0,843.0,519.0,168.0,14.0,17.0,18.0,33.0,97.0,0.0,25.8,16.811242881518265,2
['josé' 'maría' 'lópez' 'silva'],15,5,UD Tamaraceite,25000,0,4,0.3888888888888889,,,0.0,,,2.571428571428571,,0.0,7.0,4.0,1.0,,,,,1.0,0.0,39.5,10.12667110305036,1
['luck' 'zogbé'],3,5,Stade Brestois 29,100000,0,1,3.166666666666667,,0.631578947368421,0.0,,,0.3157894736842105,,0.0,88.0,27.0,14.0,2.0,6.0,5.0,5.0,15.0,0.0,19.2,11.51293546492023,1
['alex' 'scott'],5,5,AFC Bournemouth,30000000,2,0,30.76666666666667,0.09750812567713975,0.9750812567713976,1.0,2.0,0.032502708559046585,0.8125677139761646,4.0,1.0,1141.0,597.0,212.0,28.0,35.0,60.0,37.0,184.0,0.0,22.3,17.216707972959764,1
['rafik' 'belghali'],12,5,Hellas Verona,7000000,0,3,19.766666666666666,0.10118043844856661,0.657672849915683,0.0,2.0,,1.3659359190556493,2.0,0.0,361.0,261.0,102.0,39.0,8.0,10.0,12.0,85.0,0.0,23.5,15.76142084987672,1
['bilal' 'nadir'],9,5,Olympique Marseille,9000000,2,1,6.555555555555556,,0.6101694915254237,0.0,,0.6101694915254237,1.0677966101694913,3.0,1.0,335.0,216.0,55.0,4.0,2.0,4.0,8.0,34.0,0.0,22.0,16.012735246411598,2
['maxime' 'colin'],6,5,FC Metz,900000,0,1,17.8,,0.28089887640449435,0.0,1.0,,0.28089887640449435,,0.0,783.0,290.0,102.0,6.0,10.0,7.0,27.0,64.0,0.0,32.6,13.710151153416941,1
['axel' 'tuanzebe'],12,9,Burnley FC,5000000,0,0,11.355555555555556,0.08806262230919765,0.1761252446183953,0.0,,,,,0.0,395.0,116.0,41.0,,21.0,2.0,7.0,31.0,0.0,28.1,15.424948670398354,1
['ilya' 'zabarnyi'],12,8,Paris Saint-Germain,50000000,0,1,25.522222222222222,0.0391815411406182,0.1175446234218546,1.0,1.0,,0.1567261645624728,,0.0,1998.0,804.0,255.0,3.0,33.0,8.0,19.0,114.0,0.0,23.3,17.72753358339242,0
['nenê'],2,5,Esporte Clube Juventude,200000,1,4,3.9000000000000004,1.0256410256410255,4.871794871794871,0.0,3.0,0.2564102564102564,1.7948717948717947,3.0,0.0,58.0,38.0,13.0,3.0,18.0,5.0,2.0,9.0,2.0,42.4,12.206077645517674,1
['serginho'],13,5,CD Trofense,25000,2,4,28.666666666666668,0.13953488372093023,0.8372093023255813,1.0,1.0,0.10465116279069767,1.3953488372093024,6.0,0.0,941.0,559.0,152.0,19.0,23.0,45.0,35.0,163.0,1.0,38.6,10.12667110305036,1
['mohamed' 'kanté'],12,5,CS Sfaxien,350000,2,0,0.4222222222222222,,4.7368421052631575,0.0,,,2.3684210526315788,,0.0,15.0,14.0,7.0,1.0,2.0,,4.0,7.0,0.0,19.2,12.765691290604371,1
['xabi' 'huarte'],15,5,CA Osasuna Promesas,200000,2,4,1.488888888888889,,2.6865671641791042,0.0,1.0,,0.6716417910447761,,0.0,29.0,24.0,9.0,,1.0,1.0,3.0,4.0,0.0,23.3,12.206077645517674,1
['phil' 'foden'],5,5,Manchester City,150000000,2,0,21.77777777777778,0.3214285714285714,1.6530612244897958,2.0,6.0,0.22959183673469388,2.1122448979591835,10.0,1.0,1012.0,696.0,127.0,22.0,6.0,31.0,16.0,97.0,0.0,24.0,18.826145858727198,0
['matheus' 'cunha'],2,5,Wolverhampton Wanderers,45000000,1,0,27.811111111111114,0.35956851777866555,2.08549740311626,3.0,4.0,0.07191370355573311,1.1506192568917297,4.0,1.0,708.0,481.0,229.0,44.0,28.0,54.0,23.0,127.0,2.0,25.0,17.622173069956816,2
['iker' 'benito'],15,5,CA Osasuna,1500000,1,5,1.7222222222222223,0.5806451612903225,1.161290322580645,0.0,,,1.161290322580645,,0.0,61.0,39.0,18.0,1.0,1.0,3.0,,10.0,0.0,23.3,14.220976332738882,1
['johann' 'lepenant'],6,5,FC Nantes,7000000,2,1,24.166666666666668,,0.6206896551724138,0.0,,0.041379310344827586,1.3241379310344827,4.0,0.0,660.0,373.0,102.0,10.0,15.0,48.0,50.0,141.0,0.0,23.1,15.76142084987672,1
['emiliano' 'garcía'],12,5,Montevideo Wanderers,200000,0,5,28.944444444444446,0.034548944337811895,0.5873320537428023,0.0,3.0,0.06909788867562379,0.9673704414587332,3.0,0.0,2009.0,1088.0,188.0,2.0,42.0,24.0,40.0,111.0,0.0,33.6,12.206077645517674,1
['elseid' 'hysaj'],12,5,SS Lazio,2500000,0,3,1.888888888888889,,,0.0,,,,,0.0,57.0,26.0,3.0,,2.0,1.0,,3.0,0.0,30.3,14.731801689838349,2
['ladislav' 'krejčí'],12,5,Wolverhampton Wanderers,22000000,0,0,24.5,0.08163265306122448,0.6122448979591837,0.0,3.0,0.04081632653061224,0.2857142857142857,1.0,0.0,1050.0,363.0,142.0,2.0,59.0,7.0,16.0,73.0,0.0,26.6,16.906553056777135,2
['ángel' 'martínez'],15,5,Brunei DPMM FC,200000,0,4,9.033333333333333,,,0.0,,,0.7749077490774908,1.0,0.0,423.0,132.0,32.0,4.0,3.0,10.0,7.0,37.0,0.0,32.1,12.206077645517674,1
['pape' 'diop'],14,5,UD Ibiza,200000,2,1,13.166666666666668,0.07594936708860758,1.670886075949367,1.0,2.0,0.15189873417721517,1.291139240506329,2.0,0.0,549.0,270.0,56.0,4.0,9.0,17.0,18.0,89.0,0.0,37.2,12.206077645517674,1
['axel' 'witsel'],1,0,Girona FC,1400000,0,5,26.87777777777778,0.03720545680033071,0.5952873088052913,0.0,5.0,0.07441091360066142,0.5580818520049606,2.0,0.0,1282.0,601.0,136.0,9.0,47.0,37.0,23.0,157.0,0.0,36.9,14.151983508870947,2
['assane' 'diao'],14,5,Real Betis Balompié,12000000,1,3,11.122222222222222,0.17982017982017984,1.3486513486513487,1.0,3.0,0.08991008991008992,0.6293706293706294,2.0,0.0,238.0,194.0,96.0,27.0,8.0,37.0,5.0,34.0,0.0,18.7,16.300417291085605,1
['andré' 'gomes'],13,8,LOSC Lille,4500000,2,1,0.07777777777777778,,,0.0,,,,,0.0,7.0,4.0,2.0,3.0,,,,2.0,0.0,32.4,15.319588176962746,2
['jeppe' 'andersen'],4,5,Silkeborg IF,100000,0,0,31.96666666666667,,0.40667361835245047,0.0,2.0,0.03128258602711157,0.18769551616266944,3.0,0.0,1958.0,641.0,335.0,6.0,79.0,13.0,27.0,114.0,0.0,33.0,11.51293546492023,1
['brandon' 'aguilera'],12,5,Rio Ave FC,2000000,2,4,15.3,0.06535947712418301,0.7189542483660131,1.0,,,0.9803921568627451,2.0,0.0,532.0,264.0,75.0,14.0,8.0,42.0,10.0,78.0,0.0,22.5,14.508658238524095,1
['tom' 'cairney'],12,9,Fulham FC,750000,2,0,8.144444444444444,0.1227830832196453,0.859481582537517,0.0,,,1.1050477489768078,,0.0,614.0,308.0,97.0,4.0,10.0,11.0,3.0,41.0,0.0,34.9,13.527829818844937,2
['javi' 'martínez'],15,5,Qatar SC,1500000,0,4,7.377777777777778,,0.2710843373493976,0.0,,,,,0.0,264.0,69.0,33.0,,6.0,13.0,8.0,23.0,0.0,35.2,14.220976332738882,1
['théo' 'le' 'bris'],6,5,FC Lorient,2000000,2,1,21.08888888888889,0.09483667017913594,0.7112750263435195,0.0,2.0,0.09483667017913594,0.5216016859852476,2.0,0.0,540.0,339.0,101.0,11.0,7.0,7.0,26.0,57.0,0.0,21.7,14.508658238524095,1
['scott' 'mctominay'],12,5,SSC Napoli,45000000,2,3,30.033333333333335,0.3329633740288568,2.3640399556048832,5.0,13.0,0.09988901220865704,0.632630410654828,1.0,0.0,1117.0,631.0,163.0,26.0,48.0,68.0,13.0,128.0,0.0,29.0,17.622173069956816,0
['ricardo' 'dias'],13,5,UD Vilafranquense,75000,0,0,22.77777777777778,0.08780487804878048,0.3073170731707317,1.0,1.0,,0.2634146341463415,,0.0,1570.0,725.0,246.0,3.0,58.0,9.0,6.0,70.0,0.0,32.3,11.225256725762893,1
['stefanos' 'tzimas'],12,5,PAOK Thessaloniki,1800000,1,0,1.4777777777777779,0.6766917293233082,2.0300751879699246,0.0,1.0,0.6766917293233082,3.3834586466165413,,0.0,17.0,10.0,4.0,1.0,,1.0,2.0,10.0,0.0,18.4,14.403297778421795,1
['aron' 'dønnum'],12,5,FC Toulouse,3500000,2,1,26.933333333333334,0.1485148514851485,1.0767326732673268,0.0,1.0,0.1485148514851485,2.1534653465346536,10.0,0.0,795.0,531.0,200.0,25.0,3.0,38.0,28.0,137.0,2.0,26.1,15.068273812173887,1
['benjamin' 'henrichs'],7,7,RB Leipzig,20000000,0,2,3.3222222222222224,0.3010033444816053,1.2040133779264213,0.0,,,0.903010033444816,,0.0,143.0,69.0,19.0,1.0,2.0,1.0,5.0,12.0,0.0,27.3,16.811242881518265,2
['isi' 'palazón'],15,5,Rayo Vallecano,3000000,2,5,25.133333333333333,0.1193633952254642,1.4721485411140585,1.0,6.0,0.1193633952254642,1.4323607427055702,9.0,0.0,719.0,469.0,110.0,23.0,21.0,51.0,14.0,96.0,0.0,31.0,14.914123179965662,1
['jota'],13,5,CD Nacional,75000,2,4,,,,,,,,,0.0,,,,,,,,,0.0,32.8,11.225256725762893,1
['santiago' 'colombatto'],0,5,FC Famalicão,4000000,2,5,21.555555555555557,,0.5103092783505154,0.0,,0.04639175257731958,1.0670103092783505,3.0,0.0,805.0,384.0,97.0,5.0,10.0,38.0,21.0,99.0,0.0,26.4,15.201805169084134,1
['pedro'],15,5,Auckland City FC,150000,1,3,10.133333333333333,0.39473684210526316,1.5789473684210527,0.0,,0.19736842105263158,1.480263157894737,5.0,0.0,385.0,259.0,65.0,13.0,1.0,23.0,6.0,31.0,0.0,29.2,11.918397239722838,1
['castello' 'lukeba'],6,5,RB Leipzig,45000000,0,2,24.18888888888889,0.04134129536058796,0.20670647680293983,0.0,,,0.24804777216352777,,1.0,1550.0,575.0,207.0,22.0,31.0,12.0,14.0,127.0,0.0,23.0,17.622173069956816,2
['josé' 'maría' 'lópez' 'silva'],15,5,UD Tamaraceite,25000,2,4,4.233333333333333,,0.47244094488188976,0.0,,,1.4173228346456692,,0.0,104.0,67.0,10.0,2.0,6.0,1.0,9.0,23.0,0.0,39.5,10.12667110305036,1
['jaume' 'costa'],15,5,RCD Mallorca,900000,1,4,0.7111111111111111,,1.40625,0.0,,1.40625,1.40625,1.0,0.0,12.0,8.0,1.0,,6.0,2.0,2.0,2.0,0.0,36.2,13.710151153416941,1
['jamaal' 'lascelles'],5,9,Newcastle United,2000000,0,0,0.2111111111111111,,,0.0,,,,,0.0,6.0,,,,1.0,,,,0.0,32.1,14.508658238524095,2
['tom' 'louchet'],6,5,OGC Nice,5000000,2,1,15.122222222222224,0.19838354151359294,0.7935341660543718,0.0,2.0,0.13225569434239529,1.1903012490815577,8.0,0.0,418.0,250.0,65.0,12.0,8.0,13.0,15.0,60.0,0.0,22.6,15.424948670398354,2
['jonathan' 'mutombo'],6,5,Gil Vicente FC,400000,0,4,1.3333333333333335,,,0.0,,,,,0.0,29.0,17.0,10.0,,1.0,,2.0,5.0,0.0,23.3,12.899222326086994,1
['ibrahim' 'osman'],12,5,FC Nordsjaelland,12000000,1,1,6.9222222222222225,,2.1669341894060996,0.0,5.0,0.28892455858747995,0.7223113964686998,1.0,0.0,131.0,100.0,44.0,6.0,6.0,14.0,8.0,24.0,0.0,19.5,16.300417291085605,1
['noah' 'edjouma'],6,5,FC Toulouse,2500000,1,1,3.7666666666666666,,1.592920353982301,0.0,,,1.8584070796460177,,0.0,64.0,47.0,39.0,10.0,3.0,6.0,6.0,22.0,0.0,20.2,14.731801689838349,1
['james' 'milner'],5,5,Brighton & Hove Albion,750000,2,0,7.988888888888889,0.12517385257301808,0.7510431154381085,0.0,,0.12517385257301808,0.8762169680111266,1.0,0.0,382.0,210.0,36.0,1.0,6.0,3.0,9.0,38.0,0.0,39.9,13.527829818844937,2
['nikola' 'moro'],12,5,Bologna FC 1909,6500000,2,3,19.46666666666667,0.10273972602739725,0.9246575342465753,0.0,1.0,,1.3356164383561642,2.0,0.0,1106.0,697.0,136.0,12.0,19.0,16.0,9.0,83.0,0.0,27.8,15.687312888712007,2
['eljif' 'elmas'],12,5,RB Leipzig,20000000,2,3,18.8,0.05319148936170213,0.851063829787234,1.0,4.0,0.15957446808510636,1.0638297872340425,1.0,0.0,654.0,393.0,102.0,12.0,2.0,13.0,15.0,65.0,0.0,24.7,16.811242881518265,2
['óscar' 'valentín'],15,5,Rayo Vallecano,4000000,2,5,21.8,0.04587155963302752,0.4587155963302752,0.0,,,0.4587155963302752,1.0,0.0,735.0,384.0,91.0,4.0,25.0,19.0,37.0,95.0,0.0,29.8,15.201805169084134,1
['tyler' 'morton'],5,5,Liverpool FC U21,7000000,2,1,28.044444444444444,0.07131537242472266,0.49920760697305866,2.0,1.0,0.07131537242472266,0.9270998415213946,3.0,1.0,1331.0,715.0,201.0,14.0,17.0,19.0,32.0,128.0,0.0,20.6,15.76142084987672,1
['frederico' 'venâncio'],13,5,CD Santa Clara,500000,0,4,19.233333333333334,0.05199306759098787,0.4679376083188908,1.0,1.0,0.05199306759098787,0.20797227036395147,1.0,0.0,873.0,255.0,90.0,,41.0,3.0,15.0,62.0,0.0,32.9,13.122365377402328,1
['pablo' 'torre'],15,5,Girona FC,3000000,2,5,16.18888888888889,0.18531228551818804,0.9883321894303363,0.0,3.0,0.24708304735758407,1.6060398078242963,3.0,0.0,613.0,416.0,95.0,15.0,5.0,33.0,15.0,74.0,0.0,21.2,14.914123179965662,2
['diogo' 'prioste'],13,4,SL Benfica B,2000000,2,4,0.23333333333333334,,,0.0,,,,,0.0,22.0,9.0,,,1.0,1.0,,1.0,0.0,21.7,14.508658238524095,1
['lassana' 'coulibaly'],12,5,US Salernitana 1919,3500000,2,3,27.944444444444446,0.1073558648111332,0.7514910536779323,0.0,2.0,0.03578528827037773,0.6441351888667992,1.0,0.0,608.0,379.0,91.0,24.0,35.0,52.0,25.0,131.0,0.0,28.2,15.068273812173887,1
['samú' 'costa'],13,5,RCD Mallorca,15000000,2,5,28.366666666666667,0.24676850763807284,1.0223266745005875,3.0,2.0,0.07050528789659224,0.42303172737955347,1.0,0.0,929.0,453.0,84.0,14.0,73.0,66.0,34.0,109.0,0.0,25.0,16.52356082573315,1
['kristoffer' 'ajer'],12,8,Brentford FC,16000000,0,0,19.166666666666668,,0.41739130434782606,0.0,1.0,0.05217391304347826,0.15652173913043477,1.0,0.0,521.0,149.0,85.0,3.0,56.0,5.0,21.0,54.0,0.0,27.6,16.588099342704055,2
['leon' 'bailey'],12,5,AS Roma,18000000,1,0,4.022222222222222,,0.7458563535911602,0.0,,0.24861878453038674,2.7348066298342544,1.0,0.0,93.0,75.0,37.0,5.0,4.0,4.0,4.0,27.0,0.0,28.4,16.705882371415992,2
['chrislain' 'matsima'],6,5,FC Augsburg,22000000,0,2,16.555555555555557,0.060402684563758385,0.24161073825503354,1.0,,0.060402684563758385,0.18120805369127516,1.0,0.0,645.0,227.0,46.0,1.0,39.0,4.0,10.0,74.0,0.0,23.6,16.906553056777135,1
['conrad' 'harder'],4,5,RB Leipzig,24000000,1,2,10.211111111111112,0.29379760609357997,2.9379760609357994,1.0,8.0,0.29379760609357997,1.0772578890097932,4.0,0.0,138.0,94.0,49.0,5.0,22.0,18.0,6.0,22.0,0.0,20.7,16.993564429978885,2
['fabio' 'miretti'],8,5,Juventus FC,14000000,2,3,6.5,0.15384615384615385,1.8461538461538463,0.0,1.0,0.3076923076923077,1.3846153846153846,2.0,1.0,321.0,217.0,61.0,7.0,3.0,7.0,8.0,39.0,0.0,22.4,16.454567959008102,0
['luca' 'marianucci'],8,5,Pro Sesto 1913,175000,0,3,7.177777777777778,,0.1393188854489164,0.0,,0.1393188854489164,0.8359133126934984,2.0,0.0,321.0,157.0,50.0,2.0,12.0,2.0,6.0,27.0,0.0,19.9,12.07254696717504,1
['nicolae' 'stanciu'],12,5,Damac FC,5000000,2,3,2.011111111111111,,1.4917127071823204,0.0,1.0,,0.994475138121547,,0.0,59.0,28.0,9.0,1.0,1.0,2.0,2.0,8.0,0.0,30.5,15.424948670398354,1
['amir' 'murillo'],12,5,Olympique Marseille,10000000,0,1,10.977777777777778,0.18218623481781376,0.6376518218623481,1.0,,0.09109311740890688,0.9109311740890689,3.0,0.0,418.0,227.0,68.0,8.0,10.0,16.0,14.0,43.0,1.0,29.8,16.118095750958314,2
['robert' 'glatzel'],7,2,Hamburger SV,2500000,1,2,6.7555555555555555,0.4440789473684211,2.2203947368421053,0.0,3.0,0.29605263157894735,0.5921052631578947,1.0,0.0,97.0,69.0,13.0,5.0,16.0,13.0,1.0,21.0,1.0,29.5,14.731801689838349,1
['benjamin' 'stambouli'],6,8,Stade Reims,700000,2,1,9.933333333333334,,0.5033557046979865,0.0,,,0.8053691275167785,1.0,0.0,365.0,148.0,49.0,9.0,5.0,9.0,15.0,46.0,0.0,33.8,13.45883704259595,2
['femi' 'balogun'],11,5,CD Cova Piedade,75000,1,1,24.1,0.5394190871369294,2.3651452282157677,4.0,11.0,0.16597510373443983,0.7468879668049793,8.0,0.0,282.0,190.0,73.0,14.0,25.0,36.0,5.0,48.0,3.0,28.5,11.225256725762893,1
['benjamin' 'kimpioka'],16,5,St. Johnstone FC,250000,1,4,5.833333333333334,,0.6857142857142856,0.0,1.0,,0.3428571428571428,1.0,0.0,72.0,53.0,10.0,8.0,8.0,12.0,6.0,10.0,0.0,24.3,12.429220196836383,1
['cher' 'ndour'],8,8,ACF Fiorentina,5000000,2,3,20.544444444444444,0.1460248783126014,0.6814494321254733,1.0,2.0,,0.2920497566252028,1.0,0.0,610.0,340.0,51.0,7.0,32.0,23.0,19.0,74.0,0.0,21.4,15.424948670398354,2
['nicola' 'zalewski'],12,5,Atalanta BC,15000000,2,3,20.477777777777778,0.09766684753119913,1.220835594139989,0.0,3.0,0.19533369506239825,1.562669560499186,11.0,0.0,520.0,347.0,175.0,27.0,14.0,52.0,17.0,113.0,1.0,23.9,16.52356082573315,1
['tomás' 'martínez'],0,5,FBC Melgar,500000,1,5,28.366666666666667,0.42303172737955347,2.573443008225617,3.0,10.0,0.10575793184488837,0.7403055229142186,6.0,0.0,377.0,254.0,61.0,17.0,174.0,35.0,15.0,82.0,2.0,28.7,13.122365377402328,1
['mamadou' 'bah'],12,5,VfB Stuttgart,250000,2,3,,,,,,,,,0.0,,,,,,,,,0.0,25.2,12.429220196836383,2
['fallou' 'fall'],14,6,Stade Reims B,100000,2,1,,,,,,,,,0.0,,,,,,,,,0.0,20.1,11.51293546492023,1
['federico' 'chiesa'],8,5,Liverpool FC,18000000,1,0,3.5333333333333337,0.5660377358490566,3.113207547169811,1.0,1.0,0.2830188679245283,0.5660377358490566,2.0,0.0,81.0,60.0,32.0,2.0,3.0,7.0,6.0,9.0,0.0,28.1,16.705882371415992,0
['julian' 'ryerson'],12,1,Borussia Dortmund,20000000,0,2,25.244444444444447,,0.23767605633802813,0.0,1.0,0.5941901408450704,1.624119718309859,22.0,0.0,749.0,574.0,176.0,24.0,11.0,21.0,19.0,121.0,0.0,28.1,16.811242881518265,2
['jorge' 'de' 'frutos'],15,5,Rayo Vallecano,4000000,1,5,26.08888888888889,0.3833049403747871,1.8015332197614993,2.0,10.0,0.03833049403747871,1.034923339011925,3.0,0.0,280.0,190.0,117.0,26.0,18.0,36.0,15.0,61.0,3.0,27.3,15.201805169084134,1
['daichi' 'kamada'],12,5,Crystal Palace,12000000,2,0,19.7,,0.6091370558375635,0.0,1.0,,0.9644670050761421,5.0,0.0,643.0,343.0,120.0,12.0,14.0,27.0,34.0,100.0,1.0,29.3,16.300417291085605,2
['chema' 'andrés'],15,5,VfB Stuttgart,15000000,2,2,14.511111111111111,0.20673813169984687,0.8269525267993875,1.0,2.0,,1.0336906584992342,1.0,0.0,617.0,402.0,51.0,2.0,52.0,7.0,15.0,81.0,1.0,20.7,16.52356082573315,2
['enzo' 'fernández'],0,5,Chelsea FC,85000000,2,0,32.67777777777778,0.2754165249914995,1.5300918055083306,1.0,9.0,0.09180550833049983,1.8667120027201634,10.0,1.0,1678.0,1032.0,241.0,11.0,24.0,42.0,21.0,129.0,0.0,24.9,18.258161826219297,0
['seydou' 'fini'],8,5,Standard Liège,1000000,1,3,0.34444444444444444,,,0.0,,,2.903225806451613,,0.0,2.0,2.0,,1.0,,,,,0.0,18.0,13.815511557963774,1
['timo' 'hübers'],7,5,1.FC Köln,5500000,0,2,7.433333333333334,,,0.0,,,,,0.0,320.0,108.0,28.0,1.0,21.0,10.0,9.0,24.0,0.0,27.9,15.520258832020865,1
['iván' 'romero'],15,5,CD Tenerife,800000,1,5,23.455555555555556,0.2984367598294647,1.6200852676456656,1.0,11.0,0.04263382283278067,0.9805779251539555,5.0,0.0,365.0,228.0,97.0,35.0,29.0,72.0,22.0,83.0,1.0,22.2,13.592368256649284,1
['gonzalo' 'garcía'],15,5,Without Club,300000,1,5,9.61111111111111,0.5202312138728324,1.8728323699421967,2.0,6.0,0.10404624277456648,1.1445086705202312,2.0,0.0,187.0,121.0,24.0,3.0,21.0,5.0,6.0,23.0,0.0,32.7,12.611541086966115,1
['rui' 'modesto'],12,5,Udinese Calcio,1800000,2,3,1.3,,0.7692307692307692,0.0,,0.7692307692307692,0.7692307692307692,1.0,0.0,32.0,21.0,4.0,,1.0,,4.0,4.0,0.0,26.2,14.403297778421795,1
['rafa'],13,5,CD Cinfães,100000,2,4,10.211111111111112,0.48966267682263326,2.1545157780195865,1.0,6.0,,0.9793253536452665,1.0,0.0,222.0,165.0,44.0,14.0,5.0,25.0,11.0,30.0,0.0,24.1,11.51293546492023,1
['johan' 'mojica'],12,5,RCD Mallorca,1800000,0,5,29.333333333333336,,0.4431818181818181,0.0,1.0,0.13636363636363635,1.0227272727272727,6.0,0.0,926.0,532.0,169.0,15.0,22.0,29.0,27.0,170.0,0.0,33.3,14.403297778421795,1
['fabio' 'chiarodia'],8,7,Borussia Mönchengladbach,3000000,0,2,7.477777777777778,,0.5349182763744428,0.0,2.0,,0.1337295690936107,,0.0,379.0,104.0,42.0,1.0,6.0,1.0,8.0,33.0,0.0,20.5,14.914123179965662,2
['arthur' 'cabral'],2,5,Botafogo de Futebol e Regatas,9000000,1,4,0.4777777777777778,4.186046511627906,12.55813953488372,1.0,,,2.093023255813953,,0.0,17.0,16.0,3.0,1.0,3.0,2.0,,1.0,0.0,27.6,16.012735246411598,1
['juan' 'cabal'],12,5,Juventus FC,9000000,0,3,3.188888888888889,0.627177700348432,1.254355400696864,1.0,,,0.627177700348432,2.0,0.0,108.0,58.0,18.0,1.0,4.0,1.0,6.0,21.0,0.0,25.0,16.012735246411598,0
['lovro' 'majer'],12,5,VfL Wolfsburg,15000000,2,2,15.255555555555556,0.13109978150036417,1.3109978150036417,0.0,5.0,0.19664967225054625,1.2454479242534595,4.0,0.0,438.0,265.0,95.0,12.0,12.0,21.0,16.0,72.0,0.0,27.9,16.52356082573315,2
['manuel' 'fernandes'],13,5,Sepahan FC,75000,0,4,12.433333333333334,0.08042895442359249,0.16085790884718498,0.0,,0.08042895442359249,0.6434316353887399,1.0,0.0,385.0,165.0,72.0,7.0,10.0,15.0,24.0,57.0,0.0,37.3,11.225256725762893,1
['mateus' 'lusuardi'],2,5,Frosinone Calcio,300000,0,3,2.2111111111111112,,0.4522613065326633,0.0,,,0.4522613065326633,,0.0,65.0,17.0,8.0,1.0,8.0,,2.0,7.0,0.0,20.4,12.611541086966115,1
['wilson' 'isidor'],12,5,Sunderland AFC,18000000,1,0,12.4,0.4032258064516129,2.338709677419355,1.0,2.0,,,,0.0,74.0,52.0,32.0,6.0,25.0,6.0,6.0,21.0,0.0,25.3,16.705882371415992,1
['noussair' 'mazraoui'],9,5,Manchester United,22000000,0,0,10.11111111111111,,0.19780219780219782,0.0,,,0.4945054945054945,,1.0,443.0,251.0,85.0,7.0,18.0,13.0,16.0,42.0,0.0,28.1,16.906553056777135,0
['othniël' 'raterink'],10,5,De Graafschap Doetinchem,450000,0,3,0.06666666666666667,,,0.0,,,,,0.0,5.0,,,,,,,,0.0,19.7,13.017005083966255,1
['gabriel' 'suazo'],12,5,Sevilla FC,7000000,0,5,21.28888888888889,,0.1878914405010438,0.0,,0.04697286012526095,1.6440501043841333,5.0,0.0,768.0,444.0,106.0,15.0,12.0,15.0,63.0,104.0,0.0,28.3,15.76142084987672,2
['alexis' 'sánchez'],12,5,Sevilla FC,1400000,1,5,13.3,0.3007518796992481,1.3533834586466165,2.0,3.0,0.15037593984962405,1.6541353383458646,1.0,0.0,307.0,223.0,35.0,7.0,14.0,25.0,11.0,59.0,0.0,37.0,14.151983508870947,2
['tomané'],13,5,Avs Futebol,200000,1,4,22.48888888888889,0.17786561264822132,0.9782608695652173,0.0,2.0,0.04446640316205533,0.7559288537549407,3.0,1.0,256.0,160.0,64.0,9.0,150.0,61.0,7.0,68.0,0.0,33.2,12.206077645517674,1
['fábio' 'carvalho'],13,5,Hull City,14000000,2,0,1.1111111111111112,0.8999999999999999,1.7999999999999998,0.0,,,,,0.0,20.0,11.0,4.0,1.0,1.0,,2.0,5.0,0.0,21.7,16.454567959008102,1
['jackson' 'irvine'],12,5,FC St. Pauli,1500000,2,2,18.044444444444444,,0.7204433497536946,0.0,1.0,0.05541871921182266,0.5541871921182266,3.0,0.0,494.0,289.0,52.0,10.0,47.0,12.0,16.0,73.0,0.0,30.3,14.220976332738882,1
['andrew' 'irving'],12,5,West Ham United,5000000,2,0,1.7444444444444445,,,0.0,,,1.7197452229299364,,0.0,83.0,54.0,6.0,,,,3.0,14.0,0.0,25.6,15.424948670398354,2
['carles' 'aleñá'],15,5,Getafe CF,3000000,2,5,22.166666666666668,,0.8571428571428571,0.0,2.0,0.18045112781954886,1.5338345864661653,6.0,0.0,725.0,528.0,83.0,13.0,14.0,36.0,24.0,83.0,0.0,26.4,14.914123179965662,1
['morten' 'frendrup'],4,1,Genoa CFC,15000000,2,3,33.32222222222222,0.030010003334444816,0.2100700233411137,0.0,,,0.45015005001667224,1.0,0.0,1108.0,472.0,110.0,8.0,27.0,39.0,71.0,149.0,0.0,23.2,16.52356082573315,2
['juan' 'rodríguez'],15,5,RCD Mallorca,300000,0,5,26.455555555555556,,0.3401931961360773,0.0,1.0,0.0377992440151197,0.3401931961360773,2.0,0.0,1559.0,675.0,148.0,6.0,24.0,31.0,23.0,64.0,0.0,35.2,12.611541086966115,1
['carlos' 'alcaraz'],0,5,Everton FC,15000000,2,0,7.544444444444445,,1.4580265095729013,0.0,1.0,0.1325478645066274,1.0603829160530192,2.0,0.0,241.0,147.0,48.0,6.0,13.0,11.0,8.0,42.0,0.0,23.0,16.52356082573315,2
['amir' 'richardson'],9,5,ACF Fiorentina,4500000,2,3,0.4444444444444445,,2.25,0.0,,,,,0.0,20.0,14.0,4.0,1.0,1.0,3.0,1.0,,0.0,23.9,15.319588176962746,2
['joão' 'goulart'],13,5,Casa Pia AC,1000000,0,4,21.266666666666666,,0.14106583072100315,0.0,,,0.14106583072100315,,0.0,436.0,138.0,40.0,1.0,66.0,6.0,15.0,38.0,1.0,25.9,13.815511557963774,1
['adam' 'masina'],9,5,Torino FC,1400000,0,3,2.577777777777778,,,0.0,,0.3879310344827586,0.3879310344827586,1.0,0.0,85.0,23.0,10.0,1.0,2.0,2.0,3.0,10.0,0.0,32.0,14.151983508870947,2
['iván' 'balliu'],12,5,Rayo Vallecano,1200000,0,5,5.444444444444445,,0.36734693877551017,0.0,1.0,,0.36734693877551017,,0.0,184.0,95.0,23.0,7.0,4.0,4.0,7.0,23.0,0.0,33.9,13.997832948091215,1
['stefan' 'bell'],7,5,1.FSV Mainz 05,600000,0,2,11.566666666666666,0.1729106628242075,0.9510086455331412,1.0,,0.08645533141210375,0.345821325648415,3.0,0.0,293.0,107.0,51.0,1.0,61.0,7.0,6.0,34.0,1.0,34.3,13.304686600863562,1
['andrew' 'omobamidele'],12,5,RC Strasbourg Alsace,7000000,0,1,14.011111111111111,0.07137192704203013,0.2141157811260904,1.0,1.0,,,,0.0,1100.0,199.0,144.0,,25.0,10.0,4.0,57.0,0.0,23.5,15.76142084987672,1
['jordan' 'henderson'],5,3,Brentford FC,2000000,2,0,20.38888888888889,0.049046321525885554,0.19618528610354222,0.0,,0.14713896457765668,0.7356948228882834,8.0,0.0,851.0,410.0,87.0,3.0,11.0,7.0,12.0,94.0,0.0,35.5,14.508658238524095,2
['josé' 'ángel' 'carmona'],15,5,Sevilla FC,12000000,0,5,26.711111111111112,0.03743760399334443,0.4866888519134775,0.0,1.0,0.11231281198003328,0.5615640599001663,3.0,0.0,886.0,405.0,178.0,16.0,44.0,42.0,40.0,133.0,0.0,23.9,16.300417291085605,2
['mory' 'bamba'],3,5,US Livorno 1915,50000,1,1,7.533333333333333,0.13274336283185842,1.4601769911504425,0.0,3.0,0.26548672566371684,0.5309734513274337,2.0,0.0,97.0,47.0,11.0,4.0,16.0,8.0,2.0,19.0,0.0,21.1,10.819798284210286,1
['robin' 'le' 'normand'],15,5,Real Sociedad,40000000,0,5,18.811111111111114,0.0531600708800945,0.212640283520378,0.0,1.0,0.0531600708800945,0.0531600708800945,1.0,0.0,893.0,282.0,120.0,1.0,49.0,14.0,15.0,51.0,0.0,27.6,17.50439003707821,2
['julio' 'soler'],0,5,AFC Bournemouth,8000000,0,0,0.37777777777777777,,,0.0,,,,,0.0,20.0,15.0,2.0,,,2.0,,4.0,0.0,20.8,15.894952224644102,1
['dario' 'špikić'],12,5,Rio Ave FC,1000000,1,4,19.977777777777778,0.10011123470522804,0.9510567296996663,1.0,3.0,0.15016685205784205,1.0511679644048944,7.0,0.0,341.0,227.0,114.0,21.0,13.0,27.0,23.0,79.0,0.0,26.7,13.815511557963774,1
['dani' 'calvo'],15,8,Real Oviedo,1500000,0,5,15.877777777777778,,0.12596221133659902,0.0,,,0.12596221133659902,1.0,0.0,629.0,115.0,49.0,1.0,37.0,5.0,11.0,30.0,0.0,29.2,14.220976332738882,1
['sam' 'byram'],5,5,Norwich City,1000000,0,0,0.07777777777777778,,,0.0,,,,,0.0,1.0,,,,,,,,0.0,29.7,13.815511557963774,1
['ferran' 'jutglà'],15,3,Club Brugge KV,7500000,1,5,17.555555555555557,0.5126582278481012,2.3354430379746836,0.0,8.0,0.17088607594936708,0.5696202531645569,2.0,1.0,306.0,199.0,87.0,21.0,16.0,25.0,4.0,45.0,0.0,25.3,15.830413711839864,1
['thierry' 'correia'],13,4,Valencia CF,3000000,0,5,15.18888888888889,,0.13167520117044623,0.0,,0.06583760058522312,0.6583760058522311,2.0,0.0,524.0,301.0,98.0,8.0,14.0,24.0,21.0,54.0,0.0,26.8,14.914123179965662,2
['bryan' 'gil'],15,5,Girona FC,12000000,1,5,16.355555555555558,,0.733695652173913,0.0,2.0,0.18342391304347824,1.1005434782608694,6.0,0.0,405.0,260.0,165.0,30.0,4.0,37.0,19.0,73.0,0.0,24.8,16.300417291085605,2
['florian' 'wirtz'],7,5,Liverpool FC,110000000,2,0,26.344444444444445,0.18979333614508645,1.1387600168705188,1.0,7.0,0.11387600168705188,2.163644032053986,5.0,1.0,1189.0,919.0,152.0,38.0,7.0,19.0,25.0,111.0,0.0,22.6,18.5159909328476,0
['zeno' 'debast'],1,5,Sporting CP,30000000,0,4,13.077777777777778,,0.45879354290569246,0.0,,0.15293118096856415,0.3058623619371283,3.0,0.0,969.0,421.0,163.0,5.0,11.0,5.0,9.0,51.0,0.0,22.2,17.216707972959764,2
['ryan' 'sessegnon'],5,9,Fulham FC,20000000,2,0,20.244444444444444,0.1481888035126235,0.49396267837541163,2.0,1.0,0.04939626783754117,0.6421514818880352,3.0,0.0,519.0,275.0,114.0,9.0,19.0,3.0,29.0,74.0,0.0,25.6,16.811242881518265,2
['séamus' 'coleman'],12,5,Everton FC,300000,0,0,0.13333333333333333,,,0.0,,,,,0.0,4.0,2.0,,,1.0,1.0,,1.0,0.0,37.2,12.611541086966115,2
['patric'],15,5,SS Lazio,1500000,0,3,7.355555555555556,,0.27190332326283984,0.0,,,0.27190332326283984,1.0,0.0,522.0,214.0,28.0,2.0,11.0,2.0,,34.0,0.0,32.7,14.220976332738882,2
['martin' 'terrier'],6,5,Bayer 04 Leverkusen,12000000,1,2,7.466666666666667,0.5357142857142857,1.875,2.0,4.0,0.13392857142857142,1.0714285714285714,2.0,0.0,210.0,142.0,20.0,5.0,7.0,13.0,4.0,18.0,0.0,28.8,16.300417291085605,2
['john' 'mcginn'],12,5,Aston Villa,15000000,2,0,23.922222222222224,0.20901068276823037,0.8360427310729215,3.0,4.0,0.16720854621458428,1.5466790524849046,7.0,0.0,616.0,421.0,98.0,19.0,11.0,48.0,16.0,88.0,0.0,31.1,16.52356082573315,2
['filip' 'kostić'],12,5,Juventus FC,6500000,2,3,5.211111111111111,0.5756929637526652,1.1513859275053304,0.0,,0.19189765458422176,1.7270788912579957,1.0,0.0,190.0,121.0,40.0,4.0,4.0,5.0,10.0,29.0,0.0,31.6,15.687312888712007,0
['nathan' 'patterson'],12,5,Everton FC,10000000,0,0,2.666666666666667,,0.37499999999999994,0.0,,,,,0.0,64.0,28.0,5.0,1.0,7.0,2.0,4.0,14.0,0.0,24.1,16.118095750958314,2
['dayann' 'methalie'],6,5,FC Toulouse,8000000,0,1,20.91111111111111,0.09564293304994687,0.5738575982996812,0.0,1.0,0.04782146652497343,0.38257173219978746,3.0,0.0,370.0,203.0,122.0,28.0,13.0,11.0,30.0,85.0,1.0,19.8,15.894952224644102,1
['axel' 'tape'],6,5,Bayer 04 Leverkusen,8000000,0,2,2.4555555555555557,,0.8144796380090498,0.0,1.0,,,,0.0,73.0,33.0,19.0,7.0,1.0,7.0,1.0,5.0,0.0,18.4,15.894952224644102,2
['trent' 'alexander-arnold'],5,3,Real Madrid,70000000,0,5,12.777777777777779,,0.6260869565217391,0.0,,0.31304347826086953,1.8782608695652172,3.0,1.0,697.0,461.0,79.0,5.0,5.0,5.0,10.0,49.0,0.0,27.2,18.064005814299346,0
['alex' 'da' 'silva'],2,5,AEL Limassol,150000,0,4,,,,,,,,,0.0,,,,,,,,,0.0,35.9,11.918397239722838,1
['can' 'uzun'],12,5,Eintracht Frankfurt,45000000,2,2,12.933333333333334,0.6185567010309279,2.319587628865979,1.0,,0.30927835051546393,1.2371134020618557,4.0,0.0,484.0,333.0,85.0,16.0,6.0,26.0,9.0,56.0,0.0,20.1,17.622173069956816,2
['vladislav' 'morozov'],12,5,Kolding IF,300000,1,4,,,,,,,,,0.0,,,,,,,,,0.0,25.2,12.611541086966115,1
['rani' 'khedira'],12,5,1.FC Union Berlin,2000000,2,2,31.5,0.15873015873015872,0.47619047619047616,2.0,1.0,0.031746031746031744,0.47619047619047616,4.0,0.0,437.0,215.0,51.0,3.0,38.0,18.0,33.0,96.0,1.0,31.9,14.508658238524095,1
['grigoris' 'kastanos'],12,5,US Salernitana 1919,1800000,2,3,0.4444444444444445,,2.25,0.0,,,2.25,,0.0,18.0,14.0,4.0,1.0,1.0,1.0,2.0,4.0,0.0,26.3,14.403297778421795,1
['mayckel' 'lahdo'],16,5,FC Nantes,3000000,1,1,4.644444444444445,0.21531100478468898,0.43062200956937796,0.0,,0.21531100478468898,0.8612440191387559,,0.0,86.0,51.0,16.0,6.0,1.0,6.0,2.0,11.0,0.0,23.0,14.914123179965662,1
['cas' 'odenthal'],10,7,Como 1907,1500000,0,3,0.011111111111111112,,,0.0,,,,,0.0,2.0,1.0,,,,,,1.0,0.0,23.0,14.220976332738882,1
['kristjan' 'asllani'],12,5,Torino FC,13000000,2,3,12.61111111111111,,1.0308370044052864,0.0,1.0,,1.1894273127753305,1.0,0.0,519.0,258.0,34.0,3.0,2.0,14.0,13.0,63.0,0.0,23.8,16.380459992348886,2
['elisha' 'owusu'],12,5,AJ Auxerre,2500000,2,1,25.1,,0.1593625498007968,0.0,,,0.4780876494023904,,0.0,693.0,361.0,53.0,10.0,12.0,22.0,43.0,149.0,0.0,26.0,14.731801689838349,1
['christian' 'marques'],13,4,Yverdon Sport FC,300000,0,4,30.166666666666668,,0.09944751381215469,0.0,1.0,,0.26519337016574585,1.0,0.0,1045.0,282.0,112.0,5.0,30.0,16.0,24.0,63.0,1.0,20.8,12.611541086966115,1
['ciro' 'immobile'],8,5,Bologna FC 1909,2000000,1,3,2.1222222222222222,,0.4712041884816754,0.0,1.0,,0.4712041884816754,,0.0,35.0,24.0,12.0,,3.0,3.0,1.0,6.0,0.0,35.8,14.508658238524095,2
['hugo' 'larsson'],16,5,Eintracht Frankfurt,40000000,2,2,20.22222222222222,0.09890109890109891,0.4945054945054945,0.0,,0.09890109890109891,0.8406593406593407,1.0,0.0,893.0,447.0,74.0,4.0,9.0,2.0,9.0,76.0,0.0,21.5,17.50439003707821,2
['glen' 'kamara'],12,5,Stade Rennais FC,2500000,2,1,0.6333333333333333,,,0.0,,,,,0.0,52.0,19.0,3.0,,2.0,2.0,,6.0,0.0,30.1,14.731801689838349,2
['denis' 'zakaria'],12,5,AS Monaco,25000000,2,1,21.58888888888889,0.09264024704065878,0.5095213587236233,0.0,3.0,0.04632012352032939,0.23160061760164694,1.0,0.0,1002.0,472.0,162.0,8.0,15.0,7.0,24.0,95.0,0.0,29.1,17.034386422832473,1
['hernani'],2,5,Parma Calcio 1913,1500000,2,3,0.7666666666666667,,,0.0,,,1.3043478260869565,,0.0,17.0,12.0,5.0,,2.0,3.0,,5.0,0.0,31.7,14.220976332738882,1
['jon' 'guridi'],15,5,Deportivo Alavés,4000000,2,5,11.877777777777778,,0.8419083255378859,0.0,3.0,,0.5893358278765201,,0.0,324.0,187.0,40.0,8.0,20.0,8.0,15.0,56.0,1.0,29.3,15.201805169084134,1
['vangelis' 'pavlidis'],12,5,AZ Alkmaar,25000000,1,4,29.633333333333333,0.7424071991001125,2.530933633295838,8.0,19.0,0.13498312710911137,1.079865016872891,7.0,0.0,443.0,285.0,87.0,14.0,69.0,40.0,9.0,76.0,0.0,25.5,17.034386422832473,1
['javi' 'galán'],15,3,Atlético de Madrid,3500000,0,5,18.822222222222223,,0.21251475796930341,0.0,,0.053128689492325853,1.2219598583234947,2.0,0.0,725.0,382.0,184.0,37.0,14.0,36.0,28.0,84.0,0.0,31.1,15.068273812173887,0
['marc' 'casadó'],15,4,FC Barcelona Atlètic,2500000,2,5,10.766666666666667,,0.18575851393188852,0.0,1.0,0.09287925696594426,1.1145510835913313,,0.0,790.0,448.0,74.0,2.0,7.0,20.0,10.0,39.0,0.0,20.8,14.731801689838349,1
['silvan' 'widmer'],12,1,1.FSV Mainz 05,800000,0,2,20.211111111111112,0.09895547003848268,0.7421660252886201,0.0,4.0,0.04947773501924134,0.34634414513468936,4.0,0.0,417.0,224.0,54.0,2.0,29.0,11.0,26.0,50.0,0.0,32.8,13.592368256649284,1
['lisandro' 'semedo'],12,5,Radomiak Radom,500000,1,4,10.988888888888889,0.2730030333670374,1.5470171890798787,0.0,2.0,,0.7280080889787665,1.0,0.0,143.0,81.0,20.0,8.0,28.0,21.0,4.0,23.0,0.0,27.6,13.122365377402328,1
['juan' 'arango'],12,5,New York Cosmos,75000,1,5,0.17777777777777778,,,0.0,,,,,0.0,3.0,3.0,,2.0,,,,1.0,0.0,37.5,11.225256725762893,1
['wouter' 'burger'],10,5,Stoke City,5000000,2,2,27.11111111111111,0.14754098360655737,1.069672131147541,2.0,4.0,0.18442622950819673,1.6967213114754098,9.0,0.0,1055.0,666.0,101.0,4.0,67.0,12.0,44.0,134.0,1.0,22.7,15.424948670398354,1
['fernando' 'navarro'],15,5,Deportivo de La Coruña,100000,1,4,14.166666666666668,0.4235294117647058,1.1294117647058823,1.0,7.0,0.07058823529411765,0.2823529411764706,1.0,0.0,188.0,121.0,24.0,6.0,13.0,18.0,2.0,24.0,0.0,35.9,11.51293546492023,1
['ethan' 'ampadu'],12,5,Leeds United,12000000,0,0,32.7,0.030581039755351678,0.4587155963302752,0.0,3.0,0.030581039755351678,0.5198776758409785,1.0,1.0,1390.0,659.0,146.0,11.0,53.0,35.0,45.0,172.0,1.0,23.1,16.300417291085605,2
['lohann' 'doucet'],6,5,FC Nantes,700000,2,1,1.3222222222222222,0.7563025210084033,1.5126050420168067,0.0,,,2.26890756302521,,0.0,51.0,25.0,6.0,2.0,,1.0,,5.0,0.0,20.8,13.45883704259595,1
['leonardo' 'sernicola'],8,5,US Cremonese,2000000,0,3,,,,,,,,,0.0,,,,,,,,,0.0,25.9,14.508658238524095,1
['gabriel' 'gudmundsson'],16,5,Leeds United,15000000,0,0,29.3,,0.44368600682593856,0.0,,,0.7167235494880546,4.0,0.0,730.0,366.0,203.0,39.0,18.0,56.0,44.0,112.0,0.0,26.6,16.52356082573315,2
['raffaele' 'de' 'vita'],8,5,Livingston FC,125000,0,4,2.522222222222222,,1.1894273127753305,0.0,,,,,0.0,79.0,42.0,10.0,,2.0,3.0,2.0,15.0,0.0,33.8,11.736077016252437,1
['mattias' 'svanberg'],16,5,VfL Wolfsburg,12000000,2,2,9.488888888888889,0.3161592505854801,1.6861826697892273,1.0,3.0,0.1053864168618267,0.5269320843091335,1.0,0.0,160.0,98.0,26.0,3.0,12.0,20.0,6.0,30.0,0.0,27.0,16.300417291085605,2
['jérémy' 'livolant'],6,5,Casa Pia AC,2000000,1,4,30.844444444444445,0.09726224783861671,1.069884726224784,0.0,7.0,0.25936599423631124,1.037463976945245,8.0,0.0,543.0,390.0,132.0,29.0,61.0,76.0,27.0,119.0,1.0,27.9,14.508658238524095,1
['destiny' 'udogie'],8,5,Tottenham Hotspur,40000000,0,0,13.144444444444446,,0.15215553677092136,0.0,,0.07607776838546068,0.8368554522400675,2.0,0.0,449.0,261.0,108.0,5.0,8.0,19.0,16.0,62.0,0.0,23.0,17.50439003707821,0
['henrik' 'meister'],4,5,Pisa Sporting Club,5000000,1,3,16.8,0.11904761904761904,0.9523809523809523,0.0,9.0,,0.2976190476190476,1.0,0.0,100.0,72.0,39.0,13.0,33.0,17.0,3.0,29.0,0.0,22.1,15.424948670398354,1
['adam' 'smith'],5,2,AFC Bournemouth,500000,0,0,9.977777777777778,,,0.0,,0.20044543429844097,0.30066815144766146,1.0,0.0,225.0,115.0,18.0,1.0,13.0,8.0,11.0,25.0,0.0,34.6,13.122365377402328,1
['han-noah' 'massengo'],6,5,Burnley FC,4000000,2,2,27.055555555555557,0.07392197125256673,0.5544147843942505,1.0,1.0,0.03696098562628337,0.5913757700205339,3.0,0.0,958.0,512.0,135.0,26.0,17.0,23.0,17.0,138.0,0.0,22.9,15.201805169084134,1
['duarte' 'machado'],13,5,Atlético CP,75000,0,1,13.177777777777779,,0.6070826306913996,0.0,1.0,0.07588532883642495,0.4553119730185497,3.0,0.0,302.0,163.0,60.0,7.0,9.0,28.0,16.0,60.0,0.0,33.1,11.225256725762893,1
['sabit' 'abdulai'],12,0,SD Ponferradina,200000,2,4,13.044444444444444,,0.6132879045996593,0.0,,0.07666098807495741,0.30664395229982966,,0.0,368.0,169.0,43.0,12.0,11.0,6.0,14.0,66.0,0.0,24.1,12.206077645517674,1
['ben' 'chilwell'],5,2,RC Strasbourg Alsace,12000000,0,1,17.8,,0.2247191011235955,0.0,1.0,0.11235955056179775,0.28089887640449435,4.0,0.0,695.0,252.0,94.0,10.0,10.0,22.0,17.0,73.0,0.0,29.0,16.300417291085605,1
['tiago' 'gonçalves'],13,5,FC Porto U19,50000,2,1,,,,,,,,,0.0,,,,,,,,,0.0,18.2,10.819798284210286,1
['thomas' 'delaine'],6,5,Le Havre AC,500000,0,1,2.2222222222222223,,0.44999999999999996,0.0,,,1.3499999999999999,,0.0,90.0,36.0,23.0,2.0,,1.0,,9.0,0.0,33.7,13.122365377402328,1
['marcos' 'llorente'],15,5,Atlético de Madrid,22000000,2,5,23.26666666666667,,0.4727793696275071,0.0,2.0,0.17191977077363896,0.6876790830945558,9.0,0.0,1227.0,627.0,175.0,13.0,10.0,11.0,39.0,121.0,0.0,30.9,16.906553056777135,0
['antoni' 'milambo'],10,5,Feyenoord Rotterdam,6000000,2,0,0.5,,,0.0,,,,,0.0,8.0,5.0,2.0,,2.0,,1.0,2.0,0.0,19.2,15.607270193858982,2
['ismaëlo' 'ganiou'],6,5,RC Lens,3000000,0,1,21.811111111111114,0.13754457463066733,0.6877228731533367,2.0,2.0,,0.412633723892002,1.0,0.0,1113.0,456.0,155.0,10.0,48.0,22.0,29.0,115.0,0.0,20.8,14.914123179965662,2
['héctor' 'bellerín'],15,5,Real Betis Balompié,4000000,0,5,18.22222222222222,0.10975609756097561,0.27439024390243905,0.0,,0.16463414634146342,1.152439024390244,5.0,0.0,803.0,415.0,99.0,6.0,16.0,4.0,13.0,52.0,0.0,29.2,15.201805169084134,1
['reda' 'belahyane'],9,5,SS Lazio,8500000,2,3,5.722222222222222,,0.17475728155339806,0.0,,0.17475728155339806,0.6990291262135923,1.0,0.0,203.0,122.0,34.0,5.0,3.0,3.0,5.0,28.0,0.0,21.6,15.955576839107596,2
['justin' 'devenny'],12,5,Crystal Palace,8000000,2,0,7.7555555555555555,0.12893982808022922,1.160458452722063,0.0,4.0,,0.9025787965616046,,0.0,165.0,99.0,47.0,2.0,6.0,9.0,11.0,32.0,0.0,22.2,15.894952224644102,2
['nicolás' 'domínguez'],0,5,Nottingham Forest,16000000,2,0,12.777777777777779,0.07826086956521738,0.7826086956521738,0.0,1.0,0.07826086956521738,0.7826086956521738,2.0,1.0,437.0,232.0,44.0,6.0,13.0,11.0,28.0,57.0,0.0,27.4,16.588099342704055,2
['igor' 'julio'],2,5,West Ham United,15000000,0,0,1.1444444444444446,,,0.0,,,0.8737864077669901,,0.0,16.0,5.0,4.0,,,,,3.0,0.0,27.8,16.52356082573315,2
['yanis' 'begraoui'],9,5,GD Estoril Praia,4000000,1,4,30.28888888888889,0.6603081438004401,2.0469552457813647,3.0,9.0,0.03301540719002201,0.5942773294203961,2.0,0.0,472.0,275.0,90.0,25.0,20.0,32.0,5.0,73.0,0.0,24.5,15.201805169084134,1
['luka' 'modrić'],12,5,AC Milan,4000000,2,3,30.977777777777778,0.06456241032998565,0.41965566714490676,2.0,,0.09684361549497848,1.517216642754663,6.0,2.0,1990.0,1226.0,264.0,17.0,11.0,32.0,27.0,186.0,0.0,40.3,15.201805169084134,0
['wisdom' 'mike'],7,5,FC Bayern Munich U19,5000000,1,2,0.3,,6.666666666666667,0.0,,,,,0.0,14.0,9.0,6.0,,,,,1.0,0.0,17.2,15.424948670398354,1
['adriano' 'firmino'],2,5,CD Santa Clara,2500000,2,4,16.07777777777778,,0.6841741534208707,0.0,,,0.5597788527988942,,0.0,668.0,323.0,92.0,16.0,11.0,21.0,3.0,69.0,0.0,26.1,14.731801689838349,1
['rafael' 'barbosa'],13,5,Avs Futebol,300000,2,4,7.211111111111111,0.1386748844375963,1.6640986132511555,0.0,2.0,0.2773497688751926,1.6640986132511555,3.0,0.0,184.0,118.0,22.0,5.0,1.0,6.0,7.0,23.0,0.0,29.7,12.611541086966115,1
['loreintz' 'rosier'],6,5,Al-Hazem SC,800000,1,1,0.022222222222222223,,,0.0,,,,,0.0,,,,,,,,,0.0,27.3,13.592368256649284,1
['leonardo' 'bittencourt'],7,5,SV Werder Bremen,1200000,2,2,6.766666666666667,,0.8866995073891626,0.0,,0.1477832512315271,0.5911330049261084,2.0,0.0,373.0,171.0,47.0,3.0,6.0,11.0,12.0,36.0,0.0,32.0,13.997832948091215,1
['stanis' 'idumbo'],1,5,AS Monaco,5000000,2,5,0.5,,,0.0,,,2.0,,0.0,7.0,6.0,5.0,,,,,3.0,0.0,20.5,15.424948670398354,1
['pedro' 'amaral'],13,5,GD Estoril Praia,1000000,0,4,20.58888888888889,,0.5828386400431732,0.0,1.0,0.09713977334052887,0.4856988667026444,2.0,0.0,691.0,311.0,83.0,4.0,12.0,19.0,15.0,111.0,0.0,28.3,13.815511557963774,1
['brais' 'méndez'],15,5,Real Sociedad,40000000,2,5,17.944444444444446,0.33436532507739936,1.393188854489164,0.0,5.0,0.11145510835913311,1.2260061919504643,5.0,0.0,683.0,437.0,92.0,20.0,28.0,32.0,18.0,81.0,0.0,27.4,17.50439003707821,2
['mohamed-ali' 'cho'],6,5,OGC Nice,12000000,1,1,18.177777777777777,0.22004889975550124,1.2102689486552567,1.0,9.0,0.16503667481662593,0.9902200488997556,7.0,0.0,345.0,206.0,130.0,18.0,15.0,31.0,8.0,66.0,0.0,21.9,16.300417291085605,2
['ruslan' 'malinovskyi'],12,5,Genoa CFC,8000000,2,3,25.0,0.24,1.72,0.0,1.0,0.12,1.4,8.0,1.0,1000.0,566.0,140.0,11.0,35.0,26.0,21.0,120.0,0.0,31.1,15.894952224644102,2
['pizzi'],13,5,SC Braga,800000,2,4,7.211111111111111,,0.1386748844375963,0.0,,0.6933744221879815,1.1093990755007703,1.0,0.0,390.0,218.0,34.0,2.0,4.0,6.0,3.0,24.0,0.0,34.7,13.592368256649284,1
['bandiougou' 'fadiga'],6,5,Olympiacos Piraeus B,400000,2,1,,,,,,,,,0.0,,,,,,,,,0.0,23.4,12.899222326086994,1
['joão' 'rego'],13,5,SL Benfica,3000000,2,4,0.6555555555555556,1.5254237288135593,3.0508474576271185,0.0,,,,,0.0,16.0,12.0,7.0,2.0,2.0,5.0,1.0,5.0,1.0,20.5,14.914123179965662,1
['abou' 'ouattara'],12,5,FC Sheriff Tiraspol,400000,2,1,18.61111111111111,0.10746268656716418,1.0746268656716418,0.0,2.0,,0.26865671641791045,4.0,0.0,742.0,300.0,89.0,7.0,3.0,10.0,11.0,99.0,1.0,23.4,12.899222326086994,1
['ander' 'barrenetxea'],15,8,Real Sociedad,20000000,1,5,19.655555555555555,0.15262860373092144,1.4754098360655739,0.0,6.0,0.25438100621820237,1.9841718485019786,11.0,0.0,583.0,440.0,163.0,55.0,9.0,30.0,18.0,107.0,0.0,24.0,16.811242881518265,2
['takumi' 'minamino'],12,5,AS Monaco,12000000,2,1,10.544444444444444,0.2845100105374078,1.422550052687039,2.0,4.0,0.18967334035827188,0.6638566912539515,3.0,0.0,226.0,148.0,48.0,4.0,6.0,8.0,2.0,39.0,0.0,30.9,16.300417291085605,1
['myles' 'lewis-skelly'],5,5,Arsenal FC,40000000,0,0,6.566666666666667,,0.15228426395939085,0.0,,,0.6091370558375634,,0.0,293.0,131.0,44.0,8.0,5.0,11.0,5.0,24.0,0.0,19.2,17.50439003707821,0
['rodrygo'],2,5,Real Madrid,110000000,1,5,7.511111111111111,0.13313609467455623,2.529585798816568,1.0,3.0,0.3994082840236686,1.863905325443787,7.0,0.0,294.0,254.0,90.0,18.0,,23.0,8.0,38.0,1.0,23.4,18.5159909328476,0
['florian' 'grillitsch'],12,3,SC Braga,2000000,2,4,12.544444444444444,0.07971656333038087,0.4782993799822852,1.0,,0.07971656333038087,0.5580159433126661,1.0,0.0,868.0,474.0,82.0,4.0,22.0,27.0,14.0,54.0,1.0,30.4,14.508658238524095,1
['marc' 'navarro'],15,5,El Paso Locomotive FC,250000,0,5,,,,,,,,,0.0,,,,,,,,,0.0,28.4,12.429220196836383,1
['martin' 'frese'],4,8,FC Nordsjaelland,2000000,0,3,25.08888888888889,0.07971656333038087,0.6775907883082374,0.0,1.0,,1.1558901682905225,4.0,1.0,516.0,252.0,58.0,,39.0,20.0,49.0,61.0,0.0,26.4,14.508658238524095,1
['junior' 'kroupi'],6,5,FC Lorient,15000000,1,0,17.044444444444444,0.7040417209908736,1.7014341590612778,1.0,3.0,,1.2320730117340286,3.0,0.0,299.0,182.0,42.0,14.0,8.0,11.0,6.0,57.0,0.0,17.9,16.52356082573315,1
['antony'],2,5,Real Betis Balompié,30000000,1,5,25.37777777777778,0.31523642732049034,2.4430823117338,2.0,13.0,0.23642732049036774,1.7732049036777582,9.0,0.0,903.0,661.0,238.0,23.0,7.0,42.0,22.0,115.0,0.0,25.8,17.216707972959764,1
['francisco' 'sierralta'],12,5,Watford FC,1200000,0,1,9.577777777777778,0.10440835266821347,0.41763341067285387,0.0,,,0.20881670533642693,,0.0,363.0,88.0,28.0,2.0,32.0,5.0,6.0,27.0,0.0,26.1,13.997832948091215,1
['harvey' 'barnes'],5,8,Newcastle United,32000000,2,0,20.455555555555556,0.34220532319391633,1.8087995654535578,2.0,9.0,,0.977729494839761,3.0,1.0,435.0,347.0,151.0,12.0,6.0,23.0,5.0,65.0,0.0,28.0,17.281246492014,2
['paulo' 'ferreira'],13,4,Chelsea FC,750000,2,4,21.87777777777778,,0.5485017775520569,0.0,1.0,,0.4113763331640426,2.0,0.0,515.0,277.0,55.0,7.0,39.0,21.0,40.0,97.0,0.0,34.0,13.527829818844937,0
['geoffrey' 'kondogbia'],12,5,Olympique Marseille,5000000,2,1,6.5888888888888895,,0.4553119730185497,0.0,1.0,,0.3035413153456998,,0.0,377.0,161.0,46.0,6.0,9.0,8.0,8.0,51.0,0.0,32.8,15.424948670398354,2
['josh' 'doig'],12,3,US Sassuolo,6000000,0,3,21.322222222222223,,0.4689942678478374,0.0,1.0,,0.7034914017717561,4.0,0.0,600.0,293.0,112.0,9.0,29.0,19.0,21.0,63.0,0.0,22.1,15.607270193858982,1
['quentin' 'ndjantou'],6,5,Paris Saint-Germain,7000000,1,1,3.9333333333333336,0.2542372881355932,1.7796610169491525,0.0,2.0,0.2542372881355932,1.0169491525423728,,0.0,167.0,108.0,28.0,6.0,,2.0,1.0,13.0,0.0,18.4,15.76142084987672,0
['ridle' 'baku'],7,7,VfL Wolfsburg,7000000,0,2,27.87777777777778,0.07174172977281786,0.6456755679553606,1.0,6.0,0.10761259465922678,1.2196094061379035,10.0,0.0,1415.0,704.0,215.0,13.0,11.0,22.0,39.0,140.0,0.0,26.1,15.76142084987672,2
['david' 'veiga'],13,5,SC Braga B,150000,0,3,31.633333333333333,,0.15806111696522657,0.0,,0.03161222339304531,0.5690200210748156,,0.0,670.0,400.0,158.0,19.0,47.0,46.0,51.0,106.0,0.0,21.4,11.918397239722838,1
['melvin' 'bard'],6,2,OGC Nice,10000000,0,1,26.622222222222224,0.07512520868113522,0.48831385642737896,1.0,,0.03756260434056761,0.5258764607679466,5.0,0.0,918.0,428.0,203.0,16.0,31.0,27.0,28.0,133.0,0.0,25.1,16.118095750958314,2
['luca' 'moro'],8,5,Frosinone Calcio,2800000,1,3,2.2333333333333334,,2.6865671641791042,0.0,2.0,,0.44776119402985076,1.0,0.0,34.0,23.0,4.0,1.0,12.0,9.0,4.0,4.0,0.0,22.4,14.845130332288226,1
['paulo' 'oliveira'],13,5,SC Braga,1500000,0,4,9.1,,0.21978021978021978,0.0,1.0,,,,0.0,600.0,152.0,34.0,,22.0,5.0,5.0,27.0,0.0,32.4,14.220976332738882,1
['serge' 'gnabry'],7,6,Bayern Munich,20000000,1,2,13.644444444444446,0.5863192182410423,2.56514657980456,2.0,6.0,0.43973941368078173,1.1726384364820845,9.0,1.0,583.0,410.0,84.0,16.0,,6.0,9.0,37.0,0.0,30.4,16.811242881518265,0
['gaizka' 'larrazabal'],15,3,Casa Pia AC,2000000,0,4,31.711111111111112,0.15767344078486334,1.0091100210231254,1.0,5.0,0.12613875262789068,0.662228451296426,5.0,0.0,592.0,315.0,121.0,25.0,26.0,12.0,31.0,137.0,0.0,28.0,14.508658238524095,1
['aïssa' 'mandi'],12,8,Villarreal CF,1800000,0,1,25.96666666666667,0.03851091142490372,0.3465982028241335,1.0,,,0.3465982028241335,1.0,0.0,1660.0,617.0,243.0,4.0,42.0,17.0,22.0,125.0,0.0,32.6,14.403297778421795,2
['juan' 'pérez'],15,5,SD Huesca,600000,1,5,0.22222222222222224,,4.5,0.0,,,,,0.0,1.0,1.0,,,2.0,2.0,,,0.0,26.9,13.304686600863562,1
['luis' 'suárez'],12,5,Grêmio Foot-Ball Porto Alegrense,4000000,1,4,29.977777777777778,0.9340252038547072,3.702742772424018,10.0,26.0,0.20014825796886582,1.36767976278725,13.0,0.0,443.0,289.0,95.0,36.0,31.0,53.0,6.0,53.0,1.0,36.5,15.201805169084134,1
['terem' 'moffi'],11,5,OGC Nice,25000000,1,1,5.433333333333334,0.36809815950920244,2.392638036809816,0.0,5.0,,0.920245398773006,1.0,0.0,53.0,34.0,10.0,3.0,6.0,2.0,1.0,10.0,0.0,25.0,17.034386422832473,2
['hamzat' 'ojediran'],11,5,RC Lens,1000000,2,1,,,,,,,,,0.0,,,,,,,,,0.0,22.1,13.815511557963774,2
['oleksandr' 'lebedenko'],12,5,NK Veres Rivne,200000,0,4,4.877777777777778,,1.0250569476082003,0.0,1.0,,0.8200455580865603,,0.0,144.0,83.0,30.0,,9.0,1.0,8.0,24.0,0.0,33.9,12.206077645517674,1
['francisco' 'petrasso'],0,5,Rio Ave FC,1500000,0,4,16.0,,0.125,0.0,,,0.125,1.0,0.0,616.0,111.0,76.0,8.0,19.0,6.0,12.0,35.0,0.0,23.9,14.220976332738882,1
['kaique' 'rocha'],2,5,Club Athletico Paranaense,1000000,0,4,5.522222222222222,0.18108651911468812,0.9054325955734407,0.0,,,,,0.0,199.0,40.0,10.0,1.0,11.0,3.0,3.0,17.0,0.0,22.4,13.815511557963774,1
['mikael' 'egill' 'ellertsson'],12,2,Genoa CFC,3500000,2,3,29.76666666666667,0.03359462486002239,0.604703247480403,0.0,3.0,0.03359462486002239,0.4703247480403135,5.0,0.0,465.0,295.0,79.0,11.0,11.0,41.0,26.0,78.0,2.0,23.8,15.068273812173887,2
['carlos' 'hernández'],15,5,CD Eldense,200000,1,5,27.8,0.39568345323741005,2.2661870503597124,1.0,9.0,0.1079136690647482,1.079136690647482,8.0,0.0,459.0,316.0,112.0,27.0,36.0,37.0,17.0,77.0,0.0,33.1,12.206077645517674,1
['roger' 'guerreiro'],12,5,AEK Athens,400000,0,2,8.711111111111112,0.5739795918367346,1.1479591836734693,0.0,,0.22959183673469385,1.8367346938775508,3.0,1.0,470.0,329.0,37.0,3.0,2.0,2.0,6.0,37.0,0.0,31.3,12.899222326086994,1
['joel' 'asoro'],16,5,FC Metz,1500000,1,1,2.477777777777778,,1.210762331838565,0.0,1.0,,0.40358744394618834,,0.0,21.0,15.0,4.0,1.0,3.0,1.0,,3.0,0.0,25.1,14.220976332738882,1
['nico' 'serrano'],15,5,Racing Ferrol,1400000,1,5,3.8666666666666667,0.25862068965517243,1.8103448275862069,1.0,,,2.3275862068965516,1.0,0.0,92.0,85.0,37.0,7.0,2.0,7.0,5.0,18.0,0.0,21.3,14.151983508870947,1
['eliezer' 'mayenda'],15,5,Hibernian FC,700000,1,0,8.4,0.23809523809523808,0.9523809523809523,1.0,1.0,,0.47619047619047616,2.0,0.0,56.0,43.0,40.0,11.0,15.0,11.0,1.0,14.0,0.0,19.1,13.45883704259595,1
['christopher' 'wooh'],12,5,Spartak Moscow,5000000,0,1,0.7111111111111111,,,0.0,,,,,0.0,18.0,7.0,1.0,1.0,,,,,0.0,24.2,15.424948670398354,1
['yves' 'bissouma'],12,5,Tottenham Hotspur,15000000,2,0,6.722222222222222,,0.5950413223140496,0.0,,,,,0.0,278.0,141.0,24.0,3.0,5.0,6.0,11.0,31.0,0.0,29.3,16.52356082573315,0
['jesús' 'hernández'],12,5,Carabobo FC,400000,2,5,,,,,,,,,0.0,,,,,,,,,0.0,30.5,12.899222326086994,1
['josé' 'fonte'],13,5,Casa Pia AC,100000,0,4,15.977777777777778,0.06258692628650904,0.4381084840055633,0.0,,,0.18776077885952713,1.0,0.0,536.0,124.0,56.0,2.0,53.0,5.0,6.0,36.0,0.0,42.0,11.51293546492023,1
['mërgim' 'vojvoda'],12,5,Como 1907,3000000,0,3,17.61111111111111,0.11356466876971609,0.9085173501577287,1.0,2.0,0.11356466876971609,1.5331230283911672,4.0,0.0,627.0,371.0,97.0,13.0,10.0,12.0,4.0,61.0,0.0,30.9,14.914123179965662,1
['yassin' 'oukili'],9,5,Casa Pia AC,800000,2,4,5.133333333333334,,0.7792207792207791,0.0,,,0.1948051948051948,,0.0,88.0,46.0,12.0,1.0,8.0,9.0,8.0,15.0,0.0,25.0,13.592368256649284,1
['warren' 'kamanzi'],12,5,FC Toulouse,2000000,0,1,9.533333333333333,0.1048951048951049,0.6293706293706294,1.0,,0.1048951048951049,0.7342657342657343,,0.0,255.0,149.0,52.0,13.0,2.0,8.0,11.0,29.0,1.0,23.6,14.508658238524095,1
['frank' 'magri'],12,5,FC Toulouse,4000000,1,1,14.044444444444444,0.3560126582278481,1.7800632911392404,3.0,2.0,0.07120253164556962,0.9256329113924051,1.0,0.0,150.0,98.0,37.0,10.0,40.0,22.0,2.0,28.0,0.0,26.3,15.201805169084134,1
['clément' 'akpa'],3,5,AJ Auxerre,8000000,0,1,21.566666666666666,,0.1391035548686244,0.0,,,0.41731066460587324,1.0,0.0,864.0,296.0,151.0,11.0,36.0,30.0,19.0,77.0,0.0,24.1,15.894952224644102,1
['yann' 'bisseck'],7,5,Inter Milan,35000000,0,3,20.355555555555558,0.14737991266375544,0.8351528384279475,1.0,3.0,0.04912663755458515,0.343886462882096,,1.0,1150.0,495.0,141.0,8.0,39.0,16.0,18.0,68.0,0.0,25.1,17.370858648025116,0
['victor' 'lindelöf'],16,5,Manchester United,15000000,0,0,9.677777777777779,,0.3099885189437428,0.0,1.0,0.10332950631458093,0.10332950631458093,1.0,0.0,549.0,143.0,76.0,,11.0,1.0,3.0,16.0,0.0,29.9,16.52356082573315,0
['jesús' 'vázquez'],15,5,Retired,50000,0,5,8.8,,0.5681818181818181,0.0,,,1.0227272727272727,1.0,0.0,251.0,145.0,76.0,17.0,9.0,6.0,8.0,46.0,0.0,37.4,10.819798284210286,1
['christian' 'kouamé'],3,5,ACF Fiorentina,2500000,1,3,0.2777777777777778,,,0.0,,,,,0.0,12.0,9.0,1.0,,,,1.0,1.0,0.0,28.0,14.731801689838349,2
['assane' 'dioussé'],14,5,OFI Crete FC,900000,2,1,2.3111111111111113,,0.8653846153846153,0.0,,,1.298076923076923,,0.0,139.0,78.0,17.0,1.0,2.0,3.0,2.0,20.0,0.0,25.7,13.710151153416941,1
['igor' 'paixão'],2,5,Feyenoord Rotterdam,14000000,1,1,21.211111111111112,0.2828706128863279,1.9800942902042953,2.0,5.0,0.2357255107386066,1.037192247249869,4.0,0.0,551.0,422.0,153.0,26.0,18.0,34.0,11.0,87.0,1.0,23.9,16.454567959008102,2
['marvin' 'senaya'],12,5,AJ Auxerre,3000000,0,1,19.733333333333334,0.05067567567567567,0.4054054054054054,0.0,2.0,,0.30405405405405406,,0.0,475.0,202.0,83.0,3.0,44.0,32.0,32.0,59.0,0.0,24.9,14.914123179965662,1
['fodé' 'camara'],12,5,RFK Novi Sad 1921,200000,0,1,,,,,,,,,0.0,,,,,,,,,0.0,25.2,12.206077645517674,1
['pablo' 'rosario'],12,5,FC Porto,8000000,2,1,0.3,,6.666666666666667,0.0,,,3.3333333333333335,,0.0,15.0,11.0,1.0,2.0,,,,3.0,0.0,28.9,15.894952224644102,2
['jahmai' 'simpson-pusey'],5,5,Celtic FC,4000000,0,2,9.6,,0.4166666666666667,0.0,,,0.20833333333333334,,0.0,466.0,142.0,66.0,3.0,24.0,4.0,7.0,31.0,0.0,20.1,15.201805169084134,1
['axel' 'camblan'],6,5,Stade Brestois 29,500000,2,1,0.12222222222222223,,,0.0,,,8.181818181818182,,0.0,3.0,3.0,,,,,,,0.0,20.8,13.122365377402328,1
['calvin' 'stengs'],10,5,Feyenoord Rotterdam,15000000,2,3,0.4666666666666667,,4.285714285714286,0.0,,,2.142857142857143,,0.0,23.0,15.0,8.0,,1.0,2.0,,3.0,0.0,25.5,16.52356082573315,2
['lennart' 'karl'],7,5,Bayern Munich,60000000,2,2,14.244444444444445,0.35101404056162244,2.5975039001560063,1.0,10.0,0.35101404056162244,1.2636505460218408,5.0,1.0,701.0,527.0,108.0,22.0,2.0,11.0,14.0,54.0,1.0,17.8,17.909855136853043,0
['morten' 'gamst' 'pedersen'],12,5,Ranheim IL,50000,0,3,22.1,0.04524886877828054,0.4977375565610859,1.0,1.0,0.09049773755656108,0.7239819004524887,4.0,0.0,402.0,242.0,134.0,9.0,7.0,6.0,12.0,52.0,0.0,41.8,10.819798284210286,1
['alessandro' 'buongiorno'],8,5,SSC Napoli,45000000,0,3,27.98888888888889,,0.21437078205637156,0.0,3.0,0.035728463676061924,0.07145692735212385,,0.0,1682.0,590.0,155.0,1.0,75.0,26.0,21.0,115.0,0.0,26.5,17.622173069956816,0
['antonio' 'romano'],8,5,Taranto FC 1927,150000,2,3,0.06666666666666667,,,0.0,,,,,0.0,6.0,3.0,3.0,1.0,,,,3.0,0.0,27.2,11.918397239722838,1
['kevin'],2,5,Fulham FC,30000000,1,0,10.355555555555556,0.09656652360515021,1.7381974248927037,0.0,1.0,0.09656652360515021,1.1587982832618025,1.0,0.0,237.0,184.0,136.0,40.0,7.0,16.0,11.0,41.0,1.0,22.9,17.216707972959764,2
['diogo' 'monteiro'],13,5,Servette FC,500000,0,4,3.288888888888889,,,0.0,,,0.608108108108108,1.0,0.0,80.0,30.0,13.0,3.0,9.0,2.0,6.0,8.0,0.0,17.8,13.122365377402328,1
['dwight' 'mcneil'],5,9,Everton FC,20000000,1,0,12.955555555555556,,0.9262435677530017,0.0,1.0,0.07718696397941681,1.0806174957118353,1.0,0.0,261.0,158.0,44.0,7.0,7.0,7.0,17.0,62.0,0.0,26.0,16.811242881518265,2
['manuel' 'akanji'],12,8,Inter Milan,22000000,0,0,,,,,,,,,0.0,,,,,,,,,0.0,30.4,16.906553056777135,0
['amir' 'rrahmani'],12,5,SSC Napoli,12000000,0,3,19.0,0.10526315789473684,0.5263157894736842,0.0,1.0,0.05263157894736842,0.2631578947368421,,0.0,1459.0,532.0,97.0,2.0,63.0,16.0,13.0,79.0,0.0,31.8,16.300417291085605,0
"[""ngal'ayel"" 'mukau']",12,5,LOSC Lille,12000000,2,1,16.6,0.06024096385542168,0.6626506024096385,0.0,3.0,,0.7831325301204819,,0.0,525.0,349.0,74.0,13.0,12.0,23.0,19.0,66.0,0.0,21.1,16.300417291085605,2
['riccardo' 'sottil'],8,5,US Lecce,3500000,1,3,11.922222222222222,0.08387698042870456,0.8387698042870456,1.0,,0.16775396085740912,1.8452935694315005,6.0,0.0,206.0,186.0,95.0,13.0,3.0,27.0,2.0,38.0,0.0,26.6,15.068273812173887,1
['joão' 'aurélio'],13,5,CD Nacional,50000,0,4,14.677777777777779,,0.27252081756245267,0.0,,,0.47691143073429215,,0.0,281.0,152.0,61.0,7.0,20.0,21.0,25.0,64.0,0.0,37.3,10.819798284210286,1
['mika' 'biereth'],4,6,AS Monaco,22000000,1,1,11.655555555555557,0.17159199237368922,1.0295519542421352,0.0,4.0,0.17159199237368922,1.5443279313632028,4.0,1.0,119.0,78.0,24.0,4.0,15.0,14.0,7.0,31.0,0.0,22.9,16.906553056777135,1
['carlos' 'martín'],15,5,Atlético de Madrid,2500000,1,5,4.4222222222222225,,1.1306532663316582,0.0,1.0,,0.6783919597989949,1.0,0.0,80.0,41.0,12.0,4.0,6.0,5.0,6.0,18.0,0.0,23.6,14.731801689838349,0
['ramon' 'hendriks'],10,5,VfB Stuttgart,5000000,0,2,22.46666666666667,,0.17804154302670622,0.0,,0.13353115727002965,0.13353115727002965,1.0,0.0,1114.0,487.0,146.0,8.0,44.0,25.0,15.0,64.0,0.0,24.4,15.424948670398354,2
['isak' 'hien'],16,5,Atalanta BC,25000000,0,3,20.833333333333336,0.047999999999999994,0.33599999999999997,1.0,1.0,,0.09599999999999999,,0.0,1010.0,296.0,79.0,4.0,45.0,16.0,34.0,119.0,0.0,26.9,17.034386422832473,1
['mohamed' 'amoura'],12,5,VfL Wolfsburg,32000000,1,2,21.41111111111111,0.37363777893098077,2.33523611831863,2.0,11.0,0.1401141670991178,1.027503892060197,7.0,0.0,344.0,224.0,123.0,16.0,25.0,11.0,18.0,60.0,2.0,25.6,17.281246492014,2
['fabio' 'blanco'],15,5,FC Barcelona Atlètic,400000,1,4,4.2444444444444445,,1.649214659685864,0.0,,,1.4136125654450262,1.0,0.0,82.0,72.0,26.0,12.0,,9.0,5.0,14.0,0.0,19.4,12.899222326086994,1
['callum' 'wilson'],5,9,West Ham United,5000000,1,0,12.311111111111112,0.48736462093862815,2.0306859205776173,2.0,6.0,0.0812274368231047,0.48736462093862815,,0.0,89.0,67.0,33.0,12.0,17.0,13.0,1.0,27.0,0.0,33.8,15.424948670398354,2
['arne' 'maier'],7,5,FC Augsburg,2000000,2,2,0.03333333333333333,,,0.0,,,,,0.0,4.0,1.0,1.0,,,,1.0,1.0,0.0,26.9,14.508658238524095,1
['hiroki' 'ito'],12,5,Bayern Munich,18000000,0,2,10.233333333333334,0.09771986970684038,0.781758957654723,0.0,1.0,0.19543973941368076,0.3908794788273615,2.0,0.0,736.0,394.0,72.0,4.0,21.0,3.0,4.0,37.0,0.0,26.6,16.705882371415992,0
['habib' 'diarra'],14,5,Sunderland AFC,32000000,2,0,15.166666666666668,0.13186813186813187,1.3846153846153846,1.0,2.0,0.06593406593406594,0.26373626373626374,,0.0,349.0,206.0,76.0,6.0,10.0,26.0,7.0,46.0,1.0,21.9,17.281246492014,1
['ali' 'dembélé'],6,5,Venezia FC,300000,0,3,0.2111111111111111,,4.7368421052631575,0.0,,,,,0.0,5.0,3.0,,,1.0,,,1.0,0.0,20.4,12.611541086966115,1
['ibrahim' 'maza'],12,2,Hertha BSC U19,600000,1,2,20.57777777777778,0.14578833693304535,1.8466522678185744,0.0,8.0,0.19438444924406045,1.1663066954643628,9.0,1.0,740.0,538.0,192.0,48.0,8.0,36.0,23.0,87.0,1.0,17.6,13.304686600863562,1
['tiago' 'mendes'],13,4,Atlético de Madrid,1000000,2,4,3.466666666666667,,0.28846153846153844,0.0,,0.28846153846153844,,1.0,0.0,68.0,27.0,6.0,,7.0,3.0,3.0,17.0,0.0,36.1,13.815511557963774,0
['víctor' 'garcía'],12,5,Moreirense FC,150000,0,5,11.555555555555555,0.17307692307692307,1.2980769230769231,0.0,1.0,0.08653846153846154,1.125,2.0,0.0,224.0,147.0,67.0,13.0,14.0,11.0,14.0,54.0,0.0,29.0,11.918397239722838,1
['renato' 'nhaga'],12,8,Casa Pia AC,1000000,2,4,13.0,0.15384615384615385,0.6923076923076923,1.0,1.0,,0.6153846153846154,1.0,0.0,316.0,151.0,60.0,16.0,7.0,44.0,24.0,64.0,0.0,18.7,13.815511557963774,1
['ola' 'aina'],11,5,Nottingham Forest,20000000,0,0,17.666666666666668,,0.5094339622641509,0.0,,,0.5094339622641509,,1.0,533.0,286.0,73.0,15.0,25.0,15.0,21.0,81.0,0.0,29.2,16.811242881518265,2
['mathieu' 'cafaro'],6,5,AS Saint-Étienne,3000000,2,1,1.6222222222222222,,3.6986301369863015,0.0,,,1.8493150684931507,,0.0,43.0,33.0,10.0,1.0,1.0,4.0,,4.0,0.0,26.2,14.914123179965662,1
['tanner' 'tessmann'],12,5,Olympique Lyon,12000000,2,1,21.677777777777777,0.046130189646335217,1.0148641722193747,1.0,3.0,,0.5996924654023578,3.0,0.0,938.0,432.0,136.0,9.0,25.0,19.0,22.0,118.0,0.0,24.2,16.300417291085605,2
['adrián' 'bernabé'],15,5,Parma Calcio 1913,15000000,2,3,27.7,0.10830324909747292,1.0469314079422383,0.0,2.0,0.036101083032490974,1.9494584837545126,7.0,0.0,1075.0,642.0,177.0,15.0,4.0,61.0,23.0,106.0,0.0,24.6,16.52356082573315,1
['brajan' 'gruda'],7,5,Brighton & Hove Albion,28000000,2,0,7.944444444444445,0.12587412587412586,1.5104895104895104,1.0,2.0,0.12587412587412586,1.8881118881118881,1.0,0.0,194.0,157.0,74.0,20.0,8.0,14.0,5.0,40.0,0.0,21.5,17.147715103853763,2
['lyle' 'foster'],12,2,Burnley FC,13000000,1,0,15.244444444444445,0.19679300291545188,0.8527696793002915,1.0,3.0,0.13119533527696792,0.5247813411078717,2.0,0.0,196.0,143.0,41.0,10.0,28.0,13.0,12.0,42.0,0.0,23.7,16.380459992348886,1
['hamza' 'rafia'],12,5,US Lecce,1700000,2,3,,,,,,,,,0.0,,,,,,,,,0.0,25.2,14.346139397261565,1
['montassar' 'talbi'],12,5,FC Lorient,7000000,0,1,28.0,,0.32142857142857145,0.0,1.0,0.03571428571428571,0.21428571428571427,1.0,0.0,1241.0,349.0,254.0,2.0,75.0,12.0,16.0,84.0,0.0,26.0,15.76142084987672,1
['iker' 'hernández'],15,5,Vestri Ísafjördur,75000,1,5,,,,,,,,,0.0,,,,,,,,,0.0,29.5,11.225256725762893,1
['lucas' 'höler'],7,5,SC Freiburg,4000000,1,2,22.7,0.13215859030837004,1.1894273127753305,1.0,7.0,0.04405286343612335,1.013215859030837,2.0,0.0,386.0,248.0,50.0,10.0,68.0,30.0,11.0,77.0,2.0,29.9,15.201805169084134,1
['aymeric' 'laporte'],15,5,Al-Nassr FC,20000000,0,5,21.88888888888889,,0.41116751269035534,0.0,2.0,0.04568527918781726,0.27411167512690354,1.0,0.0,1043.0,353.0,197.0,2.0,58.0,13.0,16.0,83.0,1.0,30.0,16.811242881518265,0
['mihail' 'aleksandrov'],12,5,Slavia Sofia,150000,1,5,,,,,,,,,0.0,,,,,,,,,0.0,32.0,11.918397239722838,1
['morato'],2,5,Nottingham Forest,14000000,0,0,13.911111111111111,0.07188498402555911,0.35942492012779553,0.0,2.0,,0.14376996805111822,,0.0,623.0,199.0,69.0,5.0,20.0,7.0,16.0,52.0,0.0,24.4,16.454567959008102,2
['andrea' 'belotti'],8,5,Cagliari Calcio,1500000,1,3,2.3333333333333335,0.8571428571428571,2.571428571428571,1.0,3.0,,0.42857142857142855,,0.0,23.0,11.0,5.0,1.0,5.0,7.0,1.0,3.0,1.0,32.0,14.220976332738882,1
['james' 'wilson'],5,5,Port Vale FC,275000,1,0,,,,,,,,,0.0,,,,,,,,,0.0,27.5,12.524530013005734,1
['yannik' 'lührs'],7,5,TSG 1899 Hoffenheim II,700000,0,2,,,,,,,,,0.0,,,,,,,,,0.0,22.3,13.45883704259595,1
['jadon' 'sancho'],5,5,Aston Villa,20000000,1,0,9.700000000000001,,0.41237113402061853,0.0,1.0,0.20618556701030927,1.9587628865979378,3.0,0.0,316.0,240.0,62.0,16.0,3.0,2.0,3.0,26.0,0.0,25.7,16.811242881518265,2
['martín' 'payero'],0,5,US Cremonese,6000000,2,3,16.2,0.0617283950617284,1.1111111111111112,0.0,1.0,,0.7407407407407408,1.0,0.0,346.0,222.0,77.0,22.0,20.0,34.0,8.0,69.0,0.0,27.3,15.607270193858982,1
['aurélio' 'buta'],13,5,Eintracht Frankfurt,3000000,0,2,1.5666666666666667,,0.6382978723404256,0.0,,,0.6382978723404256,,0.0,53.0,21.0,8.0,1.0,,2.0,6.0,1.0,0.0,28.9,14.914123179965662,2
['mathis' 'clairicia'],6,5,Clermont Foot 63 B,100000,1,4,1.3222222222222222,,2.26890756302521,0.0,,,,,0.0,17.0,13.0,4.0,1.0,1.0,2.0,2.0,7.0,0.0,19.6,11.51293546492023,1
['kristoffer' 'lund'],12,5,Palermo FC,2200000,0,2,25.366666666666667,,0.5519053876478318,0.0,,0.07884362680683311,0.709592641261498,4.0,1.0,643.0,349.0,133.0,19.0,32.0,39.0,22.0,104.0,0.0,21.4,14.603968372873895,1
['odsonne' 'édouard'],6,5,RC Lens,8000000,1,0,0.022222222222222223,,,0.0,,,,,0.0,,,,,,1.0,1.0,,0.0,27.9,15.894952224644102,2
['arkadiusz' 'milik'],12,2,Juventus FC,6000000,1,3,0.37777777777777777,,5.294117647058823,0.0,1.0,,,,0.0,9.0,8.0,2.0,1.0,,,,1.0,0.0,30.3,15.607270193858982,0
['tarik' 'muharemović'],12,5,Juventus Next Gen,1200000,0,3,30.5,0.06557377049180328,0.39344262295081966,1.0,3.0,0.06557377049180328,0.09836065573770492,1.0,0.0,1329.0,368.0,167.0,7.0,67.0,20.0,22.0,89.0,0.0,21.3,13.997832948091215,1
['cameron' 'puertas'],15,5,SV Werder Bremen,10000000,2,2,20.58888888888889,0.048569886670264434,1.2142471667566108,0.0,,0.09713977334052887,1.2142471667566108,5.0,0.0,750.0,406.0,102.0,15.0,13.0,22.0,37.0,105.0,0.0,27.3,16.118095750958314,1
['morgan' 'rogers'],5,5,Aston Villa,70000000,1,0,36.5,0.273972602739726,1.5890410958904109,3.0,4.0,0.1643835616438356,1.1232876712328768,13.0,0.0,797.0,537.0,223.0,42.0,26.0,49.0,23.0,139.0,0.0,23.4,18.064005814299346,2
['luka' 'topalović'],12,5,Inter U23,2500000,2,3,,,,,,,,,0.0,,,,,,,,,0.0,19.8,14.731801689838349,1
['takuma' 'asano'],12,5,RCD Mallorca,1800000,1,5,6.411111111111111,0.1559792027729636,1.7157712305025996,1.0,2.0,,0.3119584055459272,2.0,0.0,71.0,48.0,31.0,2.0,6.0,10.0,5.0,21.0,0.0,31.1,14.403297778421795,1
['rolando' 'mandragora'],8,5,ACF Fiorentina,8500000,2,3,26.08888888888889,0.2683134582623509,1.6098807495741057,0.0,,0.11499148211243612,1.18824531516184,3.0,0.0,807.0,441.0,57.0,5.0,36.0,55.0,22.0,66.0,1.0,26.9,15.955576839107596,2
['djakaridja' 'koné'],12,5,Sivasspor,1000000,1,1,,,,,,,,,0.0,,,,,,,,,0.0,29.6,13.815511557963774,1
['djed' 'spence'],5,1,Genoa CFC,8000000,0,0,21.6,,0.41666666666666663,0.0,2.0,,0.4629629629629629,4.0,0.0,689.0,383.0,165.0,30.0,21.0,18.0,26.0,105.0,0.0,23.8,15.894952224644102,2
['merlin' 'röhl'],7,5,Everton FC,16000000,2,0,5.855555555555556,,0.8538899430740037,0.0,1.0,,1.0246679316888045,,0.0,110.0,64.0,27.0,3.0,13.0,4.0,9.0,26.0,0.0,23.4,16.588099342704055,2
['cody' 'gakpo'],10,5,Liverpool FC,70000000,1,0,29.522222222222222,0.23710952201731275,1.8291305984192698,0.0,7.0,0.16936394429808055,1.558148287542341,10.0,0.0,574.0,481.0,209.0,34.0,55.0,43.0,14.0,84.0,1.0,26.6,18.064005814299346,0
['lorenzo' 'lucca'],8,5,SSC Napoli,25000000,1,0,1.4111111111111112,0.7086614173228346,2.8346456692913384,0.0,1.0,,0.7086614173228346,,0.0,9.0,6.0,1.0,,5.0,2.0,,3.0,0.0,25.3,17.034386422832473,0
['vincent' 'burlet'],1,5,US Boulogne,600000,0,1,0.2,,,0.0,,,5.0,1.0,0.0,13.0,10.0,3.0,,,,,,0.0,20.2,13.304686600863562,1
['joão' 'cancelo'],13,4,FC Barcelona,25000000,0,5,9.5,0.10526315789473684,0.631578947368421,0.0,,0.21052631578947367,1.263157894736842,6.0,0.0,428.0,239.0,113.0,21.0,7.0,11.0,19.0,53.0,1.0,30.0,17.034386422832473,0
['aleix' 'febas'],15,5,Elche CF,1500000,2,5,34.24444444444445,0.05840363400389357,0.408825438027255,0.0,1.0,0.05840363400389357,0.7300454250486696,3.0,0.0,1733.0,1136.0,324.0,51.0,6.0,109.0,47.0,168.0,0.0,27.7,14.220976332738882,1
['ado' 'onaiwu'],12,5,1.FC Magdeburg,700000,1,1,,,,,,,,,0.0,,,,,,,,,0.0,30.1,13.45883704259595,1
['germán' 'valera'],15,5,Elche CF,5000000,1,5,29.88888888888889,0.13382899628252787,0.6022304832713754,1.0,1.0,0.16728624535315986,1.304832713754647,13.0,1.0,964.0,706.0,201.0,36.0,11.0,68.0,37.0,124.0,1.0,23.7,15.424948670398354,1
['david' 'okereke'],11,5,Torino FC,2400000,1,3,4.111111111111112,0.4864864864864864,1.7027027027027024,0.0,,,0.7297297297297296,1.0,0.0,82.0,66.0,21.0,5.0,11.0,3.0,,9.0,0.0,26.8,14.690979711984754,2
['antonio' 'caracciolo'],8,5,Pisa Sporting Club,250000,0,3,34.15555555555556,0.05855562784645413,0.5855562784645413,1.0,1.0,,0.05855562784645413,,0.0,1038.0,234.0,77.0,3.0,55.0,11.0,43.0,115.0,0.0,33.0,12.429220196836383,1
['tiago' 'parente'],13,5,GD Estoril Praia,500000,0,4,5.4222222222222225,0.1844262295081967,0.5532786885245902,0.0,,,0.3688524590163934,1.0,0.0,119.0,61.0,16.0,5.0,6.0,4.0,9.0,16.0,1.0,21.9,13.122365377402328,1
['vedat' 'muriqi'],12,5,RCD Mallorca,4500000,1,5,32.82222222222222,0.6702775897088693,2.6201760324983074,4.0,17.0,0.030467163168584967,0.4874746106973595,2.0,0.0,421.0,266.0,53.0,15.0,140.0,61.0,4.0,74.0,1.0,31.6,15.319588176962746,1
['pedri'],15,5,FC Barcelona,80000000,2,5,22.41111111111111,0.08924144769459594,0.7139315815567675,0.0,4.0,0.35696579077838375,2.2756569162121965,8.0,1.0,1786.0,1237.0,325.0,38.0,10.0,43.0,29.0,154.0,0.0,21.5,18.197537205138154,0
['mattia' 'zaccagni'],8,5,SS Lazio,15000000,2,3,23.48888888888889,0.12771996215704823,1.1494796594134342,0.0,8.0,,1.4900662251655628,4.0,0.0,638.0,424.0,142.0,23.0,15.0,82.0,20.0,98.0,1.0,30.5,16.52356082573315,2
['kenny' 'lala'],6,5,Stade Brestois 29,1800000,0,1,30.022222222222222,,0.1998519615099926,0.0,,0.0999259807549963,0.6661732050333087,8.0,0.0,916.0,403.0,172.0,8.0,14.0,23.0,25.0,125.0,0.0,34.2,14.403297778421795,1
['lameck' 'banda'],12,8,US Lecce,3000000,2,3,18.122222222222224,0.2207234825260576,1.0484365419987738,2.0,,0.16554261189454322,1.0484365419987738,6.0,0.0,266.0,208.0,136.0,30.0,11.0,47.0,17.0,73.0,0.0,24.9,14.914123179965662,1
['andré' 'almeida'],13,5,Without Club,200000,2,5,11.200000000000001,,0.5357142857142857,0.0,1.0,0.08928571428571427,1.4285714285714284,4.0,0.0,505.0,347.0,96.0,15.0,3.0,21.0,10.0,47.0,1.0,33.1,12.206077645517674,1
['giorgi' 'gocholeishvili'],12,5,Shakhtar Donetsk,2500000,0,2,10.344444444444445,,0.6766917293233082,0.0,1.0,0.09667024704618689,0.870032223415682,1.0,0.0,183.0,89.0,62.0,18.0,11.0,19.0,13.0,52.0,0.0,23.3,14.731801689838349,1
['georges' 'mikautadze'],12,5,Villarreal CF,28000000,1,5,22.533333333333335,0.5325443786982248,2.2633136094674553,3.0,18.0,0.2662721893491124,0.8875739644970414,7.0,0.0,283.0,199.0,79.0,31.0,10.0,45.0,4.0,39.0,0.0,25.1,17.147715103853763,2
['niclas' 'füllkrug'],7,6,West Ham United,8000000,1,0,4.533333333333333,,1.5441176470588236,0.0,1.0,,1.5441176470588236,,0.0,57.0,38.0,3.0,,18.0,1.0,1.0,10.0,0.0,32.8,15.894952224644102,2
['crysencio' 'summerville'],10,8,West Ham United,22000000,1,0,25.555555555555557,0.19565217391304346,1.2913043478260868,2.0,7.0,0.03913043478260869,0.9391304347826086,3.0,0.0,477.0,313.0,182.0,42.0,7.0,63.0,22.0,111.0,1.0,24.1,16.906553056777135,2
['tyrique' 'george'],5,5,Chelsea FC,22000000,1,0,3.4222222222222225,,2.3376623376623376,0.0,1.0,,0.5844155844155844,2.0,0.0,75.0,54.0,20.0,6.0,1.0,1.0,4.0,13.0,0.0,19.8,16.906553056777135,0
['joe' 'willock'],5,5,Newcastle United,16000000,2,0,9.477777777777778,,1.2661195779601406,0.0,1.0,0.10550996483001172,1.0550996483001172,3.0,0.0,237.0,155.0,70.0,7.0,9.0,9.0,14.0,51.0,0.0,26.3,16.588099342704055,2
['matthias' 'ginter'],7,5,SC Freiburg,6000000,0,2,31.511111111111113,0.09520451339915373,0.41255289139633283,0.0,1.0,0.12693935119887165,0.349083215796897,5.0,0.0,1563.0,609.0,308.0,3.0,108.0,20.0,12.0,107.0,0.0,31.9,15.607270193858982,1
['emmanuel' 'emegha'],10,5,RC Strasbourg Alsace,28000000,1,1,4.888888888888889,0.8181818181818181,2.6590909090909087,3.0,3.0,0.40909090909090906,0.20454545454545453,2.0,0.0,43.0,22.0,10.0,3.0,5.0,9.0,,9.0,0.0,22.9,17.147715103853763,1
['jozabed' 'sánchez'],15,5,Málaga CF,500000,2,5,21.922222222222224,,0.31931069437404963,0.0,,0.13684744044602126,0.8210846426761277,5.0,0.0,627.0,388.0,151.0,27.0,18.0,42.0,42.0,103.0,1.0,32.3,13.122365377402328,1
['martin' 'valjent'],12,5,RCD Mallorca,4500000,0,5,35.0,,0.34285714285714286,0.0,1.0,,0.08571428571428572,,0.0,1460.0,464.0,262.0,4.0,51.0,9.0,32.0,85.0,0.0,30.0,15.319588176962746,1
['jacob' 'ondrejka'],16,5,Parma Calcio 1913,8000000,1,3,8.622222222222222,,1.7396907216494846,0.0,2.0,,0.5798969072164949,,0.0,163.0,128.0,57.0,10.0,1.0,14.0,2.0,26.0,0.0,23.3,15.894952224644102,1
['mahamadou' 'diarra'],12,5,Without Club,750000,0,5,2.4333333333333336,,,0.0,,,0.410958904109589,,0.0,41.0,23.0,10.0,1.0,5.0,1.0,2.0,11.0,0.0,32.3,13.527829818844937,1
['marc' 'bartra'],15,5,Real Betis Balompié,1000000,0,5,21.977777777777778,0.0455005055611729,0.6370070778564206,0.0,,,0.2275025278058645,,0.0,1008.0,301.0,167.0,6.0,43.0,11.0,20.0,78.0,0.0,33.4,13.815511557963774,1
['roman' 'yaremchuk'],12,5,Valencia CF,3500000,1,1,5.733333333333333,0.6976744186046512,1.9186046511627908,2.0,3.0,0.1744186046511628,0.872093023255814,2.0,0.0,75.0,44.0,15.0,2.0,12.0,3.0,3.0,13.0,0.0,28.5,15.068273812173887,2
['urko' 'gonzález' 'de' 'zárate'],15,5,RCD Espanyol Barcelona,5000000,2,5,27.211111111111112,,0.40424663127807264,0.0,,0.03674969375255206,0.33074724377296855,,1.0,744.0,386.0,102.0,14.0,24.0,38.0,31.0,130.0,0.0,24.7,15.424948670398354,0
['philip' 'billing'],4,6,FC Midtjylland,7000000,2,0,,,,,,,,,0.0,,,,,,,,,0.0,29.5,15.76142084987672,1
['david' 'costas'],15,5,Real Oviedo,1500000,0,5,21.933333333333334,0.04559270516717325,0.13677811550151975,1.0,1.0,,0.182370820668693,1.0,0.0,856.0,198.0,103.0,7.0,42.0,10.0,20.0,67.0,0.0,28.2,14.220976332738882,1
['badredine' 'bouanani'],12,5,VfB Stuttgart,12000000,1,2,5.0888888888888895,,2.1615720524017465,0.0,2.0,,0.9825327510917029,,0.0,157.0,134.0,46.0,4.0,2.0,6.0,3.0,19.0,0.0,21.0,16.300417291085605,2
['mark' 'mckenzie'],12,8,KRC Genk,6000000,0,1,26.722222222222225,,0.14968814968814967,0.0,,0.07484407484407483,0.6361746361746361,3.0,0.0,1002.0,408.0,116.0,6.0,39.0,12.0,28.0,96.0,0.0,25.3,15.607270193858982,1
['ronald' 'vargas'],12,5,KMSK Deinze,200000,2,5,16.977777777777778,0.17670157068062828,1.236910994764398,1.0,,0.35340314136125656,1.119109947643979,4.0,0.0,379.0,261.0,110.0,20.0,19.0,15.0,13.0,77.0,0.0,33.9,12.206077645517674,1
['aarón' 'anselmino'],0,5,Borussia Dortmund,12000000,0,2,4.0888888888888895,0.24456521739130432,0.24456521739130432,0.0,,,,,0.0,186.0,95.0,29.0,1.0,9.0,3.0,9.0,23.0,0.0,20.6,16.300417291085605,2
['federico' 'bonazzoli'],8,5,Hellas Verona,2500000,1,3,26.422222222222224,0.3406223717409588,2.0437342304457524,3.0,5.0,0.03784693019343986,0.45416316232127835,3.0,0.0,681.0,415.0,73.0,10.0,8.0,75.0,16.0,80.0,0.0,27.0,14.731801689838349,1
['victor' 'boniface'],11,5,SV Werder Bremen,12000000,1,2,3.611111111111111,,3.323076923076923,0.0,,0.5538461538461539,1.3846153846153846,2.0,0.0,75.0,52.0,26.0,5.0,15.0,6.0,1.0,14.0,0.0,25.0,16.300417291085605,1
['stefan' 'mitrović'],12,5,Excelsior Rotterdam,1000000,1,3,,,,,,,,,0.0,,,,,,,,,0.0,23.3,13.815511557963774,1
['daniel' 'martins'],13,5,SC União Torreense,125000,2,4,0.07777777777777778,,12.857142857142858,0.0,,,,,0.0,4.0,3.0,1.0,,,,,1.0,0.0,28.0,11.736077016252437,1
['ángel' 'algobia'],15,5,Getafe CF,1500000,2,4,12.0,0.08333333333333333,0.5,0.0,,,0.6666666666666666,2.0,0.0,266.0,124.0,25.0,5.0,7.0,4.0,17.0,53.0,1.0,24.0,14.220976332738882,1
['yan' 'diomande'],3,5,RB Leipzig,45000000,1,2,27.511111111111113,0.43618739903069464,1.4903069466882066,4.0,6.0,0.29079159935379645,1.7447495961227786,17.0,0.0,896.0,632.0,355.0,118.0,5.0,34.0,19.0,148.0,0.0,19.1,17.622173069956816,2
['fábio' 'vieira'],13,5,SC Freamunde,175000,2,2,24.61111111111111,0.28442437923250563,1.544018058690745,2.0,1.0,0.20316027088036118,1.381489841986456,7.0,0.0,704.0,449.0,108.0,32.0,10.0,44.0,10.0,126.0,0.0,26.5,12.07254696717504,1
['chido' 'obi'],4,5,Manchester United,5000000,1,0,,,,,,,,,0.0,,,,,,,,,0.0,18.0,15.424948670398354,0
['albert' 'blázquez'],15,5,UE Olot,50000,1,5,,,,,,,,,0.0,,,,,,,,,0.0,31.4,10.819798284210286,1
['georgios' 'liavas'],12,5,Panetolikos GFS,600000,2,4,8.655555555555555,,0.3465982028241335,0.0,,0.11553273427471118,0.3465982028241335,1.0,0.0,340.0,145.0,30.0,5.0,6.0,3.0,12.0,36.0,0.0,23.3,13.304686600863562,1
['almen' 'abdi'],12,5,Sheffield Wednesday,750000,0,1,11.944444444444445,0.2511627906976744,0.586046511627907,0.0,2.0,,1.0883720930232559,3.0,0.0,295.0,133.0,66.0,17.0,23.0,17.0,9.0,58.0,0.0,32.7,13.527829818844937,1
['kwasi' 'sibo'],12,5,SD Amorebieta,300000,2,5,18.733333333333334,,0.32028469750889677,0.0,,,0.16014234875444838,,0.0,589.0,234.0,23.0,4.0,14.0,4.0,21.0,82.0,0.0,25.0,12.611541086966115,1
['bence' 'dárdai'],12,5,VfL Wolfsburg,7000000,2,2,0.37777777777777777,,,0.0,,,2.6470588235294117,,0.0,8.0,5.0,1.0,,,,1.0,1.0,0.0,19.9,15.76142084987672,2
['marc' 'pubill'],15,5,UD Almería,4000000,0,5,13.855555555555556,,0.5773857257417803,0.0,,0.07217321571772253,0.14434643143544507,1.0,0.0,739.0,271.0,113.0,4.0,55.0,14.0,13.0,56.0,0.0,21.0,15.201805169084134,1
"['nico' ""o'reilly""]",5,5,Manchester City,40000000,2,0,28.422222222222224,0.17591868647380765,0.9499609069585613,2.0,6.0,0.1055512118842846,0.7036747458952306,6.0,0.0,1128.0,697.0,207.0,23.0,46.0,18.0,36.0,103.0,0.0,20.7,17.50439003707821,0
['rubén' 'sánchez'],15,5,FC OKMK Olmaliq,400000,0,4,22.022222222222222,0.09081735620585267,0.8173562058526741,0.0,2.0,0.18163471241170534,0.7265388496468214,7.0,0.0,583.0,355.0,130.0,15.0,13.0,37.0,24.0,87.0,1.0,29.0,12.899222326086994,1
['tom' 'moustier'],6,5,Hannover 96 II,175000,2,4,2.7111111111111112,,1.1065573770491803,0.0,,,1.8442622950819672,,0.0,46.0,24.0,9.0,,2.0,3.0,3.0,7.0,0.0,21.1,12.07254696717504,1
['piero' 'hincapié'],12,0,Arsenal FC,50000000,0,0,18.711111111111112,0.05344418052256532,0.05344418052256532,0.0,,0.10688836104513064,0.5878859857482185,2.0,0.0,691.0,347.0,103.0,7.0,31.0,14.0,26.0,59.0,0.0,23.9,17.72753358339242,0
['francisco' 'silva'],12,5,CD Universidad Católica,300000,1,2,8.944444444444445,0.2236024844720497,1.565217391304348,0.0,1.0,0.670807453416149,1.2298136645962732,7.0,0.0,194.0,156.0,48.0,12.0,14.0,10.0,2.0,26.0,0.0,35.1,12.611541086966115,1
['connor' 'mcmanus'],12,5,Alloa Athletic FC,50000,0,0,,,,,,,,,0.0,,,,,,,,,0.0,19.7,10.819798284210286,1
['bebeto'],2,5,CD Tondela,150000,0,4,21.08888888888889,0.1422550052687039,0.23709167544783982,2.0,,,0.7112750263435195,2.0,0.0,560.0,264.0,89.0,8.0,27.0,20.0,38.0,82.0,0.0,33.5,11.918397239722838,1
['sebastian' 'walukiewicz'],12,5,US Sassuolo,4500000,0,3,31.722222222222225,,0.12609457092819615,0.0,,0.03152364273204904,0.6304728546409807,2.0,0.0,1058.0,441.0,138.0,21.0,26.0,13.0,34.0,97.0,0.0,25.7,15.319588176962746,1
['fodé' 'ballo-touré'],14,5,FC Metz,1000000,0,1,9.366666666666667,,0.4270462633451957,0.0,,,0.4270462633451957,2.0,0.0,310.0,125.0,55.0,13.0,5.0,18.0,14.0,30.0,0.0,28.9,13.815511557963774,1
['santi' 'cazorla'],15,5,Al-Sadd SC,500000,2,5,8.577777777777778,,0.6994818652849741,0.0,,0.11658031088082901,2.4481865284974096,2.0,0.0,388.0,256.0,50.0,11.0,4.0,18.0,8.0,52.0,0.0,38.5,13.122365377402328,1
['adnan' 'januzaj'],1,5,Sevilla FC,1200000,2,5,3.5,,0.5714285714285714,0.0,,,3.142857142857143,,0.0,113.0,83.0,29.0,8.0,,10.0,4.0,20.0,0.0,30.9,13.997832948091215,2
['duarte' 'duarte'],13,5,UD Oliveirense,50000,0,5,30.733333333333334,0.03253796095444685,0.35791757049891537,0.0,,0.03253796095444685,,1.0,0.0,643.0,220.0,48.0,,71.0,23.0,16.0,93.0,0.0,35.8,10.819798284210286,1
['gonzalo' 'villar'],15,5,Granada CF,3000000,2,5,6.144444444444445,0.162748643761302,0.325497287522604,1.0,,,0.325497287522604,,0.0,305.0,228.0,47.0,8.0,8.0,19.0,7.0,28.0,0.0,26.2,14.914123179965662,1
['ismaïla' 'sarr'],14,5,Crystal Palace,35000000,1,0,22.68888888888889,0.3525954946131244,1.542605288932419,1.0,10.0,0.04407443682664055,0.7492654260528893,3.0,0.0,317.0,225.0,127.0,10.0,22.0,40.0,9.0,75.0,1.0,27.8,17.370858648025116,2
['gabriel' 'strefezza'],2,5,Olympiacos Piraeus,7000000,1,3,11.277777777777779,0.1773399014778325,1.5960591133004924,0.0,,0.1773399014778325,1.064039408866995,3.0,0.0,297.0,229.0,80.0,17.0,5.0,28.0,12.0,38.0,0.0,28.7,15.76142084987672,1
['abdallah' 'sima'],14,5,RC Lens,4000000,1,1,7.577777777777778,0.26392961876832843,2.9032258064516125,1.0,3.0,0.26392961876832843,1.0557184750733137,,0.0,174.0,111.0,54.0,4.0,20.0,13.0,5.0,34.0,0.0,24.5,15.201805169084134,2
['liam' 'delap'],5,2,Hull City,7000000,1,0,11.200000000000001,0.08928571428571427,2.2321428571428568,0.0,4.0,,0.26785714285714285,,0.0,118.0,90.0,46.0,10.0,23.0,18.0,3.0,23.0,1.0,20.7,15.76142084987672,1
['joe' 'scally'],12,8,Borussia Mönchengladbach,7000000,0,2,29.011111111111113,0.0689391037916507,0.48257372654155495,1.0,2.0,0.10340865568747605,0.5170432784373803,2.0,0.0,732.0,336.0,102.0,24.0,30.0,51.0,27.0,113.0,0.0,23.0,15.76142084987672,2
['michel' 'adopo'],6,5,Cagliari Calcio,6000000,2,3,32.144444444444446,0.031109574835810574,0.591081921880401,0.0,4.0,0.06221914967162115,0.7155202212236432,3.0,0.0,845.0,441.0,110.0,14.0,30.0,25.0,28.0,170.0,0.0,25.4,15.607270193858982,1
['patrick' 'wimmer'],12,5,VfL Wolfsburg,15000000,2,2,18.155555555555555,0.22031823745410037,1.0465116279069768,0.0,4.0,0.16523867809057527,0.7160342717258262,4.0,0.0,322.0,221.0,124.0,38.0,34.0,33.0,23.0,80.0,0.0,24.6,16.52356082573315,2
['ben' 'white'],5,5,Arsenal FC,30000000,0,0,7.822222222222223,,0.5113636363636364,0.0,,0.1278409090909091,0.8948863636363635,3.0,0.0,289.0,175.0,31.0,3.0,12.0,6.0,9.0,28.0,0.0,28.2,17.216707972959764,0
['murillo'],2,5,Nottingham Forest,55000000,0,0,23.7,0.04219409282700422,0.25316455696202533,1.0,,,0.33755274261603374,1.0,0.0,946.0,335.0,110.0,9.0,24.0,7.0,22.0,102.0,0.0,23.4,17.822843761378564,2
['marcos' 'alonso'],15,5,FC Barcelona,2000000,0,5,28.77777777777778,0.03474903474903475,0.416988416988417,1.0,1.0,,0.4517374517374517,3.0,0.0,2018.0,849.0,447.0,16.0,42.0,18.0,23.0,147.0,0.0,33.4,14.508658238524095,0
['alex' 'marchal'],15,5,Real Sociedad B,800000,1,5,,,,,,,,,0.0,,,,,,,,,0.0,18.3,13.592368256649284,1
['jens' 'odgaard'],4,5,Bologna FC 1909,15000000,1,3,15.077777777777778,0.3316138540899042,1.7243920412675018,1.0,3.0,0.06632277081798084,0.8621960206337509,1.0,0.0,236.0,178.0,68.0,7.0,37.0,28.0,10.0,69.0,0.0,26.7,16.52356082573315,2
['leonardo' 'balerdi'],0,5,Olympique Marseille,20000000,0,1,21.2,,0.7547169811320755,0.0,4.0,0.04716981132075472,0.18867924528301888,,0.0,1347.0,442.0,153.0,9.0,39.0,21.0,26.0,113.0,0.0,26.9,16.811242881518265,2
['gabriele' 'zappa'],8,5,Cagliari Calcio,4000000,0,3,15.711111111111112,,0.4455445544554455,0.0,,0.19094766619519093,0.5091937765205091,4.0,0.0,677.0,299.0,117.0,5.0,11.0,5.0,16.0,47.0,0.0,26.0,15.201805169084134,1
['djibril' 'sidibé'],6,5,AEK Athens,1500000,0,1,23.855555555555558,0.12575687005123426,0.2934326967862133,1.0,2.0,0.16767582673497902,0.4611085235211923,4.0,0.0,721.0,402.0,131.0,9.0,21.0,14.0,30.0,92.0,0.0,31.8,14.220976332738882,1
['arouna' 'sangante'],14,5,Le Havre AC,10000000,0,1,24.933333333333334,0.040106951871657755,0.32085561497326204,1.0,1.0,0.040106951871657755,0.3609625668449198,,0.0,1192.0,447.0,274.0,4.0,54.0,39.0,21.0,78.0,0.0,22.1,16.118095750958314,1
['omar' 'el' 'hilali'],9,0,RCD Espanyol Barcelona,15000000,0,5,30.3,,0.033003300330033,0.0,,0.066006600660066,0.49504950495049505,3.0,0.0,989.0,422.0,118.0,7.0,28.0,24.0,52.0,95.0,0.0,22.3,16.52356082573315,0
['romano' 'floriani' 'mussolini'],8,5,Lazio U19,75000,0,3,12.1,,0.3305785123966942,0.0,,0.08264462809917356,0.6611570247933884,4.0,0.0,210.0,118.0,45.0,6.0,20.0,5.0,15.0,32.0,2.0,20.4,11.225256725762893,1
['nicola' 'pintus'],8,5,Cagliari Calcio,400000,0,3,,,,,,,,,0.0,,,,,,,,,0.0,20.6,12.899222326086994,1
['stephan' 'el' 'shaarawy'],8,5,AS Roma,2500000,1,3,7.1000000000000005,,1.8309859154929575,0.0,3.0,0.2816901408450704,1.408450704225352,3.0,0.0,270.0,185.0,63.0,12.0,6.0,7.0,6.0,28.0,1.0,33.2,14.731801689838349,2
['luis' 'henrique'],2,5,Kataller Toyama,150000,1,3,16.622222222222224,0.06016042780748663,0.6617647058823529,0.0,2.0,0.12032085561497326,1.2032085561497325,5.0,0.0,663.0,432.0,112.0,11.0,5.0,,14.0,93.0,0.0,24.8,11.918397239722838,1
['mario' 'gila'],15,5,SS Lazio,30000000,0,3,27.066666666666666,,0.33251231527093594,0.0,4.0,,0.18472906403940886,1.0,0.0,1620.0,534.0,211.0,6.0,58.0,25.0,31.0,130.0,0.0,25.3,17.216707972959764,2
['ezri' 'konsa'],5,2,Aston Villa,35000000,0,0,33.733333333333334,,0.2075098814229249,0.0,1.0,,0.1482213438735178,1.0,0.0,2003.0,667.0,285.0,8.0,32.0,40.0,8.0,108.0,0.0,28.1,17.370858648025116,2
['przemyslaw' 'frankowski'],12,5,Stade Rennais FC,7000000,2,1,13.5,0.07407407407407407,0.4444444444444444,1.0,,0.14814814814814814,2.0,2.0,2.0,535.0,343.0,61.0,4.0,7.0,10.0,22.0,52.0,0.0,30.7,15.76142084987672,2
['trevan' 'sanusi'],5,5,FC Lorient,500000,1,1,,,,,,,,,0.0,,,,,,,,,0.0,18.6,13.122365377402328,1
['damián' 'suárez'],12,5,Botafogo de Futebol e Regatas,650000,2,5,14.677777777777779,0.06813020439061317,0.34065102195306585,0.0,2.0,0.13626040878122633,1.226343679031037,2.0,0.0,657.0,407.0,103.0,23.0,4.0,23.0,11.0,87.0,0.0,36.1,13.384729180332174,1
['curtis' 'jones'],5,8,Liverpool FC,40000000,2,0,20.433333333333334,,0.7830342577487766,0.0,3.0,0.09787928221859707,0.8809135399673735,4.0,0.0,1451.0,903.0,196.0,21.0,11.0,29.0,23.0,139.0,0.0,24.9,17.50439003707821,0
['nemanja' 'matić'],12,5,Olympique Lyon,3000000,2,3,28.677777777777777,0.03487020534676482,0.27896164277411856,0.0,,0.03487020534676482,0.6625339015885315,1.0,0.0,1422.0,663.0,214.0,11.0,30.0,39.0,28.0,161.0,0.0,35.8,14.914123179965662,2
['armand' 'laurienté'],6,5,US Sassuolo,10000000,1,3,27.344444444444445,0.21942299878098334,1.7553839902478667,0.0,1.0,0.329134498171475,1.5725314912637138,14.0,0.0,613.0,484.0,202.0,27.0,7.0,42.0,12.0,76.0,0.0,25.5,16.118095750958314,1
['ricardo' 'vaz'],13,5,AE Kifisias,250000,1,3,2.2111111111111112,0.4522613065326633,1.809045226130653,1.0,,,,,0.0,22.0,18.0,8.0,,5.0,12.0,,4.0,0.0,27.6,12.429220196836383,1
['amine' 'gouiri'],12,5,Olympique Marseille,28000000,1,1,13.755555555555556,0.5088852988691438,1.8901453957996768,1.0,5.0,0.21809369951534732,1.9628432956381259,6.0,0.0,305.0,230.0,54.0,17.0,7.0,13.0,7.0,39.0,0.0,25.8,17.147715103853763,2
['federico' 'cassa'],8,5,Atalanta U23,700000,2,3,,,,,,,,,0.0,,,,,,,,,0.0,19.9,13.45883704259595,1
['john' 'stones'],5,8,Manchester City,18000000,0,0,4.011111111111111,,,0.0,,,0.24930747922437674,,0.0,248.0,97.0,30.0,2.0,9.0,,,17.0,0.0,31.5,16.705882371415992,0
['amine' 'harit'],9,5,Olympique Marseille,15000000,2,1,,,,,,,,,0.0,,,,,,,,,0.0,27.0,16.52356082573315,2
['abdu' 'conté'],13,5,ESTAC Troyes,1500000,0,4,15.877777777777778,,0.37788663400979705,0.0,,0.12596221133659902,0.9447165850244926,5.0,0.0,354.0,202.0,55.0,13.0,5.0,17.0,17.0,70.0,0.0,25.6,14.220976332738882,1
['issiaka' 'kamate'],6,5,Inter U23,1000000,2,3,,,,,,,,,0.0,,,,,,,,,0.0,21.4,13.815511557963774,1
['matteo' 'cancellieri'],8,5,FC Empoli,4800000,1,3,18.433333333333334,0.21699819168173598,1.7359855334538878,2.0,7.0,0.10849909584086799,0.8137432188065099,3.0,0.0,331.0,220.0,76.0,13.0,34.0,65.0,26.0,54.0,0.0,22.3,15.38412668421143,1
['sergi' 'altimira'],15,5,Real Betis Balompié,2500000,2,5,13.133333333333335,0.07614213197969542,0.38071065989847713,0.0,,0.15228426395939085,0.6852791878172588,,0.0,700.0,356.0,86.0,4.0,17.0,22.0,31.0,79.0,0.0,22.8,14.731801689838349,1
['facundo' 'medina'],0,5,Olympique Marseille,20000000,0,1,14.177777777777779,,0.28213166144200624,0.0,1.0,0.07053291536050156,0.3526645768025078,2.0,0.0,915.0,448.0,129.0,4.0,10.0,9.0,13.0,70.0,0.0,26.6,16.811242881518265,2
['arthur' 'chaves'],2,5,TSG 1899 Hoffenheim,5000000,0,2,11.866666666666667,0.16853932584269662,0.25280898876404495,0.0,,,0.33707865168539325,,0.0,370.0,113.0,27.0,2.0,25.0,11.0,18.0,36.0,0.0,24.9,15.424948670398354,2
['karim' 'adeyemi'],7,4,Borussia Dortmund,60000000,1,2,13.28888888888889,0.5267558528428093,1.9565217391304346,4.0,5.0,0.3010033444816053,0.903010033444816,6.0,0.0,210.0,166.0,92.0,27.0,7.0,25.0,3.0,46.0,1.0,23.9,17.909855136853043,2
['maxime' 'estève'],6,5,Burnley FC,7000000,0,0,31.722222222222225,,0.2837127845884413,0.0,,,0.22066549912434325,1.0,0.0,1144.0,320.0,121.0,3.0,80.0,12.0,23.0,110.0,0.0,22.0,15.76142084987672,1
['gerard' 'gumbau'],15,5,Rayo Vallecano,1400000,2,5,12.011111111111111,,0.8325624421831638,0.0,1.0,0.24976873265494912,1.4986123959296946,5.0,0.0,366.0,203.0,38.0,6.0,12.0,5.0,16.0,46.0,0.0,31.0,14.151983508870947,1
['fabien' 'centonze'],6,5,FC Nantes,1200000,0,1,8.144444444444444,0.3683492496589359,0.7366984993178718,1.0,,,0.4911323328785812,1.0,0.0,151.0,103.0,40.0,4.0,10.0,8.0,17.0,25.0,0.0,29.9,13.997832948091215,1
['manuel' 'ugarte'],12,4,Manchester United,30000000,2,0,9.78888888888889,,0.8172531214528944,0.0,1.0,,0.3064699205448354,,0.0,427.0,229.0,52.0,7.0,11.0,15.0,29.0,51.0,0.0,24.7,17.216707972959764,0
['pedro' 'neto'],13,4,Chelsea FC,60000000,1,0,27.655555555555555,0.1807955002008839,0.8316593009240659,2.0,3.0,0.1446364001607071,1.627159501807955,11.0,1.0,777.0,617.0,257.0,44.0,8.0,23.0,10.0,80.0,0.0,25.8,17.909855136853043,0
['jurgen' 'ekkelenkamp'],10,5,Udinese Calcio,7000000,2,3,24.477777777777778,0.20426690876078074,1.1030413073082161,4.0,4.0,0.12256014525646845,0.9804811620517476,4.0,1.0,508.0,332.0,109.0,16.0,15.0,19.0,28.0,89.0,1.0,25.7,15.76142084987672,1
['sergi' 'roberto'],15,5,Como 1907,1500000,2,3,5.844444444444445,,1.026615969581749,0.0,2.0,,1.3688212927756653,,0.0,393.0,192.0,41.0,4.0,5.0,9.0,6.0,22.0,0.0,33.9,14.220976332738882,1
['iñigo' 'muñoz'],15,5,CD Numancia,200000,2,5,10.18888888888889,,0.6870229007633587,0.0,,,0.4907306434023991,,0.0,359.0,193.0,45.0,4.0,15.0,20.0,8.0,47.0,0.0,26.5,12.206077645517674,1
['rasmus' 'nicolaisen'],4,5,FC Toulouse,5000000,0,1,28.533333333333335,0.035046728971962614,0.455607476635514,0.0,,,0.07009345794392523,,0.0,1050.0,358.0,126.0,3.0,74.0,21.0,18.0,92.0,0.0,28.8,15.424948670398354,1
['santiago' 'bueno'],12,5,Wolverhampton Wanderers,10000000,0,0,26.366666666666667,0.11378002528445007,0.2654867256637168,0.0,,0.03792667509481669,0.3034134007585335,1.0,0.0,897.0,279.0,113.0,,47.0,11.0,28.0,64.0,1.0,27.1,16.118095750958314,2
['dionysis' 'giannoulis'],12,5,Panionios Athens,100000,0,2,21.122222222222224,0.09468700683850605,0.4260915307732772,1.0,1.0,0.2367175170962651,1.3729615991583377,8.0,0.0,468.0,296.0,109.0,19.0,12.0,20.0,19.0,106.0,0.0,22.3,11.51293546492023,1
['samuel' 'gigot'],6,5,Olympique Marseille,9000000,0,3,,,,,,,,,0.0,,,,,,,,,0.0,30.6,16.012735246411598,2
['lucas' 'vázquez'],15,5,Bayer 04 Leverkusen,2500000,0,2,5.322222222222223,0.1878914405010438,0.5636743215031315,1.0,1.0,0.3757828810020876,1.6910229645093944,6.0,0.0,203.0,144.0,25.0,1.0,4.0,8.0,4.0,22.0,0.0,34.5,14.731801689838349,2
['raúl' 'garcía'],15,5,Athletic Bilbao,1500000,2,5,23.944444444444446,0.08352668213457076,0.8352668213457076,0.0,2.0,0.2088167053364269,1.4617169373549883,7.0,0.0,627.0,440.0,79.0,16.0,22.0,26.0,29.0,85.0,0.0,37.9,14.220976332738882,1
['prosper' 'peter'],6,5,Angers SCO,5000000,1,1,14.066666666666666,0.35545023696682465,1.4218009478672986,1.0,8.0,,0.7819905213270142,1.0,0.0,139.0,85.0,51.0,6.0,36.0,30.0,3.0,34.0,1.0,18.4,15.424948670398354,1
['jan' 'thielmann'],7,5,1.FC Köln,5000000,2,2,17.18888888888889,0.17453135100193923,1.0471881060116353,0.0,3.0,0.05817711700064641,0.7563025210084033,1.0,0.0,305.0,196.0,76.0,8.0,19.0,23.0,12.0,61.0,0.0,22.0,15.424948670398354,1
['dango' 'ouattara'],12,5,Brentford FC,35000000,1,0,23.322222222222223,0.21438780371605526,1.4578370652691757,3.0,12.0,0.12863268222963314,0.9861838970938542,12.0,0.0,288.0,224.0,137.0,23.0,46.0,37.0,12.0,83.0,5.0,23.8,17.370858648025116,2
['grant-leon' 'ranos'],12,5,Borussia Mönchengladbach,1000000,1,2,1.2333333333333334,0.8108108108108107,3.243243243243243,0.0,,,0.8108108108108107,,0.0,36.0,29.0,4.0,1.0,2.0,1.0,1.0,6.0,0.0,22.4,13.815511557963774,2
['alimami' 'gory'],6,5,Paris FC,800000,1,1,10.6,0.2830188679245283,1.0377358490566038,1.0,2.0,0.09433962264150944,0.2830188679245283,1.0,1.0,177.0,106.0,41.0,4.0,8.0,16.0,12.0,39.0,1.0,26.8,13.592368256649284,1
['lincoln'],2,5,Red Bull Bragantino,3500000,2,4,26.366666666666667,0.07585335018963338,0.8723135271807838,1.0,5.0,0.18963337547408343,1.3274336283185841,9.0,0.0,867.0,532.0,104.0,14.0,17.0,52.0,32.0,119.0,0.0,25.6,15.068273812173887,1
['abdou' 'harroui'],9,5,Hellas Verona,1800000,2,3,8.78888888888889,0.11378002528445005,0.6826801517067003,0.0,,,1.3653603034134005,,0.0,255.0,156.0,58.0,10.0,1.0,1.0,16.0,42.0,0.0,27.9,14.403297778421795,1
['siriné' 'doucouré'],12,5,Valenciennes FC,1000000,0,1,0.5,,,0.0,,,,,0.0,26.0,2.0,2.0,,1.0,,,1.0,0.0,22.2,13.815511557963774,1
['sergi' 'gómez'],15,9,RCD Espanyol Barcelona,2000000,1,5,28.933333333333334,,0.24193548387096775,0.0,2.0,0.1728110599078341,1.3479262672811059,13.0,0.0,1267.0,731.0,170.0,13.0,20.0,14.0,51.0,145.0,0.0,31.2,14.508658238524095,0
['pontus' 'almqvist'],16,5,Parma Calcio 1913,2000000,1,3,4.822222222222222,,0.4147465437788019,0.0,1.0,,1.6589861751152075,2.0,0.0,79.0,54.0,27.0,6.0,6.0,13.0,5.0,19.0,0.0,26.5,14.508658238524095,1
['ibrahima' 'touré'],12,5,TOP Oss,75000,2,3,25.344444444444445,0.0394563787812363,0.8680403331871985,1.0,4.0,,0.789127575624726,6.0,0.0,440.0,249.0,113.0,21.0,141.0,19.0,25.0,111.0,1.0,24.1,11.225256725762893,1
['nicolò' 'barella'],8,5,Inter Milan,60000000,2,3,27.544444444444444,0.10891488503428802,0.8350141185962081,0.0,3.0,0.29043969342476805,2.2872125857200483,14.0,1.0,1479.0,1003.0,230.0,25.0,13.0,21.0,28.0,161.0,0.0,28.9,17.909855136853043,0
['armand' 'traoré'],14,5,Caykur Rizespor U21,200000,1,0,4.188888888888889,,0.9549071618037135,0.0,1.0,,0.7161803713527851,1.0,0.0,81.0,64.0,48.0,12.0,1.0,8.0,2.0,14.0,0.0,29.7,12.206077645517674,1
['jacob' 'ramsey'],5,9,Newcastle United,35000000,2,0,14.044444444444444,0.14240506329113925,0.7120253164556962,1.0,1.0,0.14240506329113925,1.2816455696202531,1.0,0.0,540.0,331.0,90.0,15.0,9.0,13.0,13.0,72.0,0.0,24.5,17.370858648025116,2
['anton' 'kade'],7,5,FC Basel 1893,900000,2,2,19.400000000000002,0.3092783505154639,1.9587628865979378,2.0,5.0,,1.3402061855670102,4.0,0.0,328.0,232.0,87.0,24.0,36.0,18.0,13.0,76.0,2.0,19.8,13.710151153416941,1
['diego' 'pérez'],12,5,Bologna FC 1909,100000,2,5,0.011111111111111112,,,0.0,,,,,0.0,1.0,,,1.0,,1.0,,1.0,0.0,35.1,11.51293546492023,2
['luca' 'lipani'],8,5,US Sassuolo,4000000,2,3,10.200000000000001,,0.784313725490196,0.0,1.0,0.0980392156862745,0.8823529411764705,1.0,0.0,347.0,175.0,30.0,2.0,9.0,5.0,14.0,44.0,0.0,19.0,15.201805169084134,1
['aitor' 'ruibal'],15,5,Real Betis Balompié,3500000,1,5,20.155555555555555,0.19845644983461963,1.091510474090408,2.0,3.0,0.09922822491730982,0.8434399117971334,3.0,0.0,577.0,317.0,83.0,15.0,7.0,25.0,32.0,98.0,1.0,29.7,15.068273812173887,1
['leon' 'goretzka'],7,6,Bayern Munich,15000000,2,2,21.711111111111112,0.23029682702149437,1.059365404298874,0.0,6.0,0.13817809621289662,0.8290685772773797,3.0,1.0,1479.0,895.0,199.0,11.0,22.0,16.0,16.0,100.0,0.0,30.9,16.52356082573315,0
['juan' 'cuadrado'],12,5,Pisa Sporting Club,1000000,2,3,5.2444444444444445,0.1906779661016949,0.9533898305084746,0.0,,,2.288135593220339,2.0,0.0,164.0,104.0,46.0,13.0,2.0,16.0,10.0,28.0,0.0,37.6,13.815511557963774,1
['benjamin' 'pavard'],6,5,Olympique Marseille,20000000,0,3,1.0,,1.0,0.0,,,1.0,,0.0,80.0,25.0,4.0,,,,1.0,6.0,0.0,29.7,16.811242881518265,2
['pedro' 'santos'],13,5,D.C. United,300000,2,4,8.522222222222222,,0.23468057366362452,0.0,,,0.9387222946544981,,0.0,530.0,258.0,40.0,2.0,5.0,16.0,15.0,55.0,0.0,35.3,12.611541086966115,1
['moussa' 'niakhaté'],14,2,Nottingham Forest,16000000,0,1,29.644444444444446,,0.06746626686656672,0.0,,0.06746626686656672,0.4047976011994003,3.0,0.0,1821.0,653.0,276.0,5.0,91.0,32.0,22.0,131.0,0.0,28.2,16.588099342704055,2
['orel' 'mangala'],1,5,Olympique Lyon,20000000,2,1,3.8333333333333335,,0.7826086956521738,0.0,,,1.0434782608695652,,0.0,179.0,110.0,18.0,5.0,2.0,4.0,4.0,17.0,0.0,26.2,16.811242881518265,2
['luuk' 'de' 'jong'],10,5,FC Porto,1500000,1,4,2.8555555555555556,0.35019455252918286,1.7509727626459144,0.0,1.0,,1.7509727626459144,1.0,0.0,44.0,25.0,2.0,1.0,9.0,2.0,2.0,4.0,0.0,35.3,14.220976332738882,2
['giorgi' 'kochorashvili'],12,6,Levante UD,600000,2,4,6.5888888888888895,,0.7588532883642495,0.0,1.0,0.1517706576728499,0.4553119730185497,,0.0,457.0,284.0,43.0,1.0,4.0,17.0,10.0,32.0,0.0,24.3,13.304686600863562,1
['marco' 'brescianini'],8,5,Atalanta BC,7500000,2,3,10.744444444444445,0.18614270941054806,0.7445708376421922,0.0,2.0,,0.8376421923474663,2.0,0.0,308.0,180.0,69.0,8.0,7.0,10.0,9.0,45.0,0.0,25.9,15.830413711839864,1
['mason' 'mount'],5,5,Manchester United,32000000,2,0,10.488888888888889,0.2860169491525424,1.2394067796610169,2.0,1.0,,1.2394067796610169,1.0,0.0,312.0,225.0,38.0,7.0,7.0,9.0,11.0,53.0,1.0,26.9,17.281246492014,0
['james' 'tarkowski'],5,5,Everton FC,7000000,0,0,35.0,0.05714285714285714,0.37142857142857144,1.0,4.0,0.08571428571428572,0.4,2.0,1.0,1190.0,409.0,156.0,4.0,142.0,34.0,28.0,83.0,0.0,33.1,15.76142084987672,2
['aaron' 'ramsey'],12,5,OGC Nice,2500000,2,0,,,,,,,,,0.0,,,,,,,,,0.0,32.5,14.731801689838349,2
['saná' 'fernandes'],13,5,SS Lazio,800000,1,3,,,,,,,,,0.0,,,,,,,,,0.0,18.2,13.592368256649284,2
['nicolò' 'casale'],8,5,Bologna FC 1909,5000000,0,3,7.5,,0.5333333333333333,0.0,1.0,,0.5333333333333333,,0.0,308.0,118.0,41.0,,31.0,5.0,4.0,26.0,0.0,27.9,15.424948670398354,2
['pape' 'matar' 'sarr'],14,5,Tottenham Hotspur,35000000,2,0,15.022222222222222,0.13313609467455623,0.599112426035503,1.0,1.0,0.1997041420118343,0.3328402366863905,2.0,0.0,527.0,288.0,85.0,12.0,27.0,13.0,21.0,76.0,0.0,23.2,17.370858648025116,0
['bruno' 'lourenço'],13,5,Boavista FC,700000,2,4,,,,,,,,,0.0,,,,,,,,,0.0,26.3,13.45883704259595,1
['tim' 'oermann'],7,5,SK Sturm Graz,4000000,0,2,0.17777777777777778,,,0.0,,,5.625,,0.0,5.0,2.0,3.0,,,1.0,1.0,3.0,0.0,22.2,15.201805169084134,1
['jordan' 'holsgrove'],12,5,GD Estoril Praia,3500000,2,4,31.48888888888889,0.03175723359209597,0.7621736062103034,0.0,,0.22230063514467183,1.460832745236415,12.0,0.0,2012.0,1052.0,189.0,12.0,26.0,48.0,41.0,144.0,0.0,26.3,15.068273812173887,1
['james' 'justin'],5,2,Leeds United,12000000,0,0,19.066666666666666,0.1048951048951049,0.7867132867132868,1.0,2.0,0.05244755244755245,0.5244755244755245,4.0,0.0,491.0,213.0,59.0,2.0,37.0,24.0,34.0,64.0,0.0,27.8,16.300417291085605,2
['lucas' 'michal'],6,5,AS Monaco,2500000,1,1,2.9444444444444446,,2.3773584905660377,0.0,1.0,,0.6792452830188679,,0.0,78.0,48.0,13.0,3.0,5.0,3.0,,12.0,0.0,20.5,14.731801689838349,1
['samu' 'aghehowa'],15,6,Deportivo Alavés,35000000,1,4,15.711111111111112,0.8274398868458274,2.8005657708628005,6.0,7.0,0.06364922206506364,0.5728429985855729,1.0,0.0,178.0,133.0,45.0,19.0,23.0,27.0,1.0,34.0,1.0,20.1,17.370858648025116,1
['birama' 'touré'],12,5,Manisa FK,400000,1,2,25.833333333333336,0.1935483870967742,1.2774193548387096,3.0,3.0,0.3483870967741935,1.393548387096774,11.0,1.0,503.0,406.0,245.0,48.0,41.0,29.0,23.0,127.0,1.0,33.6,12.899222326086994,1
['lukas' 'klostermann'],7,5,RB Leipzig,3500000,0,2,1.0444444444444445,,0.9574468085106382,0.0,,0.9574468085106382,0.9574468085106382,,0.0,51.0,21.0,16.0,,2.0,,,4.0,0.0,29.5,15.068273812173887,2
['beto'],13,5,SC Farense,200000,1,0,16.511111111111113,0.5450874831763122,1.8775235531628531,1.0,9.0,0.060565275908479134,0.6662180349932705,1.0,0.0,125.0,77.0,34.0,13.0,89.0,12.0,4.0,26.0,0.0,39.1,12.206077645517674,1
['ryan' 'gravenberch'],10,5,Liverpool FC,90000000,2,0,32.36666666666667,0.15447991761071062,0.7106076210092688,0.0,,0.09268795056642637,0.772399588053553,4.0,0.0,1625.0,958.0,270.0,31.0,27.0,41.0,35.0,126.0,0.0,23.6,18.31532023940565,0
['kevin' 'danso'],12,5,Tottenham Hotspur,22000000,0,0,14.566666666666666,,0.2745995423340961,0.0,,,0.20594965675057209,1.0,0.0,719.0,209.0,124.0,1.0,73.0,11.0,12.0,43.0,0.0,27.2,16.906553056777135,0
['phillipp' 'mwene'],12,5,1.FSV Mainz 05,1500000,0,2,23.022222222222222,0.04343629343629344,0.3909266409266409,1.0,2.0,0.08687258687258688,0.694980694980695,3.0,0.0,446.0,284.0,83.0,8.0,13.0,32.0,18.0,78.0,2.0,31.9,14.220976332738882,1
['junior' 'firpo'],12,3,Leeds United,7000000,0,5,8.244444444444445,,0.36388140161725063,0.0,,0.12129380053908355,0.8490566037735848,2.0,0.0,292.0,150.0,31.0,3.0,14.0,8.0,12.0,22.0,0.0,27.2,15.76142084987672,2
['mario' 'dorgeles'],3,5,FC Nordsjaelland,1200000,2,4,11.0,0.18181818181818182,0.6363636363636364,0.0,,0.09090909090909091,1.5454545454545454,2.0,0.0,563.0,386.0,66.0,9.0,9.0,15.0,11.0,34.0,0.0,19.8,13.997832948091215,1
['walid' 'cheddira'],9,5,Frosinone Calcio,6000000,1,3,11.677777777777779,0.17126546146527116,1.4557564224548047,0.0,3.0,0.08563273073263558,0.7706945765937202,,0.0,129.0,94.0,34.0,8.0,25.0,32.0,3.0,28.0,0.0,26.4,15.607270193858982,1
['kobbie' 'mainoo'],5,2,Manchester United,40000000,2,0,17.366666666666667,0.05758157389635316,0.40307101727447214,1.0,,0.11516314779270632,1.0940499040307101,1.0,0.0,888.0,522.0,124.0,16.0,14.0,19.0,18.0,92.0,0.0,20.6,17.50439003707821,0
['ayyoub' 'bouaddi'],9,5,LOSC Lille,40000000,2,1,24.87777777777778,,0.321572130415364,0.0,2.0,0.0401965163019205,0.723537293434569,2.0,0.0,824.0,475.0,149.0,29.0,24.0,23.0,35.0,142.0,0.0,18.2,17.50439003707821,2
['manuel' 'fernandes'],13,5,Sepahan FC,75000,2,0,31.6,0.09493670886075949,0.47468354430379744,0.0,1.0,0.09493670886075949,0.9810126582278481,3.0,0.0,1264.0,653.0,148.0,28.0,18.0,48.0,61.0,171.0,0.0,37.3,11.225256725762893,1
['matteo' 'darmian'],8,5,Inter Milan,1500000,0,3,2.022222222222222,,,0.0,,,,,0.0,68.0,44.0,5.0,,1.0,1.0,2.0,1.0,0.0,36.1,14.220976332738882,0
['charles' 'pickel'],12,5,US Cremonese,3200000,2,5,7.311111111111112,0.13677811550151975,0.6838905775075987,0.0,1.0,,0.2735562310030395,,0.0,194.0,99.0,12.0,4.0,18.0,2.0,6.0,27.0,0.0,26.4,14.978661680269907,1
['ylber' 'ramadani'],12,5,US Lecce,1800000,2,3,33.77777777777778,0.029605263157894735,0.680921052631579,0.0,,,0.47368421052631576,1.0,0.0,1122.0,650.0,101.0,13.0,31.0,57.0,51.0,202.0,0.0,29.7,14.403297778421795,1
['lesley' 'ugochukwu'],6,8,Burnley FC,25000000,2,0,24.48888888888889,0.12250453720508166,0.5716878402903811,1.0,1.0,0.04083484573502722,0.32667876588021777,,0.0,604.0,336.0,102.0,14.0,24.0,27.0,25.0,92.0,0.0,21.7,17.034386422832473,1
['dylan' 'nandín'],12,5,FC Arouca,1000000,1,4,10.233333333333334,0.09771986970684038,1.4657980456026056,0.0,4.0,0.19543973941368076,0.9771986970684038,4.0,0.0,108.0,57.0,23.0,6.0,26.0,21.0,13.0,18.0,0.0,23.8,13.815511557963774,1
['luís' 'guilherme'],2,5,West Ham United,10000000,1,0,1.3444444444444446,,0.743801652892562,0.0,,,0.743801652892562,,0.0,27.0,11.0,8.0,2.0,,,1.0,8.0,0.0,19.8,16.118095750958314,2
['bradley' 'burrowes'],5,9,Aston Villa U18,2000000,2,0,0.17777777777777778,,,0.0,,,,,0.0,3.0,1.0,2.0,,,1.0,,1.0,0.0,17.8,14.508658238524095,1
['rubén' 'iranzo'],15,0,Valencia Mestalla,300000,0,5,0.03333333333333333,,,0.0,,,,,0.0,2.0,2.0,,,,,1.0,,0.0,22.8,12.611541086966115,1
['tolu' 'arokodare'],11,1,KRC Genk,5500000,1,0,15.166666666666668,0.1978021978021978,2.4395604395604393,0.0,10.0,0.06593406593406594,0.7252747252747253,1.0,0.0,161.0,112.0,41.0,18.0,95.0,16.0,4.0,24.0,0.0,23.5,15.520258832020865,1
['ben' 'davies'],12,2,Tottenham Hotspur,10000000,0,0,1.5333333333333334,0.6521739130434783,1.3043478260869565,0.0,,,0.6521739130434783,,0.0,56.0,28.0,5.0,,4.0,,4.0,5.0,0.0,31.1,16.118095750958314,0
['youssouf' 'ndayishimiye'],12,5,OGC Nice,8000000,2,1,0.8,,,0.0,,,,,0.0,14.0,7.0,1.0,,1.0,,,,0.0,27.1,15.894952224644102,2
['nathan' 'tella'],11,2,Bayer 04 Leverkusen,15000000,1,2,9.677777777777779,0.10332950631458093,1.653272101033295,1.0,4.0,0.41331802525832373,1.549942594718714,5.0,0.0,201.0,152.0,69.0,13.0,9.0,19.0,6.0,28.0,2.0,26.5,16.52356082573315,2
['jean-philippe' 'krasso'],3,5,AS Saint-Étienne,6000000,1,1,12.11111111111111,0.1651376146788991,1.981651376146789,0.0,6.0,0.1651376146788991,1.7339449541284404,4.0,1.0,183.0,113.0,37.0,18.0,32.0,19.0,8.0,23.0,0.0,25.9,15.607270193858982,1
['pedro' 'bigas'],15,5,Elche CF,1000000,0,5,20.977777777777778,0.04766949152542373,0.3813559322033898,0.0,1.0,0.09533898305084745,0.524364406779661,4.0,0.0,1258.0,583.0,154.0,3.0,41.0,19.0,19.0,71.0,0.0,33.1,13.815511557963774,1
['dušan' 'vlahović'],12,5,Juventus FC,35000000,1,3,10.088888888888889,0.4955947136563877,3.3700440528634363,2.0,6.0,0.09911894273127754,0.7929515418502203,,0.0,113.0,90.0,25.0,3.0,23.0,17.0,3.0,8.0,1.0,25.9,17.370858648025116,0
['maximilian' 'arnold'],7,5,VfL Wolfsburg,4500000,2,2,20.6,0.04854368932038835,0.4368932038834951,0.0,,0.1941747572815534,1.2135922330097086,11.0,0.0,872.0,424.0,87.0,5.0,12.0,26.0,15.0,76.0,0.0,31.6,15.319588176962746,2
['fernando'],2,5,Al-Shabab FC,500000,1,4,6.477777777777778,0.15437392795883362,1.234991423670669,0.0,,0.30874785591766724,0.4631217838765008,2.0,0.0,96.0,65.0,35.0,10.0,4.0,12.0,6.0,24.0,0.0,32.4,13.122365377402328,1
['alberto' 'martín'],15,5,UD Melilla,100000,0,3,23.344444444444445,0.042836744407425034,0.21418372203712518,0.0,1.0,0.21418372203712518,2.356020942408377,11.0,0.0,564.0,335.0,84.0,12.0,9.0,27.0,26.0,79.0,1.0,34.2,11.51293546492023,1
['will' 'hughes'],5,5,Crystal Palace,6000000,2,0,16.422222222222224,,0.6089309878213802,0.0,1.0,,1.2178619756427604,1.0,0.0,525.0,328.0,64.0,10.0,17.0,23.0,14.0,65.0,0.0,30.6,15.607270193858982,2
['bashir' 'humphreys'],5,9,Swansea City,4800000,0,0,16.444444444444446,,0.304054054054054,0.0,1.0,,0.5472972972972973,1.0,0.0,627.0,251.0,95.0,6.0,24.0,9.0,18.0,64.0,0.0,21.2,15.38412668421143,1
['james' 'ward-prowse'],5,2,West Ham United,6000000,2,0,11.877777777777778,,0.16838166510757716,0.0,,0.08419083255378858,1.7680074836295603,7.0,0.0,509.0,283.0,41.0,2.0,10.0,13.0,6.0,46.0,0.0,31.1,15.607270193858982,2
['jozabed' 'sánchez'],15,5,Málaga CF,500000,0,4,13.633333333333335,,0.3667481662591687,0.0,,0.07334963325183373,0.3667481662591687,1.0,0.0,813.0,201.0,69.0,,20.0,5.0,9.0,46.0,0.0,32.3,13.122365377402328,1
['matteo' 'duțu'],12,5,Lazio U19,200000,0,3,,,,,,,,,0.0,,,,,,,,,0.0,18.6,12.206077645517674,1
['niklas' 'schmidt'],7,5,FC Toulouse,1500000,2,2,,,,,,,,,0.0,,,,,,,,,0.0,27.8,14.220976332738882,1
['artem' 'dovbyk'],12,5,AS Roma,20000000,1,3,4.288888888888889,0.6994818652849741,2.5647668393782386,2.0,3.0,0.23316062176165803,2.3316062176165806,2.0,0.0,62.0,49.0,10.0,2.0,15.0,6.0,3.0,5.0,0.0,28.5,16.811242881518265,2
['matteo' 'ruggeri'],8,5,Atlético de Madrid,15000000,0,5,18.22222222222222,,0.21951219512195122,0.0,,0.16463414634146342,1.152439024390244,5.0,1.0,722.0,417.0,97.0,4.0,24.0,2.0,23.0,92.0,0.0,23.4,16.52356082573315,0
['yasin' 'ayari'],16,5,Brighton & Hove Albion,30000000,2,0,21.28888888888889,0.14091858037578286,1.4091858037578286,0.0,,0.14091858037578286,0.5636743215031315,2.0,1.0,824.0,360.0,88.0,18.0,9.0,28.0,24.0,123.0,0.0,22.2,17.216707972959764,2
['mario' 'gómez'],7,5,VfB Stuttgart,800000,1,5,12.711111111111112,,0.472027972027972,0.0,,0.15734265734265734,1.1013986013986012,4.0,0.0,722.0,485.0,105.0,12.0,11.0,21.0,9.0,85.0,0.0,34.7,13.592368256649284,2
['ernest' 'nuamah'],12,6,Olympique Lyon,12000000,1,1,0.14444444444444446,,,0.0,,,,,0.0,5.0,5.0,4.0,,,,,2.0,0.0,22.1,16.300417291085605,2
['vicente' 'gómez'],15,5,AO Xanthi,250000,0,5,19.711111111111112,0.050732807215332576,0.5580608793686583,0.0,1.0,,0.5073280721533258,3.0,0.0,783.0,306.0,90.0,13.0,42.0,12.0,25.0,73.0,0.0,33.8,12.429220196836383,1
['isak' 'hansen-aarøen'],12,5,SV Werder Bremen,800000,2,2,0.011111111111111112,,,0.0,,,,,0.0,3.0,2.0,2.0,,,,2.0,1.0,0.0,21.3,13.592368256649284,1
['jean-ricner' 'bellegarde'],12,5,Wolverhampton Wanderers,15000000,2,0,13.777777777777779,0.07258064516129031,1.0887096774193548,0.0,,0.07258064516129031,0.8709677419354839,2.0,1.0,337.0,226.0,96.0,18.0,9.0,41.0,15.0,41.0,0.0,25.9,16.52356082573315,2
['i̇lkay' 'gündoğan'],7,6,Galatasaray,3500000,2,0,,,,,,,,,0.0,,,,,,,,,0.0,35.1,15.068273812173887,1
['ellyes' 'skhiri'],12,2,Eintracht Frankfurt,6000000,2,2,16.022222222222222,,0.37447988904299584,0.0,2.0,,0.4368932038834952,,0.0,801.0,336.0,80.0,7.0,24.0,13.0,8.0,75.0,0.0,30.6,15.607270193858982,2
['nehuén' 'paz'],0,5,CD Universidad Católica,200000,2,3,32.022222222222226,0.3747397640527411,2.685634975711311,1.0,3.0,0.18736988202637056,1.4052741151977792,13.0,0.0,1154.0,774.0,242.0,69.0,29.0,41.0,55.0,138.0,1.0,30.2,12.206077645517674,1
['sofiane' 'boufal'],9,5,Union Saint-Gilloise,2000000,2,1,10.477777777777778,0.09544008483563096,0.9544008483563097,0.0,1.0,0.2863202545068929,2.0996818663838814,5.0,0.0,245.0,165.0,85.0,20.0,4.0,30.0,13.0,58.0,1.0,32.2,14.508658238524095,1
['álex' 'moreno'],15,5,Girona FC,3500000,0,5,26.422222222222224,,0.41631623212783847,0.0,2.0,0.11354079058031959,0.45416316232127835,6.0,0.0,816.0,414.0,246.0,34.0,19.0,16.0,24.0,93.0,0.0,32.5,15.068273812173887,2
['benedikt' 'gimber'],7,5,1.FC Heidenheim 1846,2500000,0,2,15.966666666666667,,0.25052192066805845,0.0,,,0.06263048016701461,1.0,0.0,556.0,143.0,80.0,5.0,27.0,31.0,19.0,48.0,0.0,28.8,14.731801689838349,1
['josé' 'luis' 'morales'],15,5,Villarreal CF,1500000,1,5,3.8444444444444446,0.26011560693641617,1.8208092485549132,0.0,4.0,0.26011560693641617,1.560693641618497,2.0,0.0,95.0,66.0,23.0,9.0,2.0,4.0,5.0,25.0,0.0,36.9,14.220976332738882,2
['kylian' 'mbappé'],6,5,Paris Saint-Germain,180000000,1,5,26.933333333333334,0.8910891089108911,3.787128712871287,8.0,18.0,0.18564356435643564,2.1905940594059405,8.0,0.0,805.0,680.0,204.0,76.0,7.0,32.0,1.0,41.0,4.0,25.5,19.00846741441004,0
['john' 'mensah'],12,5,AFC Eskilstuna,50000,2,2,,,,,,,,,0.0,,,,,,,,,0.0,34.0,10.819798284210286,1
['nicholas' 'pierini'],8,5,Venezia FC,750000,1,3,1.488888888888889,,2.014925373134328,0.0,,,2.6865671641791042,,0.0,44.0,42.0,6.0,2.0,2.0,3.0,4.0,9.0,0.0,25.2,13.527829818844937,1
['facundo' 'cáseres'],0,5,Gil Vicente FC,2000000,2,4,24.433333333333334,,0.1637107776261937,0.0,,,0.45020463847203274,,0.0,891.0,378.0,48.0,2.0,12.0,42.0,33.0,103.0,0.0,24.6,14.508658238524095,1
['marcus' 'thuram'],6,5,Inter Milan,60000000,1,3,21.255555555555556,0.6116048092002091,2.6346053319393623,2.0,15.0,0.2822791427077888,1.0820700470465237,7.0,0.0,363.0,264.0,92.0,17.0,49.0,41.0,12.0,39.0,1.0,28.4,17.909855136853043,0
['enock' 'agyei'],1,2,Burnley FC U21,800000,1,0,,,,,,,,,0.0,,,,,,,,,0.0,18.9,13.592368256649284,1
['bakaye' 'traoré'],12,5,Bursaspor,450000,1,0,7.0888888888888895,0.14106583072100312,1.269592476489028,0.0,,,1.128526645768025,2.0,0.0,143.0,97.0,34.0,14.0,6.0,11.0,4.0,18.0,0.0,31.4,13.017005083966255,1
['kieron' 'bowie'],12,5,Hibernian FC,2700000,1,3,11.377777777777778,0.263671875,1.7578125,1.0,3.0,,0.966796875,,0.0,118.0,92.0,34.0,4.0,24.0,20.0,3.0,30.0,1.0,23.2,14.80876270134486,1
['ricardo' 'fernandes'],13,5,AD Fafe,200000,1,4,3.6333333333333333,0.27522935779816515,3.0275229357798166,0.0,,0.27522935779816515,0.5504587155963303,,0.0,127.0,93.0,37.0,6.0,4.0,3.0,3.0,14.0,1.0,35.5,12.206077645517674,1
['harry' 'maguire'],5,5,Manchester United,18000000,0,0,17.38888888888889,0.05750798722044728,0.6325878594249201,1.0,1.0,0.11501597444089456,0.05750798722044728,2.0,0.0,687.0,249.0,124.0,1.0,57.0,16.0,16.0,60.0,0.0,31.2,16.705882371415992,0
['sikou' 'niakaté'],12,5,SC Braga,6000000,0,4,10.422222222222222,,0.8635394456289979,0.0,2.0,,0.47974413646055436,2.0,0.0,659.0,201.0,64.0,6.0,36.0,4.0,6.0,35.0,1.0,24.9,15.607270193858982,1
['mehdi' 'léris'],12,3,UC Sampdoria,2500000,2,3,20.400000000000002,0.0980392156862745,0.7352941176470588,0.0,3.0,0.14705882352941174,1.176470588235294,5.0,0.0,373.0,250.0,93.0,15.0,53.0,21.0,34.0,100.0,1.0,25.1,14.731801689838349,1
['iván' 'romero'],15,5,CD Tenerife,800000,1,5,15.711111111111112,0.25459688826025456,1.9094766619519095,1.0,8.0,,0.891089108910891,2.0,0.0,230.0,132.0,40.0,9.0,22.0,23.0,9.0,56.0,2.0,22.2,13.592368256649284,1
['saša' 'lukić'],12,5,Fulham FC,12000000,2,0,18.266666666666666,0.05474452554744526,0.7116788321167884,0.0,3.0,0.10948905109489052,1.3686131386861315,2.0,0.0,574.0,331.0,97.0,5.0,23.0,23.0,24.0,67.0,0.0,29.3,16.300417291085605,2
['filippo' 'terracciano'],8,5,AC Milan,4500000,0,3,31.544444444444444,0.06340260655160268,0.28531172948221206,0.0,2.0,,0.34871433603381474,1.0,0.0,1292.0,494.0,128.0,5.0,42.0,25.0,23.0,133.0,0.0,21.3,15.319588176962746,0
['maxim' 'leitsch'],7,7,1.FSV Mainz 05,1500000,0,2,1.8,,0.5555555555555556,0.0,,,,,0.0,72.0,26.0,8.0,,5.0,1.0,1.0,5.0,0.0,27.6,14.220976332738882,1
['gabriel' 'jesus'],2,5,Arsenal FC,20000000,1,0,3.8444444444444446,0.5202312138728323,3.121387283236994,0.0,3.0,,0.5202312138728323,,0.0,70.0,54.0,21.0,7.0,9.0,1.0,,18.0,0.0,28.7,16.811242881518265,0
['tajon' 'buchanan'],12,5,Inter Milan,8000000,1,5,19.733333333333334,0.3547297297297297,1.064189189189189,1.0,2.0,0.05067567567567567,0.7601351351351351,5.0,1.0,372.0,258.0,145.0,21.0,3.0,36.0,18.0,105.0,0.0,25.3,15.894952224644102,0
['lazar' 'samardžić'],12,5,Atalanta BC,15000000,2,3,10.677777777777779,0.1873048907388137,1.5920915712799166,1.0,3.0,0.09365244536940685,2.4349635796045783,2.0,0.0,403.0,330.0,94.0,14.0,6.0,9.0,8.0,47.0,0.0,23.8,16.52356082573315,1
['josko' 'gvardiol'],12,5,Manchester City,70000000,0,0,15.133333333333335,0.13215859030837004,0.8590308370044052,0.0,2.0,0.13215859030837004,0.13215859030837004,1.0,2.0,922.0,488.0,174.0,2.0,28.0,7.0,13.0,49.0,0.0,23.9,18.064005814299346,0
['ansgar' 'knauff'],7,5,Eintracht Frankfurt,15000000,1,2,14.68888888888889,0.2723146747352496,1.4296520423600605,0.0,3.0,0.0680786686838124,1.0892586989409985,4.0,0.0,250.0,195.0,88.0,11.0,13.0,12.0,10.0,48.0,0.0,23.9,16.52356082573315,2
['javi' 'puado'],15,5,RCD Espanyol Barcelona,10000000,1,5,7.533333333333333,0.26548672566371684,1.991150442477876,0.0,6.0,,1.3274336283185841,2.0,0.0,167.0,110.0,44.0,5.0,2.0,6.0,2.0,33.0,0.0,27.6,16.118095750958314,0
['federico' 'gatti'],8,5,Juventus FC,20000000,0,3,11.1,0.1801801801801802,0.9009009009009009,1.0,1.0,,0.2702702702702703,,0.0,553.0,209.0,91.0,1.0,24.0,6.0,9.0,43.0,0.0,27.5,16.811242881518265,0
['matteo' 'prati'],8,1,Cagliari Calcio,6000000,2,3,20.1,0.04975124378109452,1.0945273631840795,0.0,,,0.5472636815920398,5.0,0.0,639.0,285.0,42.0,7.0,15.0,8.0,13.0,67.0,0.0,22.0,15.607270193858982,1
['bernardo'],2,5,TSG 1899 Hoffenheim,5000000,0,2,25.755555555555556,,0.19413287316652286,0.0,,,0.34943917169974115,1.0,0.0,992.0,514.0,129.0,6.0,102.0,11.0,40.0,103.0,0.0,30.6,15.424948670398354,2
['hugo' 'félix'],13,5,CD Tondela,1000000,2,4,14.833333333333334,,1.2134831460674156,0.0,4.0,0.06741573033707865,1.7528089887640448,3.0,0.0,442.0,293.0,65.0,7.0,5.0,42.0,3.0,64.0,2.0,21.8,13.815511557963774,1
['ethan' 'pinnock'],12,5,Brentford FC,4000000,0,0,3.566666666666667,,0.2803738317757009,0.0,,,,,0.0,110.0,23.0,8.0,1.0,13.0,2.0,4.0,11.0,0.0,32.5,15.201805169084134,2
['hugo' 'duro'],15,5,Valencia CF,16000000,1,5,20.311111111111114,0.4431072210065645,1.3785557986870896,3.0,8.0,,0.7877461706783369,2.0,0.0,261.0,144.0,17.0,3.0,41.0,35.0,10.0,37.0,1.0,24.6,16.588099342704055,2
['cyril' 'ngonge'],1,5,Torino FC,8000000,1,5,4.733333333333333,,2.323943661971831,0.0,1.0,0.4225352112676056,1.267605633802817,4.0,0.0,91.0,60.0,31.0,5.0,8.0,12.0,4.0,23.0,0.0,25.6,15.894952224644102,2
['janik' 'haberer'],7,5,1.FC Union Berlin,2500000,2,2,18.355555555555558,,0.16343825665859563,0.0,1.0,0.05447941888619854,1.0895883777239708,3.0,0.0,447.0,247.0,32.0,6.0,21.0,21.0,18.0,72.0,0.0,31.7,14.731801689838349,1
['pierre' 'lees-melou'],6,3,Stade Brestois 29,10000000,2,1,20.844444444444445,0.04797441364605544,0.9115138592750532,0.0,1.0,0.09594882729211088,0.6716417910447761,3.0,0.0,799.0,421.0,71.0,10.0,11.0,29.0,38.0,121.0,0.0,31.0,16.118095750958314,1
['jonathan' 'tah'],7,5,Bayern Munich,30000000,0,2,22.433333333333334,0.08915304606240713,0.31203566121842496,1.0,1.0,0.04457652303120357,0.17830609212481427,1.0,0.0,1827.0,874.0,195.0,3.0,43.0,6.0,18.0,90.0,0.0,29.9,17.216707972959764,0
['kyliane' 'dong'],6,5,ESTAC Troyes,600000,1,2,,,,,,,,,0.0,,,,,,,,,0.0,19.1,13.304686600863562,1
['anthony' 'gordon'],5,9,Newcastle United,60000000,1,0,20.155555555555555,0.29768467475192945,1.8357221609702317,2.0,9.0,0.09922822491730982,1.1907386990077178,5.0,0.0,423.0,322.0,156.0,33.0,8.0,40.0,13.0,57.0,1.0,24.8,17.909855136853043,2
['marten' 'de' 'roon'],10,5,Atalanta BC,7000000,2,3,28.444444444444446,0.03515625,0.38671875,0.0,1.0,0.0703125,0.66796875,1.0,1.0,1559.0,914.0,148.0,3.0,33.0,11.0,41.0,106.0,0.0,33.2,15.76142084987672,1
['josh' 'knight'],5,5,Peterborough United,1000000,2,0,0.011111111111111112,,,0.0,,,,,0.0,,,,,,,,,0.0,25.8,13.815511557963774,1
['joel' 'roca'],15,8,Girona FC,5000000,2,5,14.877777777777778,0.20164301717699776,2.0164301717699775,0.0,5.0,0.06721433905899925,0.806572068707991,1.0,0.0,299.0,215.0,163.0,36.0,5.0,41.0,12.0,60.0,1.0,20.5,15.424948670398354,2
['ross' 'barkley'],5,8,Aston Villa,5000000,2,0,8.511111111111111,0.3524804177545692,1.6449086161879896,0.0,2.0,,1.0574412532637076,3.0,0.0,334.0,196.0,54.0,13.0,14.0,9.0,9.0,44.0,0.0,32.0,15.424948670398354,2
['mathys' 'tel'],6,5,Tottenham Hotspur,30000000,1,0,13.1,0.3053435114503817,1.6793893129770994,0.0,3.0,0.07633587786259542,1.83206106870229,3.0,0.0,229.0,172.0,125.0,37.0,14.0,21.0,10.0,66.0,0.0,20.6,17.216707972959764,0
['kenny' 'tete'],10,5,Fulham FC,11000000,0,0,19.933333333333334,0.05016722408026756,0.5016722408026756,0.0,,,0.5518394648829431,1.0,0.0,748.0,341.0,84.0,8.0,27.0,31.0,38.0,82.0,0.0,30.2,16.213405921671733,2
['mikel' 'merino'],15,5,Arsenal FC,30000000,2,0,11.1,0.3603603603603604,1.3513513513513513,1.0,4.0,0.2702702702702703,0.8108108108108109,4.0,0.0,269.0,164.0,27.0,5.0,28.0,20.0,13.0,55.0,0.0,29.5,17.216707972959764,0
['abdul' 'mumin'],12,5,Rayo Vallecano,2500000,0,5,0.1,,,0.0,,,,,0.0,3.0,,,,,,,2.0,0.0,26.0,14.731801689838349,1
['amos' 'pieper'],7,7,SV Werder Bremen,4000000,0,2,16.711111111111112,,0.41888297872340424,0.0,,,0.11968085106382978,,0.0,873.0,319.0,112.0,,52.0,15.0,23.0,53.0,0.0,27.9,15.201805169084134,1
['edmond' 'tapsoba'],12,5,Bayer 04 Leverkusen,35000000,0,2,28.622222222222224,0.1746894409937888,0.8035714285714285,2.0,3.0,0.10481366459627328,0.2795031055900621,4.0,0.0,2191.0,985.0,373.0,8.0,70.0,2.0,17.0,154.0,0.0,26.9,17.370858648025116,2
['yáser' 'asprilla'],12,5,Girona FC,12000000,2,5,6.722222222222222,,1.487603305785124,0.0,,,1.7851239669421488,2.0,0.0,129.0,90.0,46.0,13.0,2.0,8.0,3.0,26.0,1.0,22.1,16.300417291085605,2
['facundo' 'buonanotte'],0,5,Brighton & Hove Albion,18000000,2,0,0.7666666666666667,,,0.0,,,2.608695652173913,,0.0,24.0,20.0,5.0,,1.0,,,3.0,0.0,19.4,16.705882371415992,2
['sebastian' 'sebulonsen'],12,5,1.FC Köln,5500000,0,2,27.833333333333336,,0.5748502994011976,0.0,,,0.7544910179640718,5.0,0.0,626.0,303.0,151.0,18.0,29.0,9.0,26.0,113.0,0.0,25.9,15.520258832020865,1
['marcus' 'rashford'],5,5,FC Barcelona,40000000,1,5,18.566666666666666,0.43087971274685816,2.6391382405745065,1.0,10.0,0.3770197486535009,1.8850987432675046,7.0,0.0,623.0,543.0,155.0,29.0,4.0,25.0,8.0,43.0,0.0,28.1,17.50439003707821,0
['jhon' 'fredy' 'miranda'],12,5,Rionegro Águilas,250000,0,3,26.58888888888889,0.03760969494358546,0.3760969494358546,0.0,,0.11282908483075638,2.294191391558713,5.0,0.0,1132.0,626.0,159.0,7.0,32.0,29.0,31.0,113.0,1.0,25.3,12.429220196836383,1
['julien' 'duranville'],1,5,Borussia Dortmund,7500000,1,2,,,,,,,,,0.0,,,,,,,,,0.0,19.6,15.830413711839864,2
['lucas' 'torró'],15,5,CA Osasuna,2800000,2,5,24.233333333333334,,0.8253094910591472,0.0,1.0,0.04126547455295736,0.4951856946354883,1.0,0.0,717.0,360.0,49.0,9.0,97.0,27.0,17.0,106.0,0.0,31.4,14.845130332288226,1
['guy' 'ramos'],12,5,Almere City FC,75000,0,2,0.45555555555555555,,2.1951219512195124,0.0,,,2.1951219512195124,,0.0,31.0,13.0,5.0,1.0,4.0,1.0,,3.0,0.0,33.4,11.225256725762893,1
['rayan' 'cherki'],6,5,Manchester City,50000000,2,0,19.11111111111111,0.20930232558139536,1.622093023255814,1.0,2.0,0.627906976744186,2.511627906976744,19.0,1.0,1078.0,822.0,236.0,50.0,1.0,34.0,18.0,89.0,0.0,22.3,17.72753358339242,0
['pablo' 'pagis'],6,5,Stade Lavallois,1000000,1,1,18.922222222222224,0.5284791544333528,2.3253082795067526,3.0,3.0,0.2642395772166764,2.061068702290076,8.0,1.0,482.0,330.0,103.0,23.0,7.0,25.0,16.0,80.0,0.0,21.5,13.815511557963774,1
['giovanni' 'di' 'lorenzo'],8,5,SSC Napoli,10000000,0,3,24.311111111111114,0.0822669104204753,0.9049360146252284,0.0,,0.04113345521023765,0.5758683729433272,3.0,0.0,1188.0,648.0,130.0,8.0,33.0,23.0,26.0,83.0,2.0,32.4,16.118095750958314,0
['tyrone' 'mings'],5,8,Aston Villa,4000000,0,0,13.700000000000001,,0.36496350364963503,0.0,2.0,,0.36496350364963503,1.0,0.0,769.0,275.0,101.0,2.0,40.0,9.0,2.0,46.0,0.0,32.7,15.201805169084134,2
['aster' 'vranckx'],1,4,US Sassuolo,7000000,2,3,7.688888888888889,,0.26011560693641617,0.0,,,0.26011560693641617,,0.0,207.0,87.0,18.0,3.0,8.0,17.0,9.0,26.0,0.0,23.2,15.76142084987672,1
['nathan' 'collins'],12,9,Brentford FC,25000000,0,0,31.022222222222222,0.032234957020057305,0.5157593123209169,0.0,4.0,0.06446991404011461,0.25787965616045844,4.0,0.0,1369.0,384.0,207.0,5.0,79.0,17.0,13.0,124.0,1.0,23.1,17.034386422832473,2
['diego' 'luna'],12,5,Baltika Kaliningrad,500000,2,5,,,,,,,,,0.0,,,,,,,,,0.0,26.0,13.122365377402328,1
['moreno'],13,5,Vitória Guimarães SC,100000,0,5,23.066666666666666,,0.21676300578034682,0.0,2.0,,0.3468208092485549,1.0,0.0,875.0,274.0,188.0,4.0,46.0,22.0,24.0,73.0,0.0,36.8,11.51293546492023,1
['yangel' 'herrera'],12,5,Real Sociedad,9000000,2,5,6.0888888888888895,,0.656934306569343,0.0,1.0,,,,0.0,185.0,94.0,24.0,5.0,23.0,19.0,7.0,21.0,1.0,27.9,16.012735246411598,2
['rodri'],15,5,UE Llagostera,250000,2,0,15.811111111111112,0.06324666198172874,0.44272663387210115,0.0,,,1.454673225579761,2.0,0.0,1381.0,818.0,147.0,6.0,34.0,27.0,20.0,99.0,0.0,32.8,12.429220196836383,1
['paulinho' 'bóia'],2,5,Kyoto Sanga,700000,1,4,31.38888888888889,0.12743362831858407,1.5292035398230088,2.0,4.0,0.06371681415929203,1.3380530973451328,8.0,0.0,470.0,369.0,201.0,46.0,15.0,72.0,23.0,135.0,0.0,25.0,13.45883704259595,1
['nikolas' 'nartey'],4,5,VfB Stuttgart,2000000,2,2,13.955555555555556,0.28662420382165604,1.2898089171974523,2.0,4.0,0.21496815286624205,1.5047770700636942,6.0,0.0,429.0,293.0,65.0,18.0,38.0,23.0,10.0,48.0,0.0,25.8,14.508658238524095,2
['nicolai' 'remberg'],7,5,Hamburger SV,5000000,2,2,32.0,,0.40625,0.0,1.0,0.0625,0.34375,5.0,0.0,1194.0,433.0,129.0,14.0,51.0,48.0,28.0,138.0,1.0,25.5,15.424948670398354,1
['ibrahima' 'ndiaye'],14,5,FK Cukaricki,900000,1,0,28.955555555555556,0.20721412125863392,1.0360706062931695,1.0,3.0,0.10360706062931696,0.8979278587874137,7.0,0.0,749.0,496.0,232.0,69.0,10.0,36.0,41.0,173.0,0.0,28.5,13.710151153416941,1
['souza'],2,5,Basaksehir FK,325000,0,0,1.6,,0.625,0.0,,,1.875,,0.0,25.0,13.0,6.0,,,2.0,,3.0,0.0,35.3,12.691583538230217,1
['cédric' 'zesiger'],12,8,FC Augsburg,5000000,0,2,20.133333333333333,,0.3973509933774835,0.0,4.0,,0.3973509933774835,1.0,0.0,770.0,311.0,95.0,3.0,35.0,16.0,23.0,64.0,0.0,27.5,15.424948670398354,1
['stefan' 'de' 'vrij'],10,5,Inter Milan,3500000,0,3,5.555555555555555,,0.72,0.0,,,0.18,,0.0,336.0,151.0,47.0,1.0,14.0,4.0,8.0,20.0,0.0,33.9,15.068273812173887,0
['maxence' 'caqueret'],6,2,Olympique Lyon,20000000,2,3,16.233333333333334,0.12320328542094455,0.7392197125256673,0.0,1.0,0.30800821355236135,1.1704312114989732,3.0,0.0,783.0,488.0,94.0,17.0,10.0,22.0,22.0,66.0,1.0,24.3,16.811242881518265,2
['leon' 'opitz'],7,5,Karlsruher SC,600000,1,2,,,,,,,,,0.0,,,,,,,,,0.0,20.7,13.304686600863562,1
['jefferson' 'encada'],12,5,Pharco FC,300000,0,4,17.166666666666668,,0.11650485436893203,0.0,,0.11650485436893203,0.6990291262135921,5.0,0.0,503.0,223.0,114.0,19.0,10.0,14.0,16.0,82.0,0.0,25.2,12.611541086966115,1
['diego' 'gómez'],0,5,Angers SCO,200000,2,0,22.8,0.21929824561403508,1.1842105263157894,1.0,6.0,0.043859649122807015,0.8771929824561403,4.0,0.0,560.0,325.0,90.0,18.0,52.0,10.0,49.0,104.0,0.0,32.5,12.206077645517674,1
['bendito' 'mantato'],5,5,Manchester United U21,400000,1,0,0.16666666666666669,,,0.0,,,5.999999999999999,,0.0,5.0,4.0,2.0,,,,,,0.0,18.0,12.899222326086994,1
['fernando' 'torres'],15,5,Sagan Tosu,2500000,1,5,21.033333333333335,0.7606973058637083,2.662440570522979,6.0,20.0,0.04754358161648177,0.9984152139461172,4.0,0.0,323.0,215.0,37.0,7.0,25.0,18.0,5.0,35.0,0.0,35.3,14.731801689838349,1
['muhammed' 'damar'],7,5,TSG 1899 Hoffenheim,1000000,2,2,2.977777777777778,,2.6865671641791042,0.0,2.0,,4.029850746268656,1.0,0.0,102.0,85.0,13.0,2.0,1.0,2.0,3.0,15.0,0.0,19.2,13.815511557963774,2
['agostino' 'gallo'],8,5,Calcio Catania,75000,0,3,31.977777777777778,,0.1250868658790827,0.0,2.0,0.1250868658790827,0.9068797776233496,4.0,0.0,766.0,469.0,155.0,13.0,26.0,13.0,36.0,135.0,0.0,21.3,11.225256725762893,1
['zé' 'pedro'],13,5,Vitória Setúbal FC,500000,0,3,18.244444444444444,,0.2192448233861145,0.0,1.0,0.05481120584652863,0.10962241169305725,1.0,0.0,776.0,222.0,88.0,5.0,18.0,15.0,16.0,54.0,0.0,34.7,13.122365377402328,1
['alieu' 'fadera'],12,5,KRC Genk,2500000,1,3,10.833333333333334,0.1846153846153846,0.7384615384615384,2.0,2.0,0.0923076923076923,0.5538461538461538,1.0,0.0,202.0,128.0,78.0,11.0,8.0,36.0,23.0,52.0,2.0,22.6,14.731801689838349,1
['carlos' 'eduardo'],2,5,Paraná Clube,1000000,1,4,2.988888888888889,0.6691449814126395,2.007434944237918,0.0,1.0,,0.6691449814126395,,0.0,17.0,11.0,7.0,1.0,14.0,4.0,2.0,9.0,0.0,30.8,13.815511557963774,1
['connor' 'roberts'],12,5,Leeds United,7000000,0,0,,,,,,,,,0.0,,,,,,,,,0.0,28.7,15.76142084987672,2
['domenico' 'berardi'],8,5,US Sassuolo,10000000,1,3,20.066666666666666,0.39867109634551495,1.5946843853820598,2.0,4.0,0.19933554817275748,1.3953488372093024,7.0,0.0,450.0,302.0,72.0,10.0,12.0,33.0,17.0,70.0,1.0,29.8,16.118095750958314,1
['unai' 'gómez'],15,5,Athletic Bilbao,6000000,2,5,9.18888888888889,0.10882708585247883,1.4147521160822247,0.0,2.0,0.10882708585247883,0.7617896009673518,,0.0,155.0,104.0,33.0,6.0,16.0,6.0,7.0,28.0,0.0,21.0,15.607270193858982,1
['lee' 'cook'],5,5,Apollon Smyrnis,400000,2,0,9.666666666666668,,0.2068965517241379,0.0,,0.10344827586206895,1.0344827586206895,,0.0,423.0,254.0,68.0,3.0,9.0,5.0,16.0,62.0,0.0,31.6,12.899222326086994,1
['patrick' 'osterhage'],7,5,SC Freiburg,12000000,2,2,13.200000000000001,0.07575757575757575,0.3787878787878788,0.0,1.0,,0.45454545454545453,,0.0,396.0,206.0,48.0,6.0,8.0,13.0,9.0,42.0,0.0,25.9,16.300417291085605,1
['andré' 'santos'],2,5,Boluspor,100000,1,3,9.177777777777779,0.4358353510895883,2.2881355932203387,0.0,,,1.525423728813559,2.0,0.0,232.0,169.0,122.0,34.0,4.0,8.0,9.0,23.0,0.0,35.2,11.51293546492023,1
['anders' 'möller' 'christensen'],4,5,FC Roskilde,50000,0,5,4.144444444444445,,,0.0,,,0.24128686327077745,,0.0,312.0,145.0,39.0,,13.0,4.0,3.0,20.0,0.0,38.5,10.819798284210286,1
['jaydee' 'canvot'],6,5,Crystal Palace,20000000,0,0,13.822222222222223,,0.5064308681672025,0.0,3.0,,0.2170418006430868,,0.0,655.0,260.0,98.0,2.0,36.0,6.0,22.0,50.0,0.0,19.4,16.811242881518265,2
['morten' 'thorsby'],12,5,Genoa CFC,3000000,2,3,13.866666666666667,0.21634615384615383,1.2259615384615383,1.0,1.0,0.07211538461538461,0.5769230769230769,3.0,0.0,276.0,187.0,25.0,3.0,88.0,11.0,5.0,45.0,0.0,28.1,14.914123179965662,2
['yunus' 'konak'],12,5,Brentford FC,3500000,2,0,,,,,,,,,0.0,,,,,,,,,0.0,18.4,15.068273812173887,2
['oihan' 'sancet'],15,5,Athletic Bilbao,40000000,2,5,20.033333333333335,0.19966722129783693,1.8469217970049916,3.0,7.0,,1.3477537437603992,,0.0,484.0,321.0,122.0,16.0,19.0,28.0,15.0,66.0,1.0,25.6,17.50439003707821,1
['guillem' 'molina'],15,5,CE Sabadell FC,300000,0,4,3.6222222222222222,,,0.0,,,0.27607361963190186,,0.0,55.0,28.0,8.0,1.0,3.0,2.0,5.0,9.0,0.0,23.2,12.611541086966115,1
['koffi' 'kouao'],3,5,FC Metz,1500000,0,1,25.255555555555556,0.07919049714034315,0.75230972283326,0.0,1.0,0.039595248570171576,0.39595248570171576,2.0,0.0,937.0,428.0,187.0,30.0,9.0,33.0,43.0,129.0,1.0,26.0,14.220976332738882,1
['matías' 'sánchez'],0,5,Club Atlético Temperley,10000,0,5,29.311111111111114,0.03411675511751326,0.34116755117513264,0.0,1.0,0.06823351023502652,0.4776345716451857,2.0,0.0,706.0,366.0,160.0,12.0,21.0,20.0,49.0,97.0,0.0,36.3,9.210440366976517,1
['andré' 'sousa'],13,5,CD Nacional,50000,2,4,1.3888888888888888,,0.72,0.0,,1.44,0.72,2.0,0.0,52.0,34.0,3.0,,2.0,4.0,2.0,5.0,0.0,35.4,10.819798284210286,1
['matteo' 'politano'],8,5,SSC Napoli,8000000,1,3,23.7,0.08438818565400844,1.3924050632911393,2.0,3.0,0.2109704641350211,1.3080168776371308,11.0,0.0,742.0,520.0,237.0,33.0,8.0,26.0,10.0,79.0,0.0,32.4,15.894952224644102,0
['pietro' 'comi'],8,5,Atalanta Primavera,250000,0,3,,,,,,,,,0.0,,,,,,,,,0.0,19.0,12.429220196836383,1
['mohamed' 'sarr'],14,5,OFI Crete FC,500000,0,0,1.011111111111111,,0.989010989010989,0.0,1.0,,,,0.0,45.0,3.0,2.0,,,,,2.0,0.0,29.1,13.122365377402328,1
['alessio' 'castro-montes'],1,5,1.FC Köln,3000000,2,2,7.444444444444445,0.13432835820895522,0.8059701492537313,0.0,1.0,0.40298507462686567,2.6865671641791042,4.0,0.0,232.0,175.0,55.0,1.0,13.0,10.0,17.0,35.0,0.0,28.6,14.914123179965662,1
['valentin' 'rosier'],6,5,CA Osasuna,3000000,0,5,26.511111111111113,0.03772003352891869,0.4526404023470243,0.0,1.0,0.03772003352891869,0.49036043587594297,4.0,0.0,803.0,424.0,177.0,26.0,17.0,19.0,28.0,147.0,0.0,29.3,14.914123179965662,1
['abde' 'ezzalzouli'],9,5,Real Betis Balompié,20000000,1,5,23.28888888888889,0.3864503816793893,2.189885496183206,2.0,8.0,0.34351145038167935,0.9017175572519083,11.0,0.0,594.0,447.0,222.0,39.0,30.0,67.0,29.0,113.0,1.0,24.0,16.811242881518265,1
['denis' 'vavro'],12,5,VfL Wolfsburg,7000000,0,2,13.044444444444444,0.07666098807495741,0.7666098807495741,0.0,2.0,,0.22998296422487224,,0.0,442.0,133.0,35.0,2.0,32.0,5.0,5.0,32.0,0.0,29.7,15.76142084987672,2
['naïs' 'djouahra'],6,5,CD Leganés,900000,1,4,30.477777777777778,0.1968647466277798,1.115566897557419,1.0,3.0,0.0984323733138899,0.8858913598250091,5.0,1.0,664.0,436.0,154.0,33.0,5.0,2.0,13.0,83.0,0.0,23.9,13.710151153416941,1
['herba' 'guirassy'],6,5,FC Nantes,6000000,1,1,9.077777777777778,0.22031823745410037,1.211750305997552,0.0,2.0,0.11015911872705018,0.6609547123623011,2.0,0.0,134.0,82.0,69.0,9.0,13.0,9.0,14.0,46.0,0.0,19.3,15.607270193858982,1
['andré' 'moreira'],13,5,Grasshopper Club Zurich,1200000,1,4,11.455555555555556,0.1745877788554801,1.571290009699321,0.0,4.0,0.08729388942774005,1.0475266731328807,4.0,0.0,169.0,128.0,81.0,11.0,6.0,17.0,15.0,51.0,0.0,27.5,13.997832948091215,1
['rafa' 'mir'],15,5,Sevilla FC,2500000,1,5,20.1,0.3980099502487562,3.134328358208955,1.0,13.0,,0.4477611940298507,3.0,0.0,332.0,226.0,49.0,5.0,19.0,16.0,9.0,37.0,0.0,27.0,14.731801689838349,2
['xander' 'severina'],12,5,FK Partizan Belgrade,500000,1,4,1.088888888888889,,,0.0,,,,,0.0,17.0,10.0,4.0,1.0,1.0,1.0,1.0,2.0,0.0,22.2,13.122365377402328,1
['jaime' 'alfonso' 'ruiz'],12,5,KSK Heist,200000,2,5,,,,,,,,,0.0,,,,,,,,,0.0,30.8,12.206077645517674,1
['tim' 'kleindienst'],7,5,Borussia Mönchengladbach,12000000,1,2,0.06666666666666667,,,0.0,,,,,0.0,3.0,2.0,1.0,,2.0,,1.0,2.0,0.0,30.3,16.300417291085605,2
['ruben' 'loftus-cheek'],5,2,AC Milan,25000000,2,3,12.522222222222222,0.23957409050576753,1.4374445430346052,2.0,5.0,0.07985803016858918,0.7187222715173026,3.0,0.0,343.0,259.0,96.0,12.0,31.0,19.0,6.0,38.0,0.0,28.4,17.034386422832473,0
['suat' 'serdar'],7,7,Hellas Verona,4500000,2,3,12.311111111111112,0.1624548736462094,1.055956678700361,0.0,3.0,,1.055956678700361,2.0,0.0,284.0,177.0,48.0,9.0,8.0,12.0,19.0,54.0,0.0,28.7,15.319588176962746,1
['sambou' 'soumano'],14,5,Rodez AF,800000,1,1,10.200000000000001,0.392156862745098,1.8627450980392155,2.0,5.0,0.196078431372549,0.784313725490196,2.0,0.0,132.0,71.0,27.0,5.0,28.0,18.0,4.0,27.0,0.0,22.4,13.592368256649284,1
['niklas' 'stark'],7,7,SV Werder Bremen,3500000,0,2,7.788888888888889,,0.38516405135520687,0.0,1.0,,,,0.0,401.0,123.0,47.0,,11.0,7.0,10.0,16.0,0.0,30.7,15.068273812173887,1
['bright' 'arrey-mbi'],7,4,SC Braga,7000000,0,4,20.322222222222223,,,0.0,,,0.09841443411700382,1.0,0.0,1085.0,383.0,70.0,7.0,18.0,5.0,21.0,80.0,0.0,22.7,15.76142084987672,1
['ilias' 'akhomach'],9,9,Villarreal CF,15000000,1,5,9.922222222222222,,1.8141097424412094,0.0,4.0,0.10078387458006718,1.2094064949608063,3.0,0.0,217.0,157.0,82.0,14.0,1.0,36.0,15.0,37.0,0.0,20.1,16.52356082573315,2
['tiago' 'araújo'],13,5,KAA Gent,1500000,0,4,18.711111111111112,0.05344418052256532,0.6947743467933492,1.0,1.0,0.10688836104513064,0.5344418052256532,3.0,0.0,1040.0,444.0,165.0,3.0,29.0,1.0,23.0,75.0,0.0,24.7,14.220976332738882,1
['marco' 'friedl'],12,3,SV Werder Bremen,12000000,0,2,28.322222222222223,0.03530796390741467,0.28246371125931735,0.0,,,0.17653981953707334,,0.0,1598.0,643.0,193.0,4.0,55.0,16.0,21.0,117.0,0.0,27.8,16.300417291085605,1
['álvaro' 'morata'],15,5,Atlético de Madrid,16000000,1,3,10.166666666666668,,1.8688524590163933,0.0,8.0,0.0983606557377049,0.8852459016393441,1.0,0.0,171.0,111.0,26.0,2.0,16.0,33.0,10.0,19.0,1.0,31.6,16.588099342704055,0
['younes' 'namli'],4,5,PEC Zwolle,1600000,1,1,3.566666666666667,,0.5607476635514018,0.0,,0.2803738317757009,0.5607476635514018,1.0,0.0,80.0,59.0,25.0,5.0,3.0,4.0,5.0,26.0,0.0,29.9,14.285514812209815,1
['emil' 'krafth'],16,5,Newcastle United,1500000,0,0,0.5,,,0.0,,,,,0.0,14.0,7.0,,,,,,,0.0,31.4,14.220976332738882,2
['lucas' 'beltrán'],0,5,ACF Fiorentina,16000000,2,5,15.177777777777779,0.06588579795021962,1.4494875549048316,0.0,7.0,0.13177159590043924,0.7247437774524158,4.0,0.0,306.0,203.0,73.0,16.0,25.0,39.0,11.0,50.0,1.0,23.2,16.588099342704055,2
['rafael' 'luís'],13,4,RC Strasbourg Alsace,4000000,2,1,6.5,,0.46153846153846156,0.0,,0.15384615384615385,0.7692307692307693,1.0,0.0,339.0,146.0,35.0,4.0,1.0,2.0,9.0,20.0,0.0,20.8,15.201805169084134,1
['pere' 'milla'],15,5,RCD Espanyol Barcelona,1200000,2,5,20.72222222222222,0.3378016085790885,2.219839142091153,3.0,7.0,,1.5924932975871313,4.0,0.0,362.0,229.0,76.0,7.0,23.0,36.0,21.0,66.0,0.0,33.2,13.997832948091215,0
['gustavo' 'klismahn'],2,5,Vissel Kobe,500000,2,4,12.322222222222223,0.0811541929666366,0.8115419296663661,0.0,1.0,0.0811541929666366,1.3796212804328223,5.0,0.0,220.0,154.0,70.0,12.0,12.0,16.0,13.0,40.0,0.0,26.1,13.122365377402328,1
['moustapha' 'mbow'],14,8,RFC Seraing,600000,0,1,30.17777777777778,,0.29823269513991163,0.0,1.0,0.03313696612665685,0.09941089837997054,1.0,0.0,1459.0,375.0,203.0,6.0,62.0,16.0,30.0,135.0,0.0,23.3,13.304686600863562,1
['roberto' 'gagliardini'],8,5,Hellas Verona,1400000,2,3,23.622222222222224,0.042333019755409214,0.380997177798683,0.0,2.0,,0.6773283160865474,,0.0,924.0,510.0,108.0,6.0,57.0,35.0,38.0,127.0,0.0,31.7,14.151983508870947,1
['kevin' 'van' 'den' 'kerkhof'],12,5,FC Metz,3000000,0,1,,,,,,,,,0.0,,,,,,,,,0.0,28.2,14.914123179965662,1
['diogo' 'santos'],13,5,Académico Viseu FC,50000,2,2,0.3,,,0.0,,,,,0.0,24.0,14.0,3.0,2.0,,,,1.0,0.0,36.6,10.819798284210286,1
['nahuel' 'tenaglia'],0,5,Deportivo Alavés,3000000,0,5,33.98888888888889,0.058842759071592025,0.4707420725727362,1.0,1.0,,0.17652827721477607,1.0,0.0,1130.0,399.0,182.0,10.0,47.0,39.0,42.0,109.0,1.0,29.8,14.914123179965662,1
['eric' 'bailly'],3,5,Real Oviedo,1500000,0,5,12.733333333333334,0.07853403141361257,0.23560209424083767,0.0,,,0.15706806282722513,,0.0,452.0,110.0,78.0,5.0,37.0,7.0,7.0,47.0,0.0,31.7,14.220976332738882,1
['filipe' 'gonçalves'],13,5,UD Oliveirense,50000,1,4,0.16666666666666669,,,0.0,,,,,0.0,6.0,4.0,,1.0,,1.0,,1.0,0.0,36.9,10.819798284210286,1
['matty' 'cash'],12,5,Aston Villa,22000000,0,0,33.05555555555556,0.0907563025210084,0.6655462184873949,1.0,,0.0907563025210084,0.7865546218487395,4.0,1.0,1180.0,636.0,138.0,11.0,32.0,30.0,32.0,86.0,0.0,28.3,16.906553056777135,2
['ousmane' 'touré'],6,5,LOSC Lille B,50000,0,1,0.5777777777777778,,,0.0,,,,,0.0,18.0,6.0,4.0,,2.0,,,2.0,0.0,19.3,10.819798284210286,1
['kenneth' 'taylor'],10,5,Ajax Amsterdam,23000000,2,3,15.555555555555555,0.19285714285714287,0.7071428571428572,1.0,1.0,0.1285714285714286,0.7071428571428572,1.0,0.0,597.0,381.0,63.0,8.0,5.0,13.0,11.0,45.0,0.0,23.5,16.951004817371683,2
['gianluca' 'gaetano'],8,5,Cagliari Calcio,4000000,2,3,19.244444444444444,0.10392609699769054,1.0912240184757507,1.0,,0.1558891454965358,1.0912240184757507,2.0,1.0,724.0,358.0,95.0,15.0,14.0,29.0,15.0,98.0,0.0,25.6,15.201805169084134,1
['éder' 'militão'],2,5,Real Madrid,60000000,0,5,12.677777777777779,0.15775635407537247,1.4198071866783522,1.0,1.0,0.07887817703768624,0.5521472392638036,2.0,0.0,697.0,297.0,78.0,3.0,26.0,13.0,16.0,56.0,0.0,26.4,17.909855136853043,0
['stefan' 'posch'],12,6,Bologna FC 1909,14000000,0,3,4.277777777777778,0.23376623376623376,1.6363636363636365,0.0,,,0.4675324675324675,,0.0,196.0,93.0,34.0,1.0,8.0,6.0,3.0,18.0,0.0,27.1,16.454567959008102,2
['giorgi' 'kvilitaia'],12,5,APOEL Nicosia,1800000,1,1,4.5,0.4444444444444444,2.0,0.0,1.0,,1.5555555555555556,2.0,0.0,66.0,47.0,10.0,3.0,17.0,4.0,5.0,9.0,0.0,29.7,14.403297778421795,1
['nahuel' 'valentini'],0,5,Calcio Padova,150000,0,3,14.066666666666666,,0.9241706161137441,0.0,1.0,,0.2132701421800948,2.0,0.0,344.0,127.0,48.0,2.0,47.0,7.0,15.0,47.0,0.0,34.7,11.918397239722838,1
['callum' 'marshall'],12,9,West Bromwich Albion,2000000,1,0,0.6444444444444445,,1.5517241379310345,0.0,1.0,,,,0.0,2.0,1.0,1.0,1.0,1.0,,,1.0,0.0,19.5,14.508658238524095,1
['semih' 'kılıçsoy'],12,5,Cagliari Calcio,10000000,1,3,10.844444444444445,0.3688524590163934,1.014344262295082,1.0,,,1.014344262295082,,0.0,185.0,114.0,34.0,14.0,6.0,15.0,4.0,29.0,0.0,20.4,16.118095750958314,1
['valentin' 'gendrey'],6,5,TSG 1899 Hoffenheim,7000000,0,2,0.5888888888888889,1.6981132075471697,3.3962264150943393,0.0,1.0,1.6981132075471697,3.3962264150943393,1.0,0.0,25.0,15.0,4.0,,3.0,1.0,,2.0,0.0,25.5,15.76142084987672,2
['kelvin' 'davis'],5,5,Southampton FC,250000,1,3,21.422222222222224,0.466804979253112,1.7271784232365144,0.0,7.0,0.1867219917012448,1.1203319502074687,6.0,0.0,283.0,190.0,87.0,30.0,55.0,47.0,5.0,73.0,2.0,39.4,12.429220196836383,2
['davide' 'frattesi'],8,5,Inter Milan,28000000,2,3,6.144444444444445,,2.115732368896926,0.0,4.0,,0.9764918625678118,1.0,0.0,94.0,61.0,21.0,5.0,4.0,11.0,7.0,16.0,0.0,26.3,17.147715103853763,0
['sergi' 'gómez'],15,9,RCD Espanyol Barcelona,2000000,0,4,27.6,,0.07246376811594203,0.0,1.0,,0.10869565217391304,,0.0,890.0,142.0,62.0,,25.0,5.0,20.0,44.0,0.0,31.2,14.508658238524095,0
['hugo' 'rincón'],15,5,Bilbao Athletic,250000,0,5,18.98888888888889,0.05266237565827969,0.31597425394967815,1.0,2.0,0.05266237565827969,0.47396138092451723,2.0,0.0,625.0,333.0,116.0,9.0,19.0,50.0,32.0,64.0,1.0,21.4,12.429220196836383,1
['davide' 'bartesaghi'],8,5,Milan Primavera,1000000,0,3,26.133333333333333,0.07653061224489796,0.5739795918367347,0.0,,,1.6071428571428572,4.0,0.0,878.0,549.0,125.0,11.0,24.0,14.0,30.0,66.0,0.0,18.5,13.815511557963774,1
['fabián' 'ruiz'],15,3,Paris Saint-Germain,40000000,2,1,11.544444444444444,0.08662175168431184,1.039461020211742,1.0,3.0,0.2598652550529355,1.2993262752646777,2.0,0.0,1054.0,689.0,116.0,2.0,2.0,1.0,9.0,46.0,0.0,29.7,17.50439003707821,0
['danilo' 'cataldi'],8,5,SS Lazio,3500000,2,3,22.133333333333333,0.1355421686746988,0.9036144578313253,1.0,,0.1355421686746988,0.9036144578313253,2.0,0.0,935.0,485.0,63.0,6.0,14.0,12.0,20.0,106.0,0.0,31.4,15.068273812173887,2
['demba' 'camara'],12,5,Al-Nahda Club,325000,1,5,0.788888888888889,,1.2676056338028168,0.0,,,2.5352112676056335,,0.0,7.0,3.0,1.0,,1.0,,,1.0,0.0,27.7,12.691583538230217,1
['jamie' 'gittens'],5,5,Chelsea FC,40000000,1,0,5.444444444444445,,0.7346938775510203,0.0,1.0,0.36734693877551017,1.2857142857142856,2.0,0.0,118.0,90.0,40.0,13.0,3.0,8.0,3.0,15.0,0.0,21.3,17.50439003707821,0
['daniel' 'gleiber'],7,5,1.FSV Mainz 05,300000,2,2,,,,,,,,,0.0,,,,,,,,,0.0,20.9,12.611541086966115,1
['rodrigo' 'abascal'],12,5,Vitória Guimarães SC,600000,0,4,25.244444444444447,0.039612676056338024,0.47535211267605626,1.0,1.0,0.07922535211267605,0.43573943661971826,2.0,0.0,1150.0,398.0,158.0,3.0,47.0,3.0,18.0,83.0,0.0,31.9,13.304686600863562,1
['bernardo' 'silva'],13,4,Manchester City,27000000,2,0,30.78888888888889,0.06495849873691807,0.5196679898953446,0.0,1.0,0.12991699747383614,1.3641284734752797,7.0,0.0,1924.0,1104.0,348.0,21.0,4.0,22.0,25.0,141.0,0.0,31.3,17.11134746100564,0
['taiwo' 'awoniyi'],11,6,Nottingham Forest,12000000,1,0,5.033333333333333,0.794701986754967,2.5827814569536423,0.0,2.0,0.19867549668874174,0.9933774834437087,2.0,0.0,58.0,34.0,17.0,2.0,9.0,6.0,1.0,18.0,1.0,28.3,16.300417291085605,2
['alieu' 'njie'],16,5,Torino Primavera,300000,1,3,2.7666666666666666,0.3614457831325301,1.8072289156626506,0.0,3.0,0.3614457831325301,0.7228915662650602,,0.0,37.0,27.0,19.0,4.0,4.0,5.0,1.0,14.0,0.0,19.1,12.611541086966115,1
['akor' 'adams'],11,5,Montpellier HSC,10000000,1,5,21.58888888888889,0.46320123520329387,2.130725681935152,5.0,9.0,0.13896037056098817,0.3705609881626351,1.0,0.0,216.0,134.0,71.0,14.0,54.0,10.0,3.0,47.0,0.0,24.3,16.118095750958314,2
['michael' 'folorunsho'],8,5,Cagliari Calcio,6000000,2,3,22.1,0.09049773755656108,1.1312217194570136,0.0,5.0,,0.6334841628959276,2.0,1.0,321.0,185.0,94.0,21.0,34.0,48.0,10.0,64.0,0.0,27.9,15.607270193858982,1
['kaden' 'rodney'],5,6,Crystal Palace U21,200000,2,0,0.03333333333333333,,,0.0,,,,,0.0,3.0,1.0,,,,,,,0.0,21.2,12.206077645517674,1
['gennaro' 'borrelli'],8,5,Brescia Calcio,1400000,1,3,13.322222222222223,0.3002502085070892,1.2760633861551292,1.0,3.0,0.0750625521267723,0.8256880733944953,1.0,0.0,151.0,98.0,27.0,6.0,52.0,47.0,7.0,21.0,0.0,24.2,14.151983508870947,1
['rabbi' 'matondo'],12,8,Rangers FC,3000000,2,1,14.177777777777779,0.14106583072100312,0.49373040752351094,0.0,,,0.3526645768025078,,0.0,420.0,200.0,35.0,14.0,8.0,20.0,19.0,58.0,0.0,23.7,14.914123179965662,1
['marko' 'rog'],12,5,GNK Dinamo Zagreb,1300000,2,3,,,,,,,,,0.0,,,,,,,,,0.0,28.9,14.077875591662238,1
['bojan' 'miovski'],12,5,Rangers FC,2500000,1,5,0.48888888888888893,,,0.0,,,,,0.0,2.0,,,,,,,,0.0,26.5,14.731801689838349,1
['david' 'otorbi'],15,5,Valencia Mestalla,500000,1,5,,,,,,,,,0.0,,,,,,,,,0.0,16.7,13.122365377402328,1
['djibril' 'cissé'],6,5,Yverdon Sport FC,200000,2,1,10.911111111111111,,1.374745417515275,0.0,,,1.1914460285132382,,0.0,414.0,245.0,76.0,9.0,5.0,9.0,17.0,54.0,0.0,36.4,12.206077645517674,1
['tiago' 'gouveia'],13,2,SL Benfica,5000000,1,1,5.844444444444445,,1.8821292775665397,0.0,1.0,,0.34220532319391633,1.0,0.0,137.0,62.0,36.0,7.0,2.0,9.0,3.0,35.0,0.0,23.0,15.424948670398354,1
['tyler' 'dibling'],5,6,Everton FC,30000000,2,0,3.888888888888889,,0.2571428571428572,0.0,,,1.0285714285714287,,0.0,88.0,51.0,23.0,13.0,2.0,11.0,3.0,22.0,0.0,19.8,17.216707972959764,2
['david' 'luiz'],2,5,CR Flamengo,500000,2,0,9.444444444444445,0.10588235294117647,0.8470588235294118,0.0,2.0,,2.011764705882353,3.0,0.0,544.0,294.0,69.0,6.0,9.0,14.0,12.0,49.0,0.0,36.3,13.122365377402328,1
['frenkie' 'de' 'jong'],10,5,FC Barcelona,70000000,2,5,17.811111111111114,0.0561447286338116,0.28072364316905796,0.0,,0.28072364316905796,1.684341859014348,9.0,0.0,1391.0,963.0,225.0,5.0,8.0,27.0,18.0,85.0,0.0,27.1,18.064005814299346,0
['éderson'],2,5,Atalanta BC,40000000,2,3,23.833333333333336,0.0839160839160839,0.881118881118881,1.0,6.0,0.04195804195804195,1.0069930069930069,3.0,0.0,1155.0,636.0,146.0,15.0,22.0,39.0,32.0,128.0,0.0,26.5,17.50439003707821,1
['jaidon' 'anthony'],5,5,Burnley FC,15000000,1,0,28.444444444444446,0.28125,1.37109375,0.0,3.0,0.0703125,1.16015625,6.0,0.0,650.0,394.0,182.0,32.0,12.0,43.0,22.0,133.0,1.0,26.0,16.52356082573315,1
['stanley' 'nsoki'],6,9,1.FC Union Berlin,1800000,0,2,9.088888888888889,0.11002444987775062,0.22004889975550124,0.0,,0.22004889975550124,0.22004889975550124,,0.0,226.0,96.0,32.0,4.0,17.0,8.0,9.0,41.0,0.0,26.7,14.403297778421795,1
['mikkel' 'kaufmann'],4,5,1.FC Heidenheim 1846,1800000,1,2,5.933333333333334,0.16853932584269662,1.348314606741573,0.0,4.0,0.16853932584269662,0.5056179775280899,3.0,0.0,64.0,37.0,7.0,,23.0,13.0,2.0,13.0,0.0,25.0,14.403297778421795,1
['álex' 'sala'],15,5,Córdoba CF,300000,2,3,1.788888888888889,,1.6770186335403725,0.0,1.0,0.5590062111801242,1.1180124223602483,,0.0,65.0,53.0,8.0,,1.0,5.0,2.0,1.0,0.0,22.5,12.611541086966115,1
['bastien' 'meupiyou'],6,4,FC Alverca,4000000,0,4,29.1,,0.1718213058419244,0.0,2.0,,0.06872852233676975,,0.0,1128.0,340.0,181.0,23.0,35.0,14.0,28.0,119.0,0.0,19.8,15.201805169084134,1
['niklas' 'beste'],7,2,SC Freiburg,7000000,0,2,18.98888888888889,0.10532475131655938,1.1585722644821532,1.0,5.0,0.10532475131655938,1.7378583967232297,4.0,0.0,372.0,250.0,84.0,15.0,6.0,36.0,24.0,65.0,0.0,27.0,15.76142084987672,1
['roberto' 'piccoli'],8,5,ACF Fiorentina,18000000,1,3,17.48888888888889,0.1715374841168996,2.0012706480304954,2.0,12.0,0.057179161372299864,0.8005082592121981,1.0,0.0,144.0,98.0,39.0,9.0,51.0,38.0,,34.0,0.0,24.9,16.705882371415992,2
['nico' 'elvedi'],12,5,Borussia Mönchengladbach,8000000,0,2,32.96666666666667,,0.15166835187057634,0.0,1.0,0.06066734074823053,0.33367037411526795,3.0,0.0,1674.0,486.0,320.0,1.0,75.0,16.0,29.0,104.0,1.0,29.2,15.894952224644102,2
['nicolò' 'rovella'],8,5,SS Lazio,28000000,2,3,5.7,,0.17543859649122806,0.0,,0.17543859649122806,2.1052631578947367,2.0,0.0,457.0,239.0,41.0,6.0,3.0,12.0,10.0,36.0,0.0,24.1,17.147715103853763,2
['donyell' 'malen'],10,8,Aston Villa,25000000,1,0,7.166666666666667,0.5581395348837209,2.9302325581395348,2.0,5.0,0.13953488372093023,0.8372093023255813,,0.0,73.0,60.0,31.0,8.0,3.0,6.0,3.0,10.0,0.0,26.9,17.034386422832473,2
['andy' 'diouf'],6,5,RC Lens,9000000,2,3,3.6333333333333333,,0.8256880733944955,0.0,,,2.7522935779816513,1.0,1.0,137.0,99.0,42.0,6.0,5.0,3.0,5.0,18.0,0.0,21.0,16.012735246411598,2
['oliver' 'provstgaard'],4,5,SS Lazio,4500000,0,3,16.46666666666667,,0.36437246963562747,0.0,1.0,,0.24291497975708498,1.0,0.0,1037.0,418.0,170.0,1.0,42.0,9.0,6.0,55.0,0.0,22.6,15.319588176962746,2
['jean-mattéo' 'bahoya'],6,5,Eintracht Frankfurt,25000000,1,2,14.766666666666667,0.20316027088036115,1.0158013544018059,1.0,,0.27088036117381487,1.8284424379232505,6.0,0.0,358.0,226.0,127.0,41.0,7.0,22.0,14.0,60.0,0.0,20.6,17.034386422832473,2
['sofiane' 'diop'],9,5,OGC Nice,10000000,2,1,23.022222222222222,0.3474903474903475,1.5202702702702702,1.0,3.0,0.08687258687258688,1.2162162162162162,6.0,0.0,657.0,406.0,140.0,30.0,9.0,44.0,12.0,104.0,0.0,25.5,16.118095750958314,2
['chidozie' 'awaziem'],11,5,Boavista FC,3000000,0,1,24.8,0.04032258064516129,0.282258064516129,0.0,,0.08064516129032258,0.3225806451612903,2.0,0.0,1158.0,319.0,160.0,4.0,44.0,21.0,18.0,95.0,0.0,27.4,14.914123179965662,1
['aurélien' 'tchouaméni'],6,5,Real Madrid,100000000,2,5,28.355555555555558,0.03526645768025078,1.0579937304075235,0.0,4.0,,0.8463949843260188,4.0,0.0,1706.0,1022.0,177.0,3.0,71.0,26.0,41.0,140.0,0.0,24.4,18.420680753952364,0
['kevin' 'akpoguma'],11,9,TSG 1899 Hoffenheim,2000000,0,2,0.6444444444444445,,,0.0,,,,,0.0,33.0,12.0,1.0,,1.0,,1.0,1.0,0.0,30.7,14.508658238524095,2
['mick' 'schmetgens'],7,5,SV Werder Bremen,150000,0,2,0.4,,,0.0,,,,,0.0,36.0,17.0,3.0,,2.0,,,2.0,0.0,18.3,11.918397239722838,1
['tim' 'lemperle'],7,5,1.FC Köln,1500000,1,2,21.76666666666667,0.36753445635528326,1.9295558958652372,5.0,9.0,0.09188361408882081,1.1485451761102603,2.0,0.0,361.0,255.0,73.0,15.0,37.0,16.0,14.0,61.0,1.0,21.4,14.220976332738882,1
['elijah' 'campbell'],5,5,Everton FC U21,200000,0,0,,,,,,,,,0.0,,,,,,,,,0.0,21.4,12.206077645517674,1
['fran' 'garcía'],15,5,Real Madrid,15000000,0,5,9.322222222222223,0.1072705601907032,0.536352800953516,0.0,1.0,0.1072705601907032,0.4290822407628128,,0.0,358.0,223.0,56.0,3.0,5.0,11.0,12.0,33.0,0.0,26.3,16.52356082573315,0
['marios' 'vrousai'],12,0,Rio Ave FC,2500000,1,4,28.122222222222224,0.03555906756222837,0.9956538917423943,1.0,1.0,0.07111813512445674,0.8889766890557091,5.0,0.0,860.0,394.0,174.0,42.0,35.0,37.0,57.0,160.0,0.0,27.5,14.731801689838349,1
['jaime' 'simões'],13,5,SC Covilhã,50000,2,4,8.377777777777778,,0.7161803713527851,0.0,1.0,0.11936339522546419,0.5968169761273209,2.0,0.0,356.0,192.0,59.0,10.0,12.0,9.0,8.0,46.0,0.0,34.0,10.819798284210286,1
['frédéric' 'guilbert'],6,5,US Lecce,800000,0,1,6.777777777777778,,0.8852459016393442,0.0,1.0,,1.0327868852459017,2.0,0.0,137.0,53.0,18.0,5.0,8.0,13.0,12.0,33.0,0.0,31.0,13.592368256649284,1
['emmanuel' 'agbadou'],3,5,Stade Reims,9000000,0,0,12.233333333333334,,0.5722070844686648,0.0,,,0.32697547683923706,,0.0,547.0,201.0,72.0,4.0,26.0,5.0,20.0,66.0,0.0,27.0,16.012735246411598,2
['theofanis' 'bakoulas'],12,5,Rio Ave FC,1000000,2,4,1.7555555555555555,,,0.0,,,1.139240506329114,,0.0,54.0,23.0,3.0,1.0,2.0,3.0,3.0,9.0,0.0,21.0,13.815511557963774,1
['roni'],2,5,Adanaspor,125000,2,4,14.633333333333335,0.13667425968109337,0.6150341685649202,1.0,,,0.6150341685649202,,0.0,357.0,144.0,25.0,10.0,9.0,7.0,20.0,73.0,0.0,29.9,11.736077016252437,1
['alexander' 'bah'],4,5,SL Benfica,9000000,0,4,5.266666666666667,0.379746835443038,1.139240506329114,2.0,2.0,,1.518987341772152,4.0,0.0,182.0,91.0,33.0,3.0,6.0,9.0,6.0,20.0,0.0,28.0,16.012735246411598,1
['andre' 'green'],5,5,Slovan Bratislava,800000,1,4,2.166666666666667,,0.46153846153846145,0.0,,,0.9230769230769229,,0.0,24.0,15.0,4.0,,2.0,4.0,,3.0,0.0,24.9,13.592368256649284,1
['danilho' 'doekhi'],10,8,1.FC Union Berlin,13000000,0,2,34.0,0.14705882352941177,1.1764705882352942,1.0,4.0,,0.23529411764705882,,0.0,973.0,346.0,130.0,3.0,156.0,15.0,31.0,106.0,0.0,27.5,16.380459992348886,1
['edoardo' 'pieragnolo'],8,5,AC Reggiana 1919,300000,0,3,,,,,,,,,0.0,,,,,,,,,0.0,20.8,12.611541086966115,1
['sander' 'berge'],12,5,Fulham FC,25000000,2,0,30.844444444444445,,0.19452449567723343,0.0,2.0,0.032420749279538905,0.5511527377521613,3.0,0.0,1470.0,693.0,221.0,8.0,47.0,14.0,39.0,126.0,0.0,27.8,17.034386422832473,2
['telli' 'siwe'],6,5,AJ Auxerre,1000000,0,1,2.5,,0.4,0.0,,,0.4,,0.0,56.0,23.0,6.0,1.0,1.0,,3.0,5.0,0.0,21.0,13.815511557963774,1
['linton' 'maina'],7,6,1.FC Köln,3000000,2,2,11.344444444444445,0.1762977473065622,1.3222331047992164,1.0,1.0,,1.4985308521057785,6.0,0.0,259.0,186.0,87.0,9.0,1.0,7.0,7.0,49.0,0.0,24.9,14.914123179965662,1
['antonio' 'raíllo'],15,0,RCD Mallorca,1500000,0,5,22.58888888888889,,0.5312346286276439,0.0,1.0,0.04426955238563699,0.26561731431382196,1.0,0.0,994.0,313.0,154.0,,75.0,15.0,13.0,61.0,0.0,34.2,14.220976332738882,1
['sergi' 'cardona'],15,5,Villarreal CF,10000000,0,5,20.57777777777778,0.04859611231101511,0.6803455723542116,0.0,,0.19438444924406045,0.6803455723542116,4.0,1.0,555.0,282.0,107.0,4.0,20.0,21.0,30.0,69.0,0.0,26.4,16.118095750958314,2
['adam' 'obert'],12,5,Cagliari Calcio,4000000,0,3,28.91111111111111,,0.2767102229054573,0.0,2.0,0.1037663335895465,0.7263643351268255,6.0,0.0,930.0,344.0,125.0,16.0,30.0,12.0,28.0,119.0,0.0,23.3,15.201805169084134,1
['joão' 'cunha'],13,5,CD Mafra,250000,0,0,5.033333333333333,,0.19867549668874174,0.0,1.0,,0.19867549668874174,,0.0,160.0,53.0,15.0,1.0,5.0,6.0,5.0,10.0,0.0,25.4,12.429220196836383,1
['chidera' 'ejuke'],11,5,Royal Antwerp FC,6000000,1,5,9.711111111111112,0.10297482837528603,1.2356979405034323,0.0,2.0,0.10297482837528603,1.1327231121281462,1.0,0.0,285.0,192.0,114.0,55.0,5.0,15.0,11.0,58.0,0.0,26.4,15.607270193858982,1
['jon' 'karrikaburu'],15,5,FC Andorra,2500000,1,5,1.4333333333333333,,3.488372093023256,0.0,2.0,,0.6976744186046512,,0.0,10.0,6.0,4.0,,5.0,4.0,2.0,3.0,0.0,21.8,14.731801689838349,1
['remo' 'freuler'],12,5,Bologna FC 1909,4000000,2,3,22.900000000000002,0.043668122270742356,0.08733624454148471,1.0,,0.08733624454148471,0.7860262008733624,,0.0,1106.0,580.0,94.0,2.0,15.0,22.0,30.0,101.0,0.0,33.7,15.201805169084134,2
['tom' 'van' 'de' 'looi'],10,5,Brescia Calcio,750000,2,4,30.58888888888889,,0.5557573556120595,0.0,,,0.42499091899745733,5.0,0.0,1198.0,550.0,84.0,3.0,47.0,24.0,44.0,131.0,0.0,23.9,13.527829818844937,1
['juan' 'jesus'],2,5,SSC Napoli,1500000,0,3,18.144444444444446,,,0.0,,,0.2204531537048377,,0.0,1228.0,377.0,95.0,,32.0,2.0,20.0,85.0,0.0,34.5,14.220976332738882,0
['saba' 'sazonov'],12,5,Torino FC,1300000,0,3,,,,,,,,,0.0,,,,,,,,,0.0,23.9,14.077875591662238,2
['anton' 'stach'],7,6,Leeds United,20000000,2,0,25.6,0.1953125,1.171875,1.0,1.0,0.1171875,2.3046875,9.0,0.0,714.0,476.0,122.0,20.0,46.0,23.0,35.0,116.0,0.0,27.1,16.811242881518265,2
['dermane' 'karim'],12,5,Lommel SK,900000,2,1,14.88888888888889,0.06716417910447761,0.9402985074626865,0.0,,0.13432835820895522,0.9402985074626865,1.0,0.0,450.0,262.0,121.0,20.0,6.0,39.0,18.0,89.0,1.0,19.8,13.710151153416941,1
['wesley' 'adeh'],7,5,SV Werder Bremen,250000,2,2,,,,,,,,,0.0,,,,,,,,,0.0,18.9,12.429220196836383,1
['amine' 'el' 'ouazzani'],9,5,SC Braga,3500000,1,4,7.722222222222222,0.2589928057553957,1.683453237410072,0.0,3.0,,1.0359712230215827,,0.0,96.0,66.0,14.0,3.0,12.0,10.0,1.0,19.0,0.0,24.4,15.068273812173887,1
['abdukodir' 'khusanov'],12,5,Manchester City,35000000,0,0,14.877777777777778,,0.4032860343539955,0.0,1.0,,0.4032860343539955,,0.0,917.0,410.0,110.0,7.0,15.0,6.0,19.0,70.0,0.0,21.8,17.370858648025116,0
['gorka' 'guruzeta'],15,3,Athletic Bilbao,18000000,1,5,24.61111111111111,0.3656884875846501,2.3972911963882617,2.0,9.0,0.12189616252821671,0.8532731376975169,7.0,0.0,328.0,226.0,32.0,7.0,73.0,29.0,6.0,54.0,0.0,27.7,16.705882371415992,1
['marcus' 'tavernier'],5,5,AFC Bournemouth,20000000,2,0,28.422222222222224,0.2111024237685692,1.724003127443315,2.0,8.0,0.1407349491790461,1.4425332290852226,6.0,1.0,854.0,630.0,184.0,36.0,24.0,34.0,21.0,142.0,0.0,26.7,16.811242881518265,1
['francisco' 'moura'],13,5,FC Famalicão,6000000,0,4,14.666666666666668,0.13636363636363635,0.47727272727272724,1.0,1.0,0.13636363636363635,0.6818181818181818,3.0,0.0,533.0,292.0,87.0,10.0,16.0,7.0,11.0,56.0,0.0,24.8,15.607270193858982,1
['mathieu' 'acapandié'],12,5,FC Nantes B,50000,0,1,2.8777777777777778,,,0.0,,,1.38996138996139,,0.0,48.0,29.0,8.0,2.0,3.0,,1.0,7.0,0.0,20.8,10.819798284210286,1
['eliesse' 'ben' 'seghir'],9,5,Bayer 04 Leverkusen,24000000,1,2,2.7333333333333334,,1.0975609756097562,0.0,,,1.829268292682927,2.0,0.0,115.0,97.0,40.0,9.0,3.0,10.0,2.0,11.0,0.0,20.8,16.993564429978885,2
['emersonn'],2,5,FC Toulouse,4000000,1,1,16.711111111111112,0.35904255319148937,2.5132978723404253,4.0,9.0,0.11968085106382978,0.9574468085106382,1.0,0.0,185.0,139.0,53.0,10.0,62.0,10.0,9.0,34.0,0.0,21.4,15.201805169084134,1
['reinildo' 'mandava'],12,5,Sunderland AFC,5000000,0,0,19.87777777777778,,0.10061486864169926,0.0,,0.05030743432084963,0.25153717160424816,,0.0,631.0,302.0,95.0,15.0,31.0,33.0,20.0,82.0,1.0,31.9,15.424948670398354,1
['andre' 'gray'],12,5,Al-Riyadh SC,1300000,2,0,16.344444444444445,0.12236573759347383,0.4894629503738953,1.0,,0.12236573759347383,0.36709721278042146,3.0,0.0,446.0,229.0,73.0,7.0,9.0,2.0,8.0,57.0,0.0,32.9,14.077875591662238,1
['arkaitz' 'mariezkurrena'],15,5,Real Sociedad B,800000,1,5,0.011111111111111112,,,0.0,,,,,0.0,,,,,,,,,0.0,20.7,13.592368256649284,1
['giorgi' 'tsitaishvili'],12,5,Dinamo Batumi,900000,1,1,27.3,0.10989010989010989,0.8058608058608059,0.0,,0.07326007326007326,1.5384615384615383,4.0,1.0,581.0,374.0,229.0,42.0,7.0,36.0,14.0,85.0,0.0,22.6,13.710151153416941,1
['saud' 'abdulhamid'],12,5,RC Lens,3000000,0,1,14.444444444444445,0.13846153846153847,0.41538461538461535,1.0,1.0,0.27692307692307694,1.3153846153846154,5.0,1.0,523.0,345.0,56.0,4.0,7.0,14.0,22.0,68.0,1.0,26.4,14.914123179965662,2
['luca' 'mazzitelli'],8,8,Cagliari Calcio,1400000,2,3,8.511111111111111,0.2349869451697128,1.2924281984334203,2.0,,0.2349869451697128,0.3524804177545692,1.0,0.0,281.0,129.0,26.0,3.0,10.0,13.0,11.0,30.0,0.0,30.1,14.151983508870947,1
['valentino' 'lazaro'],12,5,Torino FC,3500000,0,3,25.08888888888889,,0.19929140832595219,0.0,,0.07971656333038087,1.1558901682905225,7.0,0.0,670.0,383.0,97.0,11.0,15.0,9.0,24.0,94.0,0.0,28.2,15.068273812173887,2
['joel' 'jorquera'],15,5,Moreirense FC,200000,1,4,0.3111111111111111,,3.2142857142857144,0.0,,,,,0.0,9.0,6.0,3.0,,,2.0,,1.0,0.0,25.3,12.206077645517674,1
['saúl' 'coco'],12,0,UD Las Palmas,8000000,0,3,32.333333333333336,0.03092783505154639,0.37113402061855666,0.0,,0.03092783505154639,0.2783505154639175,,0.0,1204.0,372.0,142.0,7.0,60.0,33.0,31.0,81.0,2.0,25.3,15.894952224644102,1
['omar' 'marmoush'],12,2,Manchester City,65000000,1,0,7.611111111111112,0.3941605839416058,2.759124087591241,1.0,2.0,0.3941605839416058,1.1824817518248174,3.0,0.0,140.0,106.0,44.0,10.0,3.0,19.0,7.0,20.0,0.0,26.8,17.989897843244528,0
['mario' 'martín'],15,5,Real Madrid Castilla,300000,2,5,21.77777777777778,0.09183673469387754,0.6887755102040816,1.0,2.0,0.04591836734693877,0.3214285714285714,1.0,0.0,394.0,234.0,58.0,13.0,61.0,31.0,33.0,71.0,0.0,20.3,12.611541086966115,1
['pedro' 'pacheco'],12,5,CD Santa Clara,75000,0,4,2.077777777777778,,0.48128342245989303,0.0,,,0.48128342245989303,,0.0,72.0,12.0,7.0,3.0,3.0,,,6.0,0.0,34.9,11.225256725762893,1
['dodi' 'lukébakio'],1,5,SL Benfica,20000000,1,5,2.0,0.5,1.0,0.0,,,4.5,1.0,0.0,62.0,49.0,9.0,1.0,,3.0,,3.0,0.0,28.2,16.811242881518265,1
['malick' 'seck'],14,5,RC Lens B,100000,0,3,,,,,,,,,0.0,,,,,,,,,0.0,25.0,11.51293546492023,1
['alejandro' 'marqués'],12,8,GD Estoril Praia,1500000,1,4,12.722222222222223,0.31441048034934493,1.3362445414847162,1.0,10.0,,0.3930131004366812,,0.0,139.0,88.0,37.0,14.0,37.0,12.0,5.0,34.0,1.0,25.4,14.220976332738882,1
['dan' 'ndoye'],12,5,Nottingham Forest,40000000,1,0,13.066666666666666,0.07653061224489796,0.8418367346938775,1.0,1.0,0.07653061224489796,0.9948979591836735,2.0,0.0,221.0,169.0,103.0,13.0,11.0,22.0,13.0,50.0,0.0,25.1,17.50439003707821,2
['kevin' 'paredes'],12,5,VfL Wolfsburg,5000000,2,2,1.788888888888889,,1.1180124223602483,0.0,,,0.5590062111801242,,0.0,44.0,33.0,14.0,2.0,4.0,6.0,2.0,4.0,0.0,22.6,15.424948670398354,2
['kelian' 'nsona'],6,5,Hertha BSC,800000,1,4,5.322222222222223,0.1878914405010438,0.9394572025052191,0.0,,0.1878914405010438,0.1878914405010438,1.0,0.0,73.0,44.0,40.0,9.0,6.0,4.0,4.0,16.0,0.0,21.1,13.592368256649284,1
['thomas' 'berenbruch'],8,5,Inter U23,1200000,2,3,,,,,,,,,0.0,,,,,,,,,0.0,20.5,13.997832948091215,1
['noham' 'kamara'],6,5,Paris Saint-Germain,1000000,0,1,0.06666666666666667,,,0.0,,,,,0.0,4.0,1.0,,,,,,,0.0,18.9,13.815511557963774,0
['tim' 'skarke'],7,7,1.FC Union Berlin,1800000,2,2,6.7444444444444445,0.14827018121911037,1.9275123558484348,0.0,,0.14827018121911037,1.6309719934102143,2.0,0.0,108.0,76.0,29.0,5.0,4.0,9.0,4.0,31.0,0.0,29.3,14.403297778421795,1
['harrison' 'reed'],5,9,Fulham FC,3000000,2,0,1.0,1.0,1.0,0.0,,,3.0,,0.0,40.0,21.0,3.0,,1.0,1.0,,5.0,0.0,30.9,14.914123179965662,2
['justin' 'kluivert'],10,5,AFC Bournemouth,32000000,1,0,10.222222222222223,0.19565217391304346,1.076086956521739,1.0,1.0,,2.0543478260869565,3.0,0.0,271.0,201.0,49.0,11.0,6.0,9.0,6.0,44.0,0.0,26.6,17.281246492014,1
['kévin' 'boma'],12,5,GD Estoril Praia,4000000,0,4,19.133333333333333,0.05226480836236934,0.47038327526132406,0.0,1.0,0.05226480836236934,0.15679442508710803,1.0,0.0,731.0,215.0,93.0,6.0,47.0,21.0,14.0,62.0,0.0,23.1,15.201805169084134,1
['luís' 'felipe'],2,5,Vitória Setúbal FC,200000,0,5,5.222222222222222,,0.3829787234042553,0.0,,,0.19148936170212766,,0.0,231.0,44.0,17.0,,9.0,1.0,8.0,12.0,0.0,27.2,12.206077645517674,1
['william' 'mikelbrencis'],6,5,Hamburger SV,1000000,0,2,15.233333333333334,,0.6564551422319475,0.0,1.0,0.26258205689277897,0.8533916849015317,5.0,0.0,254.0,152.0,90.0,13.0,10.0,5.0,20.0,59.0,0.0,19.3,13.815511557963774,1
['antef' 'tsoungui'],1,5,Brighton & Hove Albion U21,250000,0,4,15.244444444444445,,0.39358600583090375,0.0,,,0.39358600583090375,3.0,0.0,617.0,215.0,57.0,10.0,12.0,24.0,22.0,63.0,0.0,19.8,12.429220196836383,1
['timothée' 'pembélé'],6,5,Paris Saint-Germain,5000000,0,1,3.6444444444444444,,1.0975609756097562,0.0,1.0,,0.5487804878048781,,0.0,109.0,46.0,28.0,5.0,3.0,3.0,5.0,13.0,0.0,20.8,15.424948670398354,0
['jérémy' 'doku'],1,5,Manchester City,65000000,1,0,18.833333333333336,0.2654867256637168,1.1681415929203538,1.0,4.0,0.2654867256637168,2.7610619469026547,13.0,1.0,620.0,529.0,374.0,82.0,4.0,59.0,15.0,87.0,2.0,23.5,17.989897843244528,0
['marc' 'oliver' 'kempf'],7,5,Hertha BSC,2800000,0,3,24.811111111111114,0.161218092252575,0.6851768920734437,1.0,2.0,0.04030452306314375,0.28213166144200624,2.0,0.0,1494.0,540.0,200.0,2.0,89.0,18.0,10.0,87.0,0.0,28.7,14.845130332288226,1
['matias' 'fernandez-pardo'],1,9,KAA Gent,3000000,1,1,25.433333333333334,0.3145478374836173,1.5727391874180865,2.0,15.0,0.1965923984272608,1.1795543905635648,5.0,0.0,493.0,388.0,200.0,34.0,4.0,37.0,13.0,51.0,1.0,19.3,14.914123179965662,1
['lee' 'miller'],12,5,Livingston FC,200000,2,3,9.233333333333334,,0.7581227436823104,0.0,,0.21660649819494582,0.9747292418772562,3.0,0.0,254.0,138.0,25.0,8.0,14.0,15.0,9.0,47.0,0.0,36.3,12.206077645517674,1
['pierre' 'kalulu'],6,2,Juventus FC,28000000,0,3,35.46666666666667,0.05639097744360902,0.2537593984962406,1.0,1.0,0.11278195488721804,1.0432330827067668,10.0,0.0,1904.0,1004.0,249.0,7.0,33.0,14.0,34.0,154.0,0.0,25.5,17.147715103853763,0
['rayan' 'aït-nouri'],12,2,Manchester City,40000000,0,0,10.700000000000001,,0.7476635514018691,0.0,1.0,0.18691588785046728,0.9345794392523363,2.0,0.0,530.0,349.0,97.0,22.0,14.0,10.0,21.0,48.0,0.0,24.5,17.50439003707821,0
['christantus' 'uche'],11,5,Crystal Palace,15000000,2,0,1.7666666666666668,,2.2641509433962264,0.0,1.0,,,,0.0,35.0,25.0,11.0,,8.0,7.0,1.0,9.0,1.0,22.6,16.52356082573315,2
['duván' 'zapata'],12,5,Torino FC,8000000,1,3,10.911111111111111,0.27494908350305497,2.1079429735234214,0.0,6.0,0.09164969450101833,0.824847250509165,4.0,0.0,158.0,107.0,39.0,6.0,33.0,23.0,2.0,28.0,0.0,33.2,15.894952224644102,2
['vitor' 'reis'],2,5,Girona FC,30000000,0,5,32.86666666666667,0.030425963488843813,0.39553752535496955,0.0,4.0,0.030425963488843813,0.21298174442190668,2.0,0.0,1659.0,468.0,284.0,8.0,79.0,24.0,29.0,117.0,0.0,19.9,17.216707972959764,2
['benja' 'domínguez'],0,5,Bologna FC 1909,12000000,1,3,6.011111111111111,,1.1645101663585953,0.0,,0.49907578558225507,0.6654343807763401,,0.0,97.0,76.0,26.0,9.0,2.0,18.0,2.0,23.0,0.0,22.3,16.300417291085605,2
['younes' 'lachaab'],6,5,LOSC Lille B,50000,1,1,,,,,,,,,0.0,,,,,,,,,0.0,20.4,10.819798284210286,1
['hugo' 'solozábal'],15,5,Getafe CF B,50000,2,5,0.11111111111111112,,,0.0,,,,,0.0,5.0,2.0,1.0,,,,,,0.0,22.9,10.819798284210286,1
['ethan' 'nwaneri'],5,9,Arsenal FC,40000000,2,0,1.8333333333333335,,2.1818181818181817,0.0,,,0.5454545454545454,,0.0,79.0,42.0,20.0,3.0,1.0,,,10.0,0.0,18.7,17.50439003707821,0
['phillip' 'tietz'],7,5,FC Augsburg,3500000,1,2,20.07777777777778,0.29883785279468733,2.2412838959601546,2.0,19.0,0.14941892639734367,0.8965135583840619,3.0,1.0,289.0,207.0,29.0,12.0,94.0,25.0,4.0,56.0,1.0,28.4,15.068273812173887,1
['jonathan' 'iglesias'],12,5,Paris FC,350000,0,5,33.43333333333334,0.029910269192422727,0.32901296111665,0.0,,0.059820538384845454,0.47856430707876363,3.0,0.0,533.0,343.0,122.0,28.0,30.0,63.0,67.0,101.0,0.0,34.5,12.765691290604371,1
['nicolò' 'bertola'],8,5,Aquila Montevarchi 1902,150000,0,3,18.711111111111112,,0.5344418052256532,0.0,1.0,0.05344418052256532,0.4809976247030879,3.0,0.0,602.0,209.0,80.0,5.0,33.0,11.0,19.0,63.0,0.0,20.2,11.918397239722838,1
['lorenzo' 'de' 'silvestri'],8,5,Bologna FC 1909,400000,0,3,4.722222222222222,,,0.0,,,1.0588235294117647,,0.0,139.0,53.0,19.0,1.0,7.0,3.0,1.0,13.0,0.0,36.0,12.899222326086994,2
['arthur' 'theate'],1,5,Eintracht Frankfurt,24000000,0,2,23.811111111111114,0.04199720018665422,0.5879608026131591,0.0,3.0,,0.5039664022398507,1.0,0.0,1463.0,571.0,189.0,4.0,32.0,13.0,22.0,78.0,1.0,25.6,16.993564429978885,2
['pablo' 'barrios'],15,2,Atlético de Madrid,60000000,2,5,18.511111111111113,0.054021608643457376,0.7022809123649459,1.0,1.0,0.054021608643457376,1.0264105642256902,3.0,0.0,936.0,604.0,146.0,33.0,18.0,23.0,16.0,114.0,0.0,22.5,17.909855136853043,0
['hugo' 'bueno'],15,5,Wolverhampton Wanderers,6000000,0,0,26.033333333333335,0.03841229193341869,0.4609475032010243,0.0,,0.07682458386683738,1.344430217669654,6.0,0.0,680.0,379.0,230.0,31.0,19.0,24.0,39.0,115.0,0.0,21.7,15.607270193858982,2
['pablo' 'chavarría'],0,5,Málaga CF,300000,0,5,28.88888888888889,0.03461538461538462,0.38076923076923075,0.0,1.0,0.06923076923076923,0.8653846153846154,5.0,0.0,1035.0,502.0,247.0,16.0,22.0,35.0,31.0,136.0,0.0,35.4,12.611541086966115,1
['dan-axel' 'zagadou'],6,5,VfB Stuttgart,2000000,0,2,2.3333333333333335,,2.142857142857143,0.0,,,0.42857142857142855,,0.0,184.0,88.0,32.0,1.0,17.0,1.0,3.0,11.0,1.0,26.5,14.508658238524095,2
['maxime' 'do' 'couto'],6,5,FC Sochaux-Montbéliard,500000,1,4,,,,,,,,,0.0,,,,,,,,,0.0,26.5,13.122365377402328,1
['solly' 'march'],5,5,Brighton & Hove Albion,3000000,2,0,0.06666666666666667,,,0.0,,,,,0.0,,,,,,1.0,,,0.0,31.4,14.914123179965662,2
['bradley' 'barcola'],6,4,Paris Saint-Germain,70000000,1,1,18.8,0.5319148936170213,2.553191489361702,3.0,15.0,0.05319148936170213,1.9680851063829787,11.0,0.0,589.0,476.0,145.0,35.0,10.0,10.0,17.0,56.0,1.0,23.3,18.064005814299346,0
['gift' 'orban'],11,5,Hellas Verona,8500000,1,3,22.622222222222224,0.3094302554027505,2.6964636542239684,1.0,12.0,0.08840864440078584,0.7956777996070726,3.0,0.0,270.0,190.0,63.0,19.0,29.0,21.0,2.0,57.0,0.0,23.4,15.955576839107596,1
['mads' 'roerslev'],4,8,Southampton FC,6000000,0,0,,,,,,,,,0.0,,,,,,,,,0.0,26.4,15.607270193858982,2
['loïc' 'badé'],6,5,Bayer 04 Leverkusen,28000000,0,2,18.355555555555558,,0.4903147699757869,0.0,1.0,,0.10895883777239708,,0.0,1309.0,493.0,137.0,3.0,55.0,4.0,19.0,110.0,0.0,25.7,17.147715103853763,2
['samuele' 'angori'],8,5,Empoli Primavera,200000,0,3,27.933333333333334,,0.25059665871121717,0.0,1.0,0.07159904534606205,1.1813842482100239,5.0,0.0,526.0,320.0,86.0,9.0,19.0,54.0,24.0,98.0,0.0,19.7,12.206077645517674,1
['alassane' 'touré'],6,5,AFC Tubize,250000,2,1,16.833333333333336,,0.5346534653465346,0.0,1.0,0.059405940594059396,0.47524752475247517,,0.0,594.0,235.0,82.0,15.0,17.0,24.0,19.0,63.0,0.0,30.3,12.429220196836383,1
['vasco' 'lopes'],12,5,Radomiak Radom,500000,1,4,17.11111111111111,0.35064935064935066,2.0454545454545454,1.0,5.0,0.05844155844155844,1.2272727272727273,1.0,0.0,293.0,226.0,104.0,35.0,26.0,29.0,17.0,64.0,0.0,26.3,13.122365377402328,1
['ousmane' 'diomande'],3,6,Sporting CP,45000000,0,4,14.411111111111111,,0.48573631457208943,0.0,,0.06939090208172706,0.13878180416345412,,0.0,991.0,365.0,158.0,,35.0,8.0,10.0,75.0,0.0,22.0,17.622173069956816,2
['maximilian' 'kilman'],5,8,West Ham United,22000000,0,0,17.322222222222223,,0.28864656831302116,0.0,2.0,,0.23091725465041693,,0.0,604.0,187.0,81.0,4.0,47.0,2.0,8.0,43.0,0.0,28.5,16.906553056777135,2
['paulinho' 'paula'],2,5,Al-Fayha FC,1000000,2,4,4.522222222222222,0.22113022113022113,1.1056511056511056,0.0,,,0.44226044226044225,,0.0,148.0,72.0,19.0,3.0,5.0,11.0,6.0,18.0,0.0,26.4,13.815511557963774,1
['reda' 'khadra'],7,3,Stade Reims,3000000,2,1,2.477777777777778,,1.6143497757847534,0.0,,,2.42152466367713,1.0,1.0,39.0,40.0,26.0,5.0,2.0,1.0,4.0,10.0,0.0,22.9,14.914123179965662,2
['jonas' 'wind'],4,6,VfL Wolfsburg,7000000,1,2,5.333333333333334,0.18749999999999997,1.4999999999999998,0.0,3.0,,0.9374999999999999,,0.0,92.0,62.0,7.0,2.0,20.0,14.0,,13.0,0.0,26.9,15.76142084987672,2
['bremer'],2,5,Juventus FC,35000000,0,3,24.166666666666668,0.16551724137931034,0.8275862068965517,2.0,1.0,0.12413793103448276,0.20689655172413793,,0.0,1193.0,462.0,143.0,1.0,66.0,10.0,15.0,112.0,0.0,28.8,17.370858648025116,0
['shuhei' 'kawasaki'],12,5,Vissel Kobe,250000,2,2,3.4,,,0.0,,,,,0.0,51.0,35.0,12.0,,4.0,2.0,5.0,7.0,0.0,22.2,12.429220196836383,1
['andré' 'moreira'],13,5,Grasshopper Club Zurich,1200000,1,1,18.07777777777778,0.2212661339889367,1.604179471419791,3.0,1.0,0.3872157344806392,1.3275968039336201,10.0,0.0,424.0,335.0,174.0,23.0,8.0,55.0,20.0,80.0,1.0,27.5,13.997832948091215,1
['oluwaseun' 'ogbemudia'],7,5,1.FC Union Berlin,250000,0,2,,,,,,,,,0.0,,,,,,,,,0.0,19.4,12.429220196836383,1
['tawanda' 'chirewa'],12,5,Wolverhampton Wanderers,500000,1,0,0.2777777777777778,,,0.0,,,,,0.0,3.0,2.0,,,,1.0,,2.0,0.0,22.2,13.122365377402328,2
['david' 'simão'],13,5,FC Arouca,100000,2,4,7.333333333333334,,0.40909090909090906,0.0,,,0.9545454545454545,1.0,0.0,362.0,172.0,41.0,4.0,8.0,12.0,11.0,31.0,0.0,35.6,11.51293546492023,1
['andrea' 'ghion'],8,5,US Catanzaro,550000,2,3,0.1,,,0.0,,,,,0.0,1.0,,1.0,,,,1.0,,0.0,23.3,13.217675375388819,1
['diego' 'pampín'],15,5,FC Andorra,700000,0,5,5.933333333333334,,0.16853932584269662,0.0,,,0.5056179775280899,,0.0,231.0,86.0,38.0,6.0,6.0,7.0,5.0,26.0,0.0,23.6,13.45883704259595,1
['nhoa' 'sangui'],6,5,Paris FC,5000000,0,1,19.255555555555556,,0.15579919215233698,0.0,1.0,,0.8828620888632429,2.0,0.0,660.0,334.0,113.0,10.0,7.0,17.0,14.0,85.0,0.0,19.8,15.424948670398354,1
['kevin' 'carlos'],15,5,Yverdon Sport FC,400000,1,1,9.577777777777778,,1.357308584686775,0.0,8.0,,0.3132250580046404,1.0,0.0,111.0,56.0,18.0,2.0,28.0,15.0,1.0,15.0,1.0,22.5,12.899222326086994,1
['yankuba' 'minteh'],12,5,Brighton & Hove Albion,40000000,1,0,25.155555555555555,0.11925795053003534,1.0335689045936396,1.0,4.0,0.15901060070671377,1.510600706713781,11.0,2.0,406.0,337.0,238.0,62.0,19.0,22.0,35.0,92.0,1.0,21.4,17.50439003707821,2
['viktor' 'tsygankov'],12,5,Girona FC,15000000,1,5,27.344444444444445,0.21942299878098334,1.2799674928890694,2.0,6.0,0.1828524989841528,1.6091019910605444,4.0,1.0,772.0,567.0,168.0,23.0,29.0,34.0,21.0,76.0,0.0,28.1,16.52356082573315,2
['xavi' 'simons'],10,5,RB Leipzig,80000000,2,0,19.522222222222222,0.10244735344336937,1.2805919180421172,0.0,3.0,0.25611838360842343,1.485486624928856,7.0,1.0,665.0,438.0,145.0,28.0,12.0,44.0,21.0,87.0,0.0,21.1,18.197537205138154,2
['rodrigo' 'riquelme'],15,8,Real Betis Balompié,8000000,2,5,8.877777777777778,0.11264080100125155,1.8022528160200249,1.0,4.0,0.11264080100125155,1.4643304130162702,1.0,0.0,255.0,179.0,76.0,11.0,4.0,11.0,10.0,51.0,0.0,25.7,15.894952224644102,1
['kevin' 'diks'],12,5,Borussia Mönchengladbach,5000000,0,2,27.41111111111111,0.18240778273206323,0.7661126874746655,3.0,1.0,,0.2918524523713012,,0.0,1436.0,457.0,146.0,10.0,49.0,22.0,25.0,131.0,1.0,29.2,15.424948670398354,2
['alex' 'král'],12,5,1.FC Union Berlin,5000000,2,2,4.9222222222222225,,0.8126410835214446,0.0,,,0.8126410835214446,,0.0,109.0,77.0,32.0,9.0,9.0,11.0,5.0,32.0,0.0,26.0,15.424948670398354,1
['tiago' 'morais'],13,5,Casa Pia AC,2500000,1,4,7.466666666666667,,0.9375,0.0,1.0,,0.6696428571428571,2.0,0.0,118.0,77.0,27.0,6.0,2.0,12.0,7.0,33.0,0.0,22.3,14.731801689838349,1
['roméo' 'lavia'],1,5,Chelsea FC,30000000,2,0,4.188888888888889,,0.47745358090185674,0.0,,,0.23872679045092837,1.0,0.0,263.0,142.0,18.0,3.0,3.0,8.0,7.0,20.0,0.0,21.9,17.216707972959764,0
['yoane' 'wissa'],12,5,Brentford FC,28000000,1,0,5.466666666666667,0.18292682926829268,2.3780487804878048,1.0,6.0,0.18292682926829268,0.36585365853658536,1.0,0.0,56.0,37.0,7.0,1.0,13.0,1.0,4.0,13.0,0.0,27.7,17.147715103853763,2
['fredrik' 'aursnes'],12,5,SL Benfica,17000000,2,4,25.48888888888889,0.1176983435047951,0.8238884045335657,0.0,3.0,0.1176983435047951,2.079337401918047,6.0,0.0,1120.0,770.0,141.0,13.0,28.0,13.0,31.0,121.0,0.0,30.0,16.648723960844016,1
['manuel' 'locatelli'],8,5,Juventus FC,25000000,2,3,32.37777777777778,0.03088538091969801,0.9265614275909402,0.0,1.0,0.06177076183939602,1.3589567604667123,5.0,0.0,2403.0,1520.0,247.0,10.0,35.0,42.0,68.0,171.0,0.0,28.0,17.034386422832473,0
['ricardo' 'rodrigues'],13,5,Desportivo Aves (- 2020),200000,2,4,0.3666666666666667,,2.727272727272727,0.0,,,,,0.0,8.0,8.0,3.0,,1.0,3.0,1.0,1.0,0.0,24.5,12.206077645517674,1
['jean-victor' 'makengo'],6,5,FC Lorient,6000000,0,2,13.033333333333333,,,0.0,,0.07672634271099744,0.3069053708439898,1.0,0.0,374.0,159.0,44.0,7.0,14.0,9.0,10.0,48.0,0.0,26.0,15.607270193858982,1
['lassine' 'sinayoko'],12,5,AJ Auxerre,1200000,1,1,29.88888888888889,0.3345724907063197,2.174721189591078,2.0,13.0,0.13382899628252787,1.2044609665427508,6.0,0.0,558.0,414.0,132.0,30.0,37.0,52.0,24.0,87.0,1.0,23.6,13.997832948091215,1
['sirlord' 'conteh'],7,5,1.FC Heidenheim 1846,1500000,1,2,6.877777777777778,0.29079159935379645,1.308562197092084,1.0,2.0,0.14539579967689822,1.0177705977382876,,0.0,87.0,62.0,23.0,3.0,9.0,10.0,7.0,17.0,0.0,29.4,14.220976332738882,1
['zian' 'flemming'],10,8,Millwall FC,4200000,1,0,17.788888888888888,0.5621486570893192,2.079950031230481,0.0,10.0,,0.5059337913803873,,0.0,161.0,112.0,24.0,4.0,59.0,25.0,8.0,31.0,0.0,24.8,15.250595321348806,1
['yunus' 'musah'],12,5,AC Milan,22000000,2,3,5.933333333333334,0.16853932584269662,0.8426966292134831,0.0,,,0.5056179775280899,1.0,0.0,265.0,173.0,56.0,12.0,5.0,17.0,5.0,34.0,0.0,21.5,16.906553056777135,0
['mama' 'baldé'],12,5,Stade Brestois 29,3500000,1,1,7.9,0.2531645569620253,2.4050632911392404,0.0,2.0,0.2531645569620253,0.6329113924050632,,0.0,116.0,88.0,45.0,10.0,20.0,11.0,7.0,35.0,0.0,30.1,15.068273812173887,1
['jon' 'moncayola'],15,5,CA Osasuna,7000000,2,5,32.1,,0.3426791277258567,0.0,3.0,0.12461059190031153,1.02803738317757,9.0,0.0,1081.0,635.0,138.0,12.0,17.0,13.0,26.0,151.0,0.0,27.6,15.76142084987672,1
['joão' 'palhinha'],13,5,Tottenham Hotspur,25000000,2,0,22.655555555555555,0.17655713585090732,0.7062285434036293,1.0,,0.08827856792545366,0.17655713585090732,1.0,0.0,767.0,338.0,68.0,9.0,35.0,31.0,61.0,80.0,0.0,30.4,17.034386422832473,0
['augusto' 'fernández'],0,5,Cádiz CF,300000,0,5,,,,,,,,,0.0,,,,,,,,,0.0,35.2,12.611541086966115,1
['nauzet' 'pérez'],15,5,Linares Deportivo,100000,0,5,0.888888888888889,,,0.0,,,1.125,,0.0,34.0,13.0,2.0,,,1.0,1.0,2.0,0.0,36.6,11.51293546492023,1
['marius' 'wolf'],7,5,FC Augsburg,2500000,2,2,11.255555555555556,0.08884501480750247,1.0661401776900294,0.0,2.0,0.08884501480750247,1.7769002961500493,6.0,0.0,216.0,140.0,43.0,7.0,7.0,2.0,10.0,47.0,0.0,30.6,14.731801689838349,1
['zakaria' 'aboukhlal'],9,5,Torino FC,9000000,1,3,5.644444444444445,,0.8858267716535433,0.0,,,0.5314960629921259,1.0,0.0,123.0,75.0,47.0,6.0,4.0,11.0,13.0,24.0,0.0,25.8,16.012735246411598,2
['vitinha'],13,4,Paris Saint-Germain,110000000,2,1,22.811111111111114,0.04383828543594739,0.9644422795908426,1.0,,0.30686799805163173,1.1836337067705796,8.0,0.0,2504.0,1485.0,384.0,12.0,3.0,21.0,18.0,132.0,0.0,25.8,18.5159909328476,0
['mikkel' 'damsgaard'],4,5,Brentford FC,10000000,2,0,21.77777777777778,0.18367346938775508,1.0561224489795917,1.0,3.0,0.18367346938775508,1.5612244897959182,12.0,0.0,684.0,497.0,143.0,15.0,17.0,22.0,34.0,130.0,0.0,23.9,16.118095750958314,2
['kamaldeen' 'sulemana'],12,5,Atalanta BC,18000000,1,3,9.944444444444445,0.20111731843575417,1.5083798882681565,0.0,3.0,0.10055865921787709,0.9050279329608938,2.0,0.0,248.0,182.0,99.0,20.0,12.0,14.0,6.0,45.0,0.0,23.9,16.705882371415992,1
['álvaro' 'jiménez'],15,2,Tractor FC,700000,0,0,25.811111111111114,0.03874300473525613,0.4649160568230736,0.0,,,0.5424020662935858,2.0,0.0,696.0,398.0,235.0,39.0,13.0,20.0,48.0,135.0,0.0,28.5,13.45883704259595,1
['david' 'raum'],7,6,RB Leipzig,20000000,0,2,28.400000000000002,0.1056338028169014,0.7394366197183098,0.0,2.0,0.2464788732394366,3.133802816901408,22.0,2.0,1370.0,797.0,228.0,16.0,16.0,17.0,34.0,153.0,0.0,26.1,16.811242881518265,2
['adolfo' 'martínez'],15,5,Club Polideportivo El Ejido,100000,2,5,,,,,,,,,0.0,,,,,,,,,0.0,25.1,11.51293546492023,1
['conor' 'gallagher'],5,5,Atlético de Madrid,35000000,2,0,11.311111111111112,0.08840864440078584,0.618860510805501,0.0,2.0,0.08840864440078584,0.8840864440078585,1.0,0.0,364.0,206.0,45.0,11.0,8.0,19.0,14.0,63.0,0.0,25.8,17.370858648025116,0
['mohammed' 'salisu'],12,2,AS Monaco,10000000,0,1,12.0,0.08333333333333333,0.5,1.0,1.0,,0.16666666666666666,,0.0,714.0,254.0,108.0,2.0,38.0,3.0,10.0,52.0,0.0,26.7,16.118095750958314,1
['pedro' 'vitor'],2,5,Clube Náutico Capibaribe,350000,0,4,15.833333333333334,,0.18947368421052632,0.0,1.0,,0.18947368421052632,,0.0,428.0,106.0,67.0,1.0,25.0,2.0,20.0,32.0,0.0,24.4,12.765691290604371,1
['unai' 'lópez'],15,5,Rayo Vallecano,2500000,2,5,17.066666666666666,,0.5859375,0.0,1.0,0.234375,1.69921875,3.0,0.0,869.0,434.0,86.0,12.0,11.0,14.0,13.0,92.0,0.0,30.1,14.731801689838349,1
['johnny' 'cardoso'],12,5,Real Betis Balompié,25000000,2,5,9.911111111111111,,0.10089686098654709,0.0,,,0.30269058295964124,1.0,0.0,441.0,224.0,78.0,5.0,12.0,14.0,21.0,41.0,0.0,22.7,17.034386422832473,1
['david' 'alaba'],12,5,Real Madrid,20000000,0,5,3.9000000000000004,,0.5128205128205128,0.0,,,,,0.0,272.0,112.0,39.0,,6.0,,4.0,11.0,0.0,32.0,16.811242881518265,0
['ander' 'guevara'],15,3,Deportivo Alavés,5000000,2,5,7.0,0.14285714285714285,0.5714285714285714,0.0,,0.14285714285714285,0.7142857142857143,2.0,0.0,369.0,198.0,42.0,5.0,15.0,5.0,8.0,40.0,0.0,26.9,15.424948670398354,1
['chiheb' 'labidi'],12,5,CD Nacional,500000,2,4,18.011111111111113,0.055521283158544106,0.7772979642196175,0.0,1.0,0.055521283158544106,0.6107341147439851,,0.0,438.0,245.0,55.0,11.0,25.0,16.0,25.0,93.0,0.0,24.5,13.122365377402328,1
['adrien' 'thomasson'],6,5,RC Lens,4500000,2,1,29.566666666666666,0.10146561443066517,1.0822998872604284,0.0,10.0,0.3043968432919955,2.435174746335964,11.0,0.0,1109.0,640.0,87.0,19.0,20.0,43.0,51.0,189.0,0.0,32.0,15.319588176962746,2
"['matt' ""o'riley""]",4,5,Olympique Marseille,20000000,2,0,2.2555555555555555,0.4433497536945813,1.7733990147783252,0.0,1.0,,1.7733990147783252,,0.0,61.0,34.0,10.0,,2.0,1.0,2.0,2.0,0.0,25.1,16.811242881518265,2
['andreas' 'ntoi'],12,5,Rio Ave FC,4000000,0,4,26.066666666666666,0.03836317135549872,0.46035805626598464,0.0,1.0,0.07672634271099744,0.4219948849104859,1.0,0.0,787.0,340.0,84.0,19.0,49.0,26.0,25.0,101.0,0.0,22.9,15.201805169084134,1
['gabriel' 'nunes'],2,5,Cjarlins Muzane,75000,1,0,,,,,,,,,0.0,,,,,,,,,0.0,29.0,11.225256725762893,1
['lewis' 'miley'],5,9,Newcastle United,20000000,2,0,16.58888888888889,0.06028131279303416,0.4822505023442733,1.0,2.0,0.24112525117213665,0.6630944407233758,3.0,0.0,754.0,405.0,81.0,12.0,45.0,4.0,18.0,69.0,0.0,19.6,16.811242881518265,2
['willian' 'pacho'],12,5,Paris Saint-Germain,70000000,0,1,21.27777777777778,,0.2819843342036553,0.0,1.0,,0.09399477806788512,,0.0,1609.0,444.0,120.0,1.0,36.0,7.0,26.0,110.0,0.0,24.2,18.064005814299346,0
['alex' 'da' 'silva'],2,5,AEL Limassol,150000,1,5,19.68888888888889,0.5079006772009029,2.082392776523702,2.0,8.0,,0.9650112866817155,1.0,0.0,374.0,265.0,59.0,14.0,23.0,34.0,7.0,52.0,1.0,35.9,11.918397239722838,1
['cole' 'palmer'],5,1,Chelsea FC,120000000,2,0,19.844444444444445,0.45352743561030234,1.9148936170212765,2.0,5.0,0.05039193729003359,1.108622620380739,3.0,1.0,651.0,441.0,170.0,22.0,,33.0,11.0,78.0,0.0,23.6,18.603002309079653,0
['kike' 'barja'],15,3,CA Osasuna,1500000,1,5,4.333333333333334,0.46153846153846145,1.6153846153846152,0.0,,0.46153846153846145,1.8461538461538458,,0.0,81.0,71.0,38.0,6.0,7.0,9.0,2.0,11.0,0.0,28.7,14.220976332738882,1
['fisnik' 'asllani'],12,5,TSG 1899 Hoffenheim,800000,1,2,26.155555555555555,0.3823279524214104,2.2175021240441803,3.0,8.0,0.2676295666949873,1.070518266779949,8.0,1.0,447.0,299.0,63.0,17.0,24.0,37.0,7.0,76.0,1.0,20.9,13.592368256649284,2
['leopold' 'querfeld'],12,6,1.FC Union Berlin,18000000,0,2,30.044444444444444,0.09985207100591716,0.7655325443786982,0.0,2.0,,0.6989644970414202,3.0,0.0,973.0,338.0,154.0,4.0,128.0,28.0,30.0,86.0,0.0,22.0,16.705882371415992,1
['renzo' 'saravia'],0,5,Clube Atlético Mineiro,2200000,0,5,3.9222222222222225,,0.254957507082153,0.0,,,0.254957507082153,,0.0,123.0,51.0,23.0,2.0,3.0,10.0,5.0,19.0,0.0,30.1,14.603968372873895,1
['max' 'alleyne'],5,6,Watford FC,800000,0,0,1.5,,1.3333333333333333,0.0,1.0,,0.6666666666666666,,0.0,120.0,57.0,21.0,3.0,3.0,,3.0,4.0,0.0,20.4,13.592368256649284,1
['ibrahim' 'sangaré'],3,5,Nottingham Forest,22000000,2,0,22.38888888888889,0.08933002481389578,0.6253101736972705,0.0,1.0,0.08933002481389578,0.4466501240694789,2.0,0.0,799.0,418.0,85.0,11.0,23.0,18.0,30.0,106.0,0.0,28.0,16.906553056777135,2
['alberto' 'moreno'],15,5,Como 1907,1000000,0,3,12.866666666666667,0.15544041450777202,0.6217616580310881,1.0,2.0,0.07772020725388601,1.088082901554404,2.0,0.0,605.0,319.0,67.0,1.0,11.0,9.0,11.0,40.0,1.0,33.5,13.815511557963774,1
['panos' 'katseris'],12,5,FC Lorient,2500000,0,1,7.277777777777778,0.13740458015267176,0.6870229007633588,1.0,,0.2748091603053435,1.099236641221374,5.0,0.0,170.0,98.0,37.0,7.0,6.0,13.0,9.0,37.0,0.0,22.9,14.731801689838349,1
['dimitri' 'foulquier'],12,5,Valencia CF,1200000,0,5,12.755555555555556,,0.39198606271777003,0.0,,,0.470383275261324,,0.0,439.0,156.0,68.0,10.0,11.0,7.0,9.0,55.0,0.0,32.7,13.997832948091215,2
['niccolò' 'fortini'],8,1,ACF Fiorentina,10000000,0,3,5.888888888888889,,0.8490566037735848,0.0,,,0.6792452830188679,1.0,0.0,184.0,102.0,40.0,8.0,5.0,18.0,9.0,35.0,0.0,19.9,16.118095750958314,2
['malik' 'tillman'],12,6,Bayer 04 Leverkusen,35000000,2,2,18.633333333333333,0.3220035778175313,1.5026833631484795,1.0,5.0,,1.3953488372093024,8.0,0.0,654.0,413.0,91.0,11.0,26.0,29.0,29.0,82.0,1.0,23.6,17.370858648025116,2
['justin' 'de' 'haas'],10,5,FC Famalicão,4000000,0,4,31.0,0.16129032258064516,0.45161290322580644,2.0,2.0,,0.22580645161290322,,0.0,1789.0,559.0,320.0,6.0,47.0,26.0,26.0,103.0,0.0,25.9,15.201805169084134,1
['jurriën' 'timber'],10,5,Arsenal FC,70000000,0,0,27.3,0.10989010989010989,0.8058608058608059,2.0,7.0,0.18315018315018314,0.8058608058608059,4.0,0.0,925.0,579.0,150.0,13.0,40.0,29.0,37.0,97.0,1.0,24.5,18.064005814299346,0
['ayden' 'heaven'],5,5,Manchester United,10000000,0,0,10.255555555555556,,0.1950162513542795,0.0,1.0,0.09750812567713975,0.09750812567713975,1.0,0.0,447.0,111.0,58.0,6.0,18.0,9.0,13.0,40.0,0.0,19.2,16.118095750958314,0
['pathé' 'mboup'],14,5,RWD Molenbeek,400000,1,1,10.733333333333334,0.09316770186335403,1.6770186335403725,0.0,6.0,,0.8385093167701863,2.0,0.0,170.0,112.0,73.0,26.0,10.0,16.0,15.0,67.0,0.0,20.6,12.899222326086994,1
['josé' 'luis' 'fernández'],0,5,Club Atlético Alvarado,125000,2,2,,,,,,,,,0.0,,,,,,,,,0.0,36.1,11.736077016252437,1
['bruno' 'guimarães'],2,5,Newcastle United,75000000,2,0,25.544444444444444,0.352327098738582,1.291866028708134,3.0,4.0,0.19573727707698999,1.5658982166159199,7.0,1.0,1152.0,734.0,195.0,16.0,12.0,67.0,40.0,125.0,2.0,28.1,18.132998684833918,2
['cristian' 'volpato'],12,8,US Sassuolo,4500000,2,3,11.533333333333333,0.17341040462427745,1.1271676300578035,0.0,1.0,0.3468208092485549,1.647398843930636,6.0,0.0,306.0,196.0,93.0,23.0,5.0,11.0,11.0,47.0,0.0,20.6,15.319588176962746,1
['joe' 'gomez'],5,8,Liverpool FC,15000000,0,0,6.644444444444445,,0.7525083612040133,0.0,,0.3010033444816053,0.451505016722408,3.0,1.0,254.0,118.0,37.0,3.0,13.0,,7.0,20.0,0.0,28.5,16.52356082573315,0
['joão' 'neves'],13,4,Paris Saint-Germain,110000000,2,1,14.055555555555555,0.3557312252964427,1.2806324110671936,1.0,1.0,0.07114624505928854,0.924901185770751,4.0,0.0,935.0,515.0,94.0,8.0,14.0,13.0,15.0,72.0,1.0,21.2,18.5159909328476,0
['emiliano' 'garcía'],12,5,Montevideo Wanderers,200000,2,5,0.4,,,0.0,,,,,0.0,17.0,6.0,1.0,,1.0,,,2.0,0.0,33.6,12.206077645517674,1
['brendan' 'chardonnet'],6,3,Stade Brestois 29,8000000,0,1,27.3,0.03663003663003663,0.40293040293040294,0.0,1.0,0.10989010989010989,0.32967032967032966,6.0,0.0,1000.0,229.0,155.0,1.0,78.0,20.0,19.0,69.0,1.0,29.4,15.894952224644102,1
['gonzalo' 'rodríguez'],0,5,CA San Lorenzo de Almagro,200000,2,0,1.9666666666666668,,,0.0,,,,,0.0,68.0,37.0,5.0,,2.0,4.0,,10.0,0.0,35.7,12.206077645517674,1
['giovanni' 'reyna'],12,6,Borussia Mönchengladbach,6000000,2,2,5.666666666666667,0.1764705882352941,0.5294117647058824,0.0,,,2.2941176470588234,,0.0,249.0,147.0,37.0,10.0,4.0,10.0,6.0,26.0,0.0,23.1,15.607270193858982,2
['seba' 'pérez'],12,5,Boavista FC,2000000,2,4,17.41111111111111,,0.2871729419272495,0.0,,,0.5169112954690491,1.0,1.0,567.0,225.0,38.0,1.0,8.0,36.0,26.0,60.0,0.0,31.2,14.508658238524095,1
['ben' 'bobzien'],7,5,SC Austria Lustenau,400000,1,2,0.1,,,0.0,,,,,0.0,9.0,4.0,2.0,,,,2.0,2.0,0.0,20.4,12.899222326086994,1
['matt' 'doherty'],12,4,Wolverhampton Wanderers,1500000,0,0,8.78888888888889,,0.11378002528445005,0.0,,,0.34134007585335013,1.0,0.0,240.0,98.0,25.0,2.0,21.0,6.0,8.0,28.0,1.0,33.9,14.220976332738882,2
['enzo' 'boyomo'],12,5,CA Osasuna,20000000,0,5,26.27777777777778,0.03805496828752643,0.22832980972515857,0.0,,0.03805496828752643,0.266384778012685,2.0,0.0,1052.0,318.0,149.0,3.0,35.0,5.0,34.0,123.0,0.0,24.2,16.811242881518265,1
['jim' 'allevinah'],12,5,Clermont Foot 63,2000000,1,1,1.4111111111111112,0.7086614173228346,2.8346456692913384,0.0,,,0.7086614173228346,,0.0,34.0,15.0,6.0,1.0,1.0,4.0,,11.0,0.0,29.3,14.508658238524095,1
['tyrick' 'mitchell'],5,6,Crystal Palace,25000000,0,0,34.644444444444446,0.028864656831302116,0.4041051956382296,1.0,3.0,0.05772931366260423,0.7793457344451571,4.0,0.0,775.0,425.0,202.0,15.0,23.0,26.0,60.0,178.0,0.0,26.3,17.034386422832473,2
['nuno' 'mendes'],13,0,Paris Saint-Germain,75000000,0,1,13.9,0.28776978417266186,1.6546762589928057,2.0,3.0,0.3597122302158273,1.7985611510791366,11.0,0.0,856.0,516.0,159.0,25.0,8.0,25.0,19.0,82.0,0.0,23.5,18.132998684833918,0
['thomas' 'kristensen'],4,5,FC Helsingör,150000,0,3,25.844444444444445,0.11607910576096303,0.3482373172828891,0.0,1.0,,0.11607910576096303,,0.0,964.0,308.0,166.0,5.0,74.0,8.0,15.0,75.0,0.0,36.9,11.918397239722838,1
['rúben' 'semedo'],13,5,Al-Duhail SC,3000000,0,4,8.68888888888889,,0.2301790281329923,0.0,1.0,,0.5754475703324807,,0.0,317.0,62.0,41.0,1.0,21.0,7.0,5.0,32.0,0.0,29.6,14.914123179965662,1
['olivier' 'deman'],1,5,SV Werder Bremen,3000000,0,2,13.944444444444445,0.07171314741035857,0.35856573705179284,0.0,,0.14342629482071714,1.0756972111553784,1.0,0.0,478.0,239.0,54.0,6.0,24.0,12.0,27.0,65.0,1.0,25.7,14.914123179965662,1
['sandi' 'lovrić'],12,5,Udinese Calcio,6000000,2,3,4.188888888888889,,1.1936339522546418,0.0,,0.23872679045092837,2.1485411140583555,3.0,0.0,167.0,112.0,34.0,4.0,2.0,2.0,8.0,21.0,0.0,27.7,15.607270193858982,1
['alex' 'murphy'],12,8,Newcastle United,300000,0,0,0.011111111111111112,,,0.0,,,,,0.0,1.0,,,,,,,,0.0,21.5,12.611541086966115,2
['andreas' 'pereira'],2,5,Sociedade Esportiva Palmeiras,15000000,2,0,,,,,,,,,0.0,,,,,,,,,0.0,29.9,16.52356082573315,1
['federico' 'gattoni'],0,5,RSC Anderlecht,3500000,0,5,0.1,,,0.0,,,,,0.0,1.0,1.0,,,1.0,,,,0.0,25.3,15.068273812173887,1
['willi' 'orbán'],12,5,RB Leipzig,6000000,0,2,32.77777777777778,0.06101694915254237,0.48813559322033895,2.0,4.0,,0.33559322033898303,1.0,0.0,2056.0,833.0,253.0,6.0,138.0,23.0,32.0,98.0,0.0,33.1,15.607270193858982,2
['rayan' 'fofana'],6,5,RC Lens,5000000,1,1,8.733333333333334,0.5725190839694656,3.206106870229007,1.0,8.0,,0.5725190839694656,,0.0,110.0,59.0,42.0,13.0,15.0,34.0,6.0,17.0,1.0,19.8,15.424948670398354,2
['willem' 'geubbels'],6,5,FC St. Gallen 1879,1500000,1,1,10.488888888888889,0.4766949152542373,2.3834745762711864,0.0,8.0,,0.5720338983050848,,0.0,135.0,78.0,29.0,1.0,30.0,3.0,2.0,24.0,0.0,22.2,14.220976332738882,1
['álvaro' 'carreras'],15,5,Real Madrid,60000000,0,5,24.933333333333334,0.08021390374331551,0.24064171122994651,1.0,1.0,0.08021390374331551,1.0026737967914439,1.0,1.0,1490.0,941.0,197.0,17.0,28.0,31.0,19.0,150.0,1.0,22.7,17.909855136853043,0
['sam' 'beukema'],10,5,SSC Napoli,28000000,0,3,18.666666666666668,0.10714285714285714,0.42857142857142855,0.0,,,0.3214285714285714,,0.0,1255.0,477.0,104.0,2.0,32.0,5.0,16.0,73.0,0.0,27.1,17.147715103853763,0
['raúl' 'albiol'],15,5,Pisa Sporting Club,800000,0,3,5.577777777777778,,,0.0,,0.1792828685258964,0.3585657370517928,1.0,0.0,218.0,70.0,29.0,,7.0,2.0,4.0,19.0,0.0,40.3,13.592368256649284,1
['fotis' 'ioannidis'],12,5,Sporting CP,20000000,1,4,5.066666666666666,0.5921052631578948,1.973684210526316,2.0,4.0,,1.973684210526316,2.0,0.0,78.0,62.0,21.0,9.0,9.0,10.0,4.0,7.0,0.0,25.9,16.811242881518265,2
['i̇sak' 'vural'],12,9,Frosinone Calcio,200000,2,3,7.355555555555556,,0.5438066465256797,0.0,1.0,,0.4078549848942598,1.0,0.0,145.0,64.0,30.0,8.0,6.0,31.0,6.0,29.0,1.0,18.0,12.206077645517674,1
['victor' 'parada'],15,1,Deportivo Alavés B,200000,0,5,22.533333333333335,,0.3994082840236686,0.0,2.0,0.1331360946745562,0.4881656804733727,3.0,0.0,596.0,261.0,76.0,7.0,32.0,14.0,16.0,61.0,0.0,22.2,12.206077645517674,1
['sergio' 'garcía'],15,5,RCD Espanyol Barcelona,1000000,2,4,29.422222222222224,0.2039274924471299,1.4614803625377641,2.0,1.0,0.10196374622356495,1.4614803625377641,6.0,0.0,681.0,446.0,116.0,41.0,63.0,64.0,33.0,108.0,2.0,36.0,13.815511557963774,0
['ángel' 'rodríguez'],15,5,CD Tenerife,600000,1,5,22.655555555555555,0.26483570377636095,2.6924963217263365,0.0,17.0,0.22069641981363414,1.235899950956351,7.0,0.0,320.0,249.0,81.0,37.0,125.0,45.0,15.0,44.0,0.0,36.5,13.304686600863562,1
['geny' 'catamo'],12,0,Sporting CP,15000000,2,4,21.7,0.2764976958525346,1.7511520737327189,1.0,2.0,0.09216589861751152,1.2442396313364055,6.0,0.0,698.0,520.0,231.0,44.0,5.0,45.0,13.0,93.0,1.0,24.9,16.52356082573315,2
['diego' 'león'],15,5,Al-Mesaimeer SC,150000,0,0,,,,,,,,,0.0,,,,,,,,,0.0,33.3,11.918397239722838,1
['alberto' 'cerri'],8,5,Como 1907,600000,1,3,,,,,,,,,0.0,,,,,,,,,0.0,29.7,13.304686600863562,1
['henrique' 'pereira'],13,2,GD Chaves,600000,1,4,,,,,,,,,0.0,,,,,,,,,0.0,23.8,13.304686600863562,1
['igor' 'thiago'],2,5,Club Brugge KV,25000000,1,0,34.48888888888889,0.6378865979381444,1.8846649484536084,7.0,20.0,0.028994845360824743,0.6378865979381444,6.0,0.0,413.0,254.0,82.0,29.0,108.0,24.0,21.0,90.0,0.0,22.9,17.034386422832473,1
['florian' 'sotoca'],6,5,RC Lens,1500000,1,1,4.488888888888889,,2.227722772277228,0.0,,,1.5594059405940595,1.0,1.0,176.0,125.0,33.0,1.0,11.0,8.0,4.0,19.0,0.0,35.1,14.220976332738882,2
['niklas' 'swider'],7,7,Borussia Mönchengladbach,250000,2,2,,,,,,,,,0.0,,,,,,,,,0.0,19.0,12.429220196836383,2
['emanuele' 'valeri'],8,5,Frosinone Calcio,2300000,0,3,28.544444444444444,,0.45543012845465164,0.0,1.0,0.07006617360840794,1.6465550797975865,4.0,0.0,538.0,343.0,185.0,14.0,14.0,24.0,31.0,103.0,0.0,25.5,14.648420115681892,1
['lucas' 'beraldo'],2,5,Paris Saint-Germain,20000000,0,1,16.444444444444446,0.1216216216216216,0.6689189189189189,0.0,,0.0608108108108108,0.7905405405405405,3.0,0.0,1285.0,503.0,91.0,,33.0,6.0,14.0,78.0,0.0,22.1,16.811242881518265,0
['espen' 'van' 'ee'],10,5,FC Arouca,1000000,2,4,20.87777777777778,0.09579563597658328,0.6226716338477913,1.0,,0.04789781798829164,0.5747738158594997,3.0,0.0,871.0,378.0,101.0,8.0,21.0,36.0,35.0,123.0,0.0,22.5,13.815511557963774,1
['nikolas' 'veratschnig'],12,3,1.FSV Mainz 05,1500000,0,2,7.2444444444444445,,0.41411042944785276,0.0,,0.13803680981595093,0.41411042944785276,2.0,0.0,141.0,87.0,25.0,6.0,8.0,10.0,12.0,28.0,0.0,22.9,14.220976332738882,1
['adam' 'wharton'],5,5,Crystal Palace,60000000,2,0,27.27777777777778,,0.5132382892057026,0.0,,0.18329938900203666,1.2830957230142566,14.0,0.0,939.0,558.0,143.0,15.0,23.0,29.0,36.0,156.0,0.0,21.8,17.909855136853043,2
['ibrahim' 'sulemana'],12,5,Bologna FC 1909,6000000,2,3,9.566666666666666,0.10452961672473868,0.7317073170731707,0.0,1.0,,0.6271777003484321,,0.0,329.0,157.0,44.0,11.0,15.0,9.0,11.0,63.0,0.0,22.6,15.607270193858982,2
['william' 'feola'],8,1,Como Primavera,75000,0,3,,,,,,,,,0.0,,,,,,,,,0.0,19.4,11.225256725762893,1
['joel' 'dixon'],5,5,Bolton Wanderers,150000,0,0,,,,,,,,,0.0,,,,,,,,,0.0,29.5,11.918397239722838,1
['kévin' 'danois'],6,5,AJ Auxerre,100000,2,1,30.5,0.09836065573770492,0.5901639344262295,0.0,2.0,0.03278688524590164,1.6721311475409837,10.0,1.0,1271.0,753.0,196.0,35.0,14.0,25.0,45.0,184.0,0.0,19.0,11.51293546492023,1
['mathis' 'lambourde'],6,5,AC Reggiana 1919,800000,1,3,,,,,,,,,0.0,,,,,,,,,0.0,19.9,13.592368256649284,1
['jamie' 'leweling'],7,5,VfB Stuttgart,25000000,1,2,26.38888888888889,0.2652631578947368,1.1368421052631579,1.0,1.0,0.3410526315789474,1.174736842105263,10.0,1.0,585.0,455.0,190.0,31.0,12.0,44.0,12.0,97.0,0.0,24.8,17.034386422832473,2
['pablo' 'gozálbez'],15,5,FC Arouca,500000,2,4,11.78888888888889,0.08482563619227143,1.357210179076343,1.0,4.0,0.16965127238454286,1.5268614514608858,7.0,0.0,225.0,145.0,49.0,9.0,8.0,27.0,18.0,41.0,0.0,24.6,13.122365377402328,1
['simon' 'sohm'],12,8,Parma Calcio 1913,2500000,2,3,15.88888888888889,,0.3776223776223776,0.0,1.0,0.06293706293706293,0.8811188811188811,3.0,0.0,488.0,237.0,68.0,11.0,23.0,14.0,12.0,46.0,0.0,22.5,14.731801689838349,1
['josip' 'brekalo'],12,5,Real Oviedo,2500000,1,5,5.366666666666667,,1.4906832298136645,0.0,,,2.0496894409937885,3.0,0.0,152.0,111.0,29.0,4.0,,6.0,7.0,25.0,0.0,27.5,14.731801689838349,1
['willy' 'kambwala'],6,5,Villarreal CF,4000000,0,5,0.1,,,0.0,,,,,0.0,8.0,,,,1.0,,,,0.0,21.3,15.201805169084134,2
['rafael' 'brito'],13,5,Casa Pia AC,300000,2,4,16.900000000000002,0.11834319526627217,0.4142011834319526,0.0,,0.059171597633136085,0.35502958579881655,4.0,0.0,344.0,165.0,33.0,1.0,25.0,15.0,15.0,63.0,0.0,22.4,12.611541086966115,1
['carlos' 'augusto'],2,5,Inter Milan,26000000,0,3,17.477777777777778,0.05721551176096631,0.6865861411315957,0.0,2.0,0.05721551176096631,0.5721551176096631,1.0,0.0,901.0,441.0,107.0,6.0,60.0,11.0,21.0,56.0,0.0,27.0,17.073607134447293,0
['enrico' 'delprato'],8,5,Parma Calcio 1913,6000000,0,3,32.81111111111111,0.06095496105655266,0.45716220792414497,0.0,4.0,,0.2133423636979343,1.0,0.0,963.0,368.0,113.0,5.0,34.0,10.0,22.0,76.0,0.0,26.1,15.607270193858982,1
['iván' 'azón'],15,5,Ipswich Town,3000000,1,3,,,,,,,,,0.0,,,,,,,,,0.0,22.9,14.914123179965662,1
['valentín' 'carboni'],0,5,Genoa CFC,10000000,2,3,3.9333333333333336,,1.0169491525423728,0.0,,,1.0169491525423728,,0.0,108.0,74.0,28.0,10.0,3.0,5.0,8.0,25.0,0.0,20.8,16.118095750958314,2
['gerard' 'moreno'],15,3,Villarreal CF,10000000,1,5,14.700000000000001,0.6802721088435374,1.8367346938775508,4.0,3.0,,1.4965986394557822,4.0,0.0,433.0,261.0,75.0,17.0,19.0,16.0,8.0,40.0,1.0,32.2,16.118095750958314,2
['hans' 'hateboer'],10,5,Olympique Lyon,2000000,0,1,7.977777777777778,,0.6267409470752089,0.0,1.0,,0.12534818941504178,,0.0,299.0,157.0,31.0,,8.0,3.0,9.0,20.0,0.0,31.9,14.508658238524095,2
['armel' 'bella-kotchap'],7,5,Hellas Verona,7500000,0,3,14.611111111111112,,0.13688212927756652,0.0,,,0.06844106463878326,,0.0,460.0,136.0,52.0,1.0,38.0,16.0,11.0,72.0,0.0,24.0,15.830413711839864,1
['jean' 'ives' 'valou'],3,5,Villarreal CF B,300000,0,5,,,,,,,,,0.0,,,,,,,,,0.0,20.0,12.611541086966115,1
['roony' 'bardghji'],16,1,FC Barcelona,10000000,1,5,6.822222222222223,0.14657980456026057,2.6384364820846904,0.0,3.0,0.14657980456026057,1.9055374592833874,3.0,1.0,291.0,203.0,61.0,22.0,,8.0,4.0,15.0,0.0,20.1,16.118095750958314,0
['gyamfi' 'kyeremeh'],1,5,Eintracht Braunschweig II,50000,1,1,4.155555555555556,0.24064171122994651,1.2032085561497325,0.0,,0.24064171122994651,0.9625668449197861,1.0,0.0,54.0,41.0,23.0,5.0,1.0,19.0,7.0,10.0,0.0,22.3,10.819798284210286,1
['samuel' 'pedro'],13,5,FK Jerv,375000,1,4,,,,,,,,,0.0,,,,,,,,,0.0,22.2,12.834683971615659,1
['ozan' 'kabak'],12,5,TSG 1899 Hoffenheim,5000000,0,2,19.38888888888889,0.20630372492836677,1.495702005730659,2.0,6.0,,0.41260744985673353,,0.0,959.0,388.0,122.0,6.0,115.0,8.0,15.0,63.0,0.0,25.7,15.424948670398354,2
['tiago' 'manso'],13,5,CD Trofense,600000,0,4,17.066666666666666,0.05859375,0.8203125,0.0,2.0,0.05859375,0.52734375,3.0,0.0,408.0,231.0,90.0,13.0,13.0,20.0,32.0,69.0,3.0,23.5,13.304686600863562,1
['iker' 'losada'],15,5,Racing Ferrol,500000,1,5,9.122222222222222,0.32886723507917176,1.2058465286236297,2.0,2.0,0.10962241169305725,0.9866017052375152,1.0,0.0,154.0,103.0,36.0,4.0,3.0,5.0,9.0,31.0,0.0,22.2,13.122365377402328,1
['fermín' 'lópez'],15,2,FC Barcelona,30000000,1,0,2.5444444444444447,,0.7860262008733624,0.0,,0.3930131004366812,0.7860262008733624,1.0,0.0,75.0,59.0,18.0,3.0,2.0,4.0,1.0,10.0,0.0,21.1,17.216707972959764,0
['daniel' 'maldini'],8,5,AC Monza,4500000,1,3,10.055555555555555,0.19889502762430938,1.3922651933701657,0.0,2.0,0.09944751381215469,0.994475138121547,2.0,0.0,233.0,165.0,70.0,12.0,8.0,25.0,13.0,32.0,0.0,22.7,15.319588176962746,1
['jesús' 'hernández'],12,5,Carabobo FC,400000,2,5,,,,,,,,,0.0,,,,,,,,,0.0,30.5,12.899222326086994,1
['lucas' 'pires'],2,5,Cádiz CF,2000000,0,0,13.622222222222224,,0.5138662316476346,0.0,,,1.3213703099510603,1.0,0.0,402.0,227.0,73.0,15.0,3.0,3.0,19.0,77.0,0.0,23.2,14.508658238524095,1
['paulo' 'dybala'],0,5,AS Roma,5000000,1,3,14.055555555555555,0.1422924901185771,1.849802371541502,1.0,5.0,0.2845849802371542,3.130434782608696,7.0,0.0,525.0,427.0,95.0,14.0,10.0,35.0,5.0,54.0,0.0,32.1,15.424948670398354,2
['alexander' 'isak'],16,5,Liverpool FC,120000000,1,0,7.811111111111112,0.3840682788051209,1.9203413940256044,1.0,5.0,0.12802275960170695,0.12802275960170695,1.0,0.0,55.0,44.0,18.0,1.0,8.0,1.0,6.0,13.0,0.0,26.2,18.603002309079653,0
['jonathan' 'ikoné'],6,5,Paris FC,5000000,1,1,11.5,0.2608695652173913,1.2173913043478262,0.0,4.0,0.08695652173913043,0.9565217391304348,5.0,0.0,313.0,178.0,64.0,17.0,5.0,17.0,12.0,46.0,0.0,27.6,15.424948670398354,1
['ki-jana' 'hoever'],10,8,Wolverhampton Wanderers,5000000,0,0,4.7555555555555555,,0.2102803738317757,0.0,,,1.0514018691588785,2.0,0.0,106.0,71.0,17.0,5.0,6.0,3.0,11.0,16.0,0.0,23.9,15.424948670398354,2
['gabriel' 'martinelli'],2,5,Arsenal FC,45000000,1,0,10.911111111111111,0.09164969450101833,1.924643584521385,0.0,7.0,0.27494908350305497,0.7331975560081466,3.0,0.0,163.0,130.0,69.0,18.0,8.0,13.0,8.0,47.0,0.0,24.5,17.622173069956816,0
['armindo' 'sieb'],7,2,SpVgg Greuther Fürth,1500000,1,2,5.933333333333334,0.33707865168539325,2.0224719101123596,0.0,4.0,,1.5168539325842696,1.0,0.0,102.0,77.0,39.0,6.0,12.0,2.0,3.0,23.0,0.0,20.4,14.220976332738882,1
['álvaro' 'garcía'],15,5,CD Alcoyano,150000,2,5,22.88888888888889,0.17475728155339806,1.529126213592233,1.0,8.0,0.21844660194174756,1.5728155339805825,15.0,1.0,351.0,261.0,68.0,4.0,13.0,12.0,15.0,76.0,1.0,31.9,11.918397239722838,1
['thiago' 'almada'],0,5,Atlético de Madrid,20000000,2,5,14.077777777777778,0.21310181531176006,1.207576953433307,1.0,5.0,0.07103393843725335,1.7758484609313339,3.0,0.0,583.0,387.0,100.0,20.0,5.0,16.0,16.0,69.0,0.0,24.6,16.811242881518265,0
['hamari' 'traoré'],12,5,Real Sociedad,6000000,2,0,0.17777777777777778,,,0.0,,5.625,,,0.0,2.0,,1.0,,,,,2.0,0.0,32.4,15.607270193858982,2
['alexis' 'saelemaekers'],1,9,Bologna FC 1909,12000000,1,3,30.07777777777778,0.06649427410417436,0.930919837458441,0.0,4.0,0.09974141115626153,1.5293683043960102,5.0,0.0,1086.0,693.0,229.0,49.0,10.0,61.0,38.0,158.0,1.0,24.9,16.300417291085605,2
['elias' 'benkara'],12,5,Borussia Dortmund U19,50000,0,2,,,,,,,,,0.0,,,,,,,,,0.0,18.6,10.819798284210286,1
['asier' 'osambela'],15,3,CA Osasuna,1000000,2,5,3.6,0.2777777777777778,1.3888888888888888,0.0,,,0.8333333333333333,1.0,0.0,111.0,51.0,15.0,,16.0,1.0,2.0,15.0,0.0,21.1,13.815511557963774,1
['andrea' 'dossena'],8,5,FC Chiasso,250000,0,3,8.200000000000001,,0.6097560975609755,0.0,1.0,0.1219512195121951,0.1219512195121951,1.0,0.0,356.0,109.0,50.0,1.0,15.0,7.0,11.0,25.0,0.0,34.3,12.429220196836383,1
['josé' 'maría' 'lópez' 'silva'],15,5,UD Tamaraceite,25000,1,0,0.12222222222222223,,,0.0,,,,,0.0,2.0,2.0,1.0,,,1.0,1.0,,0.0,39.5,10.12667110305036,1
['franco' 'carboni'],0,5,Ternana Calcio,900000,0,3,1.0777777777777777,,,0.0,,,,,0.0,18.0,5.0,,1.0,3.0,,1.0,2.0,0.0,21.2,13.710151153416941,1
['armando' 'broja'],12,5,Fulham FC,22000000,1,0,9.433333333333334,0.10600706713780919,0.8480565371024735,0.0,3.0,0.10600706713780919,0.42402826855123676,1.0,0.0,105.0,82.0,40.0,8.0,35.0,16.0,3.0,26.0,0.0,22.7,16.906553056777135,2
['max' 'moerstedt'],7,7,TSG 1899 Hoffenheim,7000000,1,2,4.455555555555556,0.44887780548628425,1.346633416458853,0.0,,,0.44887780548628425,1.0,0.0,77.0,50.0,10.0,4.0,10.0,10.0,3.0,14.0,0.0,19.9,15.76142084987672,2
['patrick' 'mainka'],7,5,1.FC Heidenheim 1846,2500000,0,2,34.0,0.058823529411764705,1.0,0.0,5.0,0.058823529411764705,0.23529411764705882,3.0,0.0,1179.0,359.0,126.0,4.0,144.0,20.0,28.0,105.0,0.0,31.1,14.731801689838349,1
['lamare' 'bogarde'],10,8,Aston Villa,12000000,2,0,10.822222222222223,,,0.0,,,0.18480492813141683,,0.0,433.0,208.0,46.0,2.0,9.0,18.0,18.0,39.0,0.0,21.9,16.300417291085605,2
['samuele' 'mulattieri'],8,1,US Sassuolo,4000000,1,3,,,,,,,,,0.0,,,,,,,,,0.0,23.7,15.201805169084134,1
['héctor' 'fort'],15,5,FC Barcelona Atlètic,10000000,0,5,5.288888888888889,0.37815126050420167,1.3235294117647058,1.0,1.0,0.37815126050420167,0.37815126050420167,,0.0,134.0,90.0,36.0,8.0,6.0,1.0,3.0,18.0,0.0,17.8,16.118095750958314,1
['diogo' 'rodrigues'],13,5,SC Covilhã,350000,2,4,9.422222222222222,0.1061320754716981,0.5306603773584906,1.0,,0.2122641509433962,1.8042452830188678,2.0,0.0,442.0,250.0,75.0,7.0,6.0,11.0,10.0,39.0,1.0,23.8,12.765691290604371,1
['arnau' 'solà'],15,5,FC Arouca,500000,0,4,6.544444444444444,,0.30560271646859083,0.0,,0.15280135823429541,0.9168081494057725,1.0,0.0,183.0,101.0,43.0,2.0,7.0,9.0,4.0,25.0,0.0,22.7,13.122365377402328,1
['gonçalo' 'nogueira'],13,5,Vitória Guimarães SC,250000,2,4,14.933333333333334,,0.4017857142857143,0.0,2.0,0.26785714285714285,1.1383928571428572,2.0,0.0,427.0,266.0,75.0,10.0,24.0,40.0,28.0,65.0,0.0,20.4,12.429220196836383,1
['nicolas' 'jackson'],14,5,Bayern Munich,45000000,1,2,11.155555555555557,0.7171314741035856,2.778884462151394,0.0,10.0,0.0896414342629482,1.5239043824701193,4.0,0.0,261.0,211.0,57.0,11.0,7.0,10.0,4.0,25.0,1.0,24.5,17.622173069956816,0
['marko' 'marin'],7,5,Ferencvárosi TC,1000000,2,3,14.3,,0.06993006993006992,0.0,,,0.13986013986013984,,0.0,345.0,175.0,41.0,1.0,8.0,20.0,27.0,69.0,0.0,33.2,13.815511557963774,1
['steve' 'mounié'],12,5,Alanyaspor,1800000,1,2,,,,,,,,,0.0,,,,,,,,,0.0,31.2,14.403297778421795,1
['alfonso' 'pedraza'],15,5,Villarreal CF,2500000,0,5,18.033333333333335,0.055452865064695,0.44362292051756,0.0,1.0,0.16635859519408502,0.9426987060998151,6.0,0.0,460.0,229.0,155.0,19.0,2.0,23.0,30.0,79.0,0.0,29.7,14.731801689838349,2
['aiyegun' 'tosin'],12,5,FC Lorient,3000000,1,1,11.61111111111111,0.430622009569378,2.15311004784689,1.0,6.0,,0.9473684210526316,1.0,0.0,151.0,105.0,53.0,12.0,6.0,14.0,5.0,19.0,0.0,25.9,14.914123179965662,1
['mamadou' 'loum'],14,5,Sporting Gijón,800000,2,4,,,,,,,,,0.0,,,,,,,,,0.0,29.0,13.592368256649284,1
['francesco' 'acerbi'],8,5,Inter Milan,2500000,0,3,14.322222222222223,,0.2094647013188518,0.0,1.0,,0.2094647013188518,,0.0,834.0,239.0,71.0,1.0,43.0,13.0,7.0,43.0,0.0,37.9,14.731801689838349,0
['kaishu' 'sano'],12,5,1.FSV Mainz 05,25000000,2,2,33.98888888888889,0.029421379535796013,0.4707420725727362,0.0,2.0,0.058842759071592025,0.6766917293233083,6.0,0.0,1027.0,598.0,179.0,28.0,74.0,30.0,32.0,203.0,0.0,25.0,17.034386422832473,1
['pol' 'lozano'],15,5,RCD Espanyol Barcelona,2000000,2,5,23.511111111111113,0.08506616257088846,0.3827977315689981,0.0,,0.04253308128544423,0.9357277882797731,2.0,0.0,804.0,465.0,76.0,3.0,10.0,28.0,19.0,82.0,0.0,24.0,14.508658238524095,0
['pablo' 'fornals'],15,5,Real Betis Balompié,14000000,2,5,30.944444444444446,0.2585278276481149,0.8725314183123878,3.0,2.0,0.19389587073608616,2.4560143626570916,10.0,2.0,1490.0,979.0,214.0,24.0,15.0,26.0,26.0,156.0,0.0,28.3,16.454567959008102,1
['nathaniel' 'clyne'],5,6,Crystal Palace,1500000,0,0,5.622222222222223,,0.35573122529644263,0.0,,0.17786561264822132,0.35573122529644263,2.0,0.0,121.0,74.0,20.0,4.0,2.0,1.0,9.0,16.0,0.0,33.1,14.220976332738882,2
['pierre-emerick' 'aubameyang'],12,5,Olympique Marseille,5000000,1,1,21.733333333333334,0.41411042944785276,2.162576687116564,2.0,16.0,0.2300613496932515,0.9662576687116564,8.0,0.0,348.0,206.0,72.0,10.0,13.0,16.0,5.0,38.0,1.0,35.0,15.424948670398354,2
['maximiliano' 'pereira'],12,5,CA River Plate Montevideo,25000,0,4,8.0,,0.5,0.0,2.0,0.125,0.875,2.0,0.0,169.0,110.0,41.0,7.0,15.0,16.0,13.0,31.0,1.0,38.4,10.12667110305036,1
['borja' 'sainz'],15,8,Giresunspor,2200000,1,4,17.811111111111114,0.28072364316905796,1.9650655021834058,3.0,9.0,0.16843418590143477,0.7298814722395507,2.0,0.0,329.0,237.0,102.0,25.0,6.0,31.0,13.0,85.0,1.0,22.3,14.603968372873895,1
['nelson' 'abbey'],5,5,Rio Ave FC,1000000,0,4,23.22222222222222,,,0.0,,0.0430622009569378,0.3014354066985646,2.0,0.0,863.0,270.0,127.0,5.0,18.0,11.0,27.0,105.0,0.0,22.3,13.815511557963774,1
['guillermo' 'varela'],12,5,CR Flamengo,2000000,1,4,16.900000000000002,0.35502958579881655,2.3076923076923075,1.0,9.0,0.17751479289940827,0.4142011834319526,1.0,0.0,152.0,92.0,41.0,11.0,36.0,42.0,6.0,45.0,1.0,30.3,14.508658238524095,1
['josé' 'maría' 'giménez'],12,5,Atlético de Madrid,22000000,0,5,13.077777777777778,,0.9175870858113849,0.0,3.0,0.07646559048428207,,1.0,0.0,723.0,258.0,71.0,2.0,37.0,10.0,12.0,47.0,1.0,29.4,16.906553056777135,0
['tete' 'morente'],15,0,US Lecce,1800000,1,5,8.366666666666667,0.1195219123505976,0.4780876494023904,1.0,,0.1195219123505976,1.0756972111553784,2.0,0.0,202.0,160.0,42.0,7.0,10.0,8.0,12.0,38.0,0.0,29.1,14.403297778421795,1
['ricardo' 'almeida'],13,5,Moreirense FC,100000,1,4,0.15555555555555556,,,0.0,,,,,0.0,4.0,2.0,1.0,,1.0,,,1.0,0.0,23.3,11.51293546492023,1
['clément' 'lenglet'],6,8,Aston Villa,10000000,0,5,14.177777777777779,,0.2115987460815047,0.0,,0.07053291536050156,0.2115987460815047,2.0,0.0,749.0,296.0,166.0,3.0,27.0,6.0,8.0,48.0,0.0,28.9,16.118095750958314,2
['george' 'earthy'],5,1,West Ham United U21,1000000,2,0,0.08888888888888889,,,0.0,,,,,0.0,3.0,1.0,1.0,,,,,,0.0,19.7,13.815511557963774,1
['josh' 'acheampong'],5,5,Chelsea FC,20000000,0,0,6.488888888888889,0.1541095890410959,0.3082191780821918,1.0,,,0.3082191780821918,,0.0,417.0,137.0,50.0,10.0,10.0,5.0,7.0,23.0,0.0,19.6,16.811242881518265,0
['tiago' 'gomes'],13,5,CD Feirense,150000,0,0,15.58888888888889,,0.25659301496792586,0.0,1.0,,0.3848895224518888,,0.0,693.0,227.0,89.0,10.0,23.0,11.0,13.0,52.0,0.0,32.9,11.918397239722838,1
['iker' 'bravo'],15,5,Udinese Calcio,5000000,1,3,2.2666666666666666,0.4411764705882353,0.4411764705882353,1.0,,,1.3235294117647058,,0.0,36.0,23.0,10.0,1.0,1.0,1.0,1.0,10.0,0.0,20.9,15.424948670398354,1
['alex' 'almansa'],15,5,RCD Espanyol B,150000,1,5,,,,,,,,,0.0,,,,,,,,,0.0,22.1,11.918397239722838,1
['lorenzo' 'bernasconi'],8,5,Atalanta Primavera,75000,0,3,17.433333333333334,,0.2294455066921606,0.0,1.0,0.17208413001912046,1.3766730401529637,5.0,0.0,596.0,368.0,94.0,8.0,5.0,5.0,14.0,53.0,0.0,19.6,11.225256725762893,1
['ruben' 'kluivert'],10,5,FC Utrecht,500000,0,1,8.033333333333333,0.12448132780082988,0.12448132780082988,0.0,,0.24896265560165975,,2.0,0.0,330.0,79.0,40.0,3.0,18.0,3.0,10.0,40.0,0.0,22.1,13.122365377402328,1
['tariq' 'lamptey'],12,5,ACF Fiorentina,8000000,0,3,0.2777777777777778,,,0.0,,,7.199999999999999,,0.0,7.0,3.0,3.0,,,,2.0,1.0,0.0,25.2,15.894952224644102,2
['matheus' 'reis'],2,5,Sporting CP,4000000,0,4,4.0,,0.5,0.0,,0.5,0.75,2.0,0.0,245.0,111.0,52.0,2.0,6.0,3.0,4.0,19.0,0.0,30.8,15.201805169084134,2
['nicolás' 'tagliafico'],0,5,Olympique Lyon,8000000,0,1,14.555555555555555,,0.7557251908396947,0.0,3.0,0.20610687022900764,0.6870229007633588,3.0,0.0,576.0,275.0,74.0,3.0,22.0,33.0,14.0,58.0,0.0,31.8,15.894952224644102,2
['julio' 'enciso'],12,0,RC Strasbourg Alsace,20000000,2,1,20.022222222222222,0.14983351831298558,2.097669256381798,2.0,8.0,0.14983351831298558,1.048834628190899,6.0,1.0,515.0,339.0,171.0,50.0,12.0,30.0,9.0,67.0,0.0,21.9,16.811242881518265,1
['ronald' 'araujo'],12,5,FC Barcelona,70000000,0,5,10.988888888888889,0.2730030333670374,0.910010111223458,2.0,2.0,,0.2730030333670374,1.0,0.0,697.0,294.0,91.0,,35.0,3.0,10.0,43.0,0.0,25.3,18.064005814299346,0
['brian' 'graham'],12,5,Partick Thistle FC,275000,1,0,,,,,,,,,0.0,,,,,,,,,0.0,36.0,12.524530013005734,1
['mamadou' 'coulibaly'],14,5,Palermo FC,1300000,2,1,15.100000000000001,0.1986754966887417,0.5960264900662251,0.0,1.0,0.1986754966887417,0.5960264900662251,3.0,0.0,560.0,294.0,81.0,15.0,12.0,16.0,19.0,87.0,0.0,25.3,14.077875591662238,1
['jude' 'bellingham'],5,5,Real Madrid,160000000,2,5,19.511111111111113,0.2562642369020501,1.5375854214123006,2.0,8.0,0.20501138952164008,1.6400911161731206,4.0,0.0,971.0,651.0,148.0,35.0,32.0,47.0,31.0,94.0,0.0,22.5,18.8906843794481,0
['jérémie' 'boga'],3,5,OGC Nice,8000000,1,3,6.666666666666667,0.6,2.6999999999999997,2.0,3.0,,2.1,2.0,0.0,155.0,120.0,51.0,20.0,3.0,5.0,3.0,9.0,0.0,28.9,15.894952224644102,2
"['joey' ""o'brien""]",12,5,Shamrock Rovers,25000,0,0,33.044444444444444,0.03026227303295225,0.242098184263618,0.0,,0.03026227303295225,0.4539340954942838,,0.0,764.0,368.0,89.0,6.0,111.0,15.0,30.0,109.0,0.0,35.5,10.12667110305036,1
['jordan' 'torunarigha'],11,5,Hamburger SV,4000000,0,2,21.833333333333336,,0.13740458015267173,0.0,,,0.09160305343511449,,0.0,895.0,231.0,122.0,6.0,53.0,13.0,22.0,61.0,0.0,28.4,15.201805169084134,1
['adílio' 'varela'],13,5,SU Sintrense,50000,2,4,25.77777777777778,0.07758620689655173,0.7758620689655172,1.0,1.0,,0.7370689655172413,4.0,0.0,1074.0,571.0,104.0,12.0,19.0,25.0,14.0,124.0,0.0,21.1,10.819798284210286,1
['tommaso' 'baldanzi'],8,5,AS Roma,10000000,2,3,8.0,0.125,1.875,0.0,,0.25,1.625,1.0,0.0,305.0,201.0,58.0,5.0,1.0,24.0,7.0,41.0,0.0,22.8,16.118095750958314,2
['jessic' 'ngankam'],7,5,1.FSV Mainz 05,1500000,1,2,0.6666666666666667,,,0.0,,,,,0.0,15.0,9.0,2.0,1.0,,2.0,,1.0,0.0,23.9,14.220976332738882,1
['alexis' 'claude-maurice'],6,5,FC Augsburg,12000000,2,2,23.41111111111111,0.2135738016136687,2.477456098718557,1.0,5.0,0.170859041290935,1.196013289036545,5.0,1.0,617.0,394.0,151.0,44.0,18.0,42.0,25.0,95.0,0.0,27.5,16.300417291085605,1
['nicolas' 'kühn'],7,5,Como 1907,15000000,1,3,7.277777777777778,0.13740458015267176,0.6870229007633588,0.0,1.0,0.13740458015267176,1.3740458015267176,1.0,0.0,178.0,148.0,65.0,10.0,3.0,2.0,6.0,24.0,0.0,26.0,16.52356082573315,1
['sergio' 'sánchez'],15,5,Retired,100000,2,5,2.1444444444444444,,1.8652849740932642,0.0,,0.46632124352331605,1.3989637305699483,,0.0,42.0,24.0,9.0,1.0,1.0,5.0,3.0,10.0,0.0,34.3,11.51293546492023,1
['christopher' 'trimmel'],12,5,1.FC Union Berlin,600000,0,2,20.766666666666666,,0.09630818619582665,0.0,,0.14446227929373998,2.4077046548956664,11.0,0.0,462.0,285.0,84.0,1.0,15.0,9.0,24.0,77.0,0.0,37.3,13.304686600863562,1
['dennis' 'johnsen'],12,5,Venezia FC,1200000,1,3,4.333333333333334,0.23076923076923073,0.6923076923076922,0.0,,0.23076923076923073,0.6923076923076922,1.0,0.0,49.0,30.0,17.0,5.0,8.0,4.0,2.0,13.0,0.0,25.3,13.997832948091215,1
['declan' 'rice'],5,5,Arsenal FC,120000000,2,0,33.43333333333334,0.11964107676969091,0.8075772681954136,2.0,3.0,0.14955134596211364,1.7347956131605182,17.0,1.0,1792.0,1060.0,313.0,14.0,49.0,10.0,33.0,173.0,0.0,26.9,18.603002309079653,0
['jim' 'larsen'],4,5,FC Midtjylland,800000,1,0,24.2,0.1652892561983471,1.28099173553719,1.0,5.0,0.04132231404958678,0.37190082644628103,1.0,0.0,293.0,191.0,37.0,9.0,75.0,20.0,3.0,35.0,0.0,30.2,13.592368256649284,1
['kevin' 'schade'],7,5,Brentford FC,22000000,2,0,29.333333333333336,0.23863636363636362,1.3977272727272727,0.0,14.0,0.10227272727272727,0.8522727272727272,7.0,1.0,348.0,248.0,138.0,20.0,83.0,42.0,23.0,90.0,2.0,22.5,16.906553056777135,2
['vando' 'félix'],12,5,Vitória Guimarães SC,700000,1,4,3.7111111111111112,,0.2694610778443114,0.0,,,0.2694610778443114,,0.0,89.0,58.0,34.0,2.0,3.0,15.0,6.0,11.0,0.0,23.3,13.45883704259595,1
['loïs' 'openda'],1,5,RB Leipzig,60000000,1,3,7.266666666666667,0.13761467889908258,2.614678899082569,1.0,5.0,,1.1009174311926606,1.0,0.0,110.0,75.0,34.0,4.0,8.0,21.0,4.0,12.0,0.0,24.3,17.909855136853043,2
['diacko' 'fofana'],6,5,OGC Nice,500000,1,1,1.888888888888889,,1.588235294117647,0.0,3.0,,0.5294117647058824,,0.0,28.0,19.0,4.0,2.0,1.0,1.0,1.0,3.0,0.0,18.8,13.122365377402328,2
['david' 'nemeth'],12,3,FC St. Pauli,4000000,0,2,,,,,,,,,0.0,,,,,,,,,0.0,24.8,15.201805169084134,1
['miguel' 'puche'],15,5,FC Arouca,400000,1,4,7.888888888888889,0.1267605633802817,1.7746478873239435,1.0,1.0,0.1267605633802817,1.647887323943662,,0.0,184.0,125.0,45.0,9.0,13.0,12.0,7.0,29.0,0.0,24.6,12.899222326086994,1
['jorge' 'cuenca'],15,5,Fulham FC,4000000,0,0,10.377777777777778,,0.09635974304068522,0.0,,,0.28907922912205564,1.0,0.0,551.0,150.0,85.0,2.0,17.0,1.0,9.0,40.0,0.0,26.1,15.201805169084134,2
['caio' 'henrique'],2,5,AS Monaco,15000000,0,1,17.033333333333335,,,0.0,,0.11741682974559686,1.11545988258317,7.0,0.0,627.0,408.0,117.0,6.0,7.0,17.0,10.0,61.0,0.0,28.4,16.52356082573315,1
['leandro' 'cabrera'],12,5,RCD Espanyol Barcelona,2500000,0,5,35.0,0.08571428571428572,0.8,1.0,5.0,,0.3142857142857143,1.0,0.0,1160.0,411.0,112.0,6.0,101.0,8.0,21.0,79.0,1.0,32.0,14.731801689838349,0
['alejo' 'sarco'],0,5,Bayer 04 Leverkusen,2000000,1,2,1.3444444444444446,,2.2314049586776856,0.0,,,1.487603305785124,1.0,0.0,16.0,12.0,4.0,1.0,1.0,2.0,1.0,1.0,0.0,20.0,14.508658238524095,2
['dehmaine' 'tabibou'],6,5,FC Nantes,2000000,2,1,13.9,0.07194244604316546,1.3669064748201438,0.0,1.0,,1.4388489208633093,3.0,0.0,296.0,169.0,71.0,20.0,10.0,20.0,17.0,69.0,0.0,20.7,14.508658238524095,1
['denzel' 'dumfries'],10,5,Inter Milan,25000000,0,3,14.744444444444445,0.20346646571213262,1.0851544837980407,1.0,5.0,0.06782215523737754,0.8138658628485305,1.0,0.0,302.0,184.0,42.0,6.0,30.0,13.0,9.0,35.0,0.0,29.7,17.034386422832473,0
['ibrahima' 'konaté'],6,2,Liverpool FC,45000000,0,0,33.455555555555556,0.029890401859847225,0.2092328130189306,0.0,2.0,,0.2092328130189306,2.0,0.0,1889.0,773.0,276.0,5.0,119.0,40.0,28.0,110.0,0.0,25.0,17.622173069956816,0
['filipe' 'gonçalves'],13,5,UD Oliveirense,50000,0,4,6.2555555555555555,,0.15985790408525755,0.0,,,0.15985790408525755,,0.0,273.0,86.0,30.0,,12.0,6.0,4.0,11.0,0.0,36.9,10.819798284210286,1
['romain' 'del' 'castillo'],6,1,Stade Brestois 29,10000000,2,1,28.655555555555555,0.2791779759596743,0.8375339278790229,3.0,4.0,0.10469174098487787,1.7448623497479643,11.0,0.0,743.0,518.0,151.0,29.0,30.0,42.0,37.0,158.0,0.0,28.2,16.118095750958314,1
['ardon' 'jashari'],12,5,AC Milan,32000000,2,3,7.0888888888888895,,0.8463949843260188,0.0,,0.14106583072100312,1.128526645768025,2.0,0.0,371.0,212.0,56.0,4.0,2.0,7.0,11.0,37.0,0.0,23.4,17.281246492014,0
['mamadou' 'sangaré'],12,5,TSV Hartberg,600000,2,1,25.855555555555558,0.11602922217447356,1.3149978513107003,0.0,2.0,0.15470562956596476,1.3149978513107003,3.0,0.0,1252.0,708.0,147.0,32.0,31.0,43.0,52.0,207.0,0.0,21.0,13.304686600863562,1
['vitaly' 'janelt'],7,8,Brentford FC,18000000,2,0,14.266666666666667,0.07009345794392523,0.6308411214953271,0.0,1.0,0.2803738317757009,1.0514018691588785,6.0,0.0,639.0,325.0,73.0,4.0,23.0,12.0,15.0,77.0,0.0,27.6,16.705882371415992,2
['ansu' 'fati'],15,5,Brighton & Hove Albion,25000000,1,1,11.066666666666666,0.9036144578313253,2.710843373493976,4.0,9.0,,1.2650602409638554,3.0,0.0,314.0,216.0,54.0,13.0,13.0,6.0,9.0,35.0,0.0,21.6,17.034386422832473,2
['abdoul' 'camara'],12,5,EA Guingamp,1000000,2,3,,,,,,,,,0.0,,,,,,,,,0.0,28.3,13.815511557963774,1
['oliver' 'scarles'],5,2,West Ham United,8000000,0,0,7.322222222222223,,0.40971168437025796,0.0,,,0.6828528072837632,3.0,0.0,221.0,110.0,34.0,2.0,7.0,7.0,22.0,35.0,1.0,20.0,15.894952224644102,2
['alexis' 'sánchez'],12,5,Sevilla FC,1400000,1,5,0.05555555555555556,,,0.0,,18.0,,,0.0,4.0,2.0,1.0,,,,1.0,1.0,0.0,37.0,14.151983508870947,2
['enzo' 'le' 'fée'],6,5,Sunderland AFC,20000000,2,0,30.61111111111111,0.1306715063520871,0.6533575317604355,0.0,1.0,0.16333938294010888,1.4047186932849365,10.0,0.0,847.0,528.0,129.0,13.0,18.0,34.0,54.0,143.0,0.0,25.8,16.811242881518265,1
['woyo' 'coulibaly'],12,5,US Sassuolo,2000000,0,3,9.644444444444444,,0.3110599078341014,0.0,,,0.4147465437788019,,0.0,323.0,161.0,75.0,6.0,6.0,12.0,13.0,46.0,0.0,26.6,14.508658238524095,1
['tyler' 'fredricson'],5,5,Manchester United U21,250000,0,0,0.022222222222222223,,,0.0,,,,,0.0,,,,,,,,,0.0,17.7,12.429220196836383,1
['borna' 'sosa'],12,5,Crystal Palace,4000000,0,0,1.1,,0.9090909090909091,0.0,,,1.8181818181818181,,0.0,26.0,15.0,5.0,,3.0,,,3.0,0.0,27.9,15.201805169084134,2
['adrián' 'salguero'],15,5,Cádiz CF Mirandilla,100000,0,5,,,,,,,,,0.0,,,,,,,,,0.0,21.1,11.51293546492023,1
['brenner'],2,5,FC Cincinnati,4000000,1,4,13.177777777777779,,1.593591905564924,0.0,3.0,0.07588532883642495,1.6694772344013489,6.0,0.0,158.0,113.0,108.0,17.0,7.0,32.0,2.0,49.0,1.0,25.9,15.201805169084134,1
['dani' 'raba'],15,5,Valencia CF,2400000,1,5,2.9444444444444446,,1.3584905660377358,0.0,,0.33962264150943394,0.33962264150943394,1.0,0.0,98.0,73.0,19.0,3.0,,2.0,4.0,15.0,0.0,30.1,14.690979711984754,2
['brahim' 'díaz'],9,5,Real Madrid,40000000,2,5,12.877777777777778,,0.8541846419327006,0.0,1.0,0.4659188955996549,1.7083692838654012,7.0,0.0,451.0,345.0,85.0,24.0,2.0,35.0,11.0,53.0,2.0,24.8,17.50439003707821,0
['junior' 'adamu'],12,3,SC Freiburg,5000000,1,2,5.0,0.2,1.4,0.0,3.0,0.2,0.6,2.0,0.0,48.0,34.0,8.0,5.0,23.0,9.0,6.0,14.0,0.0,24.5,15.424948670398354,1
['cristhian' 'stuani'],12,5,Girona FC,900000,1,5,3.666666666666667,1.3636363636363635,3.2727272727272725,0.0,6.0,,0.2727272727272727,,0.0,35.0,16.0,1.0,2.0,15.0,10.0,4.0,7.0,2.0,39.2,13.710151153416941,2
['zito' 'luvumbo'],12,5,Cagliari Calcio,7500000,1,5,4.888888888888889,,1.4318181818181817,0.0,1.0,0.40909090909090906,1.4318181818181817,2.0,0.0,38.0,36.0,46.0,9.0,1.0,20.0,,6.0,0.0,22.2,15.830413711839864,1
['luis' 'hernández'],15,5,Cádiz CF,500000,0,1,19.400000000000002,,0.41237113402061853,0.0,1.0,0.15463917525773194,0.6185567010309277,1.0,0.0,1502.0,726.0,151.0,3.0,28.0,19.0,14.0,82.0,1.0,35.1,13.122365377402328,1
['gabriel' 'batista'],2,5,CD Santa Clara,4000000,0,4,21.477777777777778,,0.18623900672529747,0.0,1.0,,0.09311950336264874,,0.0,1184.0,217.0,143.0,13.0,29.0,10.0,18.0,83.0,0.0,27.5,15.201805169084134,1
['ismael' 'silva'],2,5,Without Club,1000000,0,1,13.466666666666667,0.07425742574257425,0.44554455445544555,0.0,,,0.594059405940594,,0.0,524.0,207.0,79.0,3.0,14.0,18.0,13.0,47.0,0.0,28.9,13.815511557963774,1
['diego' 'rico'],15,5,Getafe CF,1200000,0,5,19.477777777777778,,0.4107244723331432,0.0,,,0.5647461494580719,1.0,0.0,377.0,225.0,60.0,6.0,22.0,35.0,31.0,73.0,0.0,32.8,13.997832948091215,1
['aaron' 'hickey'],12,3,Brentford FC,28000000,0,0,7.277777777777778,,0.6870229007633588,0.0,1.0,,,,0.0,229.0,97.0,20.0,,9.0,9.0,7.0,34.0,0.0,22.0,17.147715103853763,2
['bamba' 'dieng'],14,5,FC Lorient,4000000,1,1,12.655555555555557,0.7901668129938542,3.081650570676031,0.0,9.0,0.07901668129938542,0.7901668129938542,2.0,0.0,135.0,61.0,31.0,6.0,27.0,13.0,2.0,29.0,0.0,24.2,15.201805169084134,1
['luca' 'jaquez'],12,5,VfB Stuttgart,10000000,0,2,10.0,,0.3,0.0,,0.1,0.4,1.0,0.0,660.0,285.0,80.0,2.0,19.0,2.0,7.0,45.0,0.0,22.5,16.118095750958314,2
['lamine' 'camara'],14,5,AS Monaco,30000000,2,1,19.566666666666666,0.05110732538330494,0.7155025553662692,0.0,1.0,0.20442930153321975,1.4310051107325383,8.0,0.0,978.0,574.0,128.0,15.0,16.0,47.0,30.0,153.0,0.0,22.0,17.216707972959764,1
['cenk' 'özkacar'],12,5,1.FC Köln,2000000,0,2,19.922222222222224,,0.5521472392638036,0.0,3.0,,0.2509760178471835,,0.0,944.0,366.0,156.0,6.0,62.0,6.0,24.0,57.0,0.0,25.2,14.508658238524095,1
['alessio' 'romagnoli'],8,5,SS Lazio,7000000,0,3,28.633333333333333,,0.31431897555296856,0.0,2.0,,0.10477299185098952,,0.0,1810.0,565.0,139.0,1.0,65.0,15.0,13.0,99.0,0.0,30.9,15.76142084987672,2
['nathaniel' 'brown'],7,5,Eintracht Frankfurt,35000000,0,2,29.522222222222222,0.13549115543846443,0.4742190440346255,1.0,2.0,0.13549115543846443,1.0161836657884833,7.0,0.0,961.0,456.0,191.0,17.0,9.0,33.0,57.0,118.0,0.0,22.5,17.370858648025116,2
['takefusa' 'kubo'],12,7,Real Sociedad,30000000,1,5,16.755555555555556,0.11936339522546419,1.0742705570291777,0.0,2.0,0.23872679045092837,1.6710875331564985,7.0,1.0,388.0,293.0,158.0,37.0,7.0,50.0,19.0,53.0,0.0,24.5,17.216707972959764,2
['laurent' 'dos' 'santos'],6,5,FC Villefranche-Beaujolais,250000,0,4,2.8777777777777778,,,0.0,,,0.3474903474903475,,0.0,95.0,43.0,31.0,10.0,2.0,3.0,6.0,12.0,0.0,30.2,12.429220196836383,1
['aaron' 'zehnter'],7,5,SC Paderborn 07,1500000,0,2,16.2,0.1234567901234568,0.617283950617284,0.0,3.0,,0.9876543209876544,1.0,0.0,458.0,195.0,67.0,7.0,9.0,,10.0,64.0,0.0,19.6,14.220976332738882,1
['zach' 'abbott'],5,2,Nottingham Forest,300000,0,0,1.8333333333333335,,,0.0,,,,,0.0,44.0,17.0,7.0,1.0,6.0,1.0,4.0,10.0,0.0,19.6,12.611541086966115,2
['bilal' 'el' 'khannouss'],9,5,KRC Genk,30000000,2,2,18.155555555555555,0.22031823745410037,1.4320685434516525,2.0,3.0,0.27539779681762544,2.2031823745410035,8.0,0.0,749.0,554.0,123.0,18.0,20.0,9.0,21.0,55.0,0.0,20.1,17.216707972959764,1
['elye' 'wahi'],3,5,Eintracht Frankfurt,12000000,1,2,3.555555555555556,,1.6874999999999998,0.0,6.0,0.28125,0.8437499999999999,1.0,0.0,66.0,38.0,10.0,1.0,6.0,4.0,1.0,5.0,0.0,23.0,16.300417291085605,2
['jean-luc' 'dompé'],6,5,Hamburger SV,2200000,1,2,12.622222222222224,0.23767605633802813,1.663732394366197,1.0,1.0,,2.6144366197183095,7.0,0.0,232.0,197.0,89.0,21.0,,9.0,4.0,23.0,0.0,27.9,14.603968372873895,1
['tomás' 'händel'],13,0,Red Star Belgrade,7500000,2,4,3.0,,0.6666666666666666,0.0,,0.3333333333333333,0.3333333333333333,1.0,0.0,89.0,51.0,7.0,,,4.0,1.0,13.0,0.0,25.0,15.830413711839864,1
['morgan' 'guilavogui'],12,5,RC Lens,4000000,1,1,5.333333333333334,0.18749999999999997,1.3124999999999998,1.0,3.0,,1.8749999999999998,2.0,0.0,165.0,108.0,22.0,8.0,10.0,12.0,8.0,33.0,1.0,27.8,15.201805169084134,2
['florent' 'hanin'],6,5,Angers SCO,500000,0,1,8.844444444444445,,0.11306532663316582,0.0,,,0.9045226130653266,2.0,0.0,258.0,125.0,46.0,3.0,9.0,8.0,7.0,44.0,0.0,33.7,13.122365377402328,1
['deniz' 'undav'],7,5,VfB Stuttgart,25000000,1,2,24.96666666666667,0.761014686248331,3.604806408544726,4.0,19.0,0.24032042723631508,1.281708945260347,8.0,3.0,454.0,341.0,78.0,9.0,36.0,23.0,14.0,54.0,0.0,27.9,17.034386422832473,2
['gabriel' 'osho'],11,5,Luton Town,3000000,0,1,1.488888888888889,,,0.0,,,,,0.0,69.0,18.0,4.0,,2.0,1.0,2.0,3.0,0.0,25.8,14.914123179965662,1
['felix' 'bacher'],12,3,GD Estoril Praia,2000000,0,4,34.0,0.058823529411764705,0.17647058823529413,1.0,2.0,,0.23529411764705882,,0.0,1598.0,418.0,162.0,10.0,90.0,37.0,30.0,136.0,0.0,25.1,14.508658238524095,1
['vicente' 'gómez'],15,5,AO Xanthi,250000,0,4,27.544444444444444,0.03630496167809601,0.4356595401371521,0.0,,0.14521984671238403,1.0165389269866882,7.0,0.0,1285.0,834.0,161.0,5.0,14.0,37.0,23.0,109.0,1.0,33.8,12.429220196836383,1
['mike' 'de' 'silva'],1,5,SK Beveren,350000,2,4,1.3444444444444446,,1.487603305785124,0.0,1.0,,2.2314049586776856,,0.0,60.0,26.0,1.0,1.0,1.0,,1.0,8.0,0.0,23.8,12.765691290604371,1
['jefferson' 'lerma'],12,5,Crystal Palace,8000000,2,0,17.977777777777778,,0.7787391841779975,0.0,3.0,0.11124845488257107,0.5562422744128553,3.0,1.0,659.0,315.0,61.0,3.0,61.0,23.0,16.0,98.0,1.0,31.1,15.894952224644102,2
['sigamary' 'diarra'],12,5,Valenciennes FC,200000,1,4,0.18888888888888888,,,0.0,,,5.294117647058823,,0.0,11.0,4.0,2.0,1.0,1.0,1.0,,4.0,0.0,34.3,12.206077645517674,1
['charlys'],2,5,Hellas Verona,100000,2,3,,,,,,,,,0.0,,,,,,,,,0.0,20.3,11.51293546492023,1
['emil' 'holm'],16,5,Bologna FC 1909,13000000,0,3,9.522222222222222,0.10501750291715287,1.0501750291715286,1.0,,0.42007001166861146,0.5250875145857643,3.0,0.0,290.0,145.0,52.0,7.0,16.0,19.0,19.0,57.0,0.0,25.6,16.380459992348886,2
['omri' 'gandelman'],12,5,KAA Gent,5000000,2,3,10.244444444444445,0.1952277657266811,0.6832971800433839,1.0,,,0.5856832971800433,1.0,0.0,148.0,100.0,8.0,2.0,49.0,3.0,5.0,20.0,0.0,25.6,15.424948670398354,1
['kieran' 'trippier'],5,1,Newcastle United,2500000,0,0,16.744444444444444,,0.11944260119442601,0.0,,0.059721300597213006,1.5527538155275382,1.0,0.0,831.0,486.0,82.0,4.0,23.0,18.0,13.0,69.0,0.0,35.2,14.731801689838349,2
['federico' 'bernardeschi'],8,5,Toronto FC,6000000,1,3,11.68888888888889,0.25665399239543724,2.224334600760456,1.0,,0.17110266159695817,2.053231939163498,4.0,1.0,438.0,302.0,83.0,21.0,6.0,10.0,6.0,50.0,0.0,29.5,15.607270193858982,1
['adam' 'aznou'],9,5,Everton FC,7000000,0,0,,,,,,,,,0.0,,,,,,,,,0.0,19.5,15.76142084987672,2
['harvey' 'elliott'],5,6,Aston Villa,30000000,2,0,1.2222222222222223,,0.8181818181818181,0.0,,,0.8181818181818181,,0.0,69.0,60.0,10.0,,1.0,2.0,,4.0,0.0,22.7,17.216707972959764,2
['moritz' 'jenz'],7,7,VfL Wolfsburg,5000000,0,2,19.87777777777778,0.05030743432084963,0.10061486864169926,0.0,,,0.10061486864169926,,0.0,909.0,265.0,95.0,,63.0,7.0,22.0,56.0,0.0,26.6,15.424948670398354,2
['joseph' 'nduquidi'],12,2,FC Metz,800000,2,1,0.06666666666666667,,,0.0,,,,,0.0,2.0,1.0,1.0,,,,,,0.0,19.6,13.592368256649284,1
['tanguy' 'ndombélé'],6,5,OGC Nice,3000000,2,1,3.022222222222222,,0.9926470588235294,0.0,1.0,0.33088235294117646,1.3235294117647058,1.0,0.0,70.0,33.0,9.0,1.0,,7.0,1.0,14.0,0.0,29.0,14.914123179965662,2
['nadiem' 'amiri'],7,5,1.FSV Mainz 05,17000000,2,2,23.22222222222222,0.5167464114832536,1.4641148325358853,2.0,4.0,0.0861244019138756,2.626794258373206,16.0,0.0,903.0,616.0,160.0,25.0,12.0,26.0,17.0,110.0,1.0,29.1,16.648723960844016,1
['dominik' 'kohr'],7,7,1.FSV Mainz 05,2000000,2,2,26.055555555555557,0.07675906183368869,0.42217484008528783,1.0,4.0,,0.38379530916844345,3.0,0.0,941.0,403.0,134.0,5.0,40.0,43.0,32.0,94.0,0.0,31.9,14.508658238524095,1
['giacomo' 'raspadori'],8,5,Atlético de Madrid,22000000,1,5,2.511111111111111,,2.3893805309734515,0.0,1.0,0.39823008849557523,1.1946902654867257,2.0,0.0,72.0,47.0,9.0,1.0,3.0,7.0,1.0,13.0,0.0,25.8,16.906553056777135,0
['teddy' 'rowe'],5,5,Aston Villa U18,150000,0,0,,,,,,,,,0.0,,,,,,,,,0.0,17.4,11.918397239722838,1
['dani' 'parejo'],15,5,Villarreal CF,2500000,2,5,14.511111111111111,,0.06891271056661562,0.0,,,1.5160796324655437,3.0,1.0,726.0,384.0,34.0,8.0,8.0,24.0,27.0,62.0,0.0,35.1,14.731801689838349,2
['adrian' 'benedyczak'],12,5,Parma Calcio 1913,2500000,1,3,5.4,0.18518518518518517,1.2962962962962963,1.0,3.0,0.18518518518518517,1.4814814814814814,3.0,0.0,71.0,52.0,10.0,,21.0,6.0,6.0,9.0,0.0,25.1,14.731801689838349,1
['josh' 'cullen'],12,2,Burnley FC,10000000,2,0,16.87777777777778,0.11849901250822908,0.41474654377880177,1.0,,0.11849901250822908,0.65174456879526,4.0,0.0,728.0,351.0,47.0,2.0,17.0,18.0,18.0,73.0,0.0,28.1,16.118095750958314,1
['marcus' 'edwards'],5,8,Burnley FC,8000000,1,0,11.655555555555557,0.08579599618684461,1.1153479504289798,0.0,2.0,0.2573879885605338,1.286939942802669,5.0,0.0,264.0,197.0,96.0,13.0,2.0,18.0,5.0,49.0,0.0,27.0,15.894952224644102,1
['wilfried' 'gnonto'],8,2,Leeds United,18000000,1,0,5.2555555555555555,,0.9513742071881607,0.0,,0.19027484143763213,1.522198731501057,1.0,0.0,154.0,104.0,38.0,5.0,1.0,11.0,13.0,24.0,1.0,19.6,16.705882371415992,2
['samir' 'el' 'mourabet'],9,5,RC Strasbourg Alsace,8000000,2,1,22.72222222222222,0.044009779951100246,0.22004889975550124,0.0,,0.08801955990220049,1.1002444987775062,5.0,0.0,1255.0,530.0,139.0,17.0,9.0,25.0,37.0,125.0,1.0,20.2,15.894952224644102,1
['matheus' 'bueno'],2,5,Guarani Futebol Clube (SP),350000,2,5,2.988888888888889,,0.6691449814126395,0.0,,,0.6691449814126395,,0.0,92.0,50.0,9.0,1.0,1.0,3.0,1.0,9.0,0.0,25.3,12.765691290604371,1
['thomas' 'partey'],12,5,Villarreal CF,5000000,2,5,9.966666666666667,,0.6020066889632107,0.0,,,0.802675585284281,,0.0,452.0,225.0,67.0,7.0,14.0,5.0,6.0,51.0,0.0,32.5,15.424948670398354,2
['romain' 'perraud'],6,5,OGC Nice,5000000,0,1,24.477777777777778,0.12256014525646845,0.8987743985474353,0.0,,0.1634135270086246,1.348161597821153,7.0,0.0,947.0,626.0,205.0,13.0,19.0,42.0,27.0,91.0,1.0,26.7,15.424948670398354,2
['yussuf' 'poulsen'],4,5,RB Leipzig,6000000,1,2,3.566666666666667,0.2803738317757009,1.4018691588785046,1.0,,,0.5607476635514018,1.0,0.0,65.0,46.0,9.0,3.0,38.0,3.0,2.0,12.0,0.0,30.0,15.607270193858982,2
['michel'],2,5,Retired,500000,0,4,3.3444444444444446,,,0.0,,,,,0.0,210.0,49.0,34.0,,6.0,3.0,1.0,10.0,0.0,28.9,13.122365377402328,1
['marc' 'guéhi'],5,9,Crystal Palace,55000000,0,0,34.0,0.08823529411764706,0.7058823529411765,1.0,6.0,0.08823529411764706,0.4411764705882353,5.0,0.0,2023.0,947.0,320.0,7.0,103.0,36.0,30.0,134.0,1.0,25.4,17.822843761378564,2
['fodé' 'doucouré'],12,5,Red Star FC,500000,0,1,12.988888888888889,0.2309666381522669,1.0008554319931566,0.0,2.0,0.07698887938408897,1.2318220701454234,2.0,0.0,327.0,205.0,58.0,5.0,8.0,4.0,20.0,52.0,0.0,22.4,13.122365377402328,1
['jordan' 'teze'],10,5,AS Monaco,12000000,0,1,26.96666666666667,0.037082818294190356,0.4079110012360939,0.0,,0.07416563658838071,1.1866501854140914,6.0,0.0,1090.0,605.0,107.0,3.0,28.0,24.0,43.0,131.0,0.0,26.2,16.300417291085605,1
['amine' 'adli'],9,5,AFC Bournemouth,20000000,1,0,11.833333333333334,0.2535211267605634,1.1830985915492958,2.0,4.0,0.08450704225352113,1.2676056338028168,1.0,0.0,314.0,198.0,58.0,8.0,30.0,22.0,15.0,61.0,1.0,25.6,16.811242881518265,1
['neal' 'maupay'],6,5,Brentford FC,12000000,1,5,8.78888888888889,0.2275600505689001,1.1378002528445006,0.0,2.0,0.11378002528445005,1.3653603034134005,,0.0,143.0,94.0,23.0,3.0,9.0,16.0,2.0,19.0,0.0,27.8,16.300417291085605,2
['alfie' 'pond'],5,5,Wolverhampton Wanderers U21,200000,0,0,,,,,,,,,0.0,,,,,,,,,0.0,21.8,12.206077645517674,1
['gaby' 'jean'],6,5,US Lecce,2000000,0,3,1.7111111111111112,,,0.0,,,,,0.0,79.0,30.0,15.0,,5.0,2.0,3.0,6.0,0.0,25.8,14.508658238524095,1
['euan' 'smith'],12,5,Brechin City FC,75000,2,2,25.711111111111112,0.07778738115816768,0.3500432152117545,0.0,1.0,0.07778738115816768,0.5834053586862575,1.0,1.0,1244.0,531.0,124.0,9.0,30.0,29.0,22.0,132.0,0.0,24.0,11.225256725762893,1
['christoph' 'baumgartner'],12,3,RB Leipzig,18000000,2,2,30.98888888888889,0.41950519899605593,2.258874148440301,3.0,21.0,0.2581570455360344,0.9358192900681247,6.0,0.0,848.0,429.0,126.0,13.0,59.0,33.0,37.0,113.0,0.0,24.8,16.705882371415992,2
['mats' 'wieffer'],10,5,Brighton & Hove Albion,25000000,2,0,20.2,0.09900990099009901,0.6435643564356436,1.0,2.0,0.1485148514851485,0.8415841584158417,4.0,0.0,706.0,367.0,104.0,9.0,41.0,22.0,40.0,101.0,0.0,26.1,17.034386422832473,2
['jarell' 'quansah'],5,1,Bayer 04 Leverkusen,40000000,0,2,25.57777777777778,0.15638575152041703,0.6255430060816681,1.0,5.0,,0.4300608166811468,1.0,0.0,1479.0,715.0,197.0,14.0,41.0,21.0,22.0,98.0,0.0,22.9,17.50439003707821,2
['ante' 'budimir'],12,5,CA Osasuna,3000000,1,5,30.811111111111114,0.5517490082942661,2.7262892174540205,3.0,15.0,,0.421925712225027,1.0,0.0,226.0,149.0,46.0,3.0,114.0,35.0,14.0,44.0,2.0,34.4,14.914123179965662,1
['marc' 'cucurella'],15,5,Chelsea FC,50000000,0,0,28.11111111111111,0.03557312252964427,0.4980237154150198,0.0,1.0,0.1422924901185771,1.2450592885375493,6.0,0.0,1231.0,638.0,151.0,1.0,36.0,26.0,37.0,108.0,0.0,27.4,17.72753358339242,0
['francis' 'coquelin'],6,5,FC Nantes,800000,2,1,7.277777777777778,,0.549618320610687,0.0,,0.13740458015267176,0.4122137404580153,,0.0,256.0,106.0,13.0,5.0,11.0,7.0,13.0,27.0,0.0,34.6,13.592368256649284,1
['kiernan' 'dewsbury-hall'],5,8,Everton FC,28000000,2,0,27.344444444444445,0.2925639983746445,0.987403494514425,2.0,3.0,0.14628199918732224,1.0971149939049167,9.0,0.0,789.0,566.0,155.0,25.0,20.0,43.0,24.0,124.0,0.0,27.3,17.147715103853763,2
['dyego' 'sousa'],13,5,Without Club,50000,2,4,12.922222222222222,0.07738607050730868,1.3155631986242475,1.0,1.0,0.07738607050730868,0.5417024935511607,,0.0,495.0,272.0,89.0,24.0,13.0,15.0,18.0,66.0,0.0,35.7,10.819798284210286,1
['francisco' 'conceição'],13,4,Juventus FC,30000000,1,3,22.533333333333335,0.1331360946745562,1.908284023668639,0.0,10.0,0.17751479289940827,1.6420118343195265,5.0,0.0,714.0,524.0,241.0,54.0,2.0,39.0,25.0,96.0,0.0,23.0,17.216707972959764,0
['carlens' 'arcus'],12,5,Vitesse Arnhem,700000,0,1,22.433333333333334,,0.31203566121842496,0.0,,0.1337295690936107,0.5794947994056463,3.0,0.0,967.0,387.0,142.0,2.0,25.0,16.0,27.0,91.0,0.0,27.9,13.45883704259595,1
['domenico' 'coppola'],8,5,FC Van,100000,0,0,2.1555555555555554,,,0.0,,,,,0.0,101.0,37.0,14.0,1.0,10.0,,2.0,6.0,0.0,23.4,11.51293546492023,1
['thomas' 'meunier'],1,9,LOSC Lille,1800000,0,1,21.22222222222222,0.04712041884816754,0.5654450261780105,0.0,,0.09424083769633508,0.7539267015706806,6.0,0.0,850.0,464.0,148.0,12.0,17.0,3.0,18.0,101.0,0.0,34.3,14.403297778421795,2
['ibrahim' 'sissoko'],3,5,Akhisarspor,200000,2,1,8.933333333333334,,0.33582089552238803,0.0,,,0.44776119402985076,2.0,0.0,257.0,128.0,45.0,7.0,17.0,8.0,7.0,51.0,0.0,29.5,12.206077645517674,1
['iñaki' 'williams'],12,5,Athletic Bilbao,25000000,1,5,22.133333333333333,0.09036144578313253,1.4909638554216869,0.0,11.0,0.18072289156626506,0.8132530120481928,5.0,1.0,328.0,257.0,108.0,9.0,27.0,22.0,9.0,66.0,2.0,30.0,17.034386422832473,1
['justin' 'bourgault'],6,5,Stade Brestois 29,600000,0,1,0.16666666666666669,,5.999999999999999,0.0,,,,,0.0,4.0,2.0,,1.0,1.0,,,,0.0,20.3,13.304686600863562,1
['alessandro' 'vinciguerra'],8,5,Delfino Pescara 1936,400000,1,3,,,,,,,,,0.0,,,,,,,,,0.0,20.3,12.899222326086994,1
['isaac'],2,5,Clube Atlético Mineiro,700000,1,3,0.41111111111111115,,,0.0,,,,,0.0,20.0,15.0,5.0,1.0,1.0,2.0,,3.0,0.0,21.7,13.45883704259595,1
['nabil' 'bentaleb'],12,5,LOSC Lille,5000000,2,1,13.700000000000001,0.145985401459854,0.875912408759124,0.0,,0.145985401459854,0.656934306569343,4.0,0.0,772.0,374.0,74.0,5.0,13.0,18.0,11.0,76.0,0.0,31.1,15.424948670398354,2
['nuno' 'santos'],13,5,Académica Coimbra,50000,0,4,0.6333333333333333,,1.5789473684210527,0.0,,1.5789473684210527,3.1578947368421053,2.0,0.0,32.0,20.0,4.0,,,,,5.0,0.0,37.0,10.819798284210286,1
['ludovic' 'ajorque'],6,5,1.FSV Mainz 05,3000000,1,1,30.366666666666667,0.26344676180021953,1.3830954994511526,3.0,11.0,0.29637760702524696,1.0208562019758507,4.0,0.0,524.0,300.0,52.0,11.0,169.0,54.0,20.0,74.0,1.0,30.3,14.914123179965662,1
['callum' 'hudson-odoi'],5,5,Nottingham Forest,30000000,1,0,20.48888888888889,0.14642082429501083,0.9761388286334055,1.0,1.0,0.1952277657266811,1.952277657266811,5.0,0.0,586.0,484.0,199.0,30.0,3.0,12.0,7.0,68.0,0.0,25.1,17.216707972959764,2
['ibou' 'sané'],14,5,FC Metz,300000,1,1,5.955555555555556,0.16791044776119401,0.8395522388059701,0.0,,0.16791044776119401,0.6716417910447761,1.0,0.0,108.0,75.0,27.0,2.0,5.0,15.0,3.0,15.0,2.0,19.2,12.611541086966115,1
['jessy' 'deminguet'],6,5,RC Strasbourg Alsace,1200000,2,1,22.355555555555558,0.08946322067594432,0.5815109343936381,0.0,1.0,,0.17892644135188865,1.0,0.0,778.0,343.0,92.0,10.0,12.0,32.0,23.0,72.0,1.0,26.4,13.997832948091215,1
['hjalmar' 'ekdal'],16,5,Burnley FC,6000000,0,0,17.1,,0.23391812865497075,0.0,1.0,,0.23391812865497075,,0.0,579.0,157.0,84.0,2.0,52.0,7.0,16.0,49.0,0.0,27.1,15.607270193858982,1
['aleksandr' 'golovin'],12,5,AS Monaco,18000000,2,1,18.455555555555556,0.27092113184828415,1.3546056592414208,2.0,3.0,0.27092113184828415,1.0295003010234798,2.0,0.0,606.0,435.0,115.0,19.0,5.0,18.0,18.0,81.0,0.0,29.5,16.705882371415992,1
['konstantinos' 'mavropanos'],12,5,West Ham United,15000000,0,0,26.08888888888889,0.11499148211243612,0.7282793867120954,1.0,3.0,,0.15332197614991483,,0.0,889.0,318.0,127.0,2.0,76.0,9.0,21.0,92.0,0.0,28.0,16.52356082573315,2
['jakub' 'kiwior'],12,5,FC Porto,27000000,0,0,,,,,,,,,0.0,,,,,,,,,0.0,25.8,17.11134746100564,2
['nicolas' 'höfler'],7,5,SC Freiburg,500000,2,2,3.155555555555556,,1.2676056338028168,0.0,,,,,0.0,103.0,45.0,5.0,1.0,4.0,3.0,7.0,14.0,0.0,35.8,13.122365377402328,1
['ian' 'maatsen'],10,5,Aston Villa,25000000,0,0,16.766666666666666,,0.8349900596421471,0.0,1.0,0.05964214711729623,1.371769383697813,4.0,0.0,585.0,322.0,137.0,20.0,18.0,19.0,30.0,79.0,0.0,23.8,17.034386422832473,2
['vanderson'],2,5,Panserraikos,50000,0,1,6.811111111111112,,0.44045676998368677,0.0,,0.2936378466557912,1.3213703099510603,3.0,0.0,291.0,193.0,44.0,8.0,10.0,2.0,14.0,34.0,0.0,37.7,10.819798284210286,1
['yan' 'couto'],2,2,Borussia Dortmund,20000000,0,2,11.033333333333333,0.18126888217522658,0.6344410876132931,0.0,,0.18126888217522658,1.3595166163141994,4.0,0.0,375.0,265.0,86.0,13.0,2.0,13.0,16.0,48.0,0.0,23.5,16.811242881518265,2
['warren' 'bondo'],6,5,AC Monza,6000000,2,3,19.655555555555555,,0.25438100621820237,0.0,,,0.15262860373092144,,0.0,697.0,288.0,107.0,15.0,6.0,33.0,14.0,82.0,0.0,20.7,15.607270193858982,1
['eddy' 'kouadio'],8,5,ACF Fiorentina,2500000,0,3,0.7777777777777778,,,0.0,,,1.2857142857142856,,0.0,21.0,4.0,3.0,1.0,,1.0,3.0,1.0,0.0,19.6,14.731801689838349,2
['noah' 'katterbach'],7,5,Hamburger SV,600000,0,2,,,,,,,,,0.0,,,,,,,,,0.0,23.1,13.304686600863562,1
['lanroy' 'machine'],6,8,Angers SCO,700000,1,1,5.477777777777778,0.18255578093306288,2.1906693711967544,0.0,3.0,,0.7302231237322515,,0.0,90.0,56.0,24.0,5.0,10.0,5.0,4.0,13.0,0.0,20.2,13.45883704259595,1
['dante'],2,5,OGC Nice,500000,0,1,8.466666666666667,,0.47244094488188976,0.0,,0.11811023622047244,,,0.0,364.0,111.0,39.0,1.0,13.0,4.0,5.0,35.0,0.0,42.2,13.122365377402328,2
['marcel' 'sabitzer'],12,5,Borussia Dortmund,7000000,2,2,20.244444444444444,0.04939626783754117,0.6915477497255763,0.0,,0.09879253567508234,0.6421514818880352,4.0,0.0,664.0,447.0,61.0,3.0,16.0,17.0,17.0,66.0,0.0,31.8,15.76142084987672,2
['miguel' 'rubio'],15,5,Granada CF,1500000,0,5,2.2,0.45454545454545453,0.9090909090909091,0.0,,,,,0.0,56.0,12.0,5.0,1.0,14.0,1.0,1.0,7.0,0.0,26.2,14.220976332738882,1
['natan'],2,5,SSC Napoli,12000000,0,5,29.344444444444445,,0.23854600530102232,0.0,,,0.23854600530102232,,0.0,1184.0,292.0,155.0,3.0,66.0,11.0,18.0,93.0,0.0,23.3,16.300417291085605,0
['james' 'sands'],12,8,New York City FC,2500000,2,2,21.566666666666666,0.04636785162287481,0.6027820710973725,0.0,,,0.46367851622874806,2.0,0.0,665.0,367.0,49.0,2.0,61.0,38.0,22.0,84.0,0.0,23.1,14.731801689838349,1
['tom' 'carroll'],5,5,Without Club,1000000,0,0,,,,,,,,,0.0,,,,,,,,,0.0,30.8,13.815511557963774,1
['anthony' 'rouault'],6,5,Stade Rennais FC,9000000,0,1,18.155555555555555,0.05507955936352509,0.33047735618115054,0.0,4.0,,0.33047735618115054,,0.0,1032.0,362.0,139.0,3.0,44.0,8.0,13.0,57.0,0.0,24.5,16.012735246411598,2
['gustavo' 'assunção'],2,5,FC Famalicão,1500000,2,4,7.655555555555556,,0.2612481857764877,0.0,,,0.2612481857764877,1.0,0.0,257.0,106.0,32.0,6.0,4.0,6.0,8.0,29.0,0.0,24.2,14.220976332738882,1
['domagoj' 'bradarić'],12,2,US Salernitana 1919,5000000,0,3,21.61111111111111,,0.41645244215938304,0.0,1.0,0.04627249357326478,1.2030848329048844,4.0,0.0,396.0,227.0,88.0,7.0,7.0,10.0,18.0,75.0,0.0,24.5,15.424948670398354,1
['dilane' 'bakwa'],6,5,Nottingham Forest,32000000,1,0,6.133333333333334,,1.141304347826087,0.0,1.0,0.32608695652173914,1.467391304347826,2.0,0.0,155.0,111.0,52.0,8.0,1.0,14.0,3.0,28.0,0.0,23.3,17.281246492014,2
['gonçalo' 'inácio'],13,0,Sporting CP,45000000,0,4,27.844444444444445,0.07182761372705507,0.2154828411811652,0.0,,0.1077414205905826,0.5027932960893855,3.0,0.0,2237.0,983.0,388.0,8.0,52.0,23.0,26.0,146.0,1.0,24.3,17.622173069956816,2
['junior' 'fernandes'],12,5,Adanaspor,175000,1,4,11.244444444444445,0.08893280632411066,0.6225296442687747,0.0,1.0,0.266798418972332,1.600790513833992,7.0,0.0,176.0,140.0,60.0,14.0,4.0,32.0,9.0,38.0,0.0,35.5,12.07254696717504,1
['gaëtan' 'perrin'],6,5,AJ Auxerre,2000000,1,1,3.611111111111111,0.27692307692307694,1.6615384615384614,0.0,,,2.769230769230769,1.0,0.0,94.0,77.0,29.0,9.0,,1.0,8.0,13.0,0.0,27.4,14.508658238524095,1
['el' 'chadaille' 'bitshiabu'],6,5,RB Leipzig,15000000,0,2,7.266666666666667,,0.27522935779816515,0.0,,,0.27522935779816515,,0.0,520.0,171.0,54.0,,10.0,,6.0,28.0,0.0,20.6,16.52356082573315,2
['rafik' 'guitane'],12,5,GD Estoril Praia,3500000,2,4,20.400000000000002,0.14705882352941174,1.0784313725490196,1.0,2.0,0.24509803921568624,1.7156862745098038,8.0,0.0,629.0,445.0,226.0,79.0,2.0,46.0,10.0,76.0,0.0,26.6,15.068273812173887,1
['mostafa' 'mohamed'],12,5,FC Nantes,4000000,1,1,12.78888888888889,0.31277150304083406,2.189400521285838,1.0,2.0,,0.7037358818418766,2.0,0.0,117.0,57.0,22.0,3.0,52.0,27.0,8.0,30.0,0.0,28.0,15.201805169084134,1
['santiago' 'pierotti'],0,5,US Lecce,2500000,1,3,27.26666666666667,0.036674816625916866,0.7334963325183373,0.0,5.0,0.036674816625916866,0.7334963325183373,2.0,0.0,462.0,317.0,144.0,36.0,49.0,21.0,48.0,146.0,0.0,23.2,14.731801689838349,1
['leart' 'paçarada'],12,5,1.FC Köln,1500000,0,2,0.07777777777777778,,,0.0,,,,,0.0,2.0,1.0,,,,,,,0.0,29.6,14.220976332738882,1
['fernando' 'calero'],15,5,RCD Espanyol Barcelona,2500000,0,5,22.6,,0.48672566371681414,0.0,4.0,,0.1327433628318584,1.0,0.0,1013.0,201.0,111.0,2.0,37.0,9.0,17.0,79.0,0.0,28.1,14.731801689838349,0
['chris' 'richards'],12,5,Crystal Palace,25000000,0,0,31.07777777777778,0.0321773328566321,0.2574186628530568,0.0,1.0,,0.2895959957096889,1.0,0.0,1238.0,420.0,112.0,4.0,105.0,4.0,35.0,64.0,0.0,25.7,17.034386422832473,2
['vasilije' 'adžić'],12,5,Juventus FC,8000000,2,3,1.8111111111111111,0.5521472392638037,2.7607361963190185,1.0,,,2.208588957055215,,0.0,86.0,52.0,9.0,1.0,1.0,2.0,2.0,15.0,0.0,19.6,15.894952224644102,0
['yerson' 'mosquera'],12,5,Wolverhampton Wanderers,10000000,0,0,21.8,,0.8715596330275229,0.0,3.0,,0.5045871559633027,1.0,0.0,618.0,222.0,68.0,9.0,44.0,40.0,35.0,87.0,0.0,24.6,16.118095750958314,2
['ollie' 'watkins'],5,5,Aston Villa,30000000,1,0,30.68888888888889,0.4561911658218682,1.8573497465604634,2.0,19.0,0.09775524981897175,0.6517016654598117,4.0,0.0,332.0,239.0,107.0,24.0,33.0,31.0,13.0,49.0,0.0,29.9,17.216707972959764,2
['derek' 'cornelius'],12,5,Rangers FC,4000000,0,1,0.6333333333333333,,,0.0,,,,,0.0,12.0,2.0,,,,2.0,,,0.0,28.0,15.201805169084134,1
['thiago' 'silva'],2,5,Chelsea FC,1000000,0,4,6.4,,0.46875,0.0,,,0.3125,1.0,0.0,479.0,228.0,91.0,1.0,17.0,4.0,1.0,27.0,0.0,39.7,13.815511557963774,0
['shuto' 'machino'],12,5,Borussia Mönchengladbach,7000000,1,2,11.811111111111112,0.2539981185324553,1.6933207902163687,0.0,3.0,0.08466603951081843,1.1006585136406397,,0.0,208.0,116.0,31.0,3.0,32.0,11.0,4.0,31.0,0.0,26.2,15.76142084987672,2
['simon' 'ebonog'],6,5,AC Le Havre B,100000,2,1,19.37777777777778,0.05160550458715596,0.7740825688073394,0.0,,,0.3612385321100917,1.0,1.0,367.0,209.0,109.0,17.0,23.0,34.0,20.0,109.0,0.0,19.8,11.51293546492023,1
['fredrik' 'oppegård'],12,5,AJ Auxerre,600000,0,1,13.866666666666667,,0.3605769230769231,0.0,,,0.7932692307692307,1.0,0.0,313.0,205.0,80.0,9.0,,8.0,18.0,45.0,0.0,23.4,13.304686600863562,1
['dan' 'burn'],5,5,Newcastle United,5000000,0,0,23.333333333333336,0.04285714285714285,0.3,1.0,1.0,0.0857142857142857,0.1714285714285714,,0.0,781.0,263.0,88.0,2.0,96.0,12.0,25.0,72.0,1.0,33.6,15.424948670398354,2
['simone' 'canestrelli'],8,1,Como 1907,900000,0,3,34.56666666666667,0.028929604628736737,0.3182256509161041,0.0,2.0,,0.2892960462873674,1.0,0.0,945.0,304.0,113.0,3.0,93.0,21.0,23.0,93.0,0.0,22.7,13.710151153416941,1
['franco' 'cervi'],0,8,Celta de Vigo,1500000,2,5,,,,,,,,,0.0,,,,,,,,,0.0,30.0,14.220976332738882,1
['manuel' 'friedrich'],7,5,Without Club,500000,0,2,1.6444444444444446,,,0.0,,,,,0.0,84.0,20.0,10.0,,5.0,2.0,3.0,5.0,0.0,34.0,13.122365377402328,1
['dominic' 'calvert-lewin'],5,5,Leeds United,15000000,1,0,28.522222222222222,0.45578496299181925,2.243864433190495,1.0,19.0,0.03506038176860148,0.5960264900662252,2.0,0.0,246.0,181.0,48.0,6.0,122.0,37.0,4.0,43.0,2.0,28.7,16.52356082573315,2
['billal' 'brahimi'],12,5,Santos FC,1500000,1,1,0.011111111111111112,,,0.0,,,90.0,,0.0,3.0,3.0,,,,,,,0.0,25.7,14.220976332738882,1
['maximilian' 'philipp'],7,5,SC Freiburg,600000,1,2,0.3,,,0.0,,,,,0.0,4.0,3.0,,,,,1.0,,0.0,31.8,13.304686600863562,1
['nico' 'varela'],12,5,FC Noah Yerevan,125000,0,4,0.6444444444444445,,,0.0,,,,,0.0,3.0,3.0,1.0,,,2.0,1.0,1.0,0.0,32.5,11.736077016252437,1
['rabby' 'nzingoula'],6,5,RC Strasbourg Alsace,2000000,2,1,0.5444444444444445,,,0.0,,,1.8367346938775508,,0.0,16.0,6.0,5.0,1.0,,2.0,1.0,,0.0,20.1,14.508658238524095,1
['andoni' 'gorosabel'],15,5,Deportivo Alavés,5000000,0,5,13.588888888888889,,0.3679476696647588,0.0,,0.07358953393295176,0.8094848732624693,1.0,0.0,421.0,249.0,56.0,12.0,12.0,11.0,23.0,41.0,0.0,27.8,15.424948670398354,1
['robert' 'skov'],4,5,1.FC Union Berlin,3000000,2,2,2.477777777777778,,0.40358744394618834,0.0,,,0.40358744394618834,,0.0,42.0,27.0,15.0,3.0,1.0,3.0,6.0,13.0,0.0,29.6,14.914123179965662,1
['pierrick' 'capelle'],6,5,Angers SCO,250000,2,1,6.333333333333334,,0.7894736842105262,0.0,1.0,0.15789473684210525,0.631578947368421,1.0,0.0,155.0,87.0,25.0,3.0,5.0,11.0,13.0,31.0,0.0,36.2,12.429220196836383,1
['pablo' 'ibáñez'],15,5,Deportivo Alavés,3000000,2,5,23.91111111111111,0.041821561338289966,1.2964684014869887,0.0,3.0,0.041821561338289966,0.7527881040892194,1.0,0.0,845.0,508.0,149.0,31.0,26.0,64.0,32.0,119.0,0.0,27.2,14.914123179965662,1
['thomas' 'keller'],7,5,1.FC Heidenheim 1846,600000,2,2,2.077777777777778,,0.48128342245989303,0.0,,,,,0.0,99.0,24.0,10.0,1.0,4.0,2.0,1.0,7.0,0.0,26.4,13.304686600863562,1
['edney'],2,5,Portimonense SAD,300000,0,4,0.5,,,0.0,,,,,0.0,9.0,3.0,,,1.0,4.0,,1.0,0.0,21.4,12.611541086966115,1
['sebastian' 'otoa'],4,8,Genoa CFC,2500000,0,3,8.211111111111112,,0.24357239512855205,0.0,,,,,0.0,267.0,72.0,31.0,3.0,21.0,12.0,9.0,29.0,0.0,21.6,14.731801689838349,2
['amadou' 'haidara'],12,6,RB Leipzig,20000000,2,2,,,,,,,,,0.0,,,,,,,,,0.0,26.3,16.811242881518265,2
['hugo' 'magnetti'],6,1,Stade Brestois 29,7000000,2,1,29.77777777777778,0.033582089552238806,0.43656716417910446,1.0,,0.033582089552238806,0.5373134328358209,2.0,1.0,938.0,443.0,125.0,17.0,13.0,33.0,42.0,162.0,0.0,26.0,15.76142084987672,1
['mason' 'greenwood'],5,5,Olympique Marseille,50000000,1,1,26.433333333333334,0.605296343001261,3.139974779319042,6.0,4.0,0.22698612862547288,1.853720050441362,12.0,2.0,993.0,746.0,231.0,49.0,2.0,32.0,13.0,76.0,1.0,24.2,17.72753358339242,2
['joão' 'veloso'],13,5,SL Benfica,1500000,2,4,0.022222222222222223,,,0.0,,,,,0.0,4.0,3.0,,,,,,,0.0,20.5,14.220976332738882,1
['benoît' 'badiashile'],6,5,Chelsea FC,18000000,0,0,5.233333333333333,,,0.0,,,,,0.0,408.0,100.0,27.0,,8.0,2.0,4.0,16.0,0.0,24.7,16.705882371415992,0
['amath' 'ndiaye'],14,5,Real Valladolid CF,1500000,2,4,,,,,,,,,0.0,,,,,,,,,0.0,27.9,14.220976332738882,1
['rafael' 'leão'],13,5,AC Milan,90000000,1,3,20.41111111111111,0.4409363091997823,2.2046815459989113,3.0,10.0,0.14697876973326074,0.8328796951551443,9.0,0.0,478.0,348.0,130.0,25.0,28.0,34.0,3.0,43.0,0.0,25.0,18.31532023940565,0
['mattéo' 'guendouzi'],6,5,SS Lazio,25000000,2,3,15.88888888888889,0.12587412587412586,0.8811188811188811,2.0,1.0,0.06293706293706293,0.8811188811188811,1.0,0.0,644.0,394.0,63.0,8.0,6.0,21.0,7.0,62.0,0.0,25.1,17.034386422832473,2
['yann' 'gboho'],6,5,FC Toulouse,12000000,1,1,28.977777777777778,0.27607361963190186,1.1733128834355828,0.0,3.0,0.10352760736196319,1.8289877300613497,3.0,1.0,655.0,508.0,290.0,77.0,2.0,69.0,17.0,147.0,0.0,24.9,16.300417291085605,1
['abdoulaye' 'faye'],14,5,Hull City,250000,0,1,15.066666666666666,,0.4646017699115044,0.0,1.0,,0.06637168141592921,,0.0,683.0,203.0,75.0,7.0,32.0,14.0,21.0,48.0,0.0,35.9,12.429220196836383,1
['morgan' 'sanson'],6,5,OGC Nice,4000000,2,1,18.733333333333334,,0.6405693950177935,0.0,5.0,0.10676156583629892,0.48042704626334515,3.0,0.0,494.0,267.0,103.0,23.0,14.0,20.0,20.0,85.0,0.0,31.3,15.201805169084134,2
['enzo' 'barrenechea'],0,5,SL Benfica,15000000,2,4,19.977777777777778,0.05005561735261402,0.6006674082313682,0.0,,,0.3503893214682981,1.0,0.0,1292.0,727.0,125.0,3.0,30.0,31.0,29.0,109.0,0.0,24.6,16.52356082573315,1
['oumar' 'solet'],6,9,Red Bull Salzburg,17000000,0,3,30.900000000000002,0.0970873786407767,0.7119741100323624,0.0,3.0,0.032362459546925564,0.6472491909385113,3.0,1.0,1709.0,645.0,333.0,37.0,49.0,28.0,50.0,155.0,0.0,23.3,16.648723960844016,1
['lucas' 'joão'],12,5,Reading FC,1200000,1,4,2.666666666666667,,2.9999999999999996,0.0,1.0,0.37499999999999994,0.7499999999999999,,0.0,56.0,36.0,5.0,3.0,18.0,3.0,4.0,14.0,0.0,29.7,13.997832948091215,1
['joël' 'piroe'],12,5,Leeds United,12000000,1,0,2.4222222222222225,,2.477064220183486,0.0,1.0,,0.4128440366972477,,0.0,76.0,43.0,6.0,1.0,4.0,,1.0,8.0,0.0,24.2,16.300417291085605,2
['robin' 'hack'],7,5,Borussia Mönchengladbach,12000000,2,2,3.522222222222222,0.28391167192429023,2.271293375394322,0.0,,,3.406940063091483,1.0,1.0,102.0,80.0,32.0,3.0,1.0,3.0,2.0,15.0,0.0,27.3,16.300417291085605,2
['julien' 'le' 'cardinal'],6,5,Stade Brestois 29,1500000,0,1,3.6333333333333333,0.27522935779816515,1.3761467889908257,0.0,,,0.27522935779816515,,0.0,118.0,24.0,12.0,,14.0,4.0,4.0,7.0,0.0,26.8,14.220976332738882,1
['anthony' 'elanga'],16,5,Newcastle United,50000000,1,0,14.266666666666667,,0.7710280373831775,0.0,1.0,0.07009345794392523,0.9813084112149533,2.0,0.0,335.0,256.0,107.0,13.0,13.0,23.0,11.0,31.0,0.0,23.6,17.72753358339242,2
['michael' 'kayode'],8,5,ACF Fiorentina,25000000,0,0,34.266666666666666,0.029182879377431907,0.14591439688715954,0.0,1.0,0.029182879377431907,0.933852140077821,4.0,1.0,922.0,401.0,173.0,50.0,41.0,48.0,42.0,155.0,0.0,19.9,17.034386422832473,2
['bernard' 'mendy'],6,5,Chennaiyin FC,150000,2,5,17.98888888888889,0.05558987029030265,0.5558987029030265,0.0,,,0.5003088326127239,,0.0,565.0,258.0,60.0,10.0,16.0,27.0,23.0,93.0,0.0,35.2,11.918397239722838,1
['jaydon' 'banel'],10,5,Burnley FC U21,1000000,1,0,0.1,,,0.0,,,,,0.0,4.0,3.0,,,,1.0,,,0.0,21.1,13.815511557963774,1
['justin' 'njinmah'],7,7,SV Werder Bremen,7000000,1,2,21.72222222222222,0.23017902813299235,2.163682864450128,1.0,6.0,,0.7365728900255755,1.0,0.0,336.0,217.0,121.0,21.0,17.0,25.0,14.0,49.0,0.0,25.1,15.76142084987672,1
['filipe' 'soares'],13,5,CD Nacional,700000,2,4,8.344444444444445,0.11984021304926763,0.47936085219707053,0.0,,,1.0785619174434087,1.0,0.0,268.0,183.0,48.0,10.0,9.0,12.0,7.0,54.0,0.0,26.6,13.45883704259595,1
['alessandro' 'deiola'],8,5,Cagliari Calcio,1600000,2,3,14.322222222222223,,0.9076803723816912,0.0,4.0,0.13964313421256788,0.27928626842513576,,0.0,444.0,164.0,31.0,3.0,8.0,12.0,20.0,45.0,0.0,30.4,14.285514812209815,1
['tomás' 'esteves'],13,4,Pisa Sporting Club,1100000,0,3,0.14444444444444446,,,0.0,,,,,0.0,4.0,2.0,,,1.0,,,,0.0,21.2,13.910821646859095,1
['calvin' 'verdonk'],12,5,LOSC Lille,3000000,0,1,8.233333333333334,,0.24291497975708498,0.0,,,0.9716599190283399,1.0,0.0,414.0,203.0,42.0,,12.0,3.0,9.0,42.0,0.0,28.6,14.914123179965662,2
['adam' 'buksa'],12,5,Udinese Calcio,4000000,1,3,8.777777777777779,0.34177215189873417,0.9113924050632911,2.0,2.0,,1.2531645569620251,2.0,0.0,97.0,76.0,19.0,2.0,50.0,16.0,8.0,17.0,0.0,29.4,15.201805169084134,1
['max' 'scholze'],7,5,FC Bayern Munich II,700000,0,4,8.1,,0.2469135802469136,0.0,,,0.8641975308641976,1.0,0.0,236.0,94.0,51.0,13.0,5.0,10.0,21.0,54.0,0.0,19.2,13.45883704259595,1
['sandro' 'tonali'],8,5,Newcastle United,75000000,2,0,27.666666666666668,,0.6867469879518072,0.0,1.0,0.07228915662650602,1.0481927710843373,6.0,0.0,1282.0,734.0,169.0,19.0,12.0,42.0,25.0,143.0,0.0,25.6,18.132998684833918,2
['levi' 'colwill'],5,5,Chelsea FC,50000000,0,0,1.5,,,0.0,,,,,0.0,114.0,41.0,12.0,,4.0,1.0,1.0,4.0,0.0,22.8,17.72753358339242,0
['patrick' 'dorgu'],4,1,Manchester United,30000000,0,0,15.366666666666667,0.19522776572668113,1.1713665943600868,1.0,2.0,0.19522776572668113,1.4316702819956615,5.0,0.0,370.0,224.0,108.0,11.0,42.0,45.0,31.0,76.0,0.0,21.1,17.216707972959764,0
['andreas' 'schjelderup'],12,5,SL Benfica,14000000,1,4,19.255555555555556,0.363531448355453,1.194460473167917,2.0,5.0,0.259665320253895,1.8695903058280439,9.0,0.0,509.0,411.0,193.0,36.0,6.0,38.0,14.0,70.0,2.0,21.5,16.454567959008102,1
['martín' 'zubimendi'],15,5,Real Sociedad,50000000,2,0,32.333333333333336,0.15463917525773194,0.5876288659793814,4.0,2.0,0.03092783505154639,0.5257731958762886,1.0,0.0,1629.0,900.0,203.0,7.0,65.0,14.0,38.0,113.0,0.0,25.3,17.72753358339242,2
['lorenzo' 'pellegrini'],8,5,AS Roma,9000000,2,3,16.38888888888889,0.24406779661016947,1.464406779661017,2.0,3.0,0.12203389830508474,1.5864406779661016,4.0,0.0,526.0,401.0,87.0,5.0,21.0,39.0,4.0,51.0,0.0,29.5,16.012735246411598,2
['agus' 'garcía'],15,5,ATK,225000,2,2,29.733333333333334,0.10089686098654709,0.6390134529147982,0.0,1.0,0.26905829596412556,1.412556053811659,15.0,1.0,2819.0,1601.0,253.0,4.0,10.0,19.0,19.0,136.0,0.0,34.7,12.323860125621126,1
['jon' 'aramburu'],12,5,Real Sociedad,5000000,0,5,29.944444444444446,0.03339517625231911,0.5677179962894249,1.0,2.0,,0.3339517625231911,,0.0,1008.0,522.0,113.0,11.0,48.0,43.0,62.0,113.0,0.0,22.0,15.424948670398354,2
['diego' 'lópez'],15,5,Rayo Vallecano,300000,1,5,18.177777777777777,0.22004889975550124,0.8251833740831296,0.0,4.0,,0.8251833740831296,3.0,0.0,363.0,245.0,82.0,13.0,24.0,32.0,14.0,69.0,0.0,41.6,12.611541086966115,1
['tommaso' 'barbieri'],8,5,Juventus Next Gen,1200000,0,3,18.177777777777777,,0.4400977995110025,0.0,1.0,0.05501222493887531,0.4951100244498778,2.0,0.0,386.0,220.0,104.0,16.0,23.0,26.0,27.0,55.0,0.0,20.8,13.997832948091215,1
['mattia' 'valoti'],8,5,US Cremonese,600000,2,3,,,,,,,,,0.0,,,,,,,,,0.0,32.3,13.304686600863562,1
['julián' 'araujo'],12,2,AFC Bournemouth,10000000,0,0,,,,,,,,,0.0,,,,,,,,,0.0,24.3,16.118095750958314,1
['romain' 'faivre'],6,5,AFC Bournemouth,15000000,2,0,,,,,,,,,0.0,,,,,,,,,0.0,25.9,16.52356082573315,1
['moussa' 'koné'],3,5,Without Club,150000,2,3,27.122222222222224,0.07374027038099139,0.44244162228594835,2.0,1.0,0.11061040557148709,0.8111429741909053,4.0,0.0,1231.0,776.0,184.0,29.0,27.0,53.0,27.0,127.0,0.0,33.1,11.918397239722838,1
['ismael' 'bekhoucha'],9,5,Getafe CF,300000,0,5,1.3333333333333335,,,0.0,,0.7499999999999999,,1.0,0.0,12.0,12.0,4.0,2.0,,3.0,5.0,4.0,0.0,21.1,12.611541086966115,1
['arturo' 'calabresi'],8,5,Pisa Sporting Club,1100000,0,3,15.988888888888889,,0.1250868658790827,0.0,,,0.2501737317581654,,0.0,389.0,136.0,47.0,2.0,18.0,23.0,9.0,53.0,1.0,27.2,13.910821646859095,1
['eduardo' 'camavinga'],6,2,Real Madrid,50000000,2,5,16.733333333333334,0.0597609561752988,0.597609561752988,0.0,,,0.896414342629482,2.0,0.0,989.0,568.0,96.0,13.0,10.0,31.0,38.0,83.0,0.0,23.1,17.72753358339242,0
['frank' 'anguissa'],12,5,SSC Napoli,25000000,2,3,13.955555555555556,0.28662420382165604,1.4331210191082802,2.0,1.0,0.07165605095541401,0.8598726114649682,1.0,0.0,618.0,336.0,52.0,9.0,32.0,18.0,14.0,71.0,1.0,30.1,17.034386422832473,0
['haris' 'belkebla'],12,5,Ohod Club,2500000,2,1,31.0,,0.0967741935483871,0.0,,,0.5161290322580645,,0.0,1074.0,448.0,94.0,18.0,19.0,54.0,45.0,143.0,1.0,29.7,14.731801689838349,1
['ghislain' 'konan'],3,5,Al-Fayha FC,6500000,0,4,29.566666666666666,,0.47350620067643745,0.0,1.0,,0.6764374295377678,2.0,0.0,983.0,516.0,274.0,51.0,28.0,26.0,27.0,168.0,0.0,27.8,15.687312888712007,1
['antoine' 'bernede'],6,9,Hellas Verona,3500000,2,3,25.22222222222222,0.039647577092511016,0.5550660792951542,0.0,1.0,0.07929515418502203,1.1101321585903083,3.0,0.0,677.0,425.0,142.0,17.0,13.0,19.0,36.0,142.0,0.0,26.6,15.068273812173887,1
['radu' 'drăgușin'],12,8,Tottenham Hotspur,25000000,0,0,5.711111111111111,,0.5252918287937743,0.0,,,,,0.0,186.0,45.0,22.0,1.0,17.0,1.0,2.0,14.0,0.0,22.3,17.034386422832473,0
['pathé' 'ciss'],14,5,Rayo Vallecano,2000000,2,5,20.844444444444445,0.09594882729211088,0.8155650319829424,0.0,6.0,,0.5277185501066098,,0.0,997.0,398.0,129.0,9.0,33.0,12.0,33.0,109.0,0.0,31.7,14.508658238524095,1
['zaid' 'romero'],0,5,Club Brugge KV,2000000,0,5,13.0,0.07692307692307693,0.46153846153846156,0.0,,,0.07692307692307693,,0.0,246.0,98.0,59.0,12.0,23.0,6.0,17.0,68.0,0.0,26.0,14.508658238524095,1
['koke'],15,5,Atlético de Madrid,7000000,2,5,22.666666666666668,0.08823529411764705,0.30882352941176466,1.0,,0.08823529411764705,1.2794117647058822,3.0,0.0,1621.0,877.0,170.0,3.0,13.0,19.0,27.0,116.0,0.0,33.9,15.76142084987672,0
['arsen' 'zakharyan'],12,5,Real Sociedad,18000000,2,5,4.344444444444445,,1.8414322250639383,0.0,2.0,,2.071611253196931,2.0,0.0,145.0,109.0,23.0,,2.0,2.0,4.0,14.0,0.0,21.0,16.705882371415992,2
['hauke' 'wahl'],7,5,FC St. Pauli,1500000,0,2,28.78888888888889,0.0694712466229255,0.31262060980316475,0.0,1.0,0.03473562331146275,0.17367811655731377,1.0,0.0,1371.0,520.0,193.0,2.0,55.0,13.0,25.0,115.0,0.0,31.7,14.220976332738882,1
['federico' 'valverde'],12,8,Real Madrid,120000000,2,5,29.511111111111113,0.1694277108433735,1.355421686746988,2.0,1.0,0.2710843373493976,1.1859939759036144,8.0,0.0,1627.0,1079.0,196.0,22.0,22.0,13.0,25.0,138.0,0.0,27.4,18.603002309079653,0
['sergi' 'darder'],15,5,RCD Mallorca,3500000,2,5,27.87777777777778,0.03587086488640893,0.968513351933041,0.0,2.0,0.17935432443204463,1.8294141092068552,12.0,1.0,870.0,581.0,175.0,34.0,6.0,28.0,12.0,115.0,0.0,32.0,15.068273812173887,1
['paul' 'pogba'],6,5,Juventus FC,15000000,2,1,1.277777777777778,,0.7826086956521738,0.0,,,,,0.0,88.0,55.0,20.0,,5.0,1.0,4.0,18.0,0.0,30.3,16.52356082573315,0
['ilan' 'kebbal'],12,5,Paris FC,2000000,2,1,24.511111111111113,0.3671804170444243,1.6319129646418857,1.0,4.0,0.16319129646418856,2.2030825022665455,7.0,0.0,1220.0,769.0,249.0,32.0,2.0,61.0,17.0,129.0,1.0,24.9,14.508658238524095,1
['antonio' 'rüdiger'],7,5,Real Madrid,25000000,0,5,15.577777777777778,0.06419400855920114,0.6419400855920114,0.0,1.0,,0.12838801711840228,1.0,1.0,1030.0,373.0,112.0,,28.0,1.0,6.0,56.0,0.0,31.3,17.034386422832473,0
['jean-kévin' 'duverne'],12,5,FC Nantes,3500000,0,1,,,,,,,,,0.0,,,,,,,,,0.0,26.9,15.068273812173887,1
['renan'],2,5,Vancouver FC,25000,0,4,,,,,,,,,0.0,,,,,,,,,0.0,37.4,10.12667110305036,1
"[""hianga'a"" 'mbock']",6,5,SM Caen,700000,2,1,,,,,,,,,0.0,,,,,,,,,0.0,24.5,13.45883704259595,1
['malick' 'thiaw'],7,9,AC Milan,25000000,0,0,30.933333333333334,0.12931034482758622,0.646551724137931,0.0,6.0,,0.1939655172413793,1.0,0.0,1413.0,538.0,224.0,8.0,112.0,10.0,29.0,110.0,0.0,22.8,17.034386422832473,0
['noah' 'sadiki'],12,5,Union Saint-Gilloise,5000000,2,0,30.3,,0.297029702970297,0.0,1.0,0.033003300330033,0.528052805280528,,0.0,889.0,469.0,167.0,26.0,11.0,37.0,24.0,105.0,0.0,19.5,15.424948670398354,1
['osame' 'sahraoui'],9,5,LOSC Lille,10000000,1,1,5.188888888888889,0.19271948608137043,1.3490364025695931,0.0,1.0,0.38543897216274087,1.3490364025695931,2.0,1.0,203.0,151.0,51.0,15.0,,24.0,3.0,19.0,0.0,24.5,16.118095750958314,2
['rodrigo' 'zalazar'],12,5,SC Braga,20000000,2,4,21.6,0.7407407407407407,2.314814814814815,3.0,3.0,0.23148148148148145,1.4814814814814814,8.0,0.0,813.0,636.0,179.0,50.0,36.0,49.0,12.0,81.0,0.0,26.4,16.811242881518265,1
['eric' 'martel'],7,5,1.FC Köln,7500000,2,2,28.48888888888889,0.07020280811232449,0.42121684867394693,0.0,3.0,0.07020280811232449,0.4563182527301092,4.0,0.0,1224.0,484.0,99.0,2.0,92.0,51.0,27.0,106.0,0.0,22.1,15.830413711839864,1
['cedric' 'teguia'],15,0,Moreirense FC,800000,1,4,9.433333333333334,,0.6360424028268551,0.0,2.0,,1.3780918727915195,1.0,0.0,203.0,122.0,35.0,9.0,12.0,10.0,7.0,40.0,0.0,24.2,13.592368256649284,1
['sean' 'longstaff'],5,5,Leeds United,18000000,2,0,10.844444444444445,0.1844262295081967,1.1987704918032787,0.0,1.0,0.1844262295081967,2.1209016393442623,6.0,0.0,369.0,205.0,36.0,2.0,9.0,17.0,22.0,41.0,0.0,28.1,16.705882371415992,2
['patrick' 'cutrone'],8,5,Parma Calcio 1913,5000000,1,3,9.9,0.10101010101010101,1.7171717171717171,0.0,5.0,,0.30303030303030304,2.0,0.0,115.0,87.0,29.0,4.0,10.0,16.0,1.0,21.0,0.0,28.0,15.424948670398354,1
['pablo' 'marín'],15,5,Real Sociedad B,1500000,2,5,15.355555555555556,,0.4558610709117221,0.0,2.0,0.06512301013024602,0.6512301013024602,2.0,0.0,278.0,166.0,66.0,15.0,8.0,20.0,16.0,53.0,1.0,21.0,14.220976332738882,1
['lilian' 'raolisoa'],6,5,Angers SCO,600000,0,1,20.855555555555558,0.09589770911028235,0.4794885455514118,1.0,,0.1917954182205647,0.8151305274374,8.0,0.0,457.0,268.0,131.0,15.0,30.0,16.0,29.0,80.0,0.0,23.4,13.304686600863562,1
['ismaël' 'doukouré'],6,5,RC Strasbourg Alsace,18000000,0,1,22.066666666666666,,0.31722054380664655,0.0,2.0,0.09063444108761329,0.18126888217522658,2.0,1.0,1322.0,378.0,185.0,10.0,29.0,17.0,12.0,92.0,0.0,22.4,16.705882371415992,1
['luca' 'koleosho'],8,2,Burnley FC,7000000,1,5,0.6666666666666667,,,0.0,,,1.4999999999999998,,0.0,23.0,13.0,12.0,4.0,,,1.0,9.0,0.0,19.7,15.76142084987672,1
['manu' 'figueiredo'],13,5,CF Estrela Amadora U23,125000,2,4,,,,,,,,,0.0,,,,,,,,,0.0,21.4,11.736077016252437,1
['jesper' 'lindstrøm'],4,5,SSC Napoli,22000000,2,2,4.155555555555556,,1.9251336898395721,0.0,1.0,,0.9625668449197861,2.0,0.0,89.0,62.0,27.0,8.0,3.0,4.0,5.0,21.0,0.0,24.3,16.906553056777135,0
['nicolò' 'cambiaghi'],8,5,Bologna FC 1909,18000000,1,3,16.88888888888889,0.17763157894736842,0.9473684210526315,1.0,2.0,0.23684210526315788,0.8289473684210527,5.0,0.0,331.0,252.0,129.0,15.0,6.0,71.0,19.0,69.0,0.0,25.0,16.705882371415992,2
['cristiano' 'biraghi'],8,5,Torino FC,1400000,0,3,5.677777777777778,,,0.0,,,1.2328767123287672,,0.0,145.0,100.0,20.0,1.0,7.0,6.0,7.0,12.0,0.0,33.3,14.151983508870947,2
['philipp' 'sander'],7,5,Borussia Mönchengladbach,4000000,2,2,27.26666666666667,0.07334963325183373,0.7334963325183373,0.0,1.0,,0.40342298288508555,,0.0,1221.0,469.0,164.0,5.0,57.0,14.0,42.0,159.0,0.0,27.8,15.201805169084134,2
['nabil' 'touaizi'],9,5,RCD Espanyol B,200000,1,4,31.28888888888889,0.03196022727272727,0.6392045454545454,0.0,4.0,0.15980113636363635,0.7670454545454545,9.0,0.0,738.0,426.0,255.0,37.0,24.0,21.0,16.0,134.0,0.0,22.4,12.206077645517674,1
['guilherme' 'montóia'],13,4,CF Estrela Amadora,500000,0,4,5.822222222222223,,0.17175572519083968,0.0,,,0.515267175572519,1.0,0.0,166.0,69.0,47.0,3.0,5.0,7.0,13.0,37.0,0.0,22.3,13.122365377402328,1
['yahya' 'kalley'],12,5,IFK Norrköping,300000,0,4,0.43333333333333335,,,0.0,,,,,0.0,13.0,4.0,3.0,,,1.0,,7.0,0.0,22.3,12.611541086966115,1
['giovanni' 'fabbian'],8,5,Bologna FC 1909,10000000,2,3,11.966666666666667,0.1671309192200557,1.3370473537604457,0.0,1.0,,0.6685236768802229,3.0,0.0,213.0,117.0,30.0,4.0,29.0,26.0,4.0,33.0,0.0,22.9,16.118095750958314,2
['mohamed' 'abdelmonem'],12,5,OGC Nice,3000000,0,1,,,,,,,,,0.0,,,,,,,,,0.0,26.9,14.914123179965662,2
['sandro' 'lima'],2,5,Manisa FK,250000,0,4,32.58888888888889,0.03068530514831231,0.4295942720763723,1.0,1.0,,0.49096488237299696,1.0,0.0,1277.0,335.0,180.0,3.0,55.0,26.0,27.0,91.0,0.0,33.0,12.429220196836383,1
['andreas' 'beck'],7,5,KAS Eupen,200000,2,2,9.555555555555555,0.10465116279069768,0.7325581395348837,0.0,1.0,0.10465116279069768,1.7790697674418605,4.0,0.0,326.0,185.0,52.0,18.0,10.0,14.0,15.0,61.0,0.0,35.1,12.206077645517674,1
['ignace' 'van' 'der' 'brempt'],1,5,Como 1907,3500000,0,3,10.177777777777779,,0.1965065502183406,0.0,,0.0982532751091703,0.3930131004366812,1.0,0.0,392.0,195.0,71.0,6.0,11.0,15.0,13.0,42.0,0.0,23.7,15.068273812173887,1
['balthazar' 'pierret'],6,5,Quevilly Rouen Métropole,900000,2,3,0.26666666666666666,,,0.0,,,,,0.0,11.0,8.0,2.0,,2.0,2.0,1.0,2.0,0.0,23.1,13.710151153416941,1
['gianluca' 'mancini'],8,5,AS Roma,15000000,0,3,33.06666666666667,0.12096774193548386,0.45362903225806445,2.0,,0.06048387096774193,0.5745967741935484,5.0,1.0,1387.0,543.0,148.0,4.0,88.0,41.0,28.0,106.0,0.0,29.7,16.52356082573315,2
['jackson' 'tchatchoua'],12,5,Hellas Verona,3000000,0,0,20.41111111111111,,0.0979858464888405,0.0,,0.04899292324442025,0.979858464888405,3.0,0.0,413.0,252.0,89.0,5.0,23.0,9.0,15.0,62.0,0.0,22.7,14.914123179965662,1
['otávio'],13,5,Al-Nassr FC,25000000,0,1,20.22222222222222,0.049450549450549455,0.39560439560439564,1.0,,,0.14835164835164835,,0.0,1182.0,301.0,203.0,6.0,22.0,31.0,24.0,74.0,0.0,29.3,17.034386422832473,0
['micky' 'van' 'de' 'ven'],10,5,Tottenham Hotspur,55000000,0,0,31.811111111111114,0.12574222843171498,0.3772266852951449,1.0,1.0,0.031435557107928745,0.1571777855396437,1.0,0.0,1480.0,406.0,172.0,11.0,42.0,21.0,18.0,113.0,0.0,23.1,17.822843761378564,0
['cédric' 'bakambu'],12,0,Real Betis Balompié,1400000,1,5,5.7444444444444445,0.5222437137330754,3.3075435203094776,1.0,5.0,0.17408123791102514,0.5222437137330754,2.0,0.0,64.0,41.0,11.0,1.0,9.0,9.0,2.0,7.0,0.0,34.7,14.151983508870947,1
['luke' 'shaw'],5,2,Manchester United,10000000,0,0,34.98888888888889,0.028580501746586218,0.1429025087329311,0.0,,0.028580501746586218,0.42870752619879327,1.0,0.0,1459.0,701.0,207.0,9.0,64.0,20.0,43.0,105.0,0.0,30.4,16.118095750958314,0
['alex' 'da' 'silva'],2,5,AEL Limassol,150000,0,4,20.644444444444446,0.04843918191603875,0.581270182992465,0.0,2.0,0.04843918191603875,0.43595263724434874,1.0,0.0,1212.0,550.0,248.0,5.0,61.0,20.0,18.0,67.0,0.0,35.9,11.918397239722838,1
['yaya' 'sithole'],12,5,CD Tondela,600000,2,4,17.122222222222224,0.05840363400389357,0.23361453601557428,1.0,,,0.29201817001946784,,0.0,536.0,284.0,47.0,5.0,26.0,9.0,20.0,88.0,0.0,26.8,13.304686600863562,1
['jandro' 'orellana'],15,5,GD Estoril Praia,1000000,2,4,14.611111111111112,,0.27376425855513303,0.0,,0.06844106463878326,0.7528517110266159,2.0,0.0,632.0,320.0,57.0,3.0,12.0,12.0,13.0,54.0,0.0,25.4,13.815511557963774,1
['vasco' 'sousa'],13,0,Moreirense FC,2500000,2,4,5.133333333333334,0.1948051948051948,1.1688311688311688,0.0,,,1.1688311688311688,,0.0,170.0,79.0,15.0,3.0,2.0,16.0,4.0,42.0,0.0,22.7,14.731801689838349,1
['lucas' 'bergvall'],16,5,Tottenham Hotspur,40000000,2,0,10.733333333333334,0.09316770186335403,1.0248447204968942,0.0,1.0,0.2795031055900621,0.18633540372670807,,0.0,249.0,146.0,54.0,15.0,5.0,7.0,14.0,39.0,0.0,19.8,17.50439003707821,0
['harry' 'howell'],5,5,Brighton & Hove Albion U21,300000,2,0,1.0333333333333334,,,0.0,,,,,0.0,29.0,18.0,3.0,2.0,2.0,,,3.0,0.0,17.7,12.611541086966115,1
['alexander' 'prass'],12,3,TSG 1899 Hoffenheim,5000000,0,2,14.411111111111111,0.2081727062451812,1.1796453353893601,1.0,1.0,0.13878180416345412,1.110254433307633,4.0,0.0,395.0,281.0,92.0,16.0,15.0,21.0,22.0,77.0,0.0,24.6,15.424948670398354,2
['evann' 'guessand'],3,5,Aston Villa,28000000,1,0,9.855555555555556,0.10146561443066515,1.0146561443066515,0.0,3.0,0.2029312288613303,0.30439684329199546,2.0,0.0,145.0,99.0,47.0,13.0,10.0,20.0,13.0,42.0,0.0,24.4,17.147715103853763,2
['diego' 'lópez'],15,5,Rayo Vallecano,300000,0,5,2.2555555555555555,,0.4433497536945813,0.0,1.0,,,,0.0,152.0,43.0,43.0,1.0,3.0,,1.0,9.0,0.0,41.6,12.611541086966115,1
['clinton' 'mata'],12,5,Olympique Lyon,4000000,0,1,30.511111111111113,,0.13109978150036417,0.0,,,0.06554989075018208,,0.0,1621.0,499.0,212.0,8.0,39.0,36.0,18.0,106.0,0.0,31.6,15.201805169084134,2
['tomáš' 'souček'],12,5,West Ham United,12000000,2,0,22.72222222222222,0.22004889975550124,0.7921760391198044,0.0,4.0,,0.4400977995110025,1.0,0.0,636.0,307.0,42.0,3.0,66.0,20.0,23.0,61.0,0.0,30.8,16.300417291085605,2
['largie' 'ramazani'],1,5,UD Almería,5000000,1,0,,,,,,,,,0.0,,,,,,,,,0.0,23.3,15.424948670398354,1
['léo' 'pétrot'],6,5,Elche CF,1500000,0,5,17.41111111111111,,0.2297383535417996,0.0,,,0.1148691767708998,1.0,0.0,825.0,334.0,83.0,3.0,32.0,6.0,22.0,69.0,0.0,28.7,14.220976332738882,1
['william' 'bøving'],4,1,SK Sturm Graz,3000000,1,2,2.4333333333333336,,0.410958904109589,0.0,,0.410958904109589,1.232876712328767,1.0,0.0,46.0,34.0,19.0,1.0,2.0,2.0,2.0,14.0,0.0,20.3,14.914123179965662,1
['evanilson'],2,5,AFC Bournemouth,40000000,1,0,28.855555555555558,0.2079322294955718,1.871390065460146,1.0,9.0,0.0346553715825953,1.0050057758952637,3.0,0.0,330.0,217.0,58.0,14.0,44.0,32.0,5.0,73.0,2.0,26.2,17.50439003707821,1
['wataru' 'endo'],12,5,Liverpool FC,5000000,2,0,1.9000000000000001,,,0.0,,0.5263157894736842,,,0.0,80.0,38.0,12.0,,8.0,3.0,3.0,3.0,0.0,32.8,15.424948670398354,0
['carlos' 'protesoni'],12,5,Deportivo Alavés,1000000,2,5,2.8666666666666667,,0.6976744186046512,0.0,,,1.0465116279069768,,0.0,102.0,47.0,10.0,,6.0,2.0,6.0,4.0,0.0,27.7,13.815511557963774,1
['abdoul' 'karim' 'sylla'],10,5,FK Atlantas Klaipeda (–2020),250000,0,1,0.7222222222222222,,2.769230769230769,0.0,1.0,,,,0.0,41.0,16.0,9.0,,5.0,,,2.0,0.0,24.4,12.429220196836383,1
['pietro' 'comuzzo'],8,5,ACF Fiorentina,23000000,0,3,17.844444444444445,0.0560398505603985,0.5043586550435866,0.0,1.0,,0.16811955168119552,,0.0,852.0,270.0,69.0,1.0,30.0,3.0,17.0,58.0,0.0,20.8,16.951004817371683,2
['yukinari' 'sugawara'],12,7,SV Werder Bremen,7500000,0,2,27.022222222222222,,0.7771381578947368,0.0,2.0,0.22203947368421054,0.5180921052631579,4.0,0.0,889.0,493.0,149.0,11.0,11.0,11.0,22.0,90.0,0.0,25.5,15.830413711839864,1
['william' 'saliba'],6,5,Arsenal FC,90000000,0,0,28.055555555555557,0.03564356435643564,0.14257425742574256,0.0,2.0,,0.3564356435643564,1.0,0.0,1896.0,684.0,221.0,7.0,67.0,16.0,22.0,111.0,0.0,24.7,18.31532023940565,0
['yannick' 'gerhardt'],7,9,VfL Wolfsburg,2000000,2,2,11.877777777777778,0.08419083255378858,0.5893358278765201,0.0,,,0.6735266604303086,1.0,0.0,381.0,169.0,43.0,1.0,20.0,14.0,4.0,46.0,1.0,31.8,14.508658238524095,2
['rasmus' 'højlund'],4,5,SSC Napoli,45000000,1,3,29.677777777777777,0.3706476974915762,1.482590789966305,5.0,10.0,0.16847622613253463,0.8760763758891801,4.0,0.0,369.0,262.0,87.0,11.0,43.0,51.0,1.0,32.0,0.0,22.9,17.622173069956816,0
['mikel' 'vesga'],15,5,Athletic Bilbao,4000000,2,5,4.877777777777778,,0.6150341685649202,0.0,1.0,,0.8200455580865603,,0.0,215.0,136.0,22.0,7.0,14.0,7.0,11.0,38.0,0.0,31.2,15.201805169084134,1
['hêndrio' 'araújo'],2,5,Thep Xanh Nam Dinh FC,400000,1,4,0.24444444444444446,,4.090909090909091,0.0,,,,,0.0,3.0,1.0,,,1.0,1.0,,1.0,0.0,29.5,12.899222326086994,1
['andy' 'webster'],12,5,St. Mirren FC,225000,0,0,,,,,,,,,0.0,,,,,,,,,0.0,34.6,12.323860125621126,1
['fermín' 'lópez'],15,2,FC Barcelona,30000000,2,5,19.46666666666667,0.30821917808219174,2.6712328767123283,2.0,7.0,0.46232876712328763,1.2842465753424657,15.0,0.0,757.0,531.0,138.0,42.0,8.0,20.0,24.0,79.0,0.0,21.1,17.216707972959764,0
['alhaji' 'kamara'],12,5,FC Midtjylland,250000,1,5,2.7555555555555555,,1.0887096774193548,0.0,1.0,,1.0887096774193548,,0.0,52.0,39.0,20.0,2.0,3.0,4.0,2.0,7.0,0.0,30.2,12.429220196836383,1
['sergio' 'lozano'],15,5,Levante UD,1400000,2,5,0.12222222222222223,,,0.0,,,,,0.0,7.0,5.0,,,,,1.0,1.0,0.0,24.6,14.151983508870947,1
['nouha' 'dicko'],12,1,Paris FC,500000,1,1,0.7333333333333334,1.3636363636363635,5.454545454545454,0.0,,1.3636363636363635,,1.0,0.0,10.0,7.0,2.0,,3.0,3.0,,1.0,0.0,32.1,13.122365377402328,1
['liam' 'kelly'],12,5,Coventry City,600000,0,3,32.31111111111111,0.03094910591471802,0.3094910591471802,0.0,,0.03094910591471802,0.24759284731774417,2.0,0.0,1771.0,674.0,326.0,17.0,89.0,19.0,34.0,169.0,0.0,33.3,13.304686600863562,1
['marcelo'],2,5,Fluminense Football Club,1800000,0,4,10.655555555555557,0.0938477580813347,0.3753910323253388,1.0,2.0,,,,0.0,479.0,82.0,44.0,,31.0,15.0,6.0,22.0,0.0,35.2,14.403297778421795,1
['gvidas' 'gineitis'],12,5,Torino FC,5500000,2,3,19.08888888888889,,0.8905704307334109,0.0,,0.05238649592549476,1.309662398137369,5.0,0.0,427.0,260.0,78.0,17.0,27.0,32.0,28.0,75.0,0.0,21.7,15.520258832020865,2
['mamadou' 'doucouré'],6,5,Borussia Mönchengladbach,100000,0,3,0.08888888888888889,,,0.0,,,,,0.0,9.0,4.0,1.0,,,,,,0.0,26.0,11.51293546492023,2
['luis' 'milla'],15,0,Getafe CF,3500000,2,5,34.36666666666667,,0.37827352085354027,0.0,1.0,0.2909796314258002,1.9495635305528614,12.0,2.0,1026.0,706.0,122.0,21.0,50.0,43.0,30.0,200.0,0.0,31.2,15.068273812173887,1
['arthur' 'masuaku'],12,5,Sunderland AFC,2500000,0,0,1.4111111111111112,,,0.0,,,0.7086614173228346,,0.0,39.0,16.0,10.0,2.0,1.0,,2.0,3.0,0.0,32.1,14.731801689838349,1
['jesús' 'rueda'],15,5,CD San Roque de Lepe,50000,0,5,14.111111111111112,0.14173228346456693,0.6377952755905512,0.0,2.0,0.42519685039370075,0.4960629921259842,7.0,0.0,368.0,242.0,40.0,19.0,6.0,18.0,11.0,48.0,1.0,36.4,10.819798284210286,1
['ricardo' 'mangas'],13,5,Sporting CP,2500000,0,4,9.722222222222223,0.20571428571428568,1.337142857142857,1.0,3.0,0.10285714285714284,0.9257142857142856,4.0,0.0,304.0,193.0,63.0,4.0,16.0,16.0,18.0,47.0,0.0,27.8,14.731801689838349,2
['fábio' 'ronaldo'],13,5,Motor Lublin,1200000,1,4,1.4222222222222223,0.703125,0.703125,0.0,,,1.40625,,0.0,17.0,10.0,3.0,2.0,2.0,4.0,2.0,5.0,0.0,24.6,13.997832948091215,1
['aritz' 'elustondo'],15,5,Real Sociedad,1800000,0,5,6.9,,0.43478260869565216,0.0,1.0,,,,0.0,291.0,102.0,36.0,,15.0,8.0,7.0,24.0,0.0,31.7,14.403297778421795,2
['carlos' 'vicente'],15,5,Deportivo Alavés,4000000,1,5,13.955555555555556,0.35828025477707004,0.7165605095541401,0.0,1.0,,1.8630573248407643,7.0,1.0,378.0,253.0,96.0,11.0,11.0,42.0,17.0,63.0,1.0,25.1,15.201805169084134,1
['maximilian' 'beier'],7,5,Borussia Dortmund,30000000,1,2,22.622222222222224,0.3978388998035363,1.5913555992141453,3.0,10.0,0.26522593320235754,0.8398821218074656,9.0,1.0,414.0,294.0,85.0,18.0,24.0,24.0,16.0,69.0,3.0,23.2,17.216707972959764,2
['diogo' 'dalot'],13,5,Manchester United,28000000,0,0,29.066666666666666,0.034403669724770644,0.7224770642201835,0.0,3.0,0.10321100917431193,0.8944954128440367,5.0,0.0,961.0,523.0,131.0,18.0,52.0,14.0,30.0,135.0,0.0,26.7,17.147715103853763,0
['joão' 'moutinho'],13,4,SC Braga,500000,2,4,24.37777777777778,0.04102096627164995,0.6973564266180492,0.0,4.0,0.04102096627164995,0.5742935278030993,3.0,1.0,1994.0,1188.0,180.0,7.0,21.0,16.0,26.0,147.0,0.0,39.3,13.122365377402328,1
['gabriel' 'moscardo'],2,5,SC Braga,7000000,2,4,10.455555555555556,,0.5738575982996812,0.0,,,0.38257173219978746,1.0,0.0,529.0,250.0,44.0,3.0,29.0,9.0,15.0,46.0,0.0,20.2,15.76142084987672,1
['luis' 'hasa'],8,5,Carrarese Calcio 1908,2000000,2,3,,,,,,,,,0.0,,,,,,,,,0.0,21.9,14.508658238524095,1
['álex' 'valle'],15,5,Como 1907,10000000,0,3,22.5,0.044444444444444446,0.3111111111111111,0.0,,0.17777777777777778,0.4444444444444444,3.0,0.0,856.0,479.0,108.0,5.0,18.0,19.0,31.0,60.0,0.0,21.7,16.118095750958314,1
['daniel' 'muñoz'],12,5,Crystal Palace,27000000,0,0,25.2,0.15873015873015872,0.6746031746031746,2.0,,0.07936507936507936,0.873015873015873,8.0,1.0,616.0,348.0,69.0,2.0,41.0,18.0,47.0,94.0,0.0,29.5,17.11134746100564,2
['niccolò' 'pisilli'],8,5,AS Roma,12000000,2,3,13.766666666666667,0.14527845036319612,0.8716707021791767,0.0,1.0,0.29055690072639223,0.5811138014527845,3.0,0.0,655.0,408.0,81.0,8.0,13.0,4.0,13.0,75.0,0.0,21.2,16.300417291085605,2
['emiliano' 'sala'],0,5,FC Nantes,16000000,2,3,,,,,,,,,0.0,,,,,,,,,0.0,28.1,16.588099342704055,1
['jan' 'paul' 'van' 'hecke'],10,5,Brighton & Hove Albion,35000000,0,0,33.67777777777778,0.08907951171230617,0.44539755856153085,0.0,2.0,0.08907951171230617,0.26723853513691853,2.0,0.0,2050.0,794.0,542.0,3.0,105.0,41.0,29.0,111.0,0.0,25.5,17.370858648025116,2
['fodé' 'sylla'],6,5,RC Lens B,200000,2,1,1.0777777777777777,,,0.0,,,0.9278350515463918,,0.0,47.0,16.0,4.0,,2.0,,7.0,11.0,0.0,18.1,12.206077645517674,1
['bas' 'kuipers'],10,5,FC Twente Enschede,800000,0,4,15.022222222222222,0.06656804733727811,0.46597633136094674,0.0,1.0,0.13313609467455623,0.3994082840236686,1.0,1.0,354.0,170.0,26.0,2.0,10.0,15.0,5.0,26.0,0.0,31.3,13.592368256649284,1
['iván' 'martín'],15,5,Girona FC,6000000,2,5,26.2,,0.3053435114503817,0.0,2.0,0.03816793893129771,0.8015267175572519,2.0,0.0,1162.0,608.0,165.0,28.0,19.0,30.0,35.0,138.0,1.0,26.8,15.607270193858982,2
['adrien' 'rabiot'],6,5,AC Milan,20000000,2,3,27.333333333333336,0.2195121951219512,1.097560975609756,2.0,2.0,0.14634146341463414,0.6951219512195121,6.0,0.0,1085.0,672.0,225.0,20.0,43.0,54.0,29.0,139.0,1.0,30.7,16.811242881518265,0
['mert' 'kömür'],7,5,FC Augsburg,12000000,2,2,16.244444444444444,0.12311901504787963,1.9083447332421342,1.0,5.0,0.24623803009575926,1.1696306429548564,5.0,0.0,369.0,264.0,85.0,17.0,14.0,19.0,12.0,47.0,0.0,20.4,16.300417291085605,1
['samuel' 'chukwueze'],11,5,AC Milan,20000000,1,0,11.822222222222223,0.2537593984962406,1.43796992481203,0.0,2.0,0.3383458646616541,1.607142857142857,4.0,0.0,299.0,189.0,98.0,18.0,7.0,12.0,4.0,55.0,0.0,25.0,16.811242881518265,0
['matías' 'fernández'],12,5,Deportes La Serena,125000,0,5,8.433333333333334,,0.23715415019762845,0.0,,,0.23715415019762845,,1.0,454.0,157.0,72.0,1.0,7.0,7.0,9.0,32.0,0.0,36.5,11.736077016252437,1
['wilfried' 'singo'],3,5,Galatasaray,28000000,0,1,,,,,,,,,0.0,,,,,,,,,0.0,25.0,17.147715103853763,1
['benny'],13,5,GD Chaves,400000,2,4,6.7555555555555555,0.14802631578947367,2.0723684210526314,1.0,,0.14802631578947367,0.5921052631578947,1.0,0.0,186.0,106.0,39.0,7.0,6.0,18.0,12.0,45.0,0.0,24.2,12.899222326086994,1
['ugo' 'raghouber'],6,5,LOSC Lille,3000000,2,5,7.688888888888889,,0.26011560693641617,0.0,,,0.3901734104046243,,0.0,270.0,93.0,51.0,9.0,22.0,14.0,10.0,29.0,0.0,22.4,14.914123179965662,2
['emerson'],8,5,Olympique Marseille,10000000,0,1,22.455555555555556,,0.3562592775853538,0.0,,0.13359722909450766,1.6922315685304306,7.0,0.0,1089.0,679.0,188.0,8.0,21.0,17.0,29.0,78.0,0.0,31.4,16.118095750958314,2
['mohamed' 'camara'],12,5,ESTAC Troyes,100000,2,1,28.555555555555557,0.10505836575875485,0.735408560311284,2.0,3.0,0.03501945525291829,0.7003891050583657,3.0,0.0,1001.0,574.0,183.0,24.0,24.0,28.0,30.0,91.0,1.0,23.3,11.51293546492023,1
['trey' 'nyoni'],5,5,Liverpool FC,6000000,2,0,0.15555555555555556,,6.428571428571429,0.0,1.0,,6.428571428571429,,0.0,11.0,6.0,,,,,,2.0,0.0,18.4,15.607270193858982,0
['jan' 'bednarek'],12,5,FC Porto,11000000,0,4,29.77777777777778,0.06716417910447761,0.3694029850746269,2.0,1.0,,0.23507462686567163,,0.0,2211.0,821.0,419.0,,137.0,16.0,11.0,152.0,0.0,29.7,16.213405921671733,2
"[""m'bala"" 'nzola']",12,5,Pisa Sporting Club,6000000,1,3,15.922222222222222,0.2512212142358688,1.6957431960921143,0.0,4.0,0.0628053035589672,1.1304954640614095,1.0,0.0,218.0,154.0,79.0,19.0,42.0,26.0,4.0,69.0,0.0,29.3,15.607270193858982,1
['hákon' 'arnar' 'haraldsson'],12,2,LOSC Lille,22000000,2,1,26.58888888888889,0.30087755954868367,1.316339323025491,3.0,8.0,0.03760969494358546,1.880484747179273,5.0,3.0,1004.0,654.0,190.0,20.0,12.0,41.0,12.0,124.0,1.0,22.7,16.906553056777135,2
['miguel' 'gutiérrez'],15,5,SSC Napoli,17000000,0,3,15.477777777777778,0.06460875807609476,0.7753050969131371,1.0,,0.06460875807609476,1.2921751615218953,2.0,0.0,644.0,309.0,85.0,8.0,10.0,27.0,22.0,93.0,0.0,24.4,16.648723960844016,0
['ricardo' 'silva'],13,5,Boavista FC,300000,1,4,0.044444444444444446,,,0.0,,,,,0.0,3.0,1.0,,,,,,,0.0,37.8,12.611541086966115,1
['nicolas' 'cozza'],6,5,FC Nantes,3000000,0,1,25.58888888888889,,0.2735562310030395,0.0,2.0,0.03907946157186279,0.3517151541467651,,0.0,623.0,238.0,152.0,8.0,21.0,31.0,28.0,90.0,0.0,26.9,14.914123179965662,1
['joe' 'rodon'],12,2,Leeds United,8000000,0,0,30.811111111111114,0.06491164803461955,0.4543815362423368,1.0,1.0,,0.2271907681211684,1.0,0.0,1226.0,406.0,130.0,1.0,82.0,18.0,19.0,77.0,0.0,26.6,15.894952224644102,2
['joão' 'neto'],2,4,SL Benfica B,125000,0,4,1.0444444444444445,,0.9574468085106382,0.0,,,,,0.0,52.0,30.0,8.0,,2.0,3.0,1.0,5.0,0.0,20.1,11.736077016252437,1
['david' 'brooks'],12,9,AFC Bournemouth,12000000,2,0,13.255555555555556,0.07544006705783737,2.187761944677284,0.0,9.0,0.22632020117351215,1.6596814752724223,8.0,0.0,341.0,268.0,85.0,17.0,6.0,13.0,12.0,56.0,0.0,28.4,16.300417291085605,1
['diego' 'carlos'],2,5,Como 1907,8500000,0,3,21.644444444444446,0.04620123203285421,0.36960985626283366,1.0,1.0,,0.09240246406570841,,0.0,1226.0,339.0,96.0,,48.0,7.0,17.0,60.0,0.0,32.8,15.955576839107596,1
['rico' 'henry'],12,5,Brentford FC,15000000,0,0,14.755555555555556,,0.2710843373493976,0.0,,0.0677710843373494,0.20331325301204817,1.0,0.0,370.0,174.0,75.0,15.0,19.0,17.0,11.0,72.0,0.0,28.4,16.52356082573315,2
['assan' 'ceesay'],12,5,Damac FC,2000000,1,2,3.5444444444444447,0.8463949843260188,2.539184952978056,0.0,3.0,,0.8463949843260188,1.0,0.0,49.0,38.0,6.0,6.0,15.0,6.0,2.0,7.0,1.0,30.2,14.508658238524095,1
['alessandro' 'gabrielloni'],8,5,SS Juve Stabia,500000,1,3,,,,,,,,,0.0,,,,,,,,,0.0,31.4,13.122365377402328,1
['kelvin' 'amian'],6,6,FC Nantes,2500000,0,1,21.8,,0.4128440366972477,0.0,,0.04587155963302752,0.3211009174311926,4.0,0.0,636.0,288.0,85.0,5.0,29.0,18.0,16.0,56.0,0.0,27.8,14.731801689838349,1
