player_id,date,market_value_in_eur,current_club_name,current_club_id,player_club_domestic_competition_id,name,Rk,Nation,Pos,Squad,Comp,Age,Born,MP,Starts,Min,90s,Gls,Ast,G+A,G-PK,PK,PKatt,CrdY,CrdR,G+A-PK,Rk_stats_keeper,Nation_stats_keeper,Pos_stats_keeper,Comp_stats_keeper,Age_stats_keeper,Born_stats_keeper,MP_stats_keeper,Starts_stats_keeper,Min_stats_keeper,90s_stats_keeper,GA,GA90,SoTA,Saves,Save%,W,D,L,CS,CS%,PKatt_stats_keeper,PKA,PKsv,PKm,Rk_stats_shooting,Nation_stats_shooting,Pos_stats_shooting,Comp_stats_shooting,Age_stats_shooting,Born_stats_shooting,90s_stats_shooting,Gls_stats_shooting,Sh,SoT,SoT%,Sh/90,SoT/90,G/Sh,G/SoT,PK_stats_shooting,PKatt_stats_shooting,Rk_stats_playing_time,Nation_stats_playing_time,Pos_stats_playing_time,Comp_stats_playing_time,Age_stats_playing_time,Born_stats_playing_time,MP_stats_playing_time,Min_stats_playing_time,Mn/MP,Min%,90s_stats_playing_time,Starts_stats_playing_time,Mn/Start,Compl,Subs,Mn/Sub,unSub,PPM,onG,onGA,+/-,+/-90,On-Off,Rk_stats_misc,Nation_stats_misc,Pos_stats_misc,Comp_stats_misc,Age_stats_misc,Born_stats_misc,90s_stats_misc,CrdY_stats_misc,CrdR_stats_misc,2CrdY,Fls,Fld,Off,Crs,Int,TklW,OG
393323,2024-05-29,12000000,1.FC Union Berlin,399,GB1,Brenden Aaronson,1,us USA,"MF,FW",Leeds United,eng Premier League,24.0,2000,37,30,2449,27.2,4,5,9,4,0,0,3,0,0.33,,,,,,,,,,,,,,,,,,,,,,,,,1,us USA,"MF,FW",eng Premier League,24,2000,27.2,4,47,17,36.2,1.73,0.62,0.09,0.24,0,0,1,us USA,"MF,FW",eng Premier League,24,2000,37,2449,66,71.6,27.2,30,77,2,7,21,1,1.19,35,31,+4,0.15,1.17,1,us USA,"MF,FW",eng Premier League,24,2000,27.2,3,0,0,20,51,5,37,17,27,0
933017,2025-12-09,300000,Nottingham Forest,703,GB1,Zach Abbott,3,eng ENG,DF,Nottingham Forest,eng Premier League,19.0,2006,3,2,164,1.8,0,0,0,0,0,0,0,0,0.0,,,,,,,,,,,,,,,,,,,,,,,,,3,eng ENG,DF,eng Premier League,19,2006,1.8,0,0,0,,0.0,0.0,,,0,0,3,eng ENG,DF,eng Premier League,19,2006,3,164,55,4.8,1.8,2,60,0,1,45,13,1.0,2,4,-2,-1.1,-1.07,3,eng ENG,DF,eng Premier League,19,2006,1.8,0,0,0,3,1,0,3,2,4,0
592979,2023-10-27,3000000,Angers SCO,244,FR1,Himad Abdelli,5,dz ALG,MF,Marseille,fr Ligue 1,25.0,1999,8,1,138,1.5,0,0,0,0,0,0,1,0,0.0,,,,,,,,,,,,,,,,,,,,,,,,,5,dz ALG,MF,fr Ligue 1,25,1999,1.5,0,4,1,25.0,2.61,0.65,0.0,0.0,0,0,6,dz ALG,MF,fr Ligue 1,25,1999,8,138,17,4.5,1.5,1,58,0,7,11,2,1.0,2,8,-6,-3.91,-4.65,5,dz ALG,MF,fr Ligue 1,25,1999,1.5,1,0,0,3,0,0,1,2,1,0
592979,2023-10-27,3000000,Angers SCO,244,FR1,Himad Abdelli,6,dz ALG,MF,Angers,fr Ligue 1,25.0,1999,13,11,943,10.5,2,0,2,0,2,2,1,0,0.0,,,,,,,,,,,,,,,,,,,,,,,,,6,dz ALG,MF,fr Ligue 1,25,1999,10.5,2,11,5,45.5,1.05,0.48,0.0,0.0,2,2,7,dz ALG,MF,fr Ligue 1,25,1999,13,943,73,30.8,10.5,11,81,4,2,25,0,1.38,12,13,-1,-0.1,0.67,6,dz ALG,MF,fr Ligue 1,25,1999,10.5,1,0,0,16,12,1,9,13,17,0
211474,2025-12-15,2500000,OGC Nice,417,FR1,Ali Abdi,7,tn TUN,"MF,DF",Nice,fr Ligue 1,31.0,1993,22,13,1187,13.2,3,0,3,3,0,0,4,1,0.23,,,,,,,,,,,,,,,,,,,,,,,,,7,tn TUN,"MF,DF",fr Ligue 1,31,1993,13.2,3,16,4,25.0,1.21,0.3,0.19,0.75,0,0,9,tn TUN,"MF,DF",fr Ligue 1,31,1993,22,1187,54,38.8,13.2,13,76,7,9,23,2,0.68,19,17,+2,0.15,1.35,7,tn TUN,"MF,DF",fr Ligue 1,31,1993,13.2,4,1,1,22,18,1,33,10,11,0
688707,2024-06-03,8000000,RC Lens,417,FR1,Salis Abdul Samed,8,gh GHA,MF,Nice,fr Ligue 1,25.0,2000,18,12,911,10.1,0,0,0,0,0,0,3,0,0.0,,,,,,,,,,,,,,,,,,,,,,,,,8,gh GHA,MF,fr Ligue 1,25,2000,10.1,0,1,0,0.0,0.1,0.0,0.0,,0,0,10,gh GHA,MF,fr Ligue 1,25,2000,18,911,51,29.8,10.1,12,67,2,6,18,12,1.06,15,17,-2,-0.2,0.68,8,gh GHA,MF,fr Ligue 1,25,2000,10.1,3,0,0,19,10,0,2,11,7,0
631927,2025-12-15,3000000,RC Lens,826,FR1,Saud Abdulhamid,9,sa KSA,MF,Lens,fr Ligue 1,26.0,1999,25,14,1352,15.0,2,4,6,2,0,0,4,1,0.4,,,,,,,,,,,,,,,,,,,,,,,,,9,sa KSA,MF,fr Ligue 1,26,1999,15.0,2,8,3,37.5,0.53,0.2,0.25,0.67,0,0,11,sa KSA,MF,fr Ligue 1,26,1999,25,1352,54,44.2,15.0,14,83,8,11,18,6,1.84,35,17,+18,1.2,0.51,9,sa KSA,MF,fr Ligue 1,26,1999,15.0,4,1,0,26,14,1,47,9,22,0
921345,2025-12-16,750000,PSV Eindhoven U21,3368,ES1,Tay Abed,10,il ISR,MF,Levante,es La Liga,21.0,2004,7,0,93,1.0,0,0,0,0,0,0,0,0,0.0,,,,,,,,,,,,,,,,,,,,,,,,,10,il ISR,MF,es La Liga,21,2004,1.0,0,2,1,50.0,1.94,0.97,0.0,0.0,0,0,12,il ISR,MF,es La Liga,21,2004,7,93,13,2.7,1.0,0,,0,7,13,11,1.14,2,3,-1,-0.97,-0.62,10,il ISR,MF,es La Liga,21,2004,1.0,0,0,0,2,2,0,5,2,1,0
238626,2024-06-03,3000000,FC Lorient,1158,FR1,Laurent Abergel,11,fr FRA,MF,Lorient,fr Ligue 1,32.0,1993,28,27,2318,25.8,1,0,1,1,0,0,7,0,0.04,,,,,,,,,,,,,,,,,,,,,,,,,11,fr FRA,MF,fr Ligue 1,32,1993,25.8,1,22,5,22.7,0.85,0.19,0.05,0.2,0,0,13,fr FRA,MF,fr Ligue 1,32,1993,28,2318,83,75.8,25.8,27,85,19,1,22,0,1.39,40,41,-1,-0.04,0.2,11,fr FRA,MF,fr Ligue 1,32,1993,25.8,7,0,0,24,27,1,9,28,23,0
659543,2025-12-15,20000000,FC Nantes,995,FR1,Matthis Abline,12,fr FRA,"FW,MF",Nantes,fr Ligue 1,22.0,2003,33,28,2584,28.7,6,4,10,6,0,1,6,0,0.35,,,,,,,,,,,,,,,,,,,,,,,,,12,fr FRA,"FW,MF",fr Ligue 1,22,2003,28.7,6,84,22,26.2,2.93,0.77,0.07,0.27,0,1,14,fr FRA,"FW,MF",fr Ligue 1,22,2003,33,2584,78,84.4,28.7,28,88,20,5,26,0,0.61,25,49,-24,-0.84,-1.02,12,fr FRA,"FW,MF",fr Ligue 1,22,2003,28.7,6,0,0,32,42,5,62,9,13,0
646402,2024-06-07,7000000,Real Betis Balompié,1041,FR1,Abner,13,br BRA,"DF,MF",Lyon,fr Ligue 1,25.0,2000,26,25,2150,23.9,3,2,5,3,0,0,4,1,0.21,,,,,,,,,,,,,,,,,,,,,,,,,13,br BRA,"DF,MF",fr Ligue 1,25,2000,23.9,3,17,7,41.2,0.71,0.29,0.18,0.43,0,0,15,br BRA,"DF,MF",fr Ligue 1,25,2000,26,2150,83,70.3,23.9,25,86,17,1,3,2,1.81,35,25,+10,0.42,0.12,13,br BRA,"DF,MF",fr Ligue 1,25,2000,23.9,4,1,0,23,6,1,61,8,24,0
393238,2025-12-23,9000000,Torino FC,416,IT1,Zakaria Aboukhlal,14,ma MAR,MF,Torino,it Serie A,25.0,2000,15,6,511,5.7,0,0,0,0,0,0,4,0,0.0,,,,,,,,,,,,,,,,,,,,,,,,,14,ma MAR,MF,it Serie A,25,2000,5.7,0,7,2,28.6,1.23,0.35,0.0,0.0,0,0,16,ma MAR,MF,it Serie A,25,2000,15,511,34,14.9,5.7,6,59,0,9,18,5,0.53,2,11,-9,-1.59,-1.28,14,ma MAR,MF,it Serie A,25,2000,5.7,4,0,0,12,11,7,18,1,12,0
559979,2024-06-07,7500000,Deportivo Alavés,3709,ES1,Abdel Abqar,15,ma MAR,DF,Getafe,es La Liga,26.0,1999,23,17,1437,16.0,0,2,2,0,0,0,10,1,0.13,,,,,,,,,,,,,,,,,,,,,,,,,15,ma MAR,DF,es La Liga,26,1999,16.0,0,7,1,14.3,0.44,0.06,0.0,0.0,0,0,17,ma MAR,DF,es La Liga,26,1999,23,1437,62,42.0,16.0,17,75,7,6,26,0,1.17,15,14,+1,0.06,0.38,15,ma MAR,DF,es La Liga,26,1999,16.0,10,1,0,30,36,1,2,20,17,0
331726,2025-12-17,14000000,Besiktas JK,405,GB1,Tammy Abraham,16,eng ENG,FW,Aston Villa,eng Premier League,27.0,1997,12,2,286,3.2,2,0,2,2,0,0,0,0,0.63,,,,,,,,,,,,,,,,,,,,,,,,,16,eng ENG,FW,eng Premier League,27,1997,3.2,2,9,3,33.3,2.83,0.94,0.22,0.67,0,0,18,eng ENG,FW,eng Premier League,27,1997,12,286,24,8.4,3.2,2,75,1,10,14,2,1.0,4,8,-4,-1.26,-1.57,16,eng ENG,FW,eng Premier League,27,1997,3.2,0,0,0,2,0,0,1,0,1,0
944355,2025-10-02,50000,FC Nantes B,995,FR1,Mathieu Acapandié,19,mg MAD,"DF,MF",Nantes,fr Ligue 1,20.0,2004,7,3,351,3.9,0,0,0,0,0,0,0,0,0.0,,,,,,,,,,,,,,,,,,,,,,,,,19,mg MAD,"DF,MF",fr Ligue 1,20,2004,3.9,0,0,0,,0.0,0.0,,,0,0,22,mg MAD,"DF,MF",fr Ligue 1,20,2004,7,351,50,11.5,3.9,3,86,2,4,23,1,0.57,3,7,-4,-1.03,-0.39,19,mg MAD,"DF,MF",fr Ligue 1,20,2004,3.9,0,0,0,3,0,0,11,3,2,0
131075,2025-12-23,2500000,Inter Milan,46,IT1,Francesco Acerbi,20,it ITA,DF,Inter,it Serie A,37.0,1988,18,15,1378,15.3,0,1,1,0,0,0,3,0,0.07,,,,,,,,,,,,,,,,,,,,,,,,,20,it ITA,DF,it Serie A,37,1988,15.3,0,3,1,33.3,0.2,0.07,0.0,0.0,0,0,23,it ITA,DF,it Serie A,37,1988,18,1378,77,40.3,15.3,15,88,12,3,22,18,2.11,34,18,+16,1.04,-0.63,20,it ITA,DF,it Serie A,37,1988,15.3,3,0,0,17,13,3,3,18,9,0
416380,2023-10-20,2000000,1.FC Kaiserslautern,3,L1,Ragnar Ache,21,de GER,FW,Köln,de Bundesliga,27.0,1998,29,18,1718,19.1,7,4,11,7,0,0,3,0,0.58,,,,,,,,,,,,,,,,,,,,,,,,,21,de GER,FW,de Bundesliga,27,1998,19.1,7,52,22,42.3,2.72,1.15,0.13,0.32,0,0,24,de GER,FW,de Bundesliga,27,1998,29,1718,59,56.1,19.1,18,78,3,11,29,0,1.03,27,38,-11,-0.58,-0.38,21,de GER,FW,de Bundesliga,27,1998,19.1,3,0,0,18,29,10,1,4,8,0
607034,2024-06-03,10000000,Montpellier HSC,368,ES1,Akor Adams,23,ng NGA,FW,Sevilla,es La Liga,25.0,2000,32,21,2064,22.9,10,3,13,7,3,3,3,0,0.44,,,,,,,,,,,,,,,,,,,,,,,,,23,ng NGA,FW,es La Liga,25,2000,22.9,10,61,30,49.2,2.66,1.31,0.11,0.23,3,3,27,ng NGA,FW,es La Liga,25,2000,32,2064,65,60.4,22.9,21,85,14,11,25,1,1.13,32,40,-8,-0.35,0.05,23,ng NGA,FW,es La Liga,25,2000,22.9,3,0,0,36,12,41,17,1,4,0
332705,2025-12-09,25000000,AFC Bournemouth,989,GB1,Tyler Adams,25,us USA,MF,Bournemouth,eng Premier League,26.0,1999,25,21,1773,19.7,2,2,4,2,0,0,8,0,0.2,,,,,,,,,,,,,,,,,,,,,,,,,25,us USA,MF,eng Premier League,26,1999,19.7,2,10,6,60.0,0.51,0.3,0.2,0.33,0,0,29,us USA,MF,eng Premier League,26,1999,25,1773,71,51.8,19.7,21,79,10,4,28,1,1.52,25,28,-3,-0.15,-0.53,25,us USA,MF,eng Premier League,26,1999,19.7,8,0,0,36,13,1,3,30,24,0
452477,2025-12-19,5000000,SC Freiburg,371,SC1,Junior Adamu,26,at AUT,FW,Freiburg,de Bundesliga,24.0,2001,9,7,446,5.0,1,1,2,1,0,0,1,0,0.4,,,,,,,,,,,,,,,,,,,,,,,,,26,at AUT,FW,de Bundesliga,24,2001,5.0,1,8,3,37.5,1.61,0.61,0.13,0.33,0,0,30,at AUT,FW,de Bundesliga,24,2001,9,446,50,14.6,5.0,7,61,0,2,9,10,1.44,7,4,+3,0.61,0.92,26,at AUT,FW,de Bundesliga,24,2001,5.0,1,0,0,10,9,6,2,5,6,0
258878,2025-12-09,20000000,Chelsea FC,631,GB1,Tosin Adarabioyo,27,eng ENG,DF,Chelsea,eng Premier League,27.0,1997,16,8,795,8.8,0,0,0,0,0,0,2,0,0.0,,,,,,,,,,,,,,,,,,,,,,,,,27,eng ENG,DF,eng Premier League,27,1997,8.8,0,2,0,0.0,0.23,0.0,0.0,,0,0,31,eng ENG,DF,eng Premier League,27,1997,16,795,50,23.2,8.8,8,80,6,8,19,12,1.44,16,14,+2,0.23,0.09,27,eng ENG,DF,eng Premier League,27,1997,8.8,2,0,0,6,0,1,0,9,6,0
747720,2025-12-23,20000000,Como 1907,1047,IT1,Jayden Addai,28,nl NED,MF,Como,it Serie A,19.0,2005,12,7,686,7.6,3,0,3,3,0,0,4,0,0.39,,,,,,,,,,,,,,,,,,,,,,,,,28,nl NED,MF,it Serie A,19,2005,7.6,3,13,6,46.2,1.71,0.79,0.23,0.5,0,0,32,nl NED,MF,it Serie A,19,2005,12,686,57,20.1,7.6,7,75,2,5,32,6,1.25,11,6,+5,0.66,-0.36,28,nl NED,MF,it Serie A,19,2005,7.6,4,0,0,13,14,2,10,2,2,0
496094,2025-12-19,60000000,Borussia Dortmund,16,L1,Karim Adeyemi,29,de GER,"MF,FW",Dortmund,de Bundesliga,23.0,2002,28,15,1195,13.3,7,4,11,7,0,0,5,0,0.83,,,,,,,,,,,,,,,,,,,,,,,,,29,de GER,"MF,FW",de Bundesliga,23,2002,13.3,7,31,14,45.2,2.33,1.05,0.23,0.5,0,0,34,de GER,"MF,FW",de Bundesliga,23,2002,28,1195,43,39.1,13.3,15,69,0,13,12,1,2.29,27,14,+13,0.98,-0.13,29,de GER,"MF,FW",de Bundesliga,23,2002,13.3,5,0,0,21,25,5,11,8,4,0
658536,2025-12-09,22000000,Sunderland AFC,162,FR1,Simon Adingra,30,ci CIV,"MF,FW",Sunderland,eng Premier League,23.0,2002,14,9,653,7.3,1,0,1,1,0,0,2,0,0.14,,,,,,,,,,,,,,,,,,,,,,,,,30,ci CIV,"MF,FW",eng Premier League,23,2002,7.3,1,6,2,33.3,0.83,0.28,0.17,0.5,0,0,35,ci CIV,"MF,FW",eng Premier League,23,2002,14,653,47,19.1,7.3,9,64,0,5,16,8,1.07,6,8,-2,-0.28,-0.15,30,ci CIV,"MF,FW",eng Premier League,23,2002,7.3,2,0,0,18,3,4,27,2,8,0
658536,2025-12-09,22000000,Sunderland AFC,162,FR1,Simon Adingra,31,ci CIV,"MF,FW",Monaco,fr Ligue 1,23.0,2002,14,10,855,9.5,3,2,5,3,0,0,0,0,0.53,,,,,,,,,,,,,,,,,,,,,,,,,31,ci CIV,"MF,FW",fr Ligue 1,23,2002,9.5,3,22,6,27.3,2.32,0.63,0.14,0.5,0,0,36,ci CIV,"MF,FW",fr Ligue 1,23,2002,14,855,61,27.9,9.5,10,75,2,4,27,0,1.93,19,15,+4,0.42,0.34,31,ci CIV,"MF,FW",fr Ligue 1,23,2002,9.5,0,0,0,7,8,2,29,6,9,0
646829,2024-06-03,2500000,FC Lorient,1158,FR1,Nathaniel Adjei,32,gh GHA,DF,Lorient,fr Ligue 1,22.0,2002,15,9,835,9.3,0,0,0,0,0,0,0,0,0.0,,,,,,,,,,,,,,,,,,,,,,,,,32,gh GHA,DF,fr Ligue 1,22,2002,9.3,0,4,2,50.0,0.43,0.22,0.0,0.0,0,0,37,gh GHA,DF,fr Ligue 1,22,2002,15,835,56,27.3,9.3,9,88,8,6,7,11,1.6,13,13,0,0.0,0.12,32,gh GHA,DF,fr Ligue 1,22,2002,9.3,0,0,0,8,6,1,1,9,7,1
532776,2025-12-09,20000000,AFC Bournemouth,989,GB1,Amine Adli,34,ma MAR,MF,Bournemouth,eng Premier League,25.0,2000,31,10,1093,12.1,3,1,4,3,0,0,2,0,0.33,,,,,,,,,,,,,,,,,,,,,,,,,34,ma MAR,MF,eng Premier League,25,2000,12.1,3,20,9,45.0,1.65,0.74,0.15,0.33,0,0,39,ma MAR,MF,eng Premier League,25,2000,31,1093,35,32.0,12.1,10,73,2,21,17,6,1.48,18,17,+1,0.08,-0.03,34,ma MAR,MF,eng Premier League,25,2000,12.1,2,0,0,29,23,5,39,6,17,0
944570,2025-12-23,8000000,Juventus FC,506,IT1,Vasilije Adžić,36,me MNE,MF,Juventus,it Serie A,19.0,2006,10,1,171,1.9,1,0,1,1,0,0,0,0,0.53,,,,,,,,,,,,,,,,,,,,,,,,,36,me MNE,MF,it Serie A,19,2006,1.9,1,6,4,66.7,3.16,2.11,0.17,0.25,0,0,41,me MNE,MF,it Serie A,19,2006,10,171,17,5.0,1.9,1,57,0,9,13,25,1.6,2,3,-1,-0.53,-1.3,36,me MNE,MF,it Serie A,19,2006,1.9,0,0,0,3,2,0,4,3,2,0
237658,2025-12-23,4500000,Pisa Sporting Club,4172,IT1,Michel Aebischer,37,ch SUI,MF,Pisa,it Serie A,28.0,1997,35,33,2892,32.1,1,2,3,1,0,0,8,0,0.09,,,,,,,,,,,,,,,,,,,,,,,,,37,ch SUI,MF,it Serie A,28,1997,32.1,1,19,5,26.3,0.59,0.16,0.05,0.2,0,0,42,ch SUI,MF,it Serie A,28,1997,35,2892,83,84.6,32.1,33,85,25,2,45,1,0.51,23,49,-26,-0.81,2.43,37,ch SUI,MF,it Serie A,28,1997,32.1,8,0,0,44,38,0,43,35,37,0
683895,2024-06-03,9000000,Stade Reims,114,TR1,Emmanuel Agbadou,40,ci CIV,DF,Wolves,eng Premier League,28.0,1997,14,12,1101,12.2,0,0,0,0,0,0,1,1,0.0,,,,,,,,,,,,,,,,,,,,,,,,,40,ci CIV,DF,eng Premier League,28,1997,12.2,0,10,3,30.0,0.82,0.25,0.0,0.0,0,0,45,ci CIV,DF,eng Premier League,28,1997,14,1101,79,32.2,12.2,12,85,11,2,38,4,0.14,6,27,-21,-1.72,-0.94,40,ci CIV,DF,eng Premier League,28,1997,12.2,1,1,0,10,5,1,13,14,21,0
625014,2024-06-07,5000000,Athletic Bilbao,1049,ES1,Julen Agirrezabala,41,es ESP,GK,Valencia,es La Liga,24.0,2000,18,18,1620,18.0,0,0,0,0,0,0,1,0,0.0,2,es ESP,GK,es La Liga,24,2000,18,18,1620,18.0,30,1.67,79,52,65.8,3,7,8,4,22.2,4,3,1,0,41,es ESP,GK,es La Liga,24,2000,18.0,0,0,0,,0.0,0.0,,,0,0,46,es ESP,GK,es La Liga,24,2000,18,1620,90,47.4,18.0,18,90,18,0,,4,0.89,17,30,-13,-0.72,-0.92,41,es ESP,GK,es La Liga,24,2000,18.0,1,0,0,0,1,0,0,0,1,0
393512,2025-12-19,8000000,SV Werder Bremen,86,L1,Felix Agu,43,ng NGA,"DF,MF",Werder Bremen,de Bundesliga,25.0,1999,11,9,744,8.3,0,0,0,0,0,0,1,0,0.0,,,,,,,,,,,,,,,,,,,,,,,,,43,ng NGA,"DF,MF",de Bundesliga,25,1999,8.3,0,2,1,50.0,0.24,0.12,0.0,0.0,0,0,49,ng NGA,"DF,MF",de Bundesliga,25,1999,11,744,68,24.3,8.3,9,76,4,2,30,3,0.91,11,19,-8,-0.97,-0.38,43,ng NGA,"DF,MF",de Bundesliga,25,1999,8.3,1,0,0,8,14,3,14,11,14,0
361914,2025-12-15,22000000,Olympique Marseille,244,FR1,Nayef Aguerd,47,ma MAR,DF,Marseille,fr Ligue 1,29.0,1996,16,16,1396,15.5,1,0,1,1,0,0,4,0,0.06,,,,,,,,,,,,,,,,,,,,,,,,,47,ma MAR,DF,fr Ligue 1,29,1996,15.5,1,10,2,20.0,0.64,0.13,0.1,0.5,0,0,53,ma MAR,DF,fr Ligue 1,29,1996,16,1396,87,45.6,15.5,16,87,13,0,,1,1.94,33,17,+16,1.03,0.92,47,ma MAR,DF,fr Ligue 1,29,1996,15.5,4,0,0,21,6,0,2,21,16,0
361914,2025-12-15,22000000,Olympique Marseille,244,FR1,Nayef Aguerd,48,ma MAR,DF,West Ham United,eng Premier League,29.0,1996,2,2,180,2.0,0,0,0,0,0,0,0,0,0.0,,,,,,,,,,,,,,,,,,,,,,,,,48,ma MAR,DF,eng Premier League,29,1996,2.0,0,2,0,0.0,1.0,0.0,0.0,,0,0,54,ma MAR,DF,eng Premier League,29,1996,2,180,90,5.3,2.0,2,90,2,0,,0,0.0,1,8,-7,-3.5,-3.17,48,ma MAR,DF,eng Premier League,29,1996,2.0,0,0,0,0,1,0,2,1,0,0
203746,2025-12-15,3000000,RC Lens,826,FR1,Ruben Aguilar,49,fr FRA,MF,Lens,fr Ligue 1,32.0,1993,26,20,1720,19.1,2,2,4,2,0,0,6,1,0.21,,,,,,,,,,,,,,,,,,,,,,,,,49,fr FRA,MF,fr Ligue 1,32,1993,19.1,2,13,3,23.1,0.68,0.16,0.15,0.67,0,0,55,fr FRA,MF,fr Ligue 1,32,1993,26,1720,66,56.2,19.1,20,79,6,6,25,1,2.08,30,21,+9,0.47,-1.01,49,fr FRA,MF,fr Ligue 1,32,1993,19.1,6,1,1,26,12,5,86,24,24,0
538971,2025-12-09,3500000,Crystal Palace,290,FR1,Naouirou Ahamada,51,fr FRA,MF,Auxerre,fr Ligue 1,23.0,2002,15,8,682,7.6,0,1,1,0,0,0,0,0,0.13,,,,,,,,,,,,,,,,,,,,,,,,,51,fr FRA,MF,fr Ligue 1,23,2002,7.6,0,6,1,16.7,0.79,0.13,0.0,0.0,0,0,59,fr FRA,MF,fr Ligue 1,23,2002,15,682,45,22.3,7.6,8,73,2,7,14,2,1.33,10,7,+3,0.4,0.89,51,fr FRA,MF,fr Ligue 1,23,2002,7.6,0,0,0,5,9,1,6,5,10,0
358250,2024-06-07,4000000,Celta de Vigo,940,ES1,Joseph Aidoo,54,gh GHA,DF,Celta Vigo,es La Liga,29.0,1995,8,7,639,7.1,0,0,0,0,0,0,0,0,0.0,,,,,,,,,,,,,,,,,,,,,,,,,54,gh GHA,DF,es La Liga,29,1995,7.1,0,2,0,0.0,0.28,0.0,0.0,,0,0,63,gh GHA,DF,es La Liga,29,1995,8,639,80,18.7,7.1,7,89,6,1,18,18,2.25,17,13,+4,0.56,0.53,54,gh GHA,DF,es La Liga,29,1995,7.1,0,0,0,5,1,0,0,10,3,0
236490,2025-12-09,20000000,Nottingham Forest,703,GB1,Ola Aina,55,ng NGA,DF,Nottingham Forest,eng Premier League,28.0,1996,18,18,1588,17.6,0,0,0,0,0,0,3,0,0.0,,,,,,,,,,,,,,,,,,,,,,,,,55,ng NGA,DF,eng Premier League,28,1996,17.6,0,12,1,8.3,0.68,0.06,0.0,0.0,0,0,65,ng NGA,DF,eng Premier League,28,1996,18,1588,88,46.4,17.6,18,88,15,0,,0,1.39,27,19,+8,0.45,0.99,55,ng NGA,DF,eng Premier League,28,1996,17.6,3,0,0,13,15,0,39,26,21,0
1134251,2025-12-15,10000000,Stade Rennais FC,273,FR1,Abdelhamid Ait Boudlal,56,ma MAR,DF,Rennes,fr Ligue 1,19.0,2006,20,17,1403,15.6,2,1,3,2,0,0,3,1,0.19,,,,,,,,,,,,,,,,,,,,,,,,,56,ma MAR,DF,fr Ligue 1,19,2006,15.6,2,13,4,30.8,0.83,0.26,0.15,0.5,0,0,66,ma MAR,DF,fr Ligue 1,19,2006,20,1403,70,45.8,15.6,17,80,14,3,13,5,1.85,33,28,+5,0.32,0.1,56,ma MAR,DF,fr Ligue 1,19,2006,15.6,3,1,0,14,10,1,2,18,11,0
578391,2025-12-09,40000000,Manchester City,281,GB1,Rayan Aït-Nouri,57,dz ALG,DF,Manchester City,eng Premier League,24.0,2001,17,12,974,10.8,0,2,2,0,0,0,2,0,0.18,,,,,,,,,,,,,,,,,,,,,,,,,57,dz ALG,DF,eng Premier League,24,2001,10.8,0,10,2,20.0,0.92,0.18,0.0,0.0,0,0,67,dz ALG,DF,eng Premier League,24,2001,17,974,57,28.5,10.8,12,77,7,5,11,9,1.94,23,9,+14,1.29,0.26,57,dz ALG,DF,eng Premier League,24,2001,10.8,2,0,0,17,10,0,22,13,21,0
1111820,2024-06-25,150000,Hellas Verona Primavera,276,IT1,Junior Ajayi,59,ci CIV,FW,Hellas Verona,it Serie A,20.0,2004,1,0,1,0.0,0,0,0,0,0,0,0,0,0.0,,,,,,,,,,,,,,,,,,,,,,,,,59,ci CIV,FW,it Serie A,20,2004,0.0,0,0,0,,0.0,0.0,,,0,0,69,ci CIV,FW,it Serie A,20,2004,1,1,1,0.0,0.0,0,,0,1,1,22,1.0,0,0,0,0.0,0.95,59,ci CIV,FW,it Serie A,20,2004,0.0,0,0,0,0,0,0,0,0,0,0
328658,2025-12-09,16000000,Brentford FC,1148,GB1,Kristoffer Ajer,60,no NOR,DF,Brentford,eng Premier League,27.0,1998,27,20,1810,20.1,0,1,1,0,0,0,4,0,0.05,,,,,,,,,,,,,,,,,,,,,,,,,60,no NOR,DF,eng Premier League,27,1998,20.1,0,10,3,30.0,0.5,0.15,0.0,0.0,0,0,70,no NOR,DF,eng Premier League,27,1998,27,1810,67,52.9,20.1,20,83,13,7,20,9,1.37,29,32,-3,-0.15,-0.48,60,no NOR,DF,eng Premier League,27,1998,20.1,4,0,0,23,5,0,7,15,23,0
283994,2024-05-29,3000000,1.FSV Mainz 05,3911,FR1,Ludovic Ajorque,61,fr FRA,FW,Brest,fr Ligue 1,31.0,1994,32,32,2820,31.3,8,9,17,8,0,0,9,1,0.54,,,,,,,,,,,,,,,,,,,,,,,,,61,fr FRA,FW,fr Ligue 1,31,1994,31.3,8,55,17,30.9,1.76,0.54,0.15,0.47,0,0,71,fr FRA,FW,fr Ligue 1,31,1994,32,2820,88,92.2,31.3,32,88,28,0,,0,1.22,41,49,-8,-0.26,1.24,61,fr FRA,FW,fr Ligue 1,31,1994,31.3,9,1,0,65,55,14,9,11,20,0
284730,2025-12-23,22000000,Inter Milan,46,IT1,Manuel Akanji,62,ch SUI,DF,Inter,it Serie A,30.0,1995,33,31,2821,31.3,2,0,2,2,0,0,4,0,0.06,,,,,,,,,,,,,,,,,,,,,,,,,62,ch SUI,DF,it Serie A,30,1995,31.3,2,23,6,26.1,0.73,0.19,0.09,0.33,0,0,75,ch SUI,DF,it Serie A,30,1995,33,2821,85,82.5,31.3,31,90,30,2,21,2,2.39,73,26,+47,1.5,0.45,62,ch SUI,DF,it Serie A,30,1995,31.3,4,0,0,26,18,2,3,37,24,0
177476,2025-12-09,18000000,Manchester City,281,GB1,Nathan Aké,63,nl NED,DF,Manchester City,eng Premier League,30.0,1995,18,6,695,7.7,0,0,0,0,0,0,1,0,0.0,,,,,,,,,,,,,,,,,,,,,,,,,63,nl NED,DF,eng Premier League,30,1995,7.7,0,7,1,14.3,0.91,0.13,0.0,0.0,0,0,77,nl NED,DF,eng Premier League,30,1995,18,695,39,20.3,7.7,6,85,4,12,16,17,2.06,10,9,+1,0.13,-1.22,63,nl NED,DF,eng Premier League,30,1995,7.7,1,0,0,3,8,1,4,5,6,0
709969,2024-06-07,15000000,Villarreal CF,367,ES1,Ilias Akhomach,64,ma MAR,MF,Villarreal,es La Liga,21.0,2004,9,2,188,2.1,0,0,0,0,0,0,0,0,0.0,,,,,,,,,,,,,,,,,,,,,,,,,64,ma MAR,MF,es La Liga,21,2004,2.1,0,6,2,33.3,2.87,0.96,0.0,0.0,0,0,79,ma MAR,MF,es La Liga,21,2004,9,188,21,5.5,2.1,2,45,0,7,14,5,2.78,2,3,-1,-0.48,-1.23,64,ma MAR,MF,es La Liga,21,2004,2.1,0,0,0,9,7,0,9,0,4,0
709969,2024-06-07,15000000,Villarreal CF,367,ES1,Ilias Akhomach,65,ma MAR,"MF,FW",Rayo Vallecano,es La Liga,21.0,2004,11,7,709,7.9,0,1,1,0,0,0,2,0,0.13,,,,,,,,,,,,,,,,,,,,,,,,,65,ma MAR,"MF,FW",es La Liga,21,2004,7.9,0,18,6,33.3,2.28,0.76,0.0,0.0,0,0,80,ma MAR,"MF,FW",es La Liga,21,2004,11,709,64,20.7,7.9,7,79,1,4,39,1,1.27,14,11,+3,0.38,0.58,65,ma MAR,"MF,FW",es La Liga,21,2004,7.9,2,0,0,9,29,1,22,2,10,0
969192,2024-06-25,1800000,Inter Milan Primavera,4172,IT1,Ebenezer Akinsanmiro,66,ng NGA,MF,Pisa,it Serie A,20.0,2004,24,16,1444,16.0,0,1,1,0,0,0,2,0,0.06,,,,,,,,,,,,,,,,,,,,,,,,,66,ng NGA,MF,it Serie A,20,2004,16.0,0,13,3,23.1,0.81,0.19,0.0,0.0,0,0,81,ng NGA,MF,it Serie A,20,2004,24,1444,60,42.2,16.0,16,75,7,8,31,6,0.5,10,29,-19,-1.18,0.0,66,ng NGA,MF,it Serie A,20,2004,16.0,2,0,0,30,28,1,9,27,25,0
745200,2025-12-15,45000000,AS Monaco,162,FR1,Maghnes Akliouche,67,fr FRA,"MF,FW",Monaco,fr Ligue 1,23.0,2002,31,28,2400,26.7,6,6,12,6,0,0,3,0,0.45,,,,,,,,,,,,,,,,,,,,,,,,,67,fr FRA,"MF,FW",fr Ligue 1,23,2002,26.7,6,48,19,39.6,1.8,0.71,0.13,0.32,0,0,82,fr FRA,"MF,FW",fr Ligue 1,23,2002,31,2400,77,78.4,26.7,28,82,16,3,33,1,1.55,48,38,+10,0.37,0.92,67,fr FRA,"MF,FW",fr Ligue 1,23,2002,26.7,3,0,0,29,36,9,53,18,26,0
806793,2025-12-15,8000000,AJ Auxerre,290,FR1,Clément Akpa,68,ci CIV,DF,Auxerre,fr Ligue 1,23.0,2001,26,21,1944,21.6,0,0,0,0,0,0,4,1,0.0,,,,,,,,,,,,,,,,,,,,,,,,,68,ci CIV,DF,fr Ligue 1,23,2001,21.6,0,6,0,0.0,0.28,0.0,0.0,,0,0,83,ci CIV,DF,fr Ligue 1,23,2001,26,1944,75,63.5,21.6,21,85,18,5,31,4,1.0,16,29,-13,-0.6,-0.84,68,ci CIV,DF,fr Ligue 1,23,2001,21.6,4,1,1,12,30,1,30,23,19,2
160241,2025-12-19,2000000,TSG 1899 Hoffenheim,533,L1,Kevin Akpoguma,70,ng NGA,DF,Hoffenheim,de Bundesliga,30.0,1995,8,1,61,0.7,0,0,0,0,0,0,0,1,0.0,,,,,,,,,,,,,,,,,,,,,,,,,70,ng NGA,DF,de Bundesliga,30,1995,0.7,0,0,0,,0.0,0.0,,,0,0,85,ng NGA,DF,de Bundesliga,30,1995,8,61,8,2.0,0.7,1,16,0,7,6,19,1.38,0,4,-4,-5.9,-6.41,70,ng NGA,DF,de Bundesliga,30,1995,0.7,0,1,0,1,0,0,0,1,1,0
59016,2024-06-07,20000000,Real Madrid,418,ES1,David Alaba,72,at AUT,DF,Real Madrid,es La Liga,33.0,1992,11,5,424,4.7,0,0,0,0,0,0,1,0,0.0,,,,,,,,,,,,,,,,,,,,,,,,,72,at AUT,DF,es La Liga,33,1992,4.7,0,4,1,25.0,0.85,0.21,0.0,0.0,0,0,87,at AUT,DF,es La Liga,33,1992,11,424,39,12.4,4.7,5,70,2,6,13,18,2.27,7,5,+2,0.42,-0.78,72,at AUT,DF,es La Liga,33,1992,4.7,1,0,0,1,0,0,0,0,4,0
15452,2025-12-23,800000,Pisa Sporting Club,4172,IT1,Raúl Albiol,75,es ESP,DF,Pisa,it Serie A,39.0,1985,8,5,500,5.6,0,1,1,0,0,0,1,0,0.18,,,,,,,,,,,,,,,,,,,,,,,,,75,es ESP,DF,it Serie A,39,1985,5.6,0,1,0,0.0,0.18,0.0,0.0,,0,0,91,es ESP,DF,it Serie A,39,1985,8,500,63,14.6,5.6,5,73,2,3,45,20,0.88,4,11,-7,-1.26,-0.09,75,es ESP,DF,it Serie A,39,1985,5.6,1,0,0,6,2,0,1,7,4,0
748319,2025-12-09,15000000,Everton FC,29,GB1,Carlos Alcaraz,76,ar ARG,MF,Everton,eng Premier League,22.0,2002,20,6,689,7.7,0,1,1,0,0,0,4,0,0.13,,,,,,,,,,,,,,,,,,,,,,,,,76,ar ARG,MF,eng Premier League,22,2002,7.7,0,20,5,25.0,2.61,0.65,0.0,0.0,0,0,92,ar ARG,MF,eng Premier League,22,2002,20,689,34,20.1,7.7,6,75,0,14,17,8,1.15,8,10,-2,-0.26,-0.23,76,ar ARG,MF,eng Premier League,22,2002,7.7,4,0,0,10,12,1,6,2,9,0
353032,2025-12-09,12000000,Sunderland AFC,289,GB1,Omar Alderete,77,py PAR,DF,Sunderland,eng Premier League,28.0,1996,33,32,2798,31.1,1,1,2,1,0,0,6,0,0.06,,,,,,,,,,,,,,,,,,,,,,,,,77,py PAR,DF,eng Premier League,28,1996,31.1,1,24,9,37.5,0.77,0.29,0.04,0.11,0,0,93,py PAR,DF,eng Premier League,28,1996,33,2798,85,81.8,31.1,32,86,27,1,38,2,1.39,30,40,-10,-0.32,-0.9,77,py PAR,DF,eng Premier League,28,1996,31.1,6,0,0,34,10,5,11,36,18,0
284854,2024-06-07,3000000,Getafe CF,1108,ES1,Carles Aleñá,79,es ESP,MF,Alavés,es La Liga,27.0,1998,34,23,1989,22.1,0,4,4,0,0,0,5,0,0.18,,,,,,,,,,,,,,,,,,,,,,,,,79,es ESP,MF,es La Liga,27,1998,22.1,0,29,5,17.2,1.31,0.23,0.0,0.0,0,0,97,es ESP,MF,es La Liga,27,1998,34,1989,59,58.2,22.1,23,73,4,11,27,3,1.06,23,35,-12,-0.54,-0.54,79,es ESP,MF,es La Liga,27,1998,22.1,5,0,0,38,36,1,121,12,24,0
314353,2025-12-12,70000000,Real Madrid,418,ES1,Trent Alexander-Arnold,80,eng ENG,DF,Real Madrid,es La Liga,26.0,1998,21,14,1163,12.9,0,4,4,0,0,0,4,0,0.31,,,,,,,,,,,,,,,,,,,,,,,,,80,eng ENG,DF,es La Liga,26,1998,12.9,0,10,2,20.0,0.77,0.15,0.0,0.0,0,0,99,eng ENG,DF,es La Liga,26,1998,21,1163,55,34.0,12.9,14,76,6,7,15,3,2.05,25,14,+11,0.85,-0.38,80,eng ENG,DF,es La Liga,26,1998,12.9,4,0,0,10,5,0,126,13,10,0
1083070,2025-12-18,9000000,Shakhtar Donetsk,660,UKR1,Alisson,84,br BRA,GK,Liverpool,eng Premier League,32.0,1992,26,26,2340,26.0,0,0,0,0,0,0,1,0,0.0,3,br BRA,GK,eng Premier League,32,1992,26,26,2340,26.0,31,1.19,86,57,66.3,13,8,5,8,30.8,2,2,0,0,84,br BRA,GK,eng Premier League,32,1992,26.0,0,0,0,,0.0,0.0,,,0,0,105,br BRA,GK,eng Premier League,32,1992,26,2340,90,68.4,26.0,26,90,26,0,,0,1.81,44,31,+13,0.5,0.75,84,br BRA,GK,eng Premier League,32,1992,26.0,1,0,0,1,7,0,0,0,0,0
646733,2024-06-03,2000000,Clermont Foot 63,10484,TR1,Jim Allevinah,85,ga GAB,MF,Angers,fr Ligue 1,30.0,1995,6,0,133,1.5,1,0,1,1,0,0,0,0,0.68,,,,,,,,,,,,,,,,,,,,,,,,,85,ga GAB,MF,fr Ligue 1,30,1995,1.5,1,5,1,20.0,3.38,0.68,0.2,1.0,0,0,107,ga GAB,MF,fr Ligue 1,30,1995,6,133,22,4.3,1.5,0,,0,6,22,1,1.33,1,1,0,0.0,0.58,85,ga GAB,MF,fr Ligue 1,30,1995,1.5,0,0,0,0,4,1,1,0,1,0
843595,2025-12-03,800000,Watford FC,281,GB1,Max Alleyne,86,eng ENG,DF,Manchester City,eng Premier League,20.0,2005,2,2,135,1.5,0,0,0,0,0,0,0,0,0.0,,,,,,,,,,,,,,,,,,,,,,,,,86,eng ENG,DF,eng Premier League,20,2005,1.5,0,2,1,50.0,1.33,0.67,0.0,0.0,0,0,108,eng ENG,DF,eng Premier League,20,2005,2,135,68,3.9,1.5,2,68,1,0,,5,0.5,1,1,0,0.0,-1.15,86,eng ENG,DF,eng Premier League,20,2005,1.5,0,0,0,0,0,0,0,3,3,0
576028,2025-12-12,20000000,Atlético de Madrid,13,ES1,Thiago Almada,87,ar ARG,"MF,FW",Atlético Madrid,es La Liga,24.0,2001,27,16,1311,14.6,3,1,4,3,0,0,2,1,0.27,,,,,,,,,,,,,,,,,,,,,,,,,87,ar ARG,"MF,FW",es La Liga,24,2001,14.6,3,21,10,47.6,1.44,0.69,0.14,0.3,0,0,109,ar ARG,"MF,FW",es La Liga,24,2001,27,1311,49,38.3,14.6,16,65,3,11,25,4,1.78,18,17,+1,0.07,-0.66,87,ar ARG,"MF,FW",es La Liga,24,2001,14.6,2,1,0,13,16,2,40,9,18,0
300532,2025-12-23,2000000,Parma Calcio 1913,130,IT1,Pontus Almqvist,89,se SWE,MF,Parma,it Serie A,26.0,1999,13,4,457,5.1,0,1,1,0,0,0,0,0,0.2,,,,,,,,,,,,,,,,,,,,,,,,,89,se SWE,MF,it Serie A,26,1999,5.1,0,5,2,40.0,0.98,0.39,0.0,0.0,0,0,112,se SWE,MF,it Serie A,26,1999,13,457,35,13.4,5.1,4,66,0,9,22,11,0.77,4,7,-3,-0.59,-0.14,89,se SWE,MF,it Serie A,26,1999,5.1,0,0,0,6,14,1,7,6,6,0
112515,2024-06-07,2000000,FC Barcelona,940,ES1,Marcos Alonso,90,es ESP,DF,Celta Vigo,es La Liga,34.0,1990,32,31,2768,30.8,1,0,1,0,1,1,5,0,0.0,,,,,,,,,,,,,,,,,,,,,,,,,90,es ESP,DF,es La Liga,34,1990,30.8,1,24,3,12.5,0.78,0.1,0.0,0.0,1,1,113,es ESP,DF,es La Liga,34,1990,32,2768,87,80.9,30.8,31,88,28,1,33,0,1.41,40,37,+3,0.1,-0.18,90,es ESP,DF,es La Liga,34,1990,30.8,5,0,0,23,20,0,19,30,24,0
466807,2024-06-07,2000000,Villarreal CF B,11972,,Adrià Altimira,91,es ESP,"DF,MF",Villarreal,es La Liga,24.0,2001,1,0,9,0.1,0,0,0,0,0,0,0,0,0.0,,,,,,,,,,,,,,,,,,,,,,,,,91,es ESP,"DF,MF",es La Liga,24,2001,0.1,0,0,0,,0.0,0.0,,,0,0,114,es ESP,"DF,MF",es La Liga,24,2001,1,9,9,0.3,0.1,0,,0,1,9,15,0.0,0,0,0,0.0,-0.69,91,es ESP,"DF,MF",es La Liga,24,2001,0.1,0,0,0,0,0,0,0,0,1,0
466801,2024-06-07,2500000,Real Betis Balompié,150,ES1,Sergi Altimira,92,es ESP,MF,Real Betis,es La Liga,23.0,2001,24,13,1186,13.2,1,2,3,1,0,0,3,0,0.23,,,,,,,,,,,,,,,,,,,,,,,,,92,es ESP,MF,es La Liga,23,2001,13.2,1,7,3,42.9,0.53,0.23,0.14,0.33,0,0,115,es ESP,MF,es La Liga,23,2001,24,1186,49,34.7,13.2,13,74,5,11,21,11,1.5,14,19,-5,-0.38,-1.02,92,es ESP,MF,es La Liga,23,2001,13.2,3,0,0,14,22,0,3,20,36,0
668179,2023-06-30,400000,Sevilla Atlético,3368,ES1,Carlos Álvarez,93,es ESP,MF,Levante,es La Liga,21.0,2003,30,23,1890,21.0,3,1,4,3,0,0,3,0,0.19,,,,,,,,,,,,,,,,,,,,,,,,,93,es ESP,MF,es La Liga,21,2003,21.0,3,30,11,36.7,1.43,0.52,0.1,0.27,0,0,118,es ESP,MF,es La Liga,21,2003,30,1890,63,55.3,21.0,23,76,7,7,21,1,0.93,20,35,-15,-0.71,-0.77,93,es ESP,MF,es La Liga,21,2003,21.0,3,0,0,22,49,2,54,13,13,0
892929,2024-06-07,1500000,RC Celta Fortuna,940,ES1,Hugo Álvarez,94,es ESP,"FW,MF",Celta Vigo,es La Liga,22.0,2003,28,15,1340,14.9,4,2,6,4,0,0,2,0,0.4,,,,,,,,,,,,,,,,,,,,,,,,,94,es ESP,"FW,MF",es La Liga,22,2003,14.9,4,14,8,57.1,0.94,0.54,0.29,0.5,0,0,120,es ESP,"FW,MF",es La Liga,22,2003,28,1340,48,39.2,14.9,15,70,4,13,22,6,1.43,25,23,+2,0.13,0.0,94,es ESP,"FW,MF",es La Liga,22,2003,14.9,2,0,0,16,17,2,23,10,9,0
255488,2024-06-07,8000000,Athletic Bilbao,621,ES1,Yeray Álvarez,96,es ESP,DF,Athletic Club,es La Liga,30.0,1995,7,6,513,5.7,0,0,0,0,0,0,0,0,0.0,,,,,,,,,,,,,,,,,,,,,,,,,96,es ESP,DF,es La Liga,30,1995,5.7,0,1,0,0.0,0.18,0.0,0.0,,0,0,122,es ESP,DF,es La Liga,30,1995,7,513,73,15.0,5.7,6,78,4,1,45,2,1.0,7,9,-2,-0.35,0.05,96,es ESP,DF,es La Liga,30,1995,5.7,0,0,0,3,5,0,2,14,1,0
855134,2025-12-19,2500000,SV Werder Bremen,86,L1,Skelly Alvero,97,fr FRA,MF,Werder Bremen,de Bundesliga,23.0,2002,2,0,34,0.4,0,0,0,0,0,0,0,0,0.0,,,,,,,,,,,,,,,,,,,,,,,,,97,fr FRA,MF,de Bundesliga,23,2002,0.4,0,0,0,,0.0,0.0,,,0,0,123,fr FRA,MF,de Bundesliga,23,2002,2,34,17,1.1,0.4,0,,0,2,17,15,2.0,2,0,+2,5.29,6.04,97,fr FRA,MF,de Bundesliga,23,2002,0.4,0,0,0,0,1,0,0,1,0,0
707295,2023-06-12,1800000,AS Cittadella,6195,IT1,Giuseppe Ambrosino,100,it ITA,FW,Napoli,it Serie A,21.0,2003,3,0,38,0.4,0,0,0,0,0,0,0,0,0.0,,,,,,,,,,,,,,,,,,,,,,,,,100,it ITA,FW,it Serie A,21,2003,0.4,0,0,0,,0.0,0.0,,,0,0,126,it ITA,FW,it Serie A,21,2003,3,38,13,1.1,0.4,0,,0,3,13,17,2.0,1,0,+1,2.37,1.81,100,it ITA,FW,it Serie A,21,2003,0.4,0,0,0,1,1,0,0,0,0,0
548729,2025-12-09,9000000,Burnley FC,1132,GB1,Zeki Amdouni,101,ch SUI,"FW,MF",Burnley,eng Premier League,24.0,2000,4,0,73,0.8,0,0,0,0,0,0,0,0,0.0,,,,,,,,,,,,,,,,,,,,,,,,,101,ch SUI,"FW,MF",eng Premier League,24,2000,0.8,0,3,1,33.3,3.7,1.23,0.0,0.0,0,0,127,ch SUI,"FW,MF",eng Premier League,24,2000,4,73,18,2.1,0.8,0,,0,4,18,0,0.5,0,0,0,0.0,0.99,101,ch SUI,"FW,MF",eng Premier League,24,2000,0.8,0,0,0,1,1,0,0,0,0,0
344072,2025-12-15,2500000,FC Nantes,995,FR1,Kelvin Amian,103,fr FRA,DF,Nantes,fr Ligue 1,27.0,1998,23,22,1961,21.8,0,1,1,0,0,0,3,0,0.05,,,,,,,,,,,,,,,,,,,,,,,,,103,fr FRA,DF,fr Ligue 1,27,1998,21.8,0,10,2,20.0,0.46,0.09,0.0,0.0,0,0,129,fr FRA,DF,fr Ligue 1,27,1998,23,1961,85,64.1,21.8,22,89,21,1,1,2,0.65,21,40,-19,-0.87,-0.54,103,fr FRA,DF,fr Ligue 1,27,1998,21.8,3,0,0,23,18,2,29,8,18,0
232454,2025-12-19,17000000,1.FSV Mainz 05,39,L1,Nadiem Amiri,106,de GER,MF,Mainz 05,de Bundesliga,28.0,1996,26,24,2083,23.1,12,2,14,4,8,8,6,0,0.26,,,,,,,,,,,,,,,,,,,,,,,,,106,de GER,MF,de Bundesliga,28,1996,23.1,12,54,22,40.7,2.33,0.95,0.07,0.18,8,8,132,de GER,MF,de Bundesliga,28,1996,26,2083,80,68.1,23.1,24,85,13,2,28,0,1.08,32,33,-1,-0.04,0.69,106,de GER,MF,de Bundesliga,28,1996,23.1,6,0,0,20,26,3,136,19,18,0
933900,2025-12-15,8000000,RC Strasbourg Alsace,667,FR1,Samuel Amo-Ameyaw,107,eng ENG,"MF,DF",Strasbourg,fr Ligue 1,19.0,2006,25,9,1047,11.6,2,2,4,2,0,0,2,0,0.34,,,,,,,,,,,,,,,,,,,,,,,,,107,eng ENG,"MF,DF",fr Ligue 1,19,2006,11.6,2,17,5,29.4,1.46,0.43,0.12,0.4,0,0,134,eng ENG,"MF,DF",fr Ligue 1,19,2006,25,1047,42,34.2,11.6,9,77,5,16,22,5,1.4,13,18,-5,-0.43,-1.15,107,eng ENG,"MF,DF",fr Ligue 1,19,2006,11.6,2,0,0,15,26,2,50,3,12,0
746910,2025-12-19,32000000,VfL Wolfsburg,82,L1,Mohamed Amoura,110,dz ALG,"FW,MF",Wolfsburg,de Bundesliga,25.0,2000,30,23,1919,21.3,8,3,11,7,1,1,2,0,0.47,,,,,,,,,,,,,,,,,,,,,,,,,110,dz ALG,"FW,MF",de Bundesliga,25,2000,21.3,8,60,19,31.7,2.81,0.89,0.12,0.37,1,1,138,dz ALG,"FW,MF",de Bundesliga,25,2000,30,1919,64,62.7,21.3,23,78,8,7,18,0,0.97,32,32,0,0.0,1.89,110,dz ALG,"FW,MF",de Bundesliga,25,2000,21.3,2,0,0,21,11,12,34,7,22,0
392771,2023-10-27,12000000,Leeds United,399,GB1,Ethan Ampadu,111,wls WAL,MF,Leeds United,eng Premier League,24.0,2000,35,35,3119,34.7,1,1,2,1,0,0,10,0,0.06,,,,,,,,,,,,,,,,,,,,,,,,,111,wls WAL,MF,eng Premier League,24,2000,34.7,1,26,6,23.1,0.75,0.17,0.04,0.17,0,0,139,wls WAL,MF,eng Premier League,24,2000,35,3119,89,91.2,34.7,35,89,31,0,,0,1.29,45,49,-4,-0.12,0.78,111,wls WAL,MF,eng Premier League,24,2000,34.7,10,0,0,50,36,0,25,50,46,0
287579,2024-05-27,22000000,Manchester United,150,ES1,Sofyan Amrabat,112,ma MAR,MF,Real Betis,es La Liga,28.0,1996,17,14,1295,14.4,0,0,0,0,0,0,4,0,0.0,,,,,,,,,,,,,,,,,,,,,,,,,112,ma MAR,MF,es La Liga,28,1996,14.4,0,8,1,12.5,0.56,0.07,0.0,0.0,0,0,140,ma MAR,MF,es La Liga,28,1996,17,1295,76,37.9,14.4,14,86,11,3,28,1,1.53,24,18,+6,0.42,0.21,112,ma MAR,MF,es La Liga,28,1996,14.4,4,0,0,22,19,0,6,11,13,0
260827,2025-12-09,25000000,Fulham FC,931,GB1,Joachim Andersen,113,dk DEN,DF,Fulham,eng Premier League,29.0,1996,33,33,2875,31.9,0,1,1,0,0,0,7,1,0.03,,,,,,,,,,,,,,,,,,,,,,,,,113,dk DEN,DF,eng Premier League,29,1996,31.9,0,16,4,25.0,0.5,0.13,0.0,0.0,0,0,141,dk DEN,DF,eng Premier League,29,1996,33,2875,87,84.1,31.9,33,87,31,0,,1,1.36,41,44,-3,-0.09,0.07,113,dk DEN,DF,eng Premier League,29,1996,31.9,7,1,0,30,13,0,15,34,26,0
567576,2025-12-09,60000000,Nottingham Forest,703,GB1,Elliot Anderson,114,eng ENG,MF,Nottingham Forest,eng Premier League,22.0,2002,38,37,3331,37.0,4,4,8,3,1,1,8,0,0.19,,,,,,,,,,,,,,,,,,,,,,,,,114,eng ENG,MF,eng Premier League,22,2002,37.0,4,44,10,22.7,1.19,0.27,0.07,0.3,1,1,142,eng ENG,MF,eng Premier League,22,2002,38,3331,88,97.4,37.0,37,89,33,1,45,0,1.16,46,50,-4,-0.11,-1.12,114,eng ENG,MF,eng Premier League,22,2002,37.0,8,0,0,57,80,2,175,41,60,0
800176,2025-12-09,28000000,Wolverhampton Wanderers,543,GB1,André,117,br BRA,MF,Wolves,eng Premier League,24.0,2001,35,30,2762,30.7,1,0,1,1,0,0,12,0,0.03,,,,,,,,,,,,,,,,,,,,,,,,,117,br BRA,MF,eng Premier League,24,2001,30.7,1,15,1,6.7,0.49,0.03,0.07,1.0,0,0,145,br BRA,MF,eng Premier League,24,2001,35,2762,79,80.8,30.7,30,86,24,5,34,0,0.51,19,53,-34,-1.11,-0.15,117,br BRA,MF,eng Premier League,24,2001,30.7,12,0,0,47,43,0,40,25,42,0
84301,2025-12-15,4000000,LOSC Lille,1082,FR1,Benjamin André,118,fr FRA,MF,Lille,fr Ligue 1,34.0,1990,27,26,2332,25.9,2,2,4,2,0,0,9,0,0.15,,,,,,,,,,,,,,,,,,,,,,,,,118,fr FRA,MF,fr Ligue 1,34,1990,25.9,2,27,6,22.2,1.04,0.23,0.07,0.33,0,0,146,fr FRA,MF,fr Ligue 1,34,1990,27,2332,86,76.2,25.9,26,89,23,1,18,0,1.93,38,20,+18,0.69,1.07,118,fr FRA,MF,fr Ligue 1,34,1990,25.9,9,0,0,35,44,3,22,31,40,0
159088,2025-12-19,7000000,Bayer 04 Leverkusen,15,L1,Robert Andrich,119,de GER,"DF,MF",Leverkusen,de Bundesliga,30.0,1994,32,29,2546,28.3,2,0,2,2,0,0,6,1,0.07,,,,,,,,,,,,,,,,,,,,,,,,,119,de GER,"DF,MF",de Bundesliga,30,1994,28.3,2,12,3,25.0,0.42,0.11,0.17,0.67,0,0,148,de GER,"DF,MF",de Bundesliga,30,1994,32,2546,80,83.2,28.3,29,86,24,3,16,1,1.81,58,43,+15,0.53,-0.52,119,de GER,"DF,MF",de Bundesliga,30,1994,28.3,6,1,1,30,22,0,13,33,30,0
277179,2025-12-23,17000000,AS Roma,12,IT1,Angeliño,123,es ESP,MF,Roma,it Serie A,28.0,1997,7,5,416,4.6,0,0,0,0,0,0,2,0,0.0,,,,,,,,,,,,,,,,,,,,,,,,,123,es ESP,MF,it Serie A,28,1997,4.6,0,5,2,40.0,1.08,0.43,0.0,0.0,0,0,152,es ESP,MF,it Serie A,28,1997,7,416,59,12.2,4.6,5,77,0,2,15,20,2.57,4,1,+3,0.65,-0.1,123,es ESP,MF,it Serie A,28,1997,4.6,2,0,0,5,2,0,18,3,7,0
705063,2023-06-13,200000,Empoli Primavera,4172,IT1,Samuele Angori,124,it ITA,MF,Pisa,it Serie A,21.0,2003,35,30,2599,28.9,0,2,2,0,0,0,2,0,0.07,,,,,,,,,,,,,,,,,,,,,,,,,124,it ITA,MF,it Serie A,21,2003,28.9,0,14,3,21.4,0.48,0.1,0.0,0.0,0,0,155,it ITA,MF,it Serie A,21,2003,35,2599,74,76.0,28.9,30,81,19,5,35,3,0.37,19,52,-33,-1.14,0.17,124,it ITA,MF,it Serie A,21,2003,28.9,2,0,0,17,54,3,165,23,25,0
903611,2025-12-10,7000000,RSC Anderlecht,289,GB1,Nilson Angulo,125,ec ECU,MF,Sunderland,eng Premier League,22.0,2003,8,5,404,4.5,0,0,0,0,0,0,1,0,0.0,,,,,,,,,,,,,,,,,,,,,,,,,125,ec ECU,MF,eng Premier League,22,2003,4.5,0,7,3,42.9,1.56,0.67,0.0,0.0,0,0,156,ec ECU,MF,eng Premier League,22,2003,8,404,51,11.8,4.5,5,74,0,3,11,0,1.38,4,6,-2,-0.45,-0.33,125,ec ECU,MF,eng Premier League,22,2003,4.5,1,0,0,11,3,1,7,5,7,0
684210,2025-12-09,15000000,Burnley FC,1132,GB1,Jaidon Anthony,131,eng ENG,MF,Burnley,eng Premier League,25.0,1999,37,32,2722,30.2,8,2,10,8,0,0,4,0,0.33,,,,,,,,,,,,,,,,,,,,,,,,,131,eng ENG,MF,eng Premier League,25,1999,30.2,8,55,23,41.8,1.82,0.76,0.15,0.35,0,0,163,eng ENG,MF,eng Premier League,25,1999,37,2722,74,79.6,30.2,32,82,13,5,17,1,0.59,30,59,-29,-0.96,0.07,131,eng ENG,MF,eng Premier League,25,1999,30.2,4,0,0,27,47,9,80,16,21,0
193004,2025-12-19,18000000,Borussia Dortmund,16,L1,Waldemar Anton,132,de GER,DF,Dortmund,de Bundesliga,29.0,1996,32,32,2880,32.0,2,0,2,2,0,0,3,0,0.06,,,,,,,,,,,,,,,,,,,,,,,,,132,de GER,DF,de Bundesliga,29,1996,32.0,2,16,6,37.5,0.5,0.19,0.13,0.33,0,0,164,de GER,DF,de Bundesliga,29,1996,32,2880,90,94.1,32.0,32,90,32,0,,0,2.16,67,33,+34,1.06,0.06,132,de GER,DF,de Bundesliga,29,1996,32.0,3,0,0,26,16,0,12,33,42,0
1186789,2025-12-15,250000,RC Lens,826,FR1,Kyllian Antonio,133,fr FRA,DF,Lens,fr Ligue 1,17.0,2008,4,2,190,2.1,0,1,1,0,0,0,1,0,0.47,,,,,,,,,,,,,,,,,,,,,,,,,133,fr FRA,DF,fr Ligue 1,17,2008,2.1,0,1,0,0.0,0.47,0.0,0.0,,0,0,165,fr FRA,DF,fr Ligue 1,17,2008,4,190,48,6.2,2.1,2,64,1,2,31,5,2.25,4,1,+3,1.42,0.54,133,fr FRA,DF,fr Ligue 1,17,2008,2.1,1,0,0,1,4,0,2,5,4,0
602105,2025-12-12,30000000,Real Betis Balompié,150,ES1,Antony,135,br BRA,"MF,FW",Real Betis,es La Liga,25.0,2000,32,30,2447,27.2,8,6,14,8,0,0,6,1,0.51,,,,,,,,,,,,,,,,,,,,,,,,,135,br BRA,"MF,FW",es La Liga,25,2000,27.2,8,90,34,37.8,3.31,1.25,0.09,0.24,0,0,167,br BRA,"MF,FW",es La Liga,25,2000,32,2447,76,71.5,27.2,30,80,13,2,27,0,1.53,45,36,+9,0.33,0.15,135,br BRA,"MF,FW",es La Liga,25,2000,27.2,6,1,0,20,44,2,66,22,23,0
290249,2025-12-12,10000000,Getafe CF,3709,ES1,Mauro Arambarri,137,uy URU,MF,Getafe,es La Liga,29.0,1995,37,37,3249,36.1,6,2,8,4,2,3,6,0,0.17,,,,,,,,,,,,,,,,,,,,,,,,,137,uy URU,MF,es La Liga,29,1995,36.1,6,58,19,32.8,1.61,0.53,0.07,0.21,2,3,169,uy URU,MF,es La Liga,29,1995,37,3249,88,95.0,36.1,37,88,31,0,,0,1.38,32,37,-5,-0.14,0.39,137,uy URU,MF,es La Liga,29,1995,36.1,6,0,0,60,67,4,19,21,43,0
661145,2024-07-19,5000000,Real Sociedad,681,ES1,Jon Aramburu,138,ve VEN,DF,Real Sociedad,es La Liga,23.0,2002,35,31,2773,30.8,1,0,1,1,0,0,11,0,0.03,,,,,,,,,,,,,,,,,,,,,,,,,138,ve VEN,DF,es La Liga,23,2002,30.8,1,21,5,23.8,0.68,0.16,0.05,0.2,0,0,170,ve VEN,DF,es La Liga,23,2002,35,2773,79,81.1,30.8,31,86,22,4,28,0,1.26,45,49,-4,-0.13,-0.41,138,ve VEN,DF,es La Liga,23,2002,30.8,11,0,0,69,45,3,48,47,66,0
1025582,2025-12-30,50000,Girona FC B,38006,,Juan Arango,139,ve VEN,MF,Girona,es La Liga,19.0,2006,2,0,18,0.2,0,0,0,0,0,0,1,0,0.0,,,,,,,,,,,,,,,,,,,,,,,,,139,ve VEN,MF,es La Liga,19,2006,0.2,0,0,0,,0.0,0.0,,,0,0,171,ve VEN,MF,es La Liga,19,2006,2,18,9,0.5,0.2,0,,0,2,9,6,0.5,1,0,+1,5.0,5.45,139,ve VEN,MF,es La Liga,19,2006,0.2,1,0,0,1,0,0,0,0,0,0
371686,2024-05-31,700000,Vitesse Arnhem,1420,FR1,Carlens Arcus,141,ht HAI,DF,Angers,fr Ligue 1,29.0,1996,26,24,2040,22.7,0,3,3,0,0,0,7,0,0.13,,,,,,,,,,,,,,,,,,,,,,,,,141,ht HAI,DF,fr Ligue 1,29,1996,22.7,0,9,1,11.1,0.4,0.04,0.0,0.0,0,0,175,ht HAI,DF,fr Ligue 1,29,1996,26,2040,78,66.7,22.7,24,84,17,2,16,2,1.15,19,27,-8,-0.35,0.62,141,ht HAI,DF,fr Ligue 1,29,1996,22.7,7,0,0,33,16,0,38,29,29,0
120629,2025-12-09,7000000,West Ham United,379,GB1,Alphonse Areola,143,fr FRA,GK,West Ham United,eng Premier League,32.0,1993,20,20,1800,20.0,0,1,1,0,0,0,0,0,0.05,5,fr FRA,GK,eng Premier League,32,1993,20,20,1800,20.0,37,1.85,108,76,70.4,4,5,11,0,0.0,6,5,0,1,143,fr FRA,GK,eng Premier League,32,1993,20.0,0,0,0,,0.0,0.0,,,0,0,177,fr FRA,GK,eng Premier League,32,1993,20,1800,90,52.6,20.0,20,90,20,0,,18,0.85,25,37,-12,-0.6,-0.21,143,fr FRA,GK,eng Premier League,32,1993,20.0,0,0,0,1,1,0,0,1,0,0
488626,2025-12-12,10000000,Athletic Bilbao,621,ES1,Jesús Areso,144,es ESP,DF,Athletic Club,es La Liga,26.0,1999,26,14,1506,16.7,0,1,1,0,0,0,3,0,0.06,,,,,,,,,,,,,,,,,,,,,,,,,144,es ESP,DF,es La Liga,26,1999,16.7,0,3,0,0.0,0.18,0.0,0.0,,0,0,178,es ESP,DF,es La Liga,26,1999,26,1506,58,44.0,16.7,14,83,7,12,29,11,1.12,18,23,-5,-0.3,0.17,144,es ESP,DF,es La Liga,26,1999,16.7,3,0,0,19,7,1,86,20,16,0
988275,2024-06-03,150000,AC Le Havre B,738,FR1,Paul Argney,146,fr FRA,GK,Le Havre,fr Ligue 1,19.0,2006,1,1,90,1.0,0,0,0,0,0,0,0,0,0.0,6,fr FRA,GK,fr Ligue 1,19,2006,1,1,90,1.0,1,1.0,3,2,66.7,1,0,0,0,0.0,0,0,0,0,146,fr FRA,GK,fr Ligue 1,19,2006,1.0,0,0,0,,0.0,0.0,,,0,0,180,fr FRA,GK,fr Ligue 1,19,2006,1,90,90,2.9,1.0,1,90,1,0,,3,3.0,2,1,+1,1.0,1.39,146,fr FRA,GK,fr Ligue 1,19,2006,1.0,0,0,0,0,0,0,0,0,0,0
1065442,2025-12-30,500000,CA Osasuna Promesas,331,ES1,Iñigo Arguibide,147,es ESP,DF,Osasuna,es La Liga,20.0,2005,6,2,187,2.1,0,0,0,0,0,0,0,1,0.0,,,,,,,,,,,,,,,,,,,,,,,,,147,es ESP,DF,es La Liga,20,2005,2.1,0,0,0,,0.0,0.0,,,0,0,181,es ESP,DF,es La Liga,20,2005,6,187,31,5.5,2.1,2,68,0,4,13,21,1.67,6,1,+5,2.41,2.71,147,es ESP,DF,es La Liga,20,2005,2.1,0,1,0,3,0,0,5,1,3,0
250426,2025-12-03,9000000,Southampton FC,543,GB1,Adam Armstrong,150,eng ENG,"FW,MF",Wolves,eng Premier League,28.0,1997,14,14,1140,12.7,2,2,4,1,1,1,3,0,0.24,,,,,,,,,,,,,,,,,,,,,,,,,150,eng ENG,"FW,MF",eng Premier League,28,1997,12.7,2,18,6,33.3,1.42,0.47,0.06,0.17,1,1,184,eng ENG,"FW,MF",eng Premier League,28,1997,14,1140,81,33.3,12.7,14,81,7,0,,0,0.86,9,20,-11,-0.87,0.32,150,eng ENG,"FW,MF",eng Premier League,28,1997,12.7,3,0,0,12,3,5,5,1,4,0
1107733,2025-12-03,1200000,Preston North End,29,GB1,Harrison Armstrong,151,eng ENG,MF,Everton,eng Premier League,18.0,2007,13,6,529,5.9,0,0,0,0,0,0,0,0,0.0,,,,,,,,,,,,,,,,,,,,,,,,,151,eng ENG,MF,eng Premier League,18,2007,5.9,0,5,2,40.0,0.85,0.34,0.0,0.0,0,0,185,eng ENG,MF,eng Premier League,18,2007,13,529,41,15.5,5.9,6,73,1,7,13,7,1.23,4,11,-7,-1.19,-1.32,151,eng ENG,MF,eng Premier League,18,2007,5.9,0,0,0,6,15,2,3,4,10,0
117674,2025-12-19,4500000,VfL Wolfsburg,82,L1,Maximilian Arnold,152,de GER,MF,Wolfsburg,de Bundesliga,31.0,1994,25,20,1859,20.7,1,4,5,1,0,0,5,0,0.24,,,,,,,,,,,,,,,,,,,,,,,,,152,de GER,MF,de Bundesliga,31,1994,20.7,1,13,5,38.5,0.63,0.24,0.08,0.2,0,0,187,de GER,MF,de Bundesliga,31,1994,25,1859,74,60.8,20.7,20,90,20,5,12,2,0.92,31,41,-10,-0.48,0.56,152,de GER,MF,de Bundesliga,31,1994,20.7,5,0,0,17,26,0,81,24,15,0
683571,2024-06-04,5500000,KRC Genk,543,GB1,Tolu Arokodare,153,ng NGA,FW,Wolves,eng Premier League,24.0,2000,33,13,1419,15.8,3,1,4,3,0,1,1,0,0.25,,,,,,,,,,,,,,,,,,,,,,,,,153,ng NGA,FW,eng Premier League,24,2000,15.8,3,46,16,34.8,2.92,1.01,0.07,0.19,0,1,188,ng NGA,FW,eng Premier League,24,2000,33,1419,43,41.5,15.8,13,82,7,20,18,2,0.61,16,28,-12,-0.76,0.54,153,ng NGA,FW,eng Premier League,24,2000,15.8,1,0,0,18,17,6,0,5,4,0
192279,2025-12-09,7000000,Arsenal FC,11,GB1,Kepa Arrizabalaga,156,es ESP,GK,Arsenal,eng Premier League,30.0,1994,1,1,90,1.0,0,0,0,0,0,0,0,0,0.0,7,es ESP,GK,eng Premier League,30,1994,1,1,90,1.0,1,1.0,3,2,66.7,1,0,0,0,0.0,0,0,0,0,156,es ESP,GK,eng Premier League,30,1994,1.0,0,0,0,,0.0,0.0,,,0,0,191,es ESP,GK,eng Premier League,30,1994,1,90,90,2.6,1.0,1,90,1,0,,37,3.0,2,1,+1,1.0,-0.16,156,es ESP,GK,eng Premier League,30,1994,1.0,0,0,0,0,0,0,0,0,0,0
977464,2025-12-19,7000000,Bayer 04 Leverkusen,15,L1,Arthur,157,br BRA,MF,Leverkusen,de Bundesliga,22.0,2003,20,13,1136,12.6,1,3,4,1,0,0,3,0,0.32,,,,,,,,,,,,,,,,,,,,,,,,,157,br BRA,MF,de Bundesliga,22,2003,12.6,1,10,2,20.0,0.79,0.16,0.1,0.5,0,0,193,br BRA,MF,de Bundesliga,22,2003,20,1136,57,37.1,12.6,13,73,7,7,26,3,1.8,25,18,+7,0.55,-0.1,157,br BRA,MF,de Bundesliga,22,2003,12.6,3,0,0,19,10,3,33,18,12,0
245744,2025-12-12,1800000,RCD Mallorca,237,ES1,Takuma Asano,158,jp JPN,"MF,FW",Mallorca,es La Liga,30.0,1994,20,8,664,7.4,1,0,1,1,0,0,2,0,0.14,,,,,,,,,,,,,,,,,,,,,,,,,158,jp JPN,"MF,FW",es La Liga,30,1994,7.4,1,17,2,11.8,2.3,0.27,0.06,0.5,0,0,195,jp JPN,"MF,FW",es La Liga,30,1994,20,664,33,19.4,7.4,8,60,0,12,15,9,1.2,7,11,-4,-0.54,-0.35,158,jp JPN,"MF,FW",es La Liga,30,1994,7.4,2,0,0,9,10,8,14,1,10,0
340260,2023-06-12,350000,AS Cittadella,252,IT1,Raúl Asencio,159,es ESP,DF,Real Madrid,es La Liga,22.0,2003,23,18,1708,19.0,2,0,2,2,0,0,4,0,0.11,,,,,,,,,,,,,,,,,,,,,,,,,159,es ESP,DF,es La Liga,22,2003,19.0,2,14,4,28.6,0.74,0.21,0.14,0.5,0,0,196,es ESP,DF,es La Liga,22,2003,23,1708,74,49.9,19.0,18,85,14,5,34,10,2.22,37,17,+20,1.05,-0.1,159,es ESP,DF,es La Liga,22,2003,19.0,4,0,0,17,23,0,1,10,12,0
524290,2023-06-22,800000,TSG 1899 Hoffenheim,533,L1,Fisnik Asllani,160,xk KVX,"FW,MF",Hoffenheim,de Bundesliga,22.0,2002,33,31,2335,25.9,10,7,17,10,0,0,2,0,0.66,,,,,,,,,,,,,,,,,,,,,,,,,160,xk KVX,"FW,MF",de Bundesliga,22,2002,25.9,10,73,28,38.4,2.81,1.08,0.14,0.36,0,0,197,xk KVX,"FW,MF",de Bundesliga,22,2002,33,2335,71,76.3,25.9,31,74,4,2,24,1,1.76,50,41,+9,0.35,-0.15,160,xk KVX,"FW,MF",de Bundesliga,22,2002,25.9,2,0,0,26,37,14,10,5,7,0
543771,2025-12-23,13000000,Torino FC,114,TR1,Kristjan Asllani,161,al ALB,MF,Torino,it Serie A,23.0,2002,15,13,1129,12.5,0,0,0,0,0,1,3,0,0.0,,,,,,,,,,,,,,,,,,,,,,,,,161,al ALB,MF,it Serie A,23,2002,12.5,0,20,4,20.0,1.59,0.32,0.0,0.0,0,1,198,al ALB,MF,it Serie A,23,2002,15,1129,75,33.0,12.5,13,82,5,2,29,4,1.27,13,20,-7,-0.56,-0.09,161,al ALB,MF,it Serie A,23,2002,12.5,3,0,0,7,14,0,52,12,14,0
375391,2024-06-03,1500000,FC Metz,1044,SE1,Joel Asoro,162,se SWE,FW,Metz,fr Ligue 1,26.0,1999,8,2,227,2.5,0,0,0,0,0,0,0,0,0.0,,,,,,,,,,,,,,,,,,,,,,,,,162,se SWE,FW,fr Ligue 1,26,1999,2.5,0,4,1,25.0,1.59,0.4,0.0,0.0,0,0,199,se SWE,FW,fr Ligue 1,26,1999,8,227,28,7.4,2.5,2,61,0,6,18,3,0.88,2,5,-3,-1.19,0.11,162,se SWE,FW,fr Ligue 1,26,1999,2.5,0,0,0,2,1,2,1,0,0,0
72047,2025-12-12,1800000,Celta de Vigo,940,ES1,Iago Aspas,163,es ESP,"FW,MF",Celta Vigo,es La Liga,37.0,1987,32,11,1140,12.7,5,3,8,3,2,2,4,0,0.47,,,,,,,,,,,,,,,,,,,,,,,,,163,es ESP,"FW,MF",es La Liga,37,1987,12.7,5,28,12,42.9,2.21,0.95,0.11,0.25,2,2,200,es ESP,"FW,MF",es La Liga,37,1987,32,1140,36,33.3,12.7,11,69,1,21,18,4,1.36,22,12,+10,0.79,0.99,163,es ESP,"FW,MF",es La Liga,37,1987,12.7,4,0,0,5,17,0,24,12,11,0
711969,2025-12-19,12000000,VfB Stuttgart,79,L1,Lorenz Assignon,165,tg TOG,"DF,MF",Stuttgart,de Bundesliga,25.0,2000,24,12,1094,12.2,0,0,0,0,0,0,3,1,0.0,,,,,,,,,,,,,,,,,,,,,,,,,165,tg TOG,"DF,MF",de Bundesliga,25,2000,12.2,0,12,4,33.3,0.99,0.33,0.0,0.0,0,0,202,tg TOG,"DF,MF",de Bundesliga,25,2000,24,1094,46,35.8,12.2,12,80,4,12,11,6,2.0,28,13,+15,1.23,0.91,165,tg TOG,"DF,MF",de Bundesliga,25,2000,12.2,3,1,0,19,7,1,40,15,15,0
855308,2025-12-23,15000000,Udinese Calcio,410,IT1,Arthur Atta,170,fr FRA,MF,Udinese,it Serie A,22.0,2003,32,29,2557,28.4,5,3,8,5,0,0,3,0,0.28,,,,,,,,,,,,,,,,,,,,,,,,,170,fr FRA,MF,it Serie A,22,2003,28.4,5,57,20,35.1,2.01,0.7,0.09,0.25,0,0,209,fr FRA,MF,it Serie A,22,2003,32,2557,80,74.8,28.4,29,85,19,3,31,0,1.34,31,36,-5,-0.18,-0.38,170,fr FRA,MF,it Serie A,22,2003,28.4,3,0,0,23,32,8,56,23,17,0
526845,2025-12-19,20000000,SC Freiburg,60,L1,Noah Atubolu,171,de GER,GK,Freiburg,de Bundesliga,23.0,2002,34,34,3060,34.0,0,0,0,0,0,0,1,0,0.0,8,de GER,GK,de Bundesliga,23,2002,34,34,3060,34.0,57,1.68,156,100,63.5,13,8,13,6,17.6,1,0,1,0,171,de GER,GK,de Bundesliga,23,2002,34.0,0,0,0,,0.0,0.0,,,0,0,210,de GER,GK,de Bundesliga,23,2002,34,3060,90,100.0,34.0,34,90,34,0,,0,1.38,51,57,-6,-0.18,,171,de GER,GK,de Bundesliga,23,2002,34.0,1,0,0,0,6,0,0,1,0,0
58864,2024-06-03,5000000,Olympique Marseille,244,FR1,Pierre-Emerick Aubameyang,172,ga GAB,FW,Marseille,fr Ligue 1,36.0,1989,30,23,2039,22.7,10,5,15,10,0,0,1,0,0.66,,,,,,,,,,,,,,,,,,,,,,,,,172,ga GAB,FW,fr Ligue 1,36,1989,22.7,10,60,34,56.7,2.65,1.5,0.17,0.29,0,0,211,ga GAB,FW,fr Ligue 1,36,1989,30,2039,68,66.6,22.7,23,79,8,7,31,3,1.67,43,26,+17,0.75,0.66,172,ga GAB,FW,fr Ligue 1,36,1989,22.7,1,0,0,19,16,9,30,7,6,0
256339,2025-12-23,3200000,US Cremonese,2239,IT1,Emil Audero,173,id IDN,GK,Cremonese,it Serie A,28.0,1997,34,34,3060,34.0,0,0,0,0,0,0,0,0,0.0,9,id IDN,GK,it Serie A,28,1997,34,34,3060,34.0,50,1.47,167,123,72.5,8,7,19,11,32.4,6,4,2,0,173,id IDN,GK,it Serie A,28,1997,34.0,0,0,0,,0.0,0.0,,,0,0,212,id IDN,GK,it Serie A,28,1997,34,3060,90,89.5,34.0,34,90,34,0,,2,0.91,28,50,-22,-0.65,0.1,173,id IDN,GK,it Serie A,28,1997,34.0,0,0,0,0,6,0,0,0,0,0
585982,2025-12-23,26000000,Inter Milan,46,IT1,Carlos Augusto,174,br BRA,"MF,DF",Inter,it Serie A,26.0,1999,34,18,1763,19.6,1,1,2,1,0,0,6,0,0.1,,,,,,,,,,,,,,,,,,,,,,,,,174,br BRA,"MF,DF",it Serie A,26,1999,19.6,1,20,6,30.0,1.02,0.31,0.05,0.17,0,0,213,br BRA,"MF,DF",it Serie A,26,1999,34,1763,52,51.5,19.6,18,81,12,16,19,2,2.29,41,19,+22,1.12,-0.61,174,br BRA,"MF,DF",it Serie A,26,1999,19.6,6,0,0,26,13,0,46,19,22,0
358143,2024-06-06,3000000,Boavista FC,995,FR1,Chidozie Awaziem,179,ng NGA,DF,Nantes,fr Ligue 1,28.0,1997,27,26,2321,25.8,1,2,3,1,0,0,7,0,0.12,,,,,,,,,,,,,,,,,,,,,,,,,179,ng NGA,DF,fr Ligue 1,28,1997,25.8,1,11,4,36.4,0.43,0.16,0.09,0.25,0,0,219,ng NGA,DF,fr Ligue 1,28,1997,27,2321,86,75.8,25.8,26,89,24,1,12,5,0.67,22,40,-18,-0.7,-0.09,179,ng NGA,DF,fr Ligue 1,28,1997,25.8,7,0,0,23,21,1,2,20,20,1
295313,2025-12-09,12000000,Nottingham Forest,703,GB1,Taiwo Awoniyi,180,ng NGA,FW,Nottingham Forest,eng Premier League,27.0,1997,17,3,494,5.5,4,1,5,4,0,0,2,0,0.91,,,,,,,,,,,,,,,,,,,,,,,,,180,ng NGA,FW,eng Premier League,27,1997,5.5,4,15,8,53.3,2.73,1.46,0.27,0.5,0,0,220,ng NGA,FW,eng Premier League,27,1997,17,494,29,14.4,5.5,3,69,1,14,21,8,1.18,9,4,+5,0.91,1.16,180,ng NGA,FW,eng Premier League,27,1997,5.5,2,0,0,10,7,6,1,1,1,0
667287,2025-12-09,30000000,Brighton & Hove Albion,1237,GB1,Yasin Ayari,181,se SWE,MF,Brighton,eng Premier League,21.0,2003,29,20,1929,21.4,3,3,6,3,0,0,1,0,0.28,,,,,,,,,,,,,,,,,,,,,,,,,181,se SWE,MF,eng Premier League,21,2003,21.4,3,41,10,24.4,1.91,0.47,0.07,0.3,0,0,221,se SWE,MF,eng Premier League,21,2003,29,1929,67,56.4,21.4,20,86,15,9,22,2,1.55,32,24,+8,0.37,0.49,181,se SWE,MF,eng Premier League,21,2003,21.4,1,0,0,24,28,0,24,26,25,0
901019,2024-06-03,8000000,RC Lens,12,IT1,Neil El Aynaoui,182,ma MAR,MF,Roma,it Serie A,24.0,2001,25,8,999,11.1,1,2,3,1,0,0,5,0,0.27,,,,,,,,,,,,,,,,,,,,,,,,,182,ma MAR,MF,it Serie A,24,2001,11.1,1,6,4,66.7,0.54,0.36,0.17,0.25,0,0,222,ma MAR,MF,it Serie A,24,2001,25,999,40,29.2,11.1,8,69,3,17,26,5,2.04,18,11,+7,0.63,-0.15,182,ma MAR,MF,it Serie A,24,2001,11.1,5,0,0,23,10,2,17,18,10,0
57500,2025-12-12,1200000,Sevilla FC,368,ES1,César Azpilicueta,184,es ESP,DF,Sevilla,es La Liga,35.0,1989,17,17,1213,13.5,0,1,1,0,0,0,4,0,0.07,,,,,,,,,,,,,,,,,,,,,,,,,184,es ESP,DF,es La Liga,35,1989,13.5,0,1,0,0.0,0.07,0.0,0.0,,0,0,226,es ESP,DF,es La Liga,35,1989,17,1213,71,35.5,13.5,17,71,10,0,,4,1.24,18,16,+2,0.15,0.8,184,es ESP,DF,es La Liga,35,1989,13.5,4,0,0,24,9,1,12,22,19,0
531065,2025-12-15,1800000,AJ Auxerre,290,FR1,Oussama El Azzouzi,185,ma MAR,"MF,DF",Auxerre,fr Ligue 1,24.0,2001,11,10,807,9.0,1,0,1,1,0,0,1,1,0.11,,,,,,,,,,,,,,,,,,,,,,,,,185,ma MAR,"MF,DF",fr Ligue 1,24,2001,9.0,1,5,1,20.0,0.56,0.11,0.2,1.0,0,0,227,ma MAR,"MF,DF",fr Ligue 1,24,2001,11,807,73,26.4,9.0,10,79,2,1,19,0,0.64,9,11,-2,-0.22,0.1,185,ma MAR,"MF,DF",fr Ligue 1,24,2001,9.0,1,1,0,18,8,0,0,16,15,0
620295,2025-12-19,10000000,SV Werder Bremen,86,L1,Mio Backhaus,186,de GER,GK,Werder Bremen,de Bundesliga,21.0,2004,32,32,2880,32.0,0,0,0,0,0,0,1,0,0.0,10,de GER,GK,de Bundesliga,21,2004,32,32,2880,32.0,56,1.75,151,100,66.2,7,8,17,5,15.6,5,5,0,0,186,de GER,GK,de Bundesliga,21,2004,32.0,0,0,0,,0.0,0.0,,,0,0,230,de GER,GK,de Bundesliga,21,2004,32,2880,90,94.1,32.0,32,90,32,0,,0,0.91,36,56,-20,-0.62,0.87,186,de GER,GK,de Bundesliga,21,2004,32.0,1,0,0,0,13,0,0,0,0,1
463603,2025-12-09,18000000,Chelsea FC,631,GB1,Benoît Badiashile,188,fr FRA,DF,Chelsea,eng Premier League,24.0,2001,8,6,471,5.2,0,0,0,0,0,0,2,0,0.0,,,,,,,,,,,,,,,,,,,,,,,,,188,fr FRA,DF,eng Premier League,24,2001,5.2,0,0,0,,0.0,0.0,,,0,0,232,fr FRA,DF,eng Premier League,24,2001,8,471,59,13.8,5.2,6,69,3,2,29,11,1.63,7,10,-3,-0.57,-0.85,188,fr FRA,DF,eng Premier League,24,2001,5.2,2,0,0,6,2,0,0,9,5,0
387626,2025-12-23,18000000,AS Roma,405,GB1,Leon Bailey,191,jm JAM,MF,Aston Villa,eng Premier League,27.0,1997,13,3,459,5.1,0,1,1,0,0,0,1,0,0.2,,,,,,,,,,,,,,,,,,,,,,,,,191,jm JAM,MF,eng Premier League,27,1997,5.1,0,8,1,12.5,1.57,0.2,0.0,0.0,0,0,238,jm JAM,MF,eng Premier League,27,1997,13,459,35,13.4,5.1,3,71,1,10,25,3,1.15,8,9,-1,-0.2,-0.44,191,jm JAM,MF,eng Premier League,27,1997,5.1,1,0,0,6,5,1,19,4,6,0
387626,2025-12-23,18000000,AS Roma,405,GB1,Leon Bailey,192,jm JAM,FW,Roma,it Serie A,27.0,1997,7,1,186,2.1,0,0,0,0,0,0,0,0,0.0,,,,,,,,,,,,,,,,,,,,,,,,,192,jm JAM,FW,it Serie A,27,1997,2.1,0,3,1,33.3,1.45,0.48,0.0,0.0,0,0,239,jm JAM,FW,it Serie A,27,1997,7,186,27,5.4,2.1,1,49,0,6,23,1,1.29,1,1,0,0.0,-0.78,192,jm JAM,FW,it Serie A,27,1997,2.1,0,0,0,2,1,1,14,0,0,0
286384,2025-12-12,1500000,Real Oviedo,2497,ES1,Eric Bailly,193,ci CIV,DF,Oviedo,es La Liga,31.0,1994,15,15,1234,13.7,1,0,1,1,0,0,3,0,0.07,,,,,,,,,,,,,,,,,,,,,,,,,193,ci CIV,DF,es La Liga,31,1994,13.7,1,6,1,16.7,0.44,0.07,0.17,1.0,0,0,240,ci CIV,DF,es La Liga,31,1994,15,1234,82,36.1,13.7,15,82,13,0,,16,0.93,13,22,-9,-0.66,0.37,193,ci CIV,DF,es La Liga,31,1994,13.7,3,0,0,13,7,0,1,17,10,0
501709,2025-12-29,1800000,FC Lausanne-Sport,527,C1,Theo Bair,194,ca CAN,FW,Auxerre,fr Ligue 1,25.0,1999,2,0,10,0.1,0,0,0,0,0,0,0,0,0.0,,,,,,,,,,,,,,,,,,,,,,,,,194,ca CAN,FW,fr Ligue 1,25,1999,0.1,0,0,0,,0.0,0.0,,,0,0,241,ca CAN,FW,fr Ligue 1,25,1999,2,10,5,0.3,0.1,0,,0,2,5,1,1.5,0,0,0,0.0,0.3,194,ca CAN,FW,fr Ligue 1,25,1999,0.1,0,0,0,0,0,0,0,0,0,0
127048,2025-12-12,1400000,Real Betis Balompié,150,ES1,Cédric Bakambu,195,cd COD,FW,Real Betis,es La Liga,34.0,1991,18,5,569,6.3,3,1,4,3,0,0,1,0,0.63,,,,,,,,,,,,,,,,,,,,,,,,,195,cd COD,FW,es La Liga,34,1991,6.3,3,21,9,42.9,3.32,1.42,0.14,0.33,0,0,243,cd COD,FW,es La Liga,34,1991,18,569,32,16.6,6.3,5,66,0,13,18,13,1.22,9,10,-1,-0.16,-0.54,195,cd COD,FW,es La Liga,34,1991,6.3,1,0,0,11,9,10,2,2,2,0
565424,2025-12-19,25000000,RB Leipzig,23826,L1,Johan Bakayoko,196,be BEL,"FW,MF",RB Leipzig,de Bundesliga,22.0,2003,20,8,777,8.6,2,0,2,2,0,0,1,0,0.23,,,,,,,,,,,,,,,,,,,,,,,,,196,be BEL,"FW,MF",de Bundesliga,22,2003,8.6,2,24,9,37.5,2.78,1.04,0.08,0.22,0,0,244,be BEL,"FW,MF",de Bundesliga,22,2003,20,777,39,25.4,8.6,8,72,0,12,17,9,1.8,15,9,+6,0.69,0.18,196,be BEL,"FW,MF",de Bundesliga,22,2003,8.6,1,0,0,12,11,3,15,2,3,0
361065,2025-12-23,4000000,Atalanta BC,800,IT1,Mitchel Bakker,197,nl NED,"DF,MF",Atalanta,it Serie A,25.0,2000,1,0,9,0.1,0,0,0,0,0,0,0,0,0.0,,,,,,,,,,,,,,,,,,,,,,,,,197,nl NED,"DF,MF",it Serie A,25,2000,0.1,0,0,0,,0.0,0.0,,,0,0,246,nl NED,"DF,MF",it Serie A,25,2000,1,9,9,0.3,0.1,0,,0,1,9,14,0.0,0,0,0,0.0,-0.4,197,nl NED,"DF,MF",it Serie A,25,2000,0.1,0,0,0,0,0,0,0,0,0,0
327251,2024-05-29,7000000,VfL Wolfsburg,23826,L1,Ridle Baku,200,de GER,DF,RB Leipzig,de Bundesliga,27.0,1998,32,28,2504,27.8,2,3,5,2,0,0,4,0,0.18,,,,,,,,,,,,,,,,,,,,,,,,,200,de GER,DF,de Bundesliga,27,1998,27.8,2,30,6,20.0,1.08,0.22,0.07,0.33,0,0,249,de GER,DF,de Bundesliga,27,1998,32,2504,78,81.8,27.8,28,86,14,4,26,0,1.94,50,36,+14,0.5,-0.31,200,de GER,DF,de Bundesliga,27,1998,27.8,4,0,0,23,22,4,59,31,40,0
540664,2025-12-09,32000000,Nottingham Forest,703,GB1,Dilane Bakwa,201,fr FRA,"FW,MF",Strasbourg,fr Ligue 1,22.0,2002,3,0,107,1.2,1,2,3,1,0,0,0,0,2.52,,,,,,,,,,,,,,,,,,,,,,,,,201,fr FRA,"FW,MF",fr Ligue 1,22,2002,1.2,1,2,1,50.0,1.68,0.84,0.5,1.0,0,0,250,fr FRA,"FW,MF",fr Ligue 1,22,2002,3,107,36,3.5,1.2,0,,0,3,36,0,2.0,4,2,+2,1.68,1.41,201,fr FRA,"FW,MF",fr Ligue 1,22,2002,1.2,0,0,0,0,4,0,8,1,1,0
540664,2025-12-09,32000000,Nottingham Forest,703,GB1,Dilane Bakwa,202,fr FRA,MF,Nottingham Forest,eng Premier League,22.0,2002,14,6,553,6.1,0,2,2,0,0,0,1,0,0.33,,,,,,,,,,,,,,,,,,,,,,,,,202,fr FRA,MF,eng Premier League,22,2002,6.1,0,9,3,33.3,1.46,0.49,0.0,0.0,0,0,251,fr FRA,MF,eng Premier League,22,2002,14,553,40,16.2,6.1,6,64,0,8,21,7,0.79,8,10,-2,-0.33,-0.29,202,fr FRA,MF,eng Premier League,22,2002,6.1,1,0,0,9,14,0,38,0,3,0
641537,2025-12-23,10000000,AS Roma,252,IT1,Tommaso Baldanzi,204,it ITA,MF,Genoa,it Serie A,22.0,2003,8,5,399,4.4,0,2,2,0,0,0,0,0,0.45,,,,,,,,,,,,,,,,,,,,,,,,,204,it ITA,MF,it Serie A,22,2003,4.4,0,9,3,33.3,2.03,0.68,0.0,0.0,0,0,254,it ITA,MF,it Serie A,22,2003,8,399,50,11.7,4.4,5,62,0,3,30,1,1.25,5,5,0,0.0,0.3,204,it ITA,MF,it Serie A,22,2003,4.4,0,0,0,2,6,0,7,3,6,0
641537,2025-12-23,10000000,AS Roma,252,IT1,Tommaso Baldanzi,205,it ITA,"FW,MF",Roma,it Serie A,22.0,2003,10,3,386,4.3,1,0,1,1,0,0,2,0,0.23,,,,,,,,,,,,,,,,,,,,,,,,,205,it ITA,"FW,MF",it Serie A,22,2003,4.3,1,11,4,36.4,2.56,0.93,0.09,0.25,0,0,255,it ITA,"FW,MF",it Serie A,22,2003,10,386,39,11.3,4.3,3,56,0,7,31,6,1.2,5,3,+2,0.47,-0.3,205,it ITA,"FW,MF",it Serie A,22,2003,4.3,2,0,0,8,18,2,9,3,1,0
636688,2025-12-12,60000000,FC Barcelona,131,ES1,Alejandro Balde,206,es ESP,DF,Barcelona,es La Liga,21.0,2003,28,21,1869,20.8,0,2,2,0,0,0,2,0,0.1,,,,,,,,,,,,,,,,,,,,,,,,,206,es ESP,DF,es La Liga,21,2003,20.8,0,10,1,10.0,0.48,0.05,0.0,0.0,0,0,256,es ESP,DF,es La Liga,21,2003,28,1869,67,54.6,20.8,21,78,8,7,33,3,2.29,49,24,+25,1.2,-0.77,206,es ESP,DF,es La Liga,21,2003,20.8,2,0,0,14,25,4,25,6,21,0
973085,2025-12-09,60000000,Brighton & Hove Albion,1237,GB1,Carlos Baleba,208,cm CMR,MF,Brighton,eng Premier League,21.0,2004,31,23,1652,18.4,0,0,0,0,0,0,5,0,0.0,,,,,,,,,,,,,,,,,,,,,,,,,208,cm CMR,MF,eng Premier League,21,2004,18.4,0,20,2,10.0,1.09,0.11,0.0,0.0,0,0,259,cm CMR,MF,eng Premier League,21,2004,31,1652,53,48.3,18.4,23,66,3,8,16,1,1.39,20,20,0,0.0,-0.31,208,cm CMR,MF,eng Premier League,21,2004,18.4,5,0,0,31,24,0,0,28,21,0
575998,2025-12-15,20000000,Olympique Marseille,244,FR1,Leonardo Balerdi,209,ar ARG,DF,Marseille,fr Ligue 1,26.0,1999,26,21,2001,22.2,0,1,1,0,0,0,5,0,0.04,,,,,,,,,,,,,,,,,,,,,,,,,209,ar ARG,DF,fr Ligue 1,26,1999,22.2,0,20,5,25.0,0.9,0.22,0.0,0.0,0,0,260,ar ARG,DF,fr Ligue 1,26,1999,26,2001,77,65.4,22.2,21,89,19,5,26,1,1.73,46,33,+13,0.58,0.16,209,ar ARG,DF,fr Ligue 1,26,1999,22.2,5,0,0,23,21,0,2,27,28,0
85295,2025-12-12,1200000,Rayo Vallecano,367,ES1,Iván Balliu,212,al ALB,DF,Rayo Vallecano,es La Liga,33.0,1992,14,6,582,6.5,0,0,0,0,0,0,2,0,0.0,,,,,,,,,,,,,,,,,,,,,,,,,212,al ALB,DF,es La Liga,33,1992,6.5,0,4,0,0.0,0.62,0.0,0.0,,0,0,264,al ALB,DF,es La Liga,33,1992,14,582,42,17.0,6.5,6,74,2,8,17,21,1.43,8,7,+1,0.15,0.28,212,al ALB,DF,es La Liga,33,1992,6.5,2,0,0,9,5,0,9,9,9,0
296422,2025-12-15,1000000,FC Metz,347,FR1,Fodé Ballo-Touré,213,sn SEN,"DF,MF",Metz,fr Ligue 1,28.0,1997,13,11,836,9.3,0,0,0,0,0,0,2,0,0.0,,,,,,,,,,,,,,,,,,,,,,,,,213,sn SEN,"DF,MF",fr Ligue 1,28,1997,9.3,0,5,1,20.0,0.54,0.11,0.0,0.0,0,0,265,sn SEN,"DF,MF",fr Ligue 1,28,1997,13,836,64,27.3,9.3,11,73,2,2,16,8,0.08,5,22,-17,-1.83,-0.74,213,sn SEN,"DF,MF",fr Ligue 1,28,1997,9.3,2,0,0,13,18,1,16,5,16,0
503770,2025-12-15,22000000,AS Monaco,162,FR1,Folarin Balogun,214,us USA,FW,Monaco,fr Ligue 1,24.0,2001,30,26,2230,24.8,13,4,17,10,3,3,4,1,0.57,,,,,,,,,,,,,,,,,,,,,,,,,214,us USA,FW,fr Ligue 1,24,2001,24.8,13,77,32,41.6,3.11,1.29,0.13,0.31,3,3,267,us USA,FW,fr Ligue 1,24,2001,30,2230,74,72.9,24.8,26,79,8,4,41,1,1.6,43,36,+7,0.28,0.39,214,us USA,FW,fr Ligue 1,24,2001,24.8,4,1,0,44,37,17,14,4,6,0
62351,2023-06-27,400000,Angers SCO,1420,FR1,Abdoulaye Bamba,215,ci CIV,DF,Angers,fr Ligue 1,35.0,1990,6,3,255,2.8,0,0,0,0,0,0,1,0,0.0,,,,,,,,,,,,,,,,,,,,,,,,,215,ci CIV,DF,fr Ligue 1,35,1990,2.8,0,1,1,100.0,0.35,0.35,0.0,0.0,0,0,268,ci CIV,DF,fr Ligue 1,35,1990,6,255,43,8.3,2.8,3,80,1,3,5,21,1.0,3,6,-3,-1.06,-0.55,215,ci CIV,DF,fr Ligue 1,35,1990,2.8,1,0,0,3,5,0,1,6,6,0
975347,2025-12-15,3500000,AS Monaco,162,FR1,Aladji Bamba,216,fr FRA,MF,Monaco,fr Ligue 1,19.0,2006,18,10,816,9.1,0,2,2,0,0,0,2,0,0.22,,,,,,,,,,,,,,,,,,,,,,,,,216,fr FRA,MF,fr Ligue 1,19,2006,9.1,0,2,1,50.0,0.22,0.11,0.0,0.0,0,0,269,fr FRA,MF,fr Ligue 1,19,2006,18,816,45,26.7,9.1,10,60,1,8,28,8,2.17,18,17,+1,0.11,-0.09,216,fr FRA,MF,fr Ligue 1,19,2006,9.1,2,0,0,23,18,0,4,8,20,0
619461,2024-06-03,6000000,FC Lorient,1158,FR1,Mohamed Bamba,217,ci CIV,FW,Lorient,fr Ligue 1,23.0,2001,18,7,682,7.6,1,2,3,1,0,1,3,0,0.4,,,,,,,,,,,,,,,,,,,,,,,,,217,ci CIV,FW,fr Ligue 1,23,2001,7.6,1,13,6,46.2,1.72,0.79,0.08,0.17,0,1,270,ci CIV,FW,fr Ligue 1,23,2001,18,682,38,22.3,7.6,7,64,0,11,21,10,1.06,11,16,-5,-0.66,-0.74,217,ci CIV,FW,fr Ligue 1,23,2001,7.6,3,0,0,17,8,12,3,2,2,0
545538,2025-12-23,3000000,US Lecce,1005,IT1,Lameck Banda,218,zm ZAM,"MF,FW",Lecce,it Serie A,24.0,2001,32,21,1752,19.5,5,4,9,5,0,0,6,1,0.46,,,,,,,,,,,,,,,,,,,,,,,,,218,zm ZAM,"MF,FW",it Serie A,24,2001,19.5,5,38,15,39.5,1.95,0.77,0.13,0.33,0,0,271,zm ZAM,"MF,FW",it Serie A,24,2001,32,1752,55,51.2,19.5,21,68,2,11,29,3,1.09,20,22,-2,-0.1,0.98,218,zm ZAM,"MF,FW",it Serie A,24,2001,19.5,6,1,0,44,49,3,90,7,17,0
923945,2025-12-19,15000000,FC Augsburg,167,L1,Noahkai Banks,219,us USA,DF,Augsburg,de Bundesliga,18.0,2006,23,20,1725,19.2,1,1,2,1,0,0,8,0,0.1,,,,,,,,,,,,,,,,,,,,,,,,,219,us USA,DF,de Bundesliga,18,2006,19.2,1,9,5,55.6,0.47,0.26,0.11,0.2,0,0,272,us USA,DF,de Bundesliga,18,2006,23,1725,75,56.4,19.2,20,83,14,3,21,9,1.09,22,31,-9,-0.47,0.0,219,us USA,DF,de Bundesliga,18,2006,19.2,8,0,0,29,18,3,4,18,29,0
865682,2025-12-19,18000000,RB Leipzig,23826,L1,Ezechiel Banzuzi,220,nl NED,MF,RB Leipzig,de Bundesliga,20.0,2005,24,2,597,6.6,0,1,1,0,0,0,3,0,0.15,,,,,,,,,,,,,,,,,,,,,,,,,220,nl NED,MF,de Bundesliga,20,2005,6.6,0,15,4,26.7,2.26,0.6,0.0,0.0,0,0,274,nl NED,MF,de Bundesliga,20,2005,24,597,25,19.5,6.6,2,65,0,22,21,4,2.04,6,10,-4,-0.6,-1.44,220,nl NED,MF,de Bundesliga,20,2005,6.6,3,0,0,14,7,0,5,6,10,0
569939,2023-06-19,1200000,Juventus Next Gen,2239,IT1,Tommaso Barbieri,221,it ITA,MF,Cremonese,it Serie A,22.0,2002,29,18,1707,19.0,0,1,1,0,0,0,8,0,0.05,,,,,,,,,,,,,,,,,,,,,,,,,221,it ITA,MF,it Serie A,22,2002,19.0,0,16,2,12.5,0.84,0.11,0.0,0.0,0,0,276,it ITA,MF,it Serie A,22,2002,29,1707,59,49.9,19.0,18,82,10,11,21,5,0.86,19,25,-6,-0.32,0.68,221,it ITA,MF,it Serie A,22,2002,19.0,8,0,0,40,26,1,78,14,26,0
849410,2024-05-27,13000000,Brighton & Hove Albion,667,FR1,Valentín Barco,222,ar ARG,MF,Strasbourg,fr Ligue 1,21.0,2004,27,24,2168,24.1,2,4,6,2,0,0,5,1,0.25,,,,,,,,,,,,,,,,,,,,,,,,,222,ar ARG,MF,fr Ligue 1,21,2004,24.1,2,27,10,37.0,1.12,0.42,0.07,0.2,0,0,277,ar ARG,MF,fr Ligue 1,21,2004,27,2168,80,70.8,24.1,24,86,18,3,36,0,1.81,45,33,+12,0.5,0.6,222,ar ARG,MF,fr Ligue 1,21,2004,24.1,5,1,0,24,61,2,103,14,33,0
708265,2025-12-15,70000000,Paris Saint-Germain,583,FR1,Bradley Barcola,223,fr FRA,FW,Paris Saint-Germain,fr Ligue 1,22.0,2002,29,21,1743,19.4,11,1,12,11,0,0,2,0,0.62,,,,,,,,,,,,,,,,,,,,,,,,,223,fr FRA,FW,fr Ligue 1,22,2002,19.4,11,66,30,45.5,3.41,1.55,0.17,0.37,0,0,278,fr FRA,FW,fr Ligue 1,22,2002,29,1743,60,57.0,19.4,21,72,6,8,30,2,2.31,41,15,+26,1.34,0.04,223,fr FRA,FW,fr Ligue 1,22,2002,19.4,2,0,0,20,10,6,26,12,16,0
532775,2025-12-15,10000000,OGC Nice,417,FR1,Melvin Bard,224,fr FRA,"DF,MF",Nice,fr Ligue 1,24.0,2000,29,26,2394,26.6,2,1,3,2,0,0,4,0,0.11,,,,,,,,,,,,,,,,,,,,,,,,,224,fr FRA,"DF,MF",fr Ligue 1,24,2000,26.6,2,15,5,33.3,0.56,0.19,0.13,0.4,0,0,279,fr FRA,"DF,MF",fr Ligue 1,24,2000,29,2394,83,78.2,26.6,26,88,23,3,39,0,0.9,25,51,-26,-0.98,-1.38,224,fr FRA,"DF,MF",fr Ligue 1,24,2000,26.6,4,0,0,26,27,3,77,41,29,0
792331,2025-12-12,10000000,FC Barcelona,131,ES1,Roony Bardghji,225,se SWE,"MF,FW",Barcelona,es La Liga,19.0,2005,21,7,648,7.2,1,1,2,1,0,0,0,0,0.28,,,,,,,,,,,,,,,,,,,,,,,,,225,se SWE,"MF,FW",es La Liga,19,2005,7.2,1,22,12,54.5,3.06,1.67,0.05,0.08,0,0,280,se SWE,"MF,FW",es La Liga,19,2005,21,648,31,18.9,7.2,7,59,0,14,17,14,2.29,17,8,+9,1.25,-0.37,225,se SWE,"MF,FW",es La Liga,19,2005,7.2,0,0,0,7,8,0,54,2,4,0
255942,2025-12-23,60000000,Inter Milan,46,IT1,Nicolò Barella,226,it ITA,MF,Inter,it Serie A,28.0,1997,34,31,2517,28.0,3,8,11,3,0,0,7,0,0.39,,,,,,,,,,,,,,,,,,,,,,,,,226,it ITA,MF,it Serie A,28,1997,28.0,3,35,5,14.3,1.25,0.18,0.09,0.6,0,0,281,it ITA,MF,it Serie A,28,1997,34,2517,74,73.6,28.0,31,78,11,3,29,1,2.26,61,25,+36,1.29,-0.51,226,it ITA,MF,it Serie A,28,1997,28.0,7,0,0,33,22,4,102,9,31,0
298575,2025-12-12,1500000,CA Osasuna,331,ES1,Kike Barja,227,es ESP,MF,Osasuna,es La Liga,28.0,1997,27,2,446,5.0,2,2,4,2,0,0,3,0,0.81,,,,,,,,,,,,,,,,,,,,,,,,,227,es ESP,MF,es La Liga,28,1997,5.0,2,8,4,50.0,1.61,0.81,0.25,0.5,0,0,284,es ESP,MF,es La Liga,28,1997,27,446,17,13.0,5.0,2,56,0,25,13,11,0.81,16,7,+9,1.82,2.27,227,es ESP,MF,es La Liga,28,1997,5.0,3,0,0,11,11,1,66,3,2,0
131978,2025-12-09,5000000,Aston Villa,405,GB1,Ross Barkley,228,eng ENG,MF,Aston Villa,eng Premier League,31.0,1993,21,7,857,9.5,3,1,4,3,0,0,1,0,0.42,,,,,,,,,,,,,,,,,,,,,,,,,228,eng ENG,MF,eng Premier League,31,1993,9.5,3,18,8,44.4,1.89,0.84,0.17,0.38,0,0,285,eng ENG,MF,eng Premier League,31,1993,21,857,41,25.1,9.5,7,77,0,14,23,1,1.76,18,15,+3,0.32,0.17,228,eng ENG,MF,eng Premier League,31,1993,9.5,1,0,0,9,8,0,0,2,11,0
63200,2023-06-01,1000000,Burnley FC,1132,GB1,Ashley Barnes,229,eng ENG,"FW,MF",Burnley,eng Premier League,35.0,1989,7,0,47,0.5,0,0,0,0,0,0,2,0,0.0,,,,,,,,,,,,,,,,,,,,,,,,,229,eng ENG,"FW,MF",eng Premier League,35,1989,0.5,0,2,1,50.0,3.83,1.91,0.0,0.0,0,0,286,eng ENG,"FW,MF",eng Premier League,35,1989,7,47,7,1.4,0.5,0,,0,7,7,10,0.75,2,4,-2,-3.83,-2.9,229,eng ENG,"FW,MF",eng Premier League,35,1989,0.5,2,0,0,2,2,2,0,0,0,0
398065,2025-12-09,32000000,Newcastle United,762,GB1,Harvey Barnes,230,eng ENG,"FW,MF",Newcastle United,eng Premier League,27.0,1997,37,19,1966,21.8,7,1,8,7,0,0,1,0,0.37,,,,,,,,,,,,,,,,,,,,,,,,,230,eng ENG,"FW,MF",eng Premier League,27,1997,21.8,7,58,21,36.2,2.66,0.96,0.12,0.33,0,0,287,eng ENG,"FW,MF",eng Premier League,27,1997,37,1966,53,57.5,21.8,19,79,7,18,26,1,1.24,35,31,+4,0.18,0.55,230,eng ENG,"FW,MF",eng Premier League,27,1997,21.8,1,0,0,17,23,3,74,3,5,0
616369,2025-12-12,20000000,Real Sociedad,681,ES1,Ander Barrenetxea,231,es ESP,MF,Real Sociedad,es La Liga,23.0,2001,30,22,1763,19.6,3,5,8,3,0,0,5,0,0.41,,,,,,,,,,,,,,,,,,,,,,,,,231,es ESP,MF,es La Liga,23,2001,19.6,3,35,11,31.4,1.79,0.56,0.09,0.27,0,0,288,es ESP,MF,es La Liga,23,2001,30,1763,59,51.5,19.6,22,69,5,8,30,0,1.27,29,27,+2,0.1,0.32,231,es ESP,MF,es La Liga,23,2001,19.6,5,0,0,37,30,5,72,17,18,0
775605,2025-12-12,60000000,Atlético de Madrid,13,ES1,Pablo Barrios,232,es ESP,MF,Atlético Madrid,es La Liga,22.0,2003,23,20,1661,18.5,1,1,2,1,0,0,0,0,0.11,,,,,,,,,,,,,,,,,,,,,,,,,232,es ESP,MF,es La Liga,22,2003,18.5,1,23,6,26.1,1.25,0.33,0.04,0.17,0,0,289,es ESP,MF,es La Liga,22,2003,23,1661,72,48.6,18.5,20,78,13,3,34,0,1.96,30,16,+14,0.76,0.55,232,es ESP,MF,es La Liga,22,2003,18.5,0,0,0,12,23,0,30,26,16,0
887638,2024-06-25,1000000,Milan Primavera,5,IT1,Davide Bartesaghi,234,it ITA,"MF,DF",Milan,it Serie A,19.0,2005,31,27,2441,27.1,2,0,2,2,0,0,3,0,0.07,,,,,,,,,,,,,,,,,,,,,,,,,234,it ITA,"MF,DF",it Serie A,19,2005,27.1,2,22,7,31.8,0.81,0.26,0.09,0.29,0,0,292,it ITA,"MF,DF",it Serie A,19,2005,31,2441,79,71.4,27.1,27,86,20,4,30,7,1.77,34,27,+7,0.26,-0.75,234,it ITA,"MF,DF",it Serie A,19,2005,27.1,3,0,0,18,14,4,139,15,35,1
99922,2024-06-07,1000000,Real Betis Balompié,150,ES1,Marc Bartra,235,es ESP,DF,Real Betis,es La Liga,34.0,1991,25,21,1978,22.0,1,0,1,1,0,0,3,0,0.05,,,,,,,,,,,,,,,,,,,,,,,,,235,es ESP,DF,es La Liga,34,1991,22.0,1,16,5,31.3,0.73,0.23,0.06,0.2,0,0,294,es ESP,DF,es La Liga,34,1991,25,1978,79,57.8,22.0,21,86,19,4,45,5,1.56,29,29,0,0.0,-0.69,235,es ESP,DF,es La Liga,34,1991,22.0,3,0,0,15,11,0,2,29,18,1
351955,2025-12-23,4000000,US Cremonese,2239,IT1,Federico Baschirotto,236,it ITA,DF,Cremonese,it Serie A,28.0,1996,29,29,2540,28.2,2,0,2,2,0,0,2,0,0.07,,,,,,,,,,,,,,,,,,,,,,,,,236,it ITA,DF,it Serie A,28,1996,28.2,2,12,5,41.7,0.43,0.18,0.17,0.4,0,0,295,it ITA,DF,it Serie A,28,1996,29,2540,88,74.3,28.2,29,88,28,0,,1,0.86,21,38,-17,-0.6,0.22,236,it ITA,DF,it Serie A,28,1996,28.2,2,0,0,45,9,1,8,24,13,0
334835,2025-12-23,2500000,SS Lazio,398,IT1,Toma Bašić,237,hr CRO,MF,Lazio,it Serie A,28.0,1996,23,23,1735,19.3,2,3,5,2,0,0,0,1,0.26,,,,,,,,,,,,,,,,,,,,,,,,,237,hr CRO,MF,it Serie A,28,1996,19.3,2,30,12,40.0,1.56,0.62,0.07,0.17,0,0,296,hr CRO,MF,it Serie A,28,1996,23,1735,75,50.7,19.3,23,75,10,0,,3,1.52,22,20,+2,0.1,0.16,237,hr CRO,MF,it Serie A,28,1996,19.3,0,1,0,20,19,0,48,9,16,0
461883,2025-12-09,28000000,Fulham FC,931,GB1,Calvin Bassey,238,ng NGA,DF,Fulham,eng Premier League,25.0,1999,30,28,2534,28.2,1,0,1,1,0,0,5,0,0.04,,,,,,,,,,,,,,,,,,,,,,,,,238,ng NGA,DF,eng Premier League,25,1999,28.2,1,12,1,8.3,0.43,0.04,0.08,1.0,0,0,297,ng NGA,DF,eng Premier League,25,1999,30,2534,84,74.1,28.2,28,90,28,2,7,2,1.27,36,40,-4,-0.14,-0.14,238,ng NGA,DF,eng Premier League,25,1999,28.2,5,0,0,28,40,1,14,22,32,0
315853,2025-12-23,80000000,Inter Milan,46,IT1,Alessandro Bastoni,239,it ITA,DF,Inter,it Serie A,26.0,1999,28,28,2239,24.9,1,4,5,1,0,0,6,0,0.2,,,,,,,,,,,,,,,,,,,,,,,,,239,it ITA,DF,it Serie A,26,1999,24.9,1,17,8,47.1,0.68,0.32,0.06,0.13,0,0,298,it ITA,DF,it Serie A,26,1999,28,2239,80,65.5,24.9,28,80,16,0,,7,2.39,62,21,+41,1.65,0.66,239,it ITA,DF,it Serie A,26,1999,24.9,6,0,0,45,20,0,85,21,39,0
275218,2024-06-07,5000000,Granada CF,367,ES1,Augusto Batalla,240,ar ARG,GK,Rayo Vallecano,es La Liga,29.0,1996,34,34,3060,34.0,0,0,0,0,0,0,6,0,0.0,11,ar ARG,GK,es La Liga,29,1996,34,34,3060,34.0,37,1.09,122,91,73.8,10,13,11,11,32.4,6,5,1,0,240,ar ARG,GK,es La Liga,29,1996,34.0,0,0,0,,0.0,0.0,,,0,0,299,ar ARG,GK,es La Liga,29,1996,34,3060,90,89.5,34.0,34,90,34,0,,2,1.31,36,37,-1,-0.03,0.47,240,ar ARG,GK,es La Liga,29,1996,34.0,6,0,0,1,4,0,0,0,1,0
179184,2025-12-19,3000000,Eintracht Frankfurt,24,L1,Michy Batshuayi,241,be BEL,FW,Eintracht Frankfurt,de Bundesliga,31.0,1993,6,1,139,1.5,1,0,1,0,1,1,0,0,0.0,,,,,,,,,,,,,,,,,,,,,,,,,241,be BEL,FW,de Bundesliga,31,1993,1.5,1,5,1,20.0,3.24,0.65,0.0,0.0,1,1,301,be BEL,FW,de Bundesliga,31,1993,6,139,23,4.5,1.5,1,45,0,5,19,5,0.83,3,5,-2,-1.29,-1.23,241,be BEL,FW,de Bundesliga,31,1993,1.5,0,0,0,2,1,1,0,0,1,0
90317,2025-12-19,250000,1.FSV Mainz 05,39,L1,Daniel Batz,243,de GER,GK,Mainz 05,de Bundesliga,34.0,1991,21,21,1890,21.0,0,0,0,0,0,0,2,0,0.0,12,de GER,GK,de Bundesliga,34,1991,21,21,1890,21.0,27,1.29,96,70,72.9,9,7,5,4,19.0,1,1,0,0,243,de GER,GK,de Bundesliga,34,1991,21.0,0,0,0,,0.0,0.0,,,0,0,303,de GER,GK,de Bundesliga,34,1991,21,1890,90,61.8,21.0,21,90,21,0,,4,1.62,32,27,+5,0.24,1.32,243,de GER,GK,de Bundesliga,34,1991,21.0,2,0,0,0,1,0,0,0,0,0
744857,2024-05-29,1000000,Eintracht Frankfurt,24,L1,Elias Baum,244,de GER,DF,Eintracht Frankfurt,de Bundesliga,19.0,2005,5,0,75,0.8,0,0,0,0,0,0,0,0,0.0,,,,,,,,,,,,,,,,,,,,,,,,,244,de GER,DF,de Bundesliga,19,2005,0.8,0,0,0,,0.0,0.0,,,0,0,304,de GER,DF,de Bundesliga,19,2005,5,75,15,2.5,0.8,0,,0,5,15,9,0.8,1,1,0,0.0,0.12,244,de GER,DF,de Bundesliga,19,2005,0.8,0,0,0,3,0,0,4,1,0,0
55089,2025-12-19,3000000,TSG 1899 Hoffenheim,533,L1,Oliver Baumann,245,de GER,GK,Hoffenheim,de Bundesliga,35.0,1990,34,34,3060,34.0,0,0,0,0,0,0,3,0,0.0,13,de GER,GK,de Bundesliga,35,1990,34,34,3060,34.0,52,1.53,145,98,67.6,18,7,9,7,20.6,7,5,0,2,245,de GER,GK,de Bundesliga,35,1990,34.0,0,0,0,,0.0,0.0,,,0,0,305,de GER,GK,de Bundesliga,35,1990,34,3060,90,100.0,34.0,34,90,34,0,,0,1.79,65,52,+13,0.38,,245,de GER,GK,de Bundesliga,35,1990,34.0,3,0,0,1,6,0,0,1,0,0
324278,2024-05-29,18000000,RB Leipzig,23826,L1,Christoph Baumgartner,246,at AUT,MF,RB Leipzig,de Bundesliga,25.0,1999,33,32,2780,30.9,13,8,21,13,0,1,10,0,0.68,,,,,,,,,,,,,,,,,,,,,,,,,246,at AUT,MF,de Bundesliga,25,1999,30.9,13,81,35,43.2,2.62,1.13,0.16,0.37,0,1,306,at AUT,MF,de Bundesliga,25,1999,33,2780,84,90.8,30.9,32,86,18,1,22,0,1.97,63,37,+26,0.84,3.09,246,at AUT,MF,de Bundesliga,25,1999,30.9,10,0,0,63,33,4,6,22,40,0
336077,2025-12-09,7000000,Manchester United,985,GB1,Altay Bayındır,247,tr TUR,GK,Manchester Utd,eng Premier League,27.0,1998,6,6,540,6.0,0,0,0,0,0,0,0,0,0.0,14,tr TUR,GK,eng Premier League,27,1998,6,6,540,6.0,11,1.83,24,13,54.2,2,1,3,0,0.0,0,0,0,0,247,tr TUR,GK,eng Premier League,27,1998,6.0,0,0,0,,0.0,0.0,,,0,0,308,tr TUR,GK,eng Premier League,27,1998,6,540,90,15.8,6.0,6,90,6,0,,32,1.17,7,11,-4,-0.67,-1.39,247,tr TUR,GK,eng Premier League,27,1998,6.0,0,0,0,0,3,0,0,0,0,0
375877,2023-06-09,3000000,RSC Charleroi,410,IT1,Vakoun Bayo,248,ci CIV,FW,Udinese,it Serie A,28.0,1997,15,4,453,5.0,0,2,2,0,0,0,0,0,0.4,,,,,,,,,,,,,,,,,,,,,,,,,248,ci CIV,FW,it Serie A,28,1997,5.0,0,14,2,14.3,2.78,0.4,0.0,0.0,0,0,309,ci CIV,FW,it Serie A,28,1997,15,453,30,13.2,5.0,4,63,0,11,18,14,1.07,8,11,-3,-0.6,-0.6,248,ci CIV,FW,it Serie A,28,1997,5.0,0,0,0,15,6,5,1,0,1,0
237164,2025-12-19,800000,TSG 1899 Hoffenheim,533,L1,Ihlas Bebou,249,tg TOG,"FW,MF",Hoffenheim,de Bundesliga,31.0,1994,16,0,190,2.1,0,0,0,0,0,0,1,0,0.0,,,,,,,,,,,,,,,,,,,,,,,,,249,tg TOG,"FW,MF",de Bundesliga,31,1994,2.1,0,5,2,40.0,2.37,0.95,0.0,0.0,0,0,311,tg TOG,"FW,MF",de Bundesliga,31,1994,16,190,12,6.2,2.1,0,,0,16,12,10,1.69,4,3,+1,0.47,0.1,249,tg TOG,"FW,MF",de Bundesliga,31,1994,2.1,1,0,0,6,2,2,1,3,1,0
273669,2025-12-19,2000000,1.FC Heidenheim 1846,2036,L1,Adrian Beck,251,de GER,MF,Heidenheim,de Bundesliga,28.0,1997,24,9,868,9.6,1,1,2,1,0,0,1,0,0.21,,,,,,,,,,,,,,,,,,,,,,,,,251,de GER,MF,de Bundesliga,28,1997,9.6,1,11,4,36.4,1.14,0.41,0.09,0.25,0,0,313,de GER,MF,de Bundesliga,28,1997,24,868,36,28.4,9.6,9,66,1,15,18,7,0.71,7,21,-14,-1.45,-0.75,251,de GER,MF,de Bundesliga,28,1997,9.6,1,0,0,13,14,1,15,3,17,0
188888,2024-06-07,10000000,Real Sociedad,39,L1,Sheraldo Becker,252,sr SUR,"FW,MF",Osasuna,es La Liga,30.0,1995,9,0,158,1.8,0,0,0,0,0,0,0,0,0.0,,,,,,,,,,,,,,,,,,,,,,,,,252,sr SUR,"FW,MF",es La Liga,30,1995,1.8,0,3,0,0.0,1.71,0.0,0.0,,0,0,314,sr SUR,"FW,MF",es La Liga,30,1995,9,158,18,4.6,1.8,0,,0,9,18,9,0.56,1,4,-3,-1.71,-1.63,252,sr SUR,"FW,MF",es La Liga,30,1995,1.8,0,0,0,4,1,1,11,3,1,0
188888,2024-06-07,10000000,Real Sociedad,39,L1,Sheraldo Becker,253,sr SUR,FW,Mainz 05,de Bundesliga,30.0,1995,14,11,946,10.5,3,3,6,3,0,0,2,0,0.57,,,,,,,,,,,,,,,,,,,,,,,,,253,sr SUR,FW,de Bundesliga,30,1995,10.5,3,29,15,51.7,2.76,1.43,0.1,0.2,0,0,315,sr SUR,FW,de Bundesliga,30,1995,14,946,68,30.9,10.5,11,77,1,3,35,0,1.57,16,8,+8,0.76,1.48,253,sr SUR,FW,de Bundesliga,30,1995,10.5,2,0,0,13,8,10,31,3,0,0
288255,2025-12-12,2000000,Girona FC,12321,ES1,Donny van de Beek,254,nl NED,MF,Girona,es La Liga,28.0,1997,2,1,41,0.5,0,0,0,0,0,0,0,0,0.0,,,,,,,,,,,,,,,,,,,,,,,,,254,nl NED,MF,es La Liga,28,1997,0.5,0,2,1,50.0,4.39,2.2,0.0,0.0,0,0,317,nl NED,MF,es La Liga,28,1997,2,41,21,1.2,0.5,1,32,0,1,9,3,1.0,1,1,0,0.0,0.43,254,nl NED,MF,es La Liga,28,1997,0.5,0,0,0,0,0,1,0,0,0,0
578392,2025-12-19,30000000,Borussia Dortmund,16,L1,Maximilian Beier,257,de GER,"MF,FW",Dortmund,de Bundesliga,22.0,2002,32,24,2026,22.5,9,6,15,9,0,0,3,0,0.67,,,,,,,,,,,,,,,,,,,,,,,,,257,de GER,"MF,FW",de Bundesliga,22,2002,22.5,9,50,20,40.0,2.22,0.89,0.18,0.45,0,0,320,de GER,"MF,FW",de Bundesliga,22,2002,32,2026,63,66.2,22.5,24,77,4,8,23,1,2.16,48,18,+30,1.33,0.81,257,de GER,"MF,FW",de Bundesliga,22,2002,22.5,3,0,0,31,24,3,28,11,16,0
964190,2025-12-30,300000,Real Sociedad B,9899,,Luken Beitia,258,es ESP,DF,Real Sociedad,es La Liga,21.0,2004,2,1,95,1.1,0,0,0,0,0,0,0,0,0.0,,,,,,,,,,,,,,,,,,,,,,,,,258,es ESP,DF,es La Liga,21,2004,1.1,0,0,0,,0.0,0.0,,,0,0,321,es ESP,DF,es La Liga,21,2004,2,95,48,2.8,1.1,1,90,1,1,5,9,1.0,1,2,-1,-0.95,-0.92,258,es ESP,DF,es La Liga,21,2004,1.1,0,0,0,3,1,0,0,1,0,0
1164331,2025-12-12,300000,Getafe CF,3709,ES1,Ismael Bekhoucha,259,ma MAR,DF,Getafe,es La Liga,20.0,2004,4,1,122,1.4,0,1,1,0,0,0,2,0,0.74,,,,,,,,,,,,,,,,,,,,,,,,,259,ma MAR,DF,es La Liga,20,2004,1.4,0,1,0,0.0,0.74,0.0,0.0,,0,0,322,ma MAR,DF,es La Liga,20,2004,4,122,31,3.6,1.4,1,90,1,3,11,8,2.25,3,1,+2,1.48,1.69,259,ma MAR,DF,es La Liga,20,2004,1.4,2,0,0,7,3,0,4,2,5,0
982855,2025-12-23,8500000,SS Lazio,398,IT1,Reda Belahyane,260,ma MAR,MF,Lazio,it Serie A,21.0,2004,13,5,609,6.8,0,2,2,0,0,0,1,1,0.3,,,,,,,,,,,,,,,,,,,,,,,,,260,ma MAR,MF,it Serie A,21,2004,6.8,0,3,1,33.3,0.44,0.15,0.0,0.0,0,0,323,ma MAR,MF,it Serie A,21,2004,13,609,47,17.8,6.8,5,81,4,8,26,24,1.23,5,10,-5,-0.74,-0.93,260,ma MAR,MF,it Serie A,21,2004,6.8,1,1,0,11,3,0,1,3,8,0
945500,2025-12-30,600000,Atlético Madrileño,3679,,Rayane Belaid,261,es ESP,"MF,FW",Atlético Madrid,es La Liga,20.0,2005,2,2,132,1.5,0,0,0,0,0,0,0,0,0.0,,,,,,,,,,,,,,,,,,,,,,,,,261,es ESP,"MF,FW",es La Liga,20,2005,1.5,0,4,0,0.0,2.73,0.0,0.0,,0,0,324,es ESP,"MF,FW",es La Liga,20,2005,2,132,66,3.9,1.5,2,66,0,0,,5,1.5,1,2,-1,-0.68,-1.2,261,es ESP,"MF,FW",es La Liga,20,2005,1.5,0,0,0,1,1,1,1,0,0,0
864306,2025-12-23,7000000,Hellas Verona,276,IT1,Rafik Belghali,262,dz ALG,MF,Hellas Verona,it Serie A,23.0,2002,26,22,1920,21.3,2,0,2,2,0,0,6,0,0.09,,,,,,,,,,,,,,,,,,,,,,,,,262,dz ALG,MF,it Serie A,23,2002,21.3,2,21,6,28.6,0.98,0.28,0.1,0.33,0,0,326,dz ALG,MF,it Serie A,23,2002,26,1920,74,56.1,21.3,22,82,12,4,29,1,0.58,15,28,-13,-0.61,0.77,262,dz ALG,MF,it Serie A,23,2002,21.3,6,0,0,20,10,6,60,17,13,0
138055,2023-10-26,2500000,Ohod Club,1420,FR1,Haris Belkebla,263,dz ALG,MF,Angers,fr Ligue 1,31.0,1994,33,33,2875,31.9,0,0,0,0,0,0,7,0,0.0,,,,,,,,,,,,,,,,,,,,,,,,,263,dz ALG,MF,fr Ligue 1,31,1994,31.9,0,5,0,0.0,0.16,0.0,0.0,,0,0,327,dz ALG,MF,fr Ligue 1,31,1994,33,2875,87,94.0,31.9,33,87,28,0,,0,1.0,28,47,-19,-0.59,-0.59,263,dz ALG,MF,fr Ligue 1,31,1994,31.9,7,0,0,24,54,0,5,30,44,0
807688,2023-06-27,100000,Angers SCO,1420,FR1,Yassin Belkhdim,264,fr FRA,MF,Angers,fr Ligue 1,23.0,2002,27,26,2135,23.7,2,2,4,2,0,0,5,0,0.17,,,,,,,,,,,,,,,,,,,,,,,,,264,fr FRA,MF,fr Ligue 1,23,2002,23.7,2,33,14,42.4,1.39,0.59,0.06,0.14,0,0,328,fr FRA,MF,fr Ligue 1,23,2002,27,2135,79,69.8,23.7,26,81,11,1,30,0,1.22,17,32,-15,-0.63,-0.24,264,fr FRA,MF,fr Ligue 1,23,2002,23.7,5,0,0,29,29,2,42,32,43,0
82350,2025-12-19,600000,1.FSV Mainz 05,39,L1,Stefan Bell,265,de GER,DF,Mainz 05,de Bundesliga,33.0,1991,18,13,1039,11.5,2,1,3,2,0,0,4,0,0.26,,,,,,,,,,,,,,,,,,,,,,,,,265,de GER,DF,de Bundesliga,33,1991,11.5,2,12,5,41.7,1.04,0.43,0.17,0.4,0,0,329,de GER,DF,de Bundesliga,33,1991,18,1039,58,34.0,11.5,13,71,6,5,24,5,1.06,18,21,-3,-0.26,0.01,265,de GER,DF,de Bundesliga,33,1991,11.5,4,0,0,15,8,1,1,19,6,0
357992,2024-06-05,15000000,Torino FC,800,IT1,Raoul Bellanova,267,it ITA,MF,Atalanta,it Serie A,25.0,2000,24,15,1377,15.3,0,1,1,0,0,0,2,0,0.07,,,,,,,,,,,,,,,,,,,,,,,,,267,it ITA,MF,it Serie A,25,2000,15.3,0,13,5,38.5,0.85,0.33,0.0,0.0,0,0,331,it ITA,MF,it Serie A,25,2000,24,1377,57,40.3,15.3,15,75,9,9,29,4,1.38,19,26,-7,-0.46,-1.43,267,it ITA,MF,it Serie A,25,2000,15.3,2,0,0,5,12,2,84,10,9,0
450050,2024-05-27,15000000,Wolverhampton Wanderers,543,GB1,Jean-Ricner Bellegarde,268,ht HAI,"MF,FW",Wolves,eng Premier League,27.0,1998,26,15,1248,13.9,1,1,2,1,0,0,5,0,0.14,,,,,,,,,,,,,,,,,,,,,,,,,268,ht HAI,"MF,FW",eng Premier League,27,1998,13.9,1,21,7,33.3,1.51,0.5,0.05,0.14,0,0,332,ht HAI,"MF,FW",eng Premier League,27,1998,26,1248,48,36.5,13.9,15,68,1,11,21,2,0.46,10,30,-20,-1.44,-0.57,268,ht HAI,"MF,FW",eng Premier League,27,1998,13.9,5,0,0,20,41,0,25,9,15,0
191217,2024-06-07,4000000,Real Betis Balompié,150,ES1,Héctor Bellerín,269,es ESP,DF,Real Betis,es La Liga,30.0,1995,27,20,1822,20.2,2,3,5,2,0,0,2,0,0.25,,,,,,,,,,,,,,,,,,,,,,,,,269,es ESP,DF,es La Liga,30,1995,20.2,2,7,5,71.4,0.35,0.25,0.29,0.4,0,0,333,es ESP,DF,es La Liga,30,1995,27,1822,67,53.3,20.2,20,83,14,7,24,3,1.56,33,27,+6,0.3,0.01,269,es ESP,DF,es La Liga,30,1995,20.2,2,0,0,15,4,2,29,14,16,0
796297,2025-12-19,25000000,Borussia Dortmund,16,L1,Jobe Bellingham,270,eng ENG,MF,Dortmund,de Bundesliga,19.0,2005,32,20,1786,19.8,0,1,1,0,0,0,2,1,0.05,,,,,,,,,,,,,,,,,,,,,,,,,270,eng ENG,MF,de Bundesliga,19,2005,19.8,0,19,6,31.6,0.96,0.3,0.0,0.0,0,0,334,eng ENG,MF,de Bundesliga,19,2005,32,1786,56,58.4,19.8,20,80,11,12,15,0,2.16,44,20,+24,1.21,0.36,270,eng ENG,MF,de Bundesliga,19,2005,19.8,2,1,0,15,20,0,5,41,23,0
581678,2025-12-12,160000000,Real Madrid,418,ES1,Jude Bellingham,271,eng ENG,MF,Real Madrid,es La Liga,22.0,2003,28,22,1916,21.3,6,4,10,6,0,0,3,0,0.47,,,,,,,,,,,,,,,,,,,,,,,,,271,eng ENG,MF,es La Liga,22,2003,21.3,6,51,26,51.0,2.4,1.22,0.12,0.23,0,0,335,eng ENG,MF,es La Liga,22,2003,28,1916,68,56.0,21.3,22,81,14,6,21,0,2.21,42,19,+23,1.08,-0.06,271,eng ENG,MF,es La Liga,22,2003,21.3,3,0,0,33,55,4,16,14,37,0
919515,2025-12-19,12000000,Bayer 04 Leverkusen,82,L1,Jeanuël Belocian,272,fr FRA,DF,Wolfsburg,de Bundesliga,20.0,2005,14,14,1254,13.9,0,1,1,0,0,0,3,0,0.07,,,,,,,,,,,,,,,,,,,,,,,,,272,fr FRA,DF,de Bundesliga,20,2005,13.9,0,3,0,0.0,0.22,0.0,0.0,,0,0,336,fr FRA,DF,de Bundesliga,20,2005,14,1254,90,41.0,13.9,14,90,13,0,,0,0.71,17,26,-9,-0.65,0.1,272,fr FRA,DF,de Bundesliga,20,2005,13.9,3,0,0,18,8,0,4,16,17,0
919515,2025-12-19,12000000,Bayer 04 Leverkusen,82,L1,Jeanuël Belocian,273,fr FRA,DF,Leverkusen,de Bundesliga,20.0,2005,8,3,292,3.2,0,0,0,0,0,0,0,0,0.0,,,,,,,,,,,,,,,,,,,,,,,,,273,fr FRA,DF,de Bundesliga,20,2005,3.2,0,1,0,0.0,0.31,0.0,0.0,,0,0,337,fr FRA,DF,de Bundesliga,20,2005,8,292,37,9.5,3.2,3,73,1,5,14,8,2.25,3,8,-5,-1.54,-2.39,273,fr FRA,DF,de Bundesliga,20,2005,3.2,0,0,0,5,5,0,4,2,2,0
167727,2025-12-23,1500000,Cagliari Calcio,1390,IT1,Andrea Belotti,274,it ITA,FW,Cagliari,it Serie A,31.0,1993,8,3,221,2.5,2,0,2,1,1,1,0,0,0.41,,,,,,,,,,,,,,,,,,,,,,,,,274,it ITA,FW,it Serie A,31,1993,2.5,2,6,4,66.7,2.44,1.63,0.17,0.25,1,1,338,it ITA,FW,it Serie A,31,1993,8,221,28,6.5,2.5,3,63,0,5,7,3,1.88,3,4,-1,-0.41,-0.07,274,it ITA,FW,it Serie A,31,1993,2.5,0,0,0,3,10,4,1,4,1,0
423444,2024-06-07,6000000,Celta de Vigo,12321,ES1,Fran Beltrán,275,es ESP,MF,Girona,es La Liga,26.0,1999,17,11,1012,11.2,1,0,1,1,0,0,3,0,0.09,,,,,,,,,,,,,,,,,,,,,,,,,275,es ESP,MF,es La Liga,26,1999,11.2,1,10,3,30.0,0.89,0.27,0.1,0.33,0,0,339,es ESP,MF,es La Liga,26,1999,17,1012,60,29.6,11.2,11,77,3,6,27,1,1.0,9,10,-1,-0.09,0.47,275,es ESP,MF,es La Liga,26,1999,11.2,3,0,0,10,9,0,8,11,14,0
423444,2024-06-07,6000000,Celta de Vigo,12321,ES1,Fran Beltrán,276,es ESP,MF,Celta Vigo,es La Liga,26.0,1999,10,7,528,5.9,0,0,0,0,0,0,0,0,0.0,,,,,,,,,,,,,,,,,,,,,,,,,276,es ESP,MF,es La Liga,26,1999,5.9,0,6,1,16.7,1.02,0.17,0.0,0.0,0,0,340,es ESP,MF,es La Liga,26,1999,10,528,53,15.4,5.9,7,71,2,3,10,9,1.4,4,6,-2,-0.34,-0.56,276,es ESP,MF,es La Liga,26,1999,5.9,0,0,0,10,3,0,2,8,5,0
628366,2024-06-05,16000000,ACF Fiorentina,1049,ES1,Lucas Beltrán,277,ar ARG,FW,Valencia,es La Liga,24.0,2001,27,16,1365,15.2,1,2,3,1,0,0,1,0,0.2,,,,,,,,,,,,,,,,,,,,,,,,,277,ar ARG,FW,es La Liga,24,2001,15.2,1,34,9,26.5,2.24,0.59,0.03,0.11,0,0,341,ar ARG,FW,es La Liga,24,2001,27,1365,51,39.9,15.2,16,69,2,11,23,0,1.07,17,21,-4,-0.26,-0.04,277,ar ARG,FW,es La Liga,24,2001,15.2,1,0,0,26,39,4,10,4,10,0
810895,2025-12-19,24000000,Bayer 04 Leverkusen,15,L1,Eliesse Ben Seghir,278,ma MAR,MF,Leverkusen,de Bundesliga,20.0,2005,10,2,252,2.8,0,0,0,0,0,0,2,0,0.0,,,,,,,,,,,,,,,,,,,,,,,,,278,ma MAR,MF,de Bundesliga,20,2005,2.8,0,5,2,40.0,1.79,0.71,0.0,0.0,0,0,342,ma MAR,MF,de Bundesliga,20,2005,10,252,25,8.2,2.8,2,65,0,8,15,9,1.7,4,3,+1,0.36,-0.28,278,ma MAR,MF,de Bundesliga,20,2005,2.8,2,0,0,3,10,0,9,1,2,0
810895,2025-12-19,24000000,Bayer 04 Leverkusen,15,L1,Eliesse Ben Seghir,279,ma MAR,MF,Monaco,fr Ligue 1,20.0,2005,2,0,45,0.5,0,0,0,0,0,0,0,0,0.0,,,,,,,,,,,,,,,,,,,,,,,,,279,ma MAR,MF,fr Ligue 1,20,2005,0.5,0,1,0,0.0,2.0,0.0,0.0,,0,0,343,ma MAR,MF,fr Ligue 1,20,2005,2,45,23,1.5,0.5,0,,0,2,23,0,1.5,1,2,-1,-2.0,-2.21,279,ma MAR,MF,fr Ligue 1,20,2005,0.5,0,0,0,1,1,0,1,0,0,0
454386,2025-12-23,2500000,Parma Calcio 1913,10484,TR1,Adrian Benedyczak,281,pl POL,FW,Parma,it Serie A,24.0,2000,14,5,490,5.4,1,1,2,0,1,1,1,0,0.18,,,,,,,,,,,,,,,,,,,,,,,,,281,pl POL,FW,it Serie A,24,2000,5.4,1,8,3,37.5,1.47,0.55,0.0,0.0,1,1,347,pl POL,FW,it Serie A,24,2000,14,490,35,14.3,5.4,5,68,0,9,17,7,1.21,6,7,-1,-0.18,0.34,281,pl POL,FW,it Serie A,24,2000,5.4,1,0,0,9,6,1,10,1,6,0
296802,2025-12-09,5000000,Crystal Palace,873,GB1,Walter Benítez,283,ar ARG,GK,Crystal Palace,eng Premier League,32.0,1993,1,1,90,1.0,0,0,0,0,0,0,0,0,0.0,15,ar ARG,GK,eng Premier League,32,1993,1,1,90,1.0,0,0.0,3,3,100.0,0,1,0,1,100.0,1,0,0,1,283,ar ARG,GK,eng Premier League,32,1993,1.0,0,0,0,,0.0,0.0,,,0,0,349,ar ARG,GK,eng Premier League,32,1993,1,90,90,2.6,1.0,1,90,1,0,,35,1.0,0,0,0,0.0,0.27,283,ar ARG,GK,eng Premier League,32,1993,1.0,0,0,0,0,0,0,0,0,0,0
710679,2025-12-12,1500000,CA Osasuna,331,ES1,Iker Benito,284,es ESP,MF,Osasuna,es La Liga,22.0,2002,6,1,159,1.8,1,0,1,1,0,0,1,0,0.57,,,,,,,,,,,,,,,,,,,,,,,,,284,es ESP,MF,es La Liga,22,2002,1.8,1,2,1,50.0,1.13,0.57,0.5,1.0,0,0,350,es ESP,MF,es La Liga,22,2002,6,159,27,4.6,1.8,1,71,0,5,18,7,0.67,2,2,0,0.0,0.17,284,es ESP,MF,es La Liga,22,2002,1.8,1,0,0,3,3,0,5,2,0,0
284732,2025-12-19,7000000,Borussia Dortmund,16,L1,Ramy Bensebaini,286,dz ALG,DF,Dortmund,de Bundesliga,30.0,1995,21,15,1530,17.0,5,2,7,3,2,2,6,0,0.29,,,,,,,,,,,,,,,,,,,,,,,,,286,dz ALG,DF,de Bundesliga,30,1995,17.0,5,17,7,41.2,1.0,0.41,0.18,0.43,2,2,355,dz ALG,DF,de Bundesliga,30,1995,21,1530,73,50.0,17.0,15,89,14,6,32,4,2.05,35,13,+22,1.29,0.47,286,dz ALG,DF,de Bundesliga,30,1995,17.0,6,0,0,31,16,1,11,18,14,0
245537,2025-12-15,5000000,LOSC Lille,1082,FR1,Nabil Bentaleb,287,dz ALG,MF,Lille,fr Ligue 1,30.0,1994,26,13,1287,14.3,2,2,4,1,1,1,3,0,0.21,,,,,,,,,,,,,,,,,,,,,,,,,287,dz ALG,MF,fr Ligue 1,30,1994,14.3,2,18,6,33.3,1.26,0.42,0.06,0.17,1,1,356,dz ALG,MF,fr Ligue 1,30,1994,26,1287,50,42.1,14.3,13,82,9,13,17,1,2.0,30,19,+11,0.77,0.57,287,dz ALG,MF,fr Ligue 1,30,1994,14.3,3,0,0,14,18,0,24,15,12,0
354362,2025-12-09,27000000,Tottenham Hotspur,148,GB1,Rodrigo Bentancur,288,uy URU,MF,Tottenham Hotspur,eng Premier League,28.0,1997,26,23,1883,20.9,1,1,2,1,0,0,7,0,0.1,,,,,,,,,,,,,,,,,,,,,,,,,288,uy URU,MF,eng Premier League,28,1997,20.9,1,13,3,23.1,0.62,0.14,0.08,0.33,0,0,357,uy URU,MF,eng Premier League,28,1997,26,1883,72,55.1,20.9,23,79,11,3,21,1,1.35,28,25,+3,0.14,0.85,288,uy URU,MF,eng Premier League,28,1997,20.9,7,0,0,19,8,1,7,36,36,0
136401,2025-12-09,1000000,Wolverhampton Wanderers,543,GB1,Daniel Bentley,289,eng ENG,GK,Wolves,eng Premier League,32.0,1993,3,3,270,3.0,0,0,0,0,0,0,0,0,0.0,16,eng ENG,GK,eng Premier League,32,1993,3,3,270,3.0,7,2.33,13,7,53.8,0,1,2,0,0.0,1,1,0,0,289,eng ENG,GK,eng Premier League,32,1993,3.0,0,0,0,,0.0,0.0,,,0,0,358,eng ENG,GK,eng Premier League,32,1993,3,270,90,7.9,3.0,3,90,3,0,,6,0.33,1,7,-6,-2.0,-1.0,289,eng ENG,GK,eng Premier League,32,1993,3.0,0,0,0,0,2,0,0,0,0,0
872171,2025-12-15,20000000,Paris Saint-Germain,583,FR1,Lucas Beraldo,290,br BRA,"DF,MF",Paris Saint-Germain,fr Ligue 1,21.0,2003,20,18,1567,17.4,2,1,3,2,0,0,2,0,0.17,,,,,,,,,,,,,,,,,,,,,,,,,290,br BRA,"DF,MF",fr Ligue 1,21,2003,17.4,2,14,4,28.6,0.8,0.23,0.14,0.5,0,0,360,br BRA,"DF,MF",fr Ligue 1,21,2003,20,1567,78,51.2,17.4,18,84,14,2,25,13,2.3,38,15,+23,1.32,-0.01,290,br BRA,"DF,MF",fr Ligue 1,21,2003,17.4,2,0,0,15,7,0,2,18,21,0
177843,2024-06-05,10000000,US Sassuolo,6574,IT1,Domenico Berardi,291,it ITA,FW,Sassuolo,it Serie A,30.0,1994,26,24,1958,21.8,8,4,12,6,2,3,2,1,0.46,,,,,,,,,,,,,,,,,,,,,,,,,291,it ITA,FW,it Serie A,30,1994,21.8,8,40,21,52.5,1.84,0.97,0.15,0.29,2,3,361,it ITA,FW,it Serie A,30,1994,26,1958,75,57.3,21.8,24,79,9,2,30,0,1.27,30,30,0,0.0,0.25,291,it ITA,FW,it Serie A,30,1994,21.8,2,1,0,31,34,12,58,24,17,0
61812,2024-06-07,1800000,Athletic Bilbao,621,ES1,Yuri Berchiche,292,es ESP,DF,Athletic Club,es La Liga,35.0,1990,32,31,2705,30.1,0,6,6,0,0,0,5,0,0.2,,,,,,,,,,,,,,,,,,,,,,,,,292,es ESP,DF,es La Liga,35,1990,30.1,0,24,5,20.8,0.8,0.17,0.0,0.0,0,0,362,es ESP,DF,es La Liga,35,1990,32,2705,85,79.1,30.1,31,86,27,1,45,2,1.38,36,40,-4,-0.13,1.25,292,es ESP,DF,es La Liga,35,1990,30.1,5,0,0,26,34,3,64,34,29,0
338425,2024-06-07,12000000,Athletic Bilbao,621,ES1,Álex Berenguer,293,es ESP,MF,Athletic Club,es La Liga,30.0,1995,31,25,2154,23.9,2,3,5,2,0,0,4,0,0.21,,,,,,,,,,,,,,,,,,,,,,,,,293,es ESP,MF,es La Liga,30,1995,23.9,2,44,20,45.5,1.84,0.84,0.05,0.1,0,0,364,es ESP,MF,es La Liga,30,1995,31,2154,69,63.0,23.9,25,78,10,6,32,1,0.97,24,31,-7,-0.29,0.28,293,es ESP,MF,es La Liga,30,1995,23.9,4,0,0,28,38,6,199,13,17,1
333014,2025-12-09,25000000,Fulham FC,931,GB1,Sander Berge,294,no NOR,MF,Fulham,eng Premier League,27.0,1998,35,34,2905,32.3,0,1,1,0,0,0,5,0,0.03,,,,,,,,,,,,,,,,,,,,,,,,,294,no NOR,MF,eng Premier League,27,1998,32.3,0,14,3,21.4,0.43,0.09,0.0,0.0,0,0,365,no NOR,MF,eng Premier League,27,1998,35,2905,83,84.9,32.3,34,85,25,1,17,2,1.46,43,45,-2,-0.06,0.29,294,no NOR,MF,eng Premier League,27,1998,32.3,5,0,0,35,14,1,13,26,41,1
490606,2025-12-12,1500000,RCD Mallorca,237,ES1,Lucas Bergström,295,fi FIN,GK,Mallorca,es La Liga,22.0,2002,5,5,450,5.0,0,0,0,0,0,0,1,0,0.0,17,fi FIN,GK,es La Liga,22,2002,5,5,450,5.0,7,1.4,22,15,68.2,1,2,2,2,40.0,0,0,0,0,295,fi FIN,GK,es La Liga,22,2002,5.0,0,0,0,,0.0,0.0,,,0,0,366,fi FIN,GK,es La Liga,22,2002,5,450,90,13.2,5.0,5,90,5,0,,22,1.0,4,7,-3,-0.6,-0.39,295,fi FIN,GK,es La Liga,22,2002,5.0,1,0,0,0,0,0,0,0,0,0
866246,2025-12-09,40000000,Tottenham Hotspur,148,GB1,Lucas Bergvall,296,se SWE,MF,Tottenham Hotspur,eng Premier League,19.0,2006,23,11,965,10.7,1,3,4,1,0,0,2,0,0.37,,,,,,,,,,,,,,,,,,,,,,,,,296,se SWE,MF,eng Premier League,19,2006,10.7,1,12,5,41.7,1.12,0.47,0.08,0.2,0,0,367,se SWE,MF,eng Premier League,19,2006,23,965,42,28.2,10.7,11,66,0,12,20,5,1.17,14,18,-4,-0.37,-0.19,296,se SWE,MF,eng Premier League,19,2006,10.7,2,0,0,24,7,3,19,3,14,0
583046,2025-12-23,6000000,US Lecce,1005,IT1,Medon Berisha,297,al ALB,MF,Lecce,it Serie A,21.0,2003,13,12,871,9.7,2,3,5,2,0,0,0,0,0.52,,,,,,,,,,,,,,,,,,,,,,,,,297,al ALB,MF,it Serie A,21,2003,9.7,2,24,5,20.8,2.48,0.52,0.08,0.4,0,0,368,al ALB,MF,it Serie A,21,2003,13,871,67,25.5,9.7,12,70,1,1,28,2,1.23,7,10,-3,-0.31,0.36,297,al ALB,MF,it Serie A,21,2003,9.7,0,0,0,11,10,1,58,5,12,0
197300,2023-08-22,6000000,Toronto FC,1025,IT1,Federico Bernardeschi,302,it ITA,"MF,FW",Bologna,it Serie A,31.0,1994,29,12,1217,13.5,4,2,6,3,1,1,3,0,0.37,,,,,,,,,,,,,,,,,,,,,,,,,302,it ITA,"MF,FW",it Serie A,31,1994,13.5,4,39,13,33.3,2.88,0.96,0.08,0.23,1,1,373,it ITA,"MF,FW",it Serie A,31,1994,29,1217,42,35.6,13.5,12,72,0,17,21,2,1.66,17,10,+7,0.52,0.68,302,it ITA,"MF,FW",it Serie A,31,1994,13.5,3,0,0,13,11,2,48,6,6,0
364258,2025-12-19,5000000,TSG 1899 Hoffenheim,533,L1,Bernardo,303,br BRA,DF,Hoffenheim,de Bundesliga,30.0,1995,29,26,2312,25.7,0,0,0,0,0,0,9,0,0.0,,,,,,,,,,,,,,,,,,,,,,,,,303,br BRA,DF,de Bundesliga,30,1995,25.7,0,10,0,0.0,0.39,0.0,0.0,,0,0,374,br BRA,DF,de Bundesliga,30,1995,29,2312,80,75.6,25.7,26,86,17,3,28,1,1.76,45,35,+10,0.39,0.03,303,br BRA,DF,de Bundesliga,30,1995,25.7,9,0,0,42,11,2,16,39,42,0
708635,2023-06-13,75000,Atalanta Primavera,800,IT1,Lorenzo Bernasconi,304,it ITA,MF,Atalanta,it Serie A,21.0,2003,23,17,1572,17.5,0,3,3,0,0,0,3,0,0.17,,,,,,,,,,,,,,,,,,,,,,,,,304,it ITA,MF,it Serie A,21,2003,17.5,0,9,1,11.1,0.52,0.06,0.0,0.0,0,0,375,it ITA,MF,it Serie A,21,2003,23,1572,68,46.0,17.5,17,83,13,6,26,10,1.91,22,9,+13,0.74,0.65,304,it ITA,MF,it Serie A,21,2003,17.5,3,0,0,8,5,3,113,14,16,0
395512,2025-12-23,3500000,Hellas Verona,276,IT1,Antoine Bernede,305,fr FRA,MF,Hellas Verona,it Serie A,26.0,1999,32,29,2301,25.6,1,2,3,1,0,0,2,0,0.12,,,,,,,,,,,,,,,,,,,,,,,,,305,fr FRA,MF,it Serie A,26,1999,25.6,1,21,4,19.0,0.82,0.16,0.05,0.25,0,0,376,fr FRA,MF,it Serie A,26,1999,32,2301,72,67.3,25.6,29,76,10,3,29,1,0.56,18,38,-20,-0.78,0.5,305,fr FRA,MF,it Serie A,26,1999,25.6,2,0,0,55,20,1,25,16,39,0
632831,2023-06-20,150000,Aquila Montevarchi 1902,410,IT1,Nicolò Bertola,306,it ITA,"DF,MF",Udinese,it Serie A,22.0,2003,28,18,1763,19.6,0,1,1,0,0,0,3,0,0.05,,,,,,,,,,,,,,,,,,,,,,,,,306,it ITA,"DF,MF",it Serie A,22,2003,19.6,0,13,4,30.8,0.66,0.2,0.0,0.0,0,0,377,it ITA,"DF,MF",it Serie A,22,2003,28,1763,63,51.5,19.6,18,82,11,10,28,5,1.46,24,25,-1,-0.05,0.06,306,it ITA,"DF,MF",it Serie A,22,2003,19.6,3,0,0,19,12,1,8,24,21,0
595809,2025-12-09,20000000,Everton FC,29,GB1,Beto,308,gw GNB,FW,Everton,eng Premier League,27.0,1998,37,17,1568,17.4,9,1,10,9,0,0,3,0,0.57,,,,,,,,,,,,,,,,,,,,,,,,,308,gw GNB,FW,eng Premier League,27,1998,17.4,9,43,17,39.5,2.47,0.98,0.21,0.53,0,0,379,gw GNB,FW,eng Premier League,27,1998,37,1568,42,45.8,17.4,17,71,1,20,18,0,1.32,25,19,+6,0.34,0.78,308,gw GNB,FW,eng Premier League,27,1998,17.4,3,0,0,32,12,9,2,1,5,0
433984,2025-12-23,28000000,SSC Napoli,6195,IT1,Sam Beukema,310,nl NED,DF,Napoli,it Serie A,26.0,1998,24,18,1681,18.7,2,0,2,2,0,0,2,0,0.11,,,,,,,,,,,,,,,,,,,,,,,,,310,nl NED,DF,it Serie A,26,1998,18.7,2,8,4,50.0,0.43,0.21,0.25,0.5,0,0,382,nl NED,DF,it Serie A,26,1998,24,1681,70,49.2,18.7,18,86,15,6,23,11,2.04,29,19,+10,0.54,-0.09,310,nl NED,DF,it Serie A,26,1998,18.7,2,0,0,19,5,1,6,14,17,0
160986,2023-06-15,800000,US Cremonese,2239,IT1,Matteo Bianchetti,311,it ITA,DF,Cremonese,it Serie A,32.0,1993,27,25,2192,24.4,0,2,2,0,0,0,4,0,0.08,,,,,,,,,,,,,,,,,,,,,,,,,311,it ITA,DF,it Serie A,32,1993,24.4,0,7,1,14.3,0.29,0.04,0.0,0.0,0,0,385,it ITA,DF,it Serie A,32,1993,27,2192,81,64.1,24.4,25,84,16,2,50,8,1.15,28,37,-9,-0.37,0.8,311,it ITA,DF,it Serie A,32,1993,24.4,4,0,0,28,15,0,6,19,30,0
565821,2025-12-15,22000000,AS Monaco,162,FR1,Mika Biereth,312,dk DEN,FW,Monaco,fr Ligue 1,22.0,2003,32,12,1074,11.9,2,2,4,2,0,0,0,0,0.34,,,,,,,,,,,,,,,,,,,,,,,,,312,dk DEN,FW,fr Ligue 1,22,2003,11.9,2,19,7,36.8,1.59,0.59,0.11,0.29,0,0,386,dk DEN,FW,fr Ligue 1,22,2003,32,1074,34,35.1,11.9,12,67,1,20,13,2,1.56,19,23,-4,-0.34,-0.79,312,dk DEN,FW,fr Ligue 1,22,2003,11.9,0,0,0,16,14,9,9,0,7,0
203043,2023-06-13,1000000,Elche CF,1531,ES1,Pedro Bigas,313,es ESP,DF,Elche,es La Liga,34.0,1990,28,25,2063,22.9,1,3,4,1,0,0,5,1,0.17,,,,,,,,,,,,,,,,,,,,,,,,,313,es ESP,DF,es La Liga,34,1990,22.9,1,10,3,30.0,0.44,0.13,0.1,0.33,0,0,387,es ESP,DF,es La Liga,34,1990,28,2063,74,60.3,22.9,25,81,15,3,15,6,1.29,30,30,0,0.0,0.53,313,es ESP,DF,es La Liga,34,1990,22.9,5,1,1,24,19,0,26,30,22,0
315121,2025-12-02,4000000,Feyenoord Rotterdam,252,IT1,Justin Bijlow,314,nl NED,GK,Genoa,it Serie A,27.0,1998,16,16,1395,15.5,0,0,0,0,0,0,1,0,0.0,18,nl NED,GK,it Serie A,27,1998,16,16,1395,15.5,20,1.29,60,45,75.0,6,3,7,5,31.3,5,5,0,0,314,nl NED,GK,it Serie A,27,1998,15.5,0,0,0,,0.0,0.0,,,0,0,388,nl NED,GK,it Serie A,27,1998,16,1395,87,40.8,15.5,16,87,15,0,,1,1.31,19,20,-1,-0.06,0.34,314,nl NED,GK,it Serie A,27,1998,15.5,1,0,0,1,1,0,0,0,0,0
371851,2025-12-09,18000000,Leeds United,399,GB1,Jaka Bijol,315,si SVN,DF,Leeds United,eng Premier League,26.0,1999,25,21,1890,21.0,1,2,3,1,0,0,4,0,0.14,,,,,,,,,,,,,,,,,,,,,,,,,315,si SVN,DF,eng Premier League,26,1999,21.0,1,15,6,40.0,0.71,0.29,0.07,0.17,0,0,389,si SVN,DF,eng Premier League,26,1999,25,1890,76,55.3,21.0,21,85,16,4,25,9,1.28,29,26,+3,0.14,0.73,315,si SVN,DF,eng Premier League,26,1999,21.0,4,0,0,19,10,0,1,22,13,0
124555,2025-12-23,1400000,Torino FC,416,IT1,Cristiano Biraghi,316,it ITA,"MF,DF",Torino,it Serie A,32.0,1992,14,5,517,5.7,0,0,0,0,0,0,0,0,0.0,,,,,,,,,,,,,,,,,,,,,,,,,316,it ITA,"MF,DF",it Serie A,32,1992,5.7,0,2,0,0.0,0.35,0.0,0.0,,0,0,391,it ITA,"MF,DF",it Serie A,32,1992,14,517,37,15.1,5.7,5,81,3,9,13,19,1.5,1,11,-10,-1.74,-1.46,316,it ITA,"MF,DF",it Serie A,32,1992,5.7,0,0,0,9,6,0,45,3,7,0
822959,2025-12-19,40000000,Bayern Munich,27,L1,Tom Bischof,318,de GER,"DF,MF",Bayern Munich,de Bundesliga,20.0,2005,26,14,1302,14.5,3,3,6,3,0,0,2,0,0.41,,,,,,,,,,,,,,,,,,,,,,,,,318,de GER,"DF,MF",de Bundesliga,20,2005,14.5,3,30,9,30.0,2.07,0.62,0.1,0.33,0,0,393,de GER,"DF,MF",de Bundesliga,20,2005,26,1302,50,42.5,14.5,14,83,10,12,11,3,2.65,53,13,+40,2.76,0.41,318,de GER,"DF,MF",de Bundesliga,20,2005,14.5,2,0,0,15,9,1,26,15,18,0
410425,2025-12-09,15000000,Tottenham Hotspur,148,GB1,Yves Bissouma,319,ml MLI,MF,Tottenham Hotspur,eng Premier League,28.0,1996,11,7,603,6.7,0,0,0,0,0,0,4,0,0.0,,,,,,,,,,,,,,,,,,,,,,,,,319,ml MLI,MF,eng Premier League,28,1996,6.7,0,5,2,40.0,0.75,0.3,0.0,0.0,0,0,394,ml MLI,MF,eng Premier League,28,1996,11,603,55,17.6,6.7,7,68,1,4,32,4,0.82,6,17,-11,-1.64,-1.71,319,ml MLI,MF,eng Premier League,28,1996,6.7,4,0,0,8,6,0,1,8,11,0
93844,2025-12-19,1200000,SV Werder Bremen,86,L1,Leonardo Bittencourt,320,de GER,MF,Werder Bremen,de Bundesliga,31.0,1993,17,5,615,6.8,0,1,1,0,0,0,5,0,0.15,,,,,,,,,,,,,,,,,,,,,,,,,320,de GER,MF,de Bundesliga,31,1993,6.8,0,7,0,0.0,1.02,0.0,0.0,,0,0,395,de GER,MF,de Bundesliga,31,1993,17,615,36,20.1,6.8,5,78,0,12,19,7,1.18,14,16,-2,-0.29,0.48,320,de GER,MF,de Bundesliga,31,1993,6.8,5,0,0,7,11,0,4,8,10,0
124884,2024-06-03,4000000,Stade Brestois 29,405,GB1,Marco Bizot,322,nl NED,GK,Aston Villa,eng Premier League,34.0,1991,7,6,585,6.5,0,0,0,0,0,0,2,0,0.0,19,nl NED,GK,eng Premier League,34,1991,7,6,585,6.5,10,1.54,28,19,67.9,3,2,1,2,33.3,1,1,0,0,322,nl NED,GK,eng Premier League,34,1991,6.5,0,0,0,,0.0,0.0,,,0,0,397,nl NED,GK,eng Premier League,34,1991,7,585,84,17.1,6.5,6,90,6,1,45,30,1.71,10,10,0,0.0,-0.22,322,nl NED,GK,eng Premier League,34,1991,6.5,2,0,0,1,1,0,0,0,0,0
495621,2025-12-12,10000000,Deportivo Alavés,1108,ES1,Antonio Blanco,323,es ESP,MF,Alavés,es La Liga,25.0,2000,36,36,3110,34.6,2,3,5,2,0,0,9,0,0.14,,,,,,,,,,,,,,,,,,,,,,,,,323,es ESP,MF,es La Liga,25,2000,34.6,2,40,13,32.5,1.16,0.38,0.05,0.15,0,0,399,es ESP,MF,es La Liga,25,2000,36,3110,86,90.9,34.6,36,86,28,0,,1,1.08,36,52,-16,-0.46,-1.62,323,es ESP,MF,es La Liga,25,2000,34.6,9,0,0,71,43,2,30,51,49,0
288225,2025-12-15,15000000,Stade Rennais FC,273,FR1,Ludovic Blas,324,fr FRA,"MF,FW",Rennes,fr Ligue 1,27.0,1997,32,15,1546,17.2,5,4,9,3,2,2,1,0,0.41,,,,,,,,,,,,,,,,,,,,,,,,,324,fr FRA,"MF,FW",fr Ligue 1,27,1997,17.2,5,47,14,29.8,2.74,0.82,0.06,0.21,2,2,401,fr FRA,"MF,FW",fr Ligue 1,27,1997,32,1546,48,50.5,17.2,15,77,2,17,23,1,1.78,27,30,-3,-0.17,-0.89,324,fr FRA,"MF,FW",fr Ligue 1,27,1997,17.2,1,0,0,24,27,5,93,15,10,0
81173,2024-05-29,2000000,RB Leipzig,15,L1,Janis Blaswich,325,de GER,GK,Leverkusen,de Bundesliga,34.0,1991,11,10,931,10.3,0,0,0,0,0,0,1,0,0.0,20,de GER,GK,de Bundesliga,34,1991,11,10,931,10.3,9,0.87,50,41,82.0,5,4,1,3,30.0,0,0,0,0,325,de GER,GK,de Bundesliga,34,1991,10.3,0,0,0,,0.0,0.0,,,0,0,402,de GER,GK,de Bundesliga,34,1991,11,931,85,30.4,10.3,10,90,10,1,31,21,1.73,17,9,+8,0.77,0.22,325,de GER,GK,de Bundesliga,34,1991,10.3,1,0,0,0,0,0,0,0,0,0
12282,2025-12-12,1400000,Girona FC,12321,ES1,Daley Blind,326,nl NED,DF,Girona,es La Liga,35.0,1990,31,30,2606,29.0,0,0,0,0,0,0,1,0,0.0,,,,,,,,,,,,,,,,,,,,,,,,,326,nl NED,DF,es La Liga,35,1990,29.0,0,5,1,20.0,0.17,0.03,0.0,0.0,0,0,405,nl NED,DF,es La Liga,35,1990,31,2606,84,76.2,29.0,30,86,25,1,27,3,1.13,30,45,-15,-0.52,-0.41,326,nl NED,DF,es La Liga,35,1990,29.0,1,0,0,19,20,0,13,38,34,0
661207,2025-12-09,25000000,Manchester City,931,GB1,Oscar Bobb,328,no NOR,"MF,FW",Manchester City,eng Premier League,22.0,2003,9,5,468,5.2,0,1,1,0,0,0,1,0,0.19,,,,,,,,,,,,,,,,,,,,,,,,,328,no NOR,"MF,FW",eng Premier League,22,2003,5.2,0,4,0,0.0,0.77,0.0,0.0,,0,0,407,no NOR,"MF,FW",eng Premier League,22,2003,9,468,52,13.7,5.2,5,78,2,4,20,4,1.67,10,5,+5,0.96,-0.17,328,no NOR,"MF,FW",eng Premier League,22,2003,5.2,1,0,0,5,9,0,5,3,5,0
661207,2025-12-09,25000000,Manchester City,931,GB1,Oscar Bobb,329,no NOR,MF,Fulham,eng Premier League,22.0,2003,14,6,571,6.3,0,0,0,0,0,0,0,0,0.0,,,,,,,,,,,,,,,,,,,,,,,,,329,no NOR,MF,eng Premier League,22,2003,6.3,0,8,3,37.5,1.26,0.47,0.0,0.0,0,0,408,no NOR,MF,eng Premier League,22,2003,14,571,41,16.7,6.3,6,64,0,8,23,0,1.29,7,7,0,0.0,0.13,329,no NOR,MF,eng Premier League,22,2003,6.3,0,0,0,4,8,0,9,6,7,0
658116,2023-09-11,400000,SC Austria Lustenau,39,L1,Ben Bobzien,330,de GER,"FW,MF",Mainz 05,de Bundesliga,22.0,2003,1,0,9,0.1,0,0,0,0,0,0,0,0,0.0,,,,,,,,,,,,,,,,,,,,,,,,,330,de GER,"FW,MF",de Bundesliga,22,2003,0.1,0,0,0,,0.0,0.0,,,0,0,409,de GER,"FW,MF",de Bundesliga,22,2003,1,9,9,0.3,0.1,0,,0,1,9,12,1.0,1,0,+1,10.0,10.29,330,de GER,"FW,MF",de Bundesliga,22,2003,0.1,0,0,0,0,0,0,1,0,2,0
417278,2024-06-04,6000000,Standard Liège,1082,FR1,Arnaud Bodart,331,be BEL,GK,Lille,fr Ligue 1,27.0,1998,3,2,226,2.5,0,0,0,0,0,0,0,0,0.0,21,be BEL,GK,fr Ligue 1,27,1998,3,2,226,2.5,3,1.19,6,4,66.7,0,0,2,0,0.0,1,1,0,0,331,be BEL,GK,fr Ligue 1,27,1998,2.5,0,0,0,,0.0,0.0,,,0,0,410,be BEL,GK,fr Ligue 1,27,1998,3,226,75,7.4,2.5,2,90,2,1,46,31,1.0,2,3,-1,-0.4,-0.91,331,be BEL,GK,fr Ligue 1,27,1998,2.5,0,0,0,1,0,0,0,0,0,0
475413,2025-12-19,15000000,Bayern Munich,141,TR1,Sacha Boey,332,fr FRA,DF,Bayern Munich,de Bundesliga,24.0,2000,9,5,463,5.1,0,0,0,0,0,0,1,0,0.0,,,,,,,,,,,,,,,,,,,,,,,,,332,fr FRA,DF,de Bundesliga,24,2000,5.1,0,6,0,0.0,1.17,0.0,0.0,,0,0,411,fr FRA,DF,de Bundesliga,24,2000,9,463,51,15.1,5.1,5,78,1,4,18,4,3.0,14,3,+11,2.14,-0.46,332,fr FRA,DF,de Bundesliga,24,2000,5.1,1,0,0,10,8,0,6,7,4,0
645686,2025-12-09,12000000,Aston Villa,405,GB1,Lamare Bogarde,335,nl NED,"MF,DF",Aston Villa,eng Premier League,21.0,2004,28,11,1053,11.7,0,0,0,0,0,0,5,0,0.0,,,,,,,,,,,,,,,,,,,,,,,,,335,nl NED,"MF,DF",eng Premier League,21,2004,11.7,0,0,0,,0.0,0.0,,,0,0,414,nl NED,"MF,DF",eng Premier League,21,2004,28,1053,38,30.8,11.7,11,79,4,17,11,10,1.61,16,17,-1,-0.09,-0.39,335,nl NED,"MF,DF",eng Premier League,21,2004,11.7,5,0,0,17,20,0,2,4,19,0
465717,2024-05-27,3800000,Sheffield United,399,GB1,Jayden Bogle,336,eng ENG,"MF,DF",Leeds United,eng Premier League,25.0,2000,34,32,2793,31.0,1,2,3,1,0,0,6,0,0.1,,,,,,,,,,,,,,,,,,,,,,,,,336,eng ENG,"MF,DF",eng Premier League,25,2000,31.0,1,18,4,22.2,0.58,0.13,0.06,0.25,0,0,415,eng ENG,"MF,DF",eng Premier League,25,2000,34,2793,82,81.7,31.0,32,86,18,2,27,0,1.24,38,44,-6,-0.19,-0.05,336,eng ENG,"MF,DF",eng Premier League,25,2000,31.0,6,0,0,39,29,10,67,30,43,0
441515,2024-06-05,7000000,US Sassuolo,6574,IT1,Daniel Boloca,341,ro ROU,MF,Sassuolo,it Serie A,26.0,1998,2,2,135,1.5,0,0,0,0,0,0,0,0,0.0,,,,,,,,,,,,,,,,,,,,,,,,,341,ro ROU,MF,it Serie A,26,1998,1.5,0,2,0,0.0,1.33,0.0,0.0,,0,0,420,ro ROU,MF,it Serie A,26,1998,2,135,68,3.9,1.5,2,68,1,0,,5,0.0,0,4,-4,-2.67,-2.67,341,ro ROU,MF,it Serie A,26,1998,1.5,0,0,0,0,1,0,1,2,2,0
1089202,2025-12-15,8000000,OGC Nice,417,FR1,Moïse Bombito,342,ca CAN,DF,Nice,fr Ligue 1,25.0,2000,2,2,145,1.6,0,0,0,0,0,0,1,0,0.0,,,,,,,,,,,,,,,,,,,,,,,,,342,ca CAN,DF,fr Ligue 1,25,2000,1.6,0,0,0,,0.0,0.0,,,0,0,423,ca CAN,DF,fr Ligue 1,25,2000,2,145,73,4.7,1.6,2,73,1,0,,1,1.0,3,3,0,0.0,0.71,342,ca CAN,DF,fr Ligue 1,25,2000,1.6,1,0,0,3,1,0,0,2,1,0
741253,2024-06-24,500000,Atlético de Madrid B,3679,,Javier Boñar,343,es ESP,DF,Atlético Madrid,es La Liga,20.0,2005,4,3,299,3.3,1,0,1,1,0,0,0,0,0.3,,,,,,,,,,,,,,,,,,,,,,,,,343,es ESP,DF,es La Liga,20,2005,3.3,1,2,1,50.0,0.6,0.3,0.5,1.0,0,0,425,es ESP,DF,es La Liga,20,2005,4,299,75,8.7,3.3,3,90,2,1,30,6,0.75,5,5,0,0.0,-0.52,343,es ESP,DF,es La Liga,20,2005,3.3,0,0,0,2,2,0,3,0,3,0
241527,2024-06-05,2500000,Hellas Verona,2239,IT1,Federico Bonazzoli,344,it ITA,FW,Cremonese,it Serie A,28.0,1997,35,31,2510,27.9,10,1,11,7,3,3,4,0,0.29,,,,,,,,,,,,,,,,,,,,,,,,,344,it ITA,FW,it Serie A,28,1997,27.9,10,75,32,42.7,2.69,1.15,0.09,0.22,3,3,426,it ITA,FW,it Serie A,28,1997,35,2510,72,73.4,27.9,31,78,12,4,24,2,0.83,23,45,-22,-0.79,-0.49,344,it ITA,FW,it Serie A,28,1997,27.9,4,0,0,26,80,4,26,12,16,0
659516,2024-06-05,6000000,AC Monza,2239,IT1,Warren Bondo,345,fr FRA,MF,Cremonese,it Serie A,21.0,2003,27,22,1762,19.6,0,0,0,0,0,0,5,0,0.0,,,,,,,,,,,,,,,,,,,,,,,,,345,fr FRA,MF,it Serie A,21,2003,19.6,0,8,2,25.0,0.41,0.1,0.0,0.0,0,0,427,fr FRA,MF,it Serie A,21,2003,27,1762,65,51.5,19.6,22,73,8,5,33,3,0.85,16,30,-14,-0.72,-0.12,345,fr FRA,MF,it Serie A,21,2003,19.6,5,0,0,39,33,0,3,9,16,0
663900,2024-06-05,1000000,Atalanta BC,800,IT1,Giovanni Bonfanti,346,it ITA,"DF,MF",Pisa,it Serie A,22.0,2003,9,6,494,5.5,0,0,0,0,0,0,1,0,0.0,,,,,,,,,,,,,,,,,,,,,,,,,346,it ITA,"DF,MF",it Serie A,22,2003,5.5,0,6,1,16.7,1.09,0.18,0.0,0.0,0,0,429,it ITA,"DF,MF",it Serie A,22,2003,9,494,55,14.4,5.5,6,66,1,3,32,9,0.56,3,11,-8,-1.46,-0.32,346,it ITA,"DF,MF",it Serie A,22,2003,5.5,1,0,0,10,3,0,12,7,6,0
656681,2025-12-19,12000000,SV Werder Bremen,86,L1,Victor Boniface,347,ng NGA,FW,Werder Bremen,de Bundesliga,24.0,2000,11,2,333,3.7,0,2,2,0,0,0,1,0,0.54,,,,,,,,,,,,,,,,,,,,,,,,,347,ng NGA,FW,de Bundesliga,24,2000,3.7,0,16,6,37.5,4.32,1.62,0.0,0.0,0,0,431,ng NGA,FW,de Bundesliga,24,2000,11,333,30,10.9,3.7,2,74,0,9,21,1,1.36,5,8,-3,-0.81,-0.15,347,ng NGA,FW,de Bundesliga,24,2000,3.7,1,0,0,1,6,3,2,0,1,0
338629,2025-12-09,5000000,Leeds United,399,GB1,Sebastiaan Bornauw,351,be BEL,DF,Leeds United,eng Premier League,26.0,1999,12,5,429,4.8,0,0,0,0,0,0,1,0,0.0,,,,,,,,,,,,,,,,,,,,,,,,,351,be BEL,DF,eng Premier League,26,1999,4.8,0,1,0,0.0,0.21,0.0,0.0,,0,0,436,be BEL,DF,eng Premier League,26,1999,12,429,36,12.5,4.8,5,78,0,7,6,18,1.5,4,5,-1,-0.21,-0.03,351,be BEL,DF,eng Premier League,26,1999,4.8,1,0,0,7,0,1,1,7,4,0
459988,2024-06-03,1400000,Brescia Calcio,1390,IT1,Gennaro Borrelli,352,it ITA,FW,Cagliari,it Serie A,25.0,2000,27,13,1275,14.2,5,1,6,5,0,0,4,0,0.42,,,,,,,,,,,,,,,,,,,,,,,,,352,it ITA,FW,it Serie A,25,2000,14.2,5,30,12,40.0,2.12,0.85,0.17,0.42,0,0,437,it ITA,FW,it Serie A,25,2000,27,1275,47,37.3,14.2,13,73,3,14,23,2,1.26,17,25,-8,-0.56,-0.35,352,it ITA,FW,it Serie A,25,2000,14.2,4,0,0,43,49,5,2,3,6,0
318508,2025-12-09,18000000,Brighton & Hove Albion,1237,GB1,Olivier Boscagli,353,fr FRA,DF,Brighton,eng Premier League,27.0,1997,12,9,802,8.9,0,1,1,0,0,0,2,0,0.11,,,,,,,,,,,,,,,,,,,,,,,,,353,fr FRA,DF,eng Premier League,27,1997,8.9,0,1,0,0.0,0.11,0.0,0.0,,0,0,438,fr FRA,DF,eng Premier League,27,1997,12,802,67,23.5,8.9,9,85,7,3,13,26,1.08,11,10,+1,0.11,-0.06,353,fr FRA,DF,eng Premier League,27,1997,8.9,2,0,0,7,10,0,15,16,11,0
361093,2025-12-09,35000000,Newcastle United,762,GB1,Sven Botman,356,nl NED,DF,Newcastle United,eng Premier League,25.0,2000,25,21,1835,20.4,1,1,2,1,0,0,2,0,0.1,,,,,,,,,,,,,,,,,,,,,,,,,356,nl NED,DF,eng Premier League,25,2000,20.4,1,15,4,26.7,0.74,0.2,0.07,0.25,0,0,441,nl NED,DF,eng Premier League,25,2000,25,1835,73,53.7,20.4,21,84,17,4,15,5,1.36,25,27,-2,-0.1,-0.1,356,nl NED,DF,eng Premier League,25,2000,20.4,2,0,0,13,19,1,2,25,14,1
1097139,2025-12-15,40000000,LOSC Lille,1082,FR1,Ayyoub Bouaddi,357,fr FRA,MF,Lille,fr Ligue 1,17.0,2007,30,28,2321,25.8,0,1,1,0,0,0,7,1,0.04,,,,,,,,,,,,,,,,,,,,,,,,,357,fr FRA,MF,fr Ligue 1,17,2007,25.8,0,16,5,31.3,0.62,0.19,0.0,0.0,0,0,442,fr FRA,MF,fr Ligue 1,17,2007,30,2321,77,75.8,25.8,28,82,16,2,14,2,1.63,29,26,+3,0.12,-1.35,357,fr FRA,MF,fr Ligue 1,17,2007,25.8,7,1,0,37,24,0,20,27,40,0
707242,2025-12-19,12000000,VfB Stuttgart,79,L1,Badredine Bouanani,358,dz ALG,MF,Nice,fr Ligue 1,20.0,2004,2,1,93,1.0,0,0,0,0,0,0,0,0,0.0,,,,,,,,,,,,,,,,,,,,,,,,,358,dz ALG,MF,fr Ligue 1,20,2004,1.0,0,1,0,0.0,0.97,0.0,0.0,,0,0,443,dz ALG,MF,fr Ligue 1,20,2004,2,93,47,3.0,1.0,1,75,0,1,18,0,1.5,1,0,+1,0.97,1.7,358,dz ALG,MF,fr Ligue 1,20,2004,1.0,0,0,0,0,2,0,5,1,0,0
707242,2025-12-19,12000000,VfB Stuttgart,79,L1,Badredine Bouanani,359,dz ALG,MF,Stuttgart,de Bundesliga,20.0,2004,14,5,463,5.1,0,0,0,0,0,0,1,0,0.0,,,,,,,,,,,,,,,,,,,,,,,,,359,dz ALG,MF,de Bundesliga,20,2004,5.1,0,16,4,25.0,3.11,0.78,0.0,0.0,0,0,444,dz ALG,MF,de Bundesliga,20,2004,14,463,33,15.1,5.1,5,72,1,9,11,15,1.79,13,5,+8,1.56,1.07,359,dz ALG,MF,de Bundesliga,20,2004,5.1,1,0,0,1,6,1,26,4,3,0
560593,2025-12-15,12000000,OGC Nice,417,FR1,Hicham Boudaoui,361,dz ALG,MF,Nice,fr Ligue 1,25.0,1999,25,18,1694,18.8,1,2,3,1,0,0,5,0,0.16,,,,,,,,,,,,,,,,,,,,,,,,,361,dz ALG,MF,fr Ligue 1,25,1999,18.8,1,21,9,42.9,1.12,0.48,0.05,0.11,0,0,447,dz ALG,MF,fr Ligue 1,25,1999,25,1694,68,55.4,18.8,18,84,12,7,27,1,0.92,20,33,-13,-0.69,-0.03,361,dz ALG,MF,fr Ligue 1,25,1999,18.8,5,0,0,19,40,2,19,18,16,0
232271,2025-12-10,2000000,Union Saint-Gilloise,738,FR1,Sofiane Boufal,362,ma MAR,"MF,FW",Le Havre,fr Ligue 1,31.0,1993,17,13,1019,11.3,1,4,5,1,0,1,2,0,0.44,,,,,,,,,,,,,,,,,,,,,,,,,362,ma MAR,"MF,FW",fr Ligue 1,31,1993,11.3,1,19,4,21.1,1.68,0.35,0.05,0.25,0,1,448,ma MAR,"MF,FW",fr Ligue 1,31,1993,17,1019,60,33.3,11.3,13,73,0,4,18,0,1.0,10,16,-6,-0.53,-0.27,362,ma MAR,"MF,FW",fr Ligue 1,31,1993,11.3,2,0,0,24,32,6,59,3,17,0
1030153,2025-12-15,600000,Stade Brestois 29,3911,FR1,Justin Bourgault,363,fr FRA,FW,Brest,fr Ligue 1,19.0,2005,1,0,16,0.2,0,0,0,0,0,0,0,0,0.0,,,,,,,,,,,,,,,,,,,,,,,,,363,fr FRA,FW,fr Ligue 1,19,2005,0.2,0,1,0,0.0,5.63,0.0,0.0,,0,0,450,fr FRA,FW,fr Ligue 1,19,2005,1,16,16,0.5,0.2,0,,0,1,16,9,0.0,0,2,-2,-11.25,-10.95,363,fr FRA,FW,fr Ligue 1,19,2005,0.2,0,0,0,0,0,0,0,1,0,0
314875,2025-12-09,35000000,West Ham United,379,GB1,Jarrod Bowen,364,eng ENG,"MF,FW",West Ham United,eng Premier League,28.0,1996,38,38,3403,37.8,9,11,20,8,1,1,4,0,0.5,,,,,,,,,,,,,,,,,,,,,,,,,364,eng ENG,"MF,FW",eng Premier League,28,1996,37.8,9,79,28,35.4,2.09,0.74,0.1,0.29,1,1,453,eng ENG,"MF,FW",eng Premier League,28,1996,38,3403,90,99.5,37.8,38,90,32,0,,0,1.03,45,63,-18,-0.48,4.82,364,eng ENG,"MF,FW",eng Premier League,28,1996,37.8,4,0,0,19,49,17,148,27,28,0
647280,2025-12-10,2700000,Hibernian FC,276,IT1,Kieron Bowie,365,sct SCO,FW,Hellas Verona,it Serie A,22.0,2002,14,14,1200,13.3,4,0,4,4,0,0,1,0,0.3,,,,,,,,,,,,,,,,,,,,,,,,,365,sct SCO,FW,it Serie A,22,2002,13.3,4,33,11,33.3,2.48,0.82,0.12,0.36,0,0,454,sct SCO,FW,it Serie A,22,2002,14,1200,86,35.1,13.3,14,86,10,0,,0,0.5,7,18,-11,-0.82,0.19,365,sct SCO,FW,it Serie A,22,2002,13.3,1,0,0,34,27,3,6,0,3,0
334222,2024-06-07,7000000,Granada CF,1108,ES1,Lucas Boyé,366,ar ARG,FW,Alavés,es La Liga,29.0,1996,29,22,1958,21.8,11,1,12,8,3,3,4,1,0.41,,,,,,,,,,,,,,,,,,,,,,,,,366,ar ARG,FW,es La Liga,29,1996,21.8,11,63,21,33.3,2.9,0.97,0.13,0.38,3,3,455,ar ARG,FW,es La Liga,29,1996,29,1958,68,57.3,21.8,22,80,15,7,27,0,1.21,25,32,-7,-0.32,-0.01,366,ar ARG,FW,es La Liga,29,1996,21.8,4,1,1,58,39,10,10,7,25,0
541555,2025-12-12,20000000,CA Osasuna,331,ES1,Enzo Boyomo,367,cm CMR,DF,Osasuna,es La Liga,23.0,2001,30,29,2542,28.2,1,2,3,1,0,0,7,0,0.11,,,,,,,,,,,,,,,,,,,,,,,,,367,cm CMR,DF,es La Liga,23,2001,28.2,1,11,4,36.4,0.39,0.14,0.09,0.25,0,0,456,cm CMR,DF,es La Liga,23,2001,30,2542,85,74.3,28.2,29,87,25,1,18,2,1.07,32,39,-7,-0.25,-0.35,367,cm CMR,DF,es La Liga,23,2001,28.2,7,0,0,33,5,0,10,17,36,0
877124,2025-12-10,2500000,Royal Antwerp FC,4172,IT1,Rosen Bozhinov,368,bg BUL,DF,Pisa,it Serie A,20.0,2005,9,8,610,6.8,0,0,0,0,0,0,3,1,0.0,,,,,,,,,,,,,,,,,,,,,,,,,368,bg BUL,DF,it Serie A,20,2005,6.8,0,3,1,33.3,0.44,0.15,0.0,0.0,0,0,457,bg BUL,DF,it Serie A,20,2005,9,610,68,17.8,6.8,8,76,4,1,1,8,0.22,4,10,-6,-0.89,0.36,368,bg BUL,DF,it Serie A,20,2005,6.8,3,1,1,12,1,2,3,12,5,0
357796,2024-06-05,5000000,US Salernitana 1919,276,IT1,Domagoj Bradarić,369,hr CRO,MF,Hellas Verona,it Serie A,25.0,1999,29,23,1966,21.8,0,1,1,0,0,0,2,0,0.05,,,,,,,,,,,,,,,,,,,,,,,,,369,hr CRO,MF,it Serie A,25,1999,21.8,0,13,6,46.2,0.6,0.27,0.0,0.0,0,0,458,hr CRO,MF,it Serie A,25,1999,29,1966,68,57.5,21.8,23,80,12,6,23,5,0.45,17,39,-22,-1.01,-0.14,369,hr CRO,MF,it Serie A,25,1999,21.8,2,0,0,8,10,2,108,9,20,0
624258,2025-12-09,30000000,Liverpool FC,31,GB1,Conor Bradley,370,nir NIR,DF,Liverpool,eng Premier League,22.0,2003,15,12,929,10.3,0,1,1,0,0,0,5,0,0.1,,,,,,,,,,,,,,,,,,,,,,,,,370,nir NIR,DF,eng Premier League,22,2003,10.3,0,6,0,0.0,0.58,0.0,0.0,,0,0,459,nir NIR,DF,eng Premier League,22,2003,15,929,62,27.2,10.3,12,70,3,3,29,1,1.47,11,13,-2,-0.19,-0.63,370,nir NIR,DF,eng Premier League,22,2003,10.3,5,0,0,18,20,1,23,12,15,0
187492,2025-12-19,20000000,Borussia Dortmund,16,L1,Julian Brandt,372,de GER,"MF,FW",Dortmund,de Bundesliga,29.0,1996,29,17,1606,17.8,7,4,11,7,0,0,0,0,0.62,,,,,,,,,,,,,,,,,,,,,,,,,372,de GER,"MF,FW",de Bundesliga,29,1996,17.8,7,38,18,47.4,2.13,1.01,0.18,0.39,0,0,461,de GER,"MF,FW",de Bundesliga,29,1996,29,1606,55,52.5,17.8,17,83,5,12,17,3,2.14,42,18,+24,1.34,0.6,372,de GER,"MF,FW",de Bundesliga,29,1996,17.8,0,0,0,8,5,7,25,5,8,0
661053,2025-12-09,45000000,Everton FC,29,GB1,Jarrad Branthwaite,373,eng ENG,DF,Everton,eng Premier League,23.0,2002,10,7,680,7.6,1,0,1,1,0,0,1,0,0.13,,,,,,,,,,,,,,,,,,,,,,,,,373,eng ENG,DF,eng Premier League,23,2002,7.6,1,6,2,33.3,0.79,0.26,0.17,0.5,0,0,462,eng ENG,DF,eng Premier League,23,2002,10,680,68,19.9,7.6,7,88,4,3,21,0,1.5,10,9,+1,0.13,0.26,373,eng ENG,DF,eng Premier League,23,2002,7.6,1,0,0,3,1,1,3,11,6,0
485960,2025-12-15,10000000,Stade Rennais FC,273,FR1,Lilian Brassier,375,fr FRA,DF,Rennes,fr Ligue 1,25.0,1999,27,25,2250,25.0,0,1,1,0,0,0,2,0,0.04,,,,,,,,,,,,,,,,,,,,,,,,,375,fr FRA,DF,fr Ligue 1,25,1999,25.0,0,11,2,18.2,0.44,0.08,0.0,0.0,0,0,464,fr FRA,DF,fr Ligue 1,25,1999,27,2250,83,73.5,25.0,25,87,22,2,36,5,1.78,47,35,+12,0.48,0.81,375,fr FRA,DF,fr Ligue 1,25,1999,25.0,2,0,0,27,21,0,23,38,13,0
741292,2025-12-23,5000000,Udinese Calcio,410,IT1,Iker Bravo,376,es ESP,FW,Udinese,it Serie A,20.0,2005,8,3,206,2.3,1,0,1,1,0,0,1,0,0.44,,,,,,,,,,,,,,,,,,,,,,,,,376,es ESP,FW,it Serie A,20,2005,2.3,1,4,1,25.0,1.75,0.44,0.25,1.0,0,0,465,es ESP,FW,it Serie A,20,2005,8,206,26,6.0,2.3,3,55,0,5,8,7,1.38,2,2,0,0.0,0.08,376,es ESP,FW,it Serie A,20,2005,2.3,1,0,0,3,1,0,4,0,1,0
293169,2025-12-12,2500000,Real Oviedo,2497,ES1,Josip Brekalo,377,hr CRO,"MF,FW",Oviedo,es La Liga,27.0,1998,14,6,486,5.4,0,0,0,0,0,0,1,0,0.0,,,,,,,,,,,,,,,,,,,,,,,,,377,hr CRO,"MF,FW",es La Liga,27,1998,5.4,0,9,3,33.3,1.67,0.56,0.0,0.0,0,0,467,hr CRO,"MF,FW",es La Liga,27,1998,14,486,35,14.2,5.4,6,58,0,8,18,3,0.71,1,14,-13,-2.41,-1.76,377,hr CRO,"MF,FW",es La Liga,27,1998,5.4,1,0,0,7,6,0,26,2,7,0
459128,2025-12-23,7500000,Atalanta BC,430,IT1,Marco Brescianini,379,it ITA,MF,Fiorentina,it Serie A,25.0,2000,17,10,862,9.6,1,1,2,1,0,0,1,0,0.21,,,,,,,,,,,,,,,,,,,,,,,,,379,it ITA,MF,it Serie A,25,2000,9.6,1,10,2,20.0,1.04,0.21,0.1,0.5,0,0,469,it ITA,MF,it Serie A,25,2000,17,862,51,25.2,9.6,10,75,4,7,16,1,1.47,15,13,+2,0.21,0.6,379,it ITA,MF,it Serie A,25,2000,9.6,1,0,0,13,9,0,11,1,2,0
459128,2025-12-23,7500000,Atalanta BC,430,IT1,Marco Brescianini,380,it ITA,MF,Atalanta,it Serie A,25.0,2000,9,0,182,2.0,1,0,1,1,0,0,1,0,0.49,,,,,,,,,,,,,,,,,,,,,,,,,380,it ITA,MF,it Serie A,25,2000,2.0,1,3,2,66.7,1.48,0.99,0.33,0.5,0,0,470,it ITA,MF,it Serie A,25,2000,9,182,20,5.3,2.0,0,,0,9,20,10,1.56,5,1,+4,1.98,1.67,380,it ITA,MF,it Serie A,25,2000,2.0,1,0,0,4,2,0,6,2,8,0
658115,2025-12-12,4500000,CA Osasuna,331,ES1,Abel Bretones,381,es ESP,"MF,DF",Osasuna,es La Liga,24.0,2000,28,17,1624,18.0,1,2,3,1,0,0,5,1,0.17,,,,,,,,,,,,,,,,,,,,,,,,,381,es ESP,"MF,DF",es La Liga,24,2000,18.0,1,11,3,27.3,0.61,0.17,0.09,0.33,0,0,471,es ESP,"MF,DF",es La Liga,24,2000,28,1624,58,47.5,18.0,17,88,12,11,12,7,1.18,24,27,-3,-0.17,-0.02,381,es ESP,"MF,DF",es La Liga,24,2000,18.0,5,1,0,16,19,1,34,16,12,0
473169,2025-12-09,20000000,Sunderland AFC,289,GB1,Brian Brobbey,383,nl NED,FW,Sunderland,eng Premier League,23.0,2002,31,22,1927,21.4,7,1,8,7,0,0,6,0,0.37,,,,,,,,,,,,,,,,,,,,,,,,,383,nl NED,FW,eng Premier League,23,2002,21.4,7,36,18,50.0,1.68,0.84,0.19,0.39,0,0,475,nl NED,FW,eng Premier League,23,2002,31,1927,62,56.3,21.4,22,78,6,9,22,2,1.29,20,30,-10,-0.47,-0.71,383,nl NED,FW,eng Premier League,23,2002,21.4,6,0,0,33,37,8,2,0,2,0
571743,2024-05-27,22000000,Fulham FC,1132,GB1,Armando Broja,385,al ALB,FW,Burnley,eng Premier League,23.0,2001,24,8,860,9.6,1,1,2,1,0,0,0,0,0.21,,,,,,,,,,,,,,,,,,,,,,,,,385,al ALB,FW,eng Premier League,23,2001,9.6,1,16,6,37.5,1.67,0.63,0.06,0.17,0,0,478,al ALB,FW,eng Premier League,23,2001,24,860,36,25.1,9.6,8,79,2,16,14,5,0.25,11,27,-16,-1.67,-0.94,385,al ALB,FW,eng Premier League,23,2001,9.6,0,0,0,14,16,6,3,3,3,0
277033,2025-12-09,12000000,AFC Bournemouth,989,GB1,David Brooks,386,wls WAL,MF,Bournemouth,eng Premier League,28.0,1997,31,13,1204,13.4,1,3,4,1,0,0,7,0,0.3,,,,,,,,,,,,,,,,,,,,,,,,,386,wls WAL,MF,eng Premier League,28,1997,13.4,1,48,13,27.1,3.59,0.97,0.02,0.08,0,0,480,wls WAL,MF,eng Premier League,28,1997,31,1204,39,35.2,13.4,13,67,0,18,19,2,1.52,21,20,+1,0.07,-0.05,386,wls WAL,MF,eng Premier League,28,1997,13.4,7,0,0,11,13,2,59,4,13,0
691892,2025-12-19,35000000,Eintracht Frankfurt,24,L1,Nathaniel Brown,387,de GER,"MF,DF",Eintracht Frankfurt,de Bundesliga,22.0,2003,33,29,2656,29.5,4,4,8,4,0,0,3,0,0.27,,,,,,,,,,,,,,,,,,,,,,,,,387,de GER,"MF,DF",de Bundesliga,22,2003,29.5,4,18,9,50.0,0.61,0.3,0.22,0.44,0,0,481,de GER,"MF,DF",de Bundesliga,22,2003,33,2656,80,86.8,29.5,29,86,23,4,41,0,1.33,52,55,-3,-0.1,0.12,387,de GER,"MF,DF",de Bundesliga,22,2003,29.5,3,0,0,27,33,1,45,25,57,0
918414,2025-12-15,1500000,AS Monaco,162,FR1,Paris Brunner,389,de GER,FW,Monaco,fr Ligue 1,19.0,2006,7,1,132,1.5,0,0,0,0,0,0,1,0,0.0,,,,,,,,,,,,,,,,,,,,,,,,,389,de GER,FW,fr Ligue 1,19,2006,1.5,0,4,1,25.0,2.73,0.68,0.0,0.0,0,0,483,de GER,FW,fr Ligue 1,19,2006,7,132,19,4.3,1.5,1,45,0,6,15,10,1.71,3,3,0,0.0,-0.18,389,de GER,FW,fr Ligue 1,19,2006,1.5,1,0,0,8,1,1,1,1,2,0
293281,2025-12-09,5000000,Burnley FC,1132,GB1,Jacob Bruun Larsen,390,dk DEN,"MF,FW",Burnley,eng Premier League,26.0,1998,28,10,1030,11.4,0,1,1,0,0,0,0,0,0.09,,,,,,,,,,,,,,,,,,,,,,,,,390,dk DEN,"MF,FW",eng Premier League,26,1998,11.4,0,17,4,23.5,1.49,0.35,0.0,0.0,0,0,484,dk DEN,"MF,FW",eng Premier League,26,1998,28,1030,37,30.1,11.4,10,67,0,18,20,4,0.61,12,29,-17,-1.49,-0.73,390,dk DEN,"MF,FW",eng Premier League,26,1998,11.4,0,0,0,1,0,4,42,6,3,0
638793,2024-06-05,8000000,Inter Milan,1050,ES1,Tajon Buchanan,391,ca CAN,MF,Villarreal,es La Liga,26.0,1999,34,21,1819,20.2,7,1,8,7,0,0,8,0,0.4,,,,,,,,,,,,,,,,,,,,,,,,,391,ca CAN,MF,es La Liga,26,1999,20.2,7,27,11,40.7,1.34,0.54,0.26,0.64,0,0,485,ca CAN,MF,es La Liga,26,1999,34,1819,54,53.2,20.2,21,72,5,13,24,2,1.76,35,18,+17,0.84,0.34,391,ca CAN,MF,es La Liga,26,1999,20.2,8,0,0,18,36,8,33,22,19,0
46413,2025-12-12,3000000,CA Osasuna,331,ES1,Ante Budimir,392,hr CRO,FW,Osasuna,es La Liga,34.0,1991,37,35,2938,32.6,17,0,17,11,6,8,3,0,0.34,,,,,,,,,,,,,,,,,,,,,,,,,392,hr CRO,FW,es La Liga,34,1991,32.6,17,103,41,39.8,3.16,1.26,0.11,0.27,6,8,486,hr CRO,FW,es La Liga,34,1991,37,2938,79,85.9,32.6,35,83,18,2,22,0,1.14,34,38,-4,-0.12,0.25,392,hr CRO,FW,es La Liga,34,1991,32.6,3,0,0,52,36,22,4,6,16,0
698678,2024-05-27,6000000,Wolverhampton Wanderers,543,GB1,Hugo Bueno,394,es ESP,"MF,DF",Wolves,eng Premier League,22.0,2002,35,26,2366,26.3,1,2,3,1,0,0,3,0,0.11,,,,,,,,,,,,,,,,,,,,,,,,,394,es ESP,"MF,DF",eng Premier League,22,2002,26.3,1,16,6,37.5,0.61,0.23,0.06,0.17,0,0,488,es ESP,"MF,DF",eng Premier League,22,2002,35,2366,68,69.2,26.3,26,84,17,9,20,0,0.57,20,44,-24,-0.91,0.54,394,es ESP,"MF,DF",eng Premier League,22,2002,26.3,3,0,0,17,24,3,166,33,35,0
766723,2025-12-12,1500000,Sevilla FC,368,ES1,Manu Bueno,395,es ESP,MF,Sevilla,es La Liga,21.0,2004,8,2,272,3.0,0,0,0,0,0,0,2,0,0.0,,,,,,,,,,,,,,,,,,,,,,,,,395,es ESP,MF,es La Liga,21,2004,3.0,0,2,0,0.0,0.66,0.0,0.0,,0,0,489,es ESP,MF,es La Liga,21,2004,8,272,34,8.0,3.0,2,67,0,6,23,22,1.88,5,2,+3,0.99,1.48,395,es ESP,MF,es La Liga,21,2004,3.0,2,0,0,4,3,0,2,0,1,0
438001,2025-12-09,10000000,Wolverhampton Wanderers,543,GB1,Santiago Bueno,396,uy URU,DF,Wolves,eng Premier League,26.0,1998,29,28,2553,28.4,3,1,4,3,0,0,4,0,0.14,,,,,,,,,,,,,,,,,,,,,,,,,396,uy URU,DF,eng Premier League,26,1998,28.4,3,10,7,70.0,0.35,0.25,0.3,0.43,0,0,490,uy URU,DF,eng Premier League,26,1998,29,2553,88,74.6,28.4,28,90,27,1,35,8,0.66,23,47,-24,-0.85,0.92,396,uy URU,DF,eng Premier League,26,1998,28.4,4,0,0,29,11,2,6,27,30,0
267160,2025-12-23,4000000,Udinese Calcio,410,IT1,Adam Buksa,398,pl POL,FW,Udinese,it Serie A,29.0,1996,25,6,922,10.2,3,0,3,3,0,0,3,0,0.29,,,,,,,,,,,,,,,,,,,,,,,,,398,pl POL,FW,it Serie A,29,1996,10.2,3,12,6,50.0,1.17,0.59,0.25,0.5,0,0,493,pl POL,FW,it Serie A,29,1996,25,922,37,27.0,10.2,6,75,1,19,25,2,1.24,11,14,-3,-0.29,-0.29,398,pl POL,FW,it Serie A,29,1996,10.2,3,0,0,24,15,3,1,3,8,0
116088,2025-12-19,2000000,1.FC Köln,3,L1,Marius Bülter,400,de GER,"FW,MF",Köln,de Bundesliga,32.0,1993,32,18,1597,17.7,5,4,9,5,0,0,3,0,0.51,,,,,,,,,,,,,,,,,,,,,,,,,400,de GER,"FW,MF",de Bundesliga,32,1993,17.7,5,42,17,40.5,2.37,0.96,0.12,0.29,0,0,495,de GER,"FW,MF",de Bundesliga,32,1993,32,1597,50,52.2,17.7,18,74,7,14,19,0,0.91,30,29,+1,0.06,0.98,400,de GER,"FW,MF",de Bundesliga,32,1993,17.7,3,0,0,17,25,6,62,8,5,0
983989,2024-05-27,18000000,Brighton & Hove Albion,399,GB1,Facundo Buonanotte,401,ar ARG,MF,Leeds United,eng Premier League,20.0,2004,3,0,39,0.4,0,0,0,0,0,0,1,0,0.0,,,,,,,,,,,,,,,,,,,,,,,,,401,ar ARG,MF,eng Premier League,20,2004,0.4,0,2,0,0.0,4.62,0.0,0.0,,0,0,496,ar ARG,MF,eng Premier League,20,2004,3,39,13,1.1,0.4,0,,0,3,13,5,0.33,0,3,-3,-6.92,-6.82,401,ar ARG,MF,eng Premier League,20,2004,0.4,1,0,0,1,0,0,2,1,0,0
983989,2024-05-27,18000000,Brighton & Hove Albion,399,GB1,Facundo Buonanotte,402,ar ARG,MF,Chelsea,eng Premier League,20.0,2004,1,1,45,0.5,0,0,0,0,0,0,0,0,0.0,,,,,,,,,,,,,,,,,,,,,,,,,402,ar ARG,MF,eng Premier League,20,2004,0.5,0,0,0,,0.0,0.0,,,0,0,497,ar ARG,MF,eng Premier League,20,2004,1,45,45,1.3,0.5,1,45,0,0,,4,1.0,0,1,-1,-2.0,-2.19,402,ar ARG,MF,eng Premier League,20,2004,0.5,0,0,0,0,0,0,0,0,0,0
386446,2025-12-23,45000000,SSC Napoli,6195,IT1,Alessandro Buongiorno,403,it ITA,DF,Napoli,it Serie A,26.0,1999,33,28,2521,28.0,0,1,1,0,0,0,3,0,0.04,,,,,,,,,,,,,,,,,,,,,,,,,403,it ITA,DF,it Serie A,26,1999,28.0,0,8,3,37.5,0.29,0.11,0.0,0.0,0,0,498,it ITA,DF,it Serie A,26,1999,33,2521,76,73.7,28.0,28,86,22,5,21,2,2.0,42,29,+13,0.46,-0.44,403,it ITA,DF,it Serie A,26,1999,28.0,3,0,0,50,26,1,6,40,22,0
1009440,2026-01-18,1000000,VfL Wolfsburg U19,82,L1,Jan Bürger,405,de GER,"MF,DF",Wolfsburg,de Bundesliga,18.0,2007,7,2,247,2.7,0,0,0,0,0,0,0,0,0.0,,,,,,,,,,,,,,,,,,,,,,,,,405,de GER,"MF,DF",de Bundesliga,18,2007,2.7,0,2,1,50.0,0.73,0.36,0.0,0.0,0,0,500,de GER,"MF,DF",de Bundesliga,18,2007,7,247,35,8.1,2.7,2,59,0,5,26,8,0.57,3,6,-3,-1.09,-0.42,405,de GER,"MF,DF",de Bundesliga,18,2007,2.7,0,0,0,4,5,0,6,0,3,0
412953,2023-10-27,5000000,Stoke City,533,L1,Wouter Burger,406,nl NED,MF,Hoffenheim,de Bundesliga,24.0,2001,30,30,2430,27.0,4,5,9,4,0,0,7,1,0.33,,,,,,,,,,,,,,,,,,,,,,,,,406,nl NED,MF,de Bundesliga,24,2001,27.0,4,36,13,36.1,1.33,0.48,0.11,0.31,0,0,501,nl NED,MF,de Bundesliga,24,2001,30,2430,81,79.4,27.0,30,81,18,0,,0,1.9,52,35,+17,0.63,1.2,406,nl NED,MF,de Bundesliga,24,2001,27.0,7,1,0,57,12,1,89,19,42,0
333647,2025-12-19,35000000,Eintracht Frankfurt,24,L1,Jonathan Burkardt,407,de GER,FW,Eintracht Frankfurt,de Bundesliga,25.0,2000,22,15,1336,14.8,13,1,14,9,4,4,1,0,0.67,,,,,,,,,,,,,,,,,,,,,,,,,407,de GER,FW,de Bundesliga,25,2000,14.8,13,41,21,51.2,2.76,1.41,0.22,0.43,4,4,502,de GER,FW,de Bundesliga,25,2000,22,1336,61,43.7,14.8,15,80,4,7,20,0,1.36,34,16,+18,1.21,2.36,407,de GER,FW,de Bundesliga,25,2000,14.8,1,0,0,12,15,2,5,1,4,0
341317,2025-12-19,4000000,1.FC Union Berlin,89,L1,Oliver Burke,408,sct SCO,"FW,MF",Union Berlin,de Bundesliga,28.0,1997,29,21,1664,18.5,6,2,8,6,0,0,4,0,0.43,,,,,,,,,,,,,,,,,,,,,,,,,408,sct SCO,"FW,MF",de Bundesliga,28,1997,18.5,6,34,15,44.1,1.84,0.81,0.18,0.4,0,0,503,sct SCO,"FW,MF",de Bundesliga,28,1997,29,1664,57,54.4,18.5,21,74,4,8,14,4,1.0,23,32,-9,-0.49,-0.16,408,sct SCO,"FW,MF",de Bundesliga,28,1997,18.5,4,0,0,10,8,8,39,4,7,0
920939,2025-12-11,600000,US Boulogne,7042,,Vincent Burlet,409,be BEL,DF,Lille,fr Ligue 1,19.0,2005,1,0,19,0.2,0,0,0,0,0,0,0,0,0.0,,,,,,,,,,,,,,,,,,,,,,,,,409,be BEL,DF,fr Ligue 1,19,2005,0.2,0,0,0,,0.0,0.0,,,0,0,504,be BEL,DF,fr Ligue 1,19,2005,1,19,19,0.6,0.2,0,,0,1,19,2,1.0,0,1,-1,-4.74,-5.21,409,be BEL,DF,fr Ligue 1,19,2005,0.2,0,0,0,0,0,0,1,0,0,0
134270,2025-12-09,5000000,Newcastle United,762,GB1,Dan Burn,410,eng ENG,DF,Newcastle United,eng Premier League,33.0,1992,29,25,2199,24.4,1,2,3,1,0,0,11,1,0.12,,,,,,,,,,,,,,,,,,,,,,,,,410,eng ENG,DF,eng Premier League,33,1992,24.4,1,10,3,30.0,0.41,0.12,0.1,0.33,0,0,505,eng ENG,DF,eng Premier League,33,1992,29,2199,76,64.3,24.4,25,86,21,4,13,2,1.21,32,34,-2,-0.08,-0.08,410,eng ENG,DF,eng Premier League,33,1992,24.4,11,1,1,36,13,3,14,20,26,0
1202361,2025-12-09,2000000,Aston Villa U18,6933,,Bradley Burrowes,411,eng ENG,MF,Aston Villa,eng Premier League,17.0,2008,1,0,17,0.2,0,0,0,0,0,0,0,0,0.0,,,,,,,,,,,,,,,,,,,,,,,,,411,eng ENG,MF,eng Premier League,17,2008,0.2,0,0,0,,0.0,0.0,,,0,0,506,eng ENG,MF,eng Premier League,17,2008,1,17,17,0.5,0.2,0,,0,1,17,3,0.0,0,1,-1,-5.29,-5.51,411,eng ENG,MF,eng Premier League,17,2008,0.2,0,0,0,0,1,0,3,0,0,0
117478,2025-12-19,1200000,1.FC Heidenheim 1846,2036,L1,Marnon Busch,412,de GER,"DF,MF",Heidenheim,de Bundesliga,30.0,1994,29,20,1915,21.3,1,5,6,1,0,0,4,0,0.28,,,,,,,,,,,,,,,,,,,,,,,,,412,de GER,"DF,MF",de Bundesliga,30,1994,21.3,1,12,3,25.0,0.56,0.14,0.08,0.33,0,0,507,de GER,"DF,MF",de Bundesliga,30,1994,29,1915,66,62.6,21.3,20,85,13,9,25,2,0.76,26,43,-17,-0.8,0.3,412,de GER,"DF,MF",de Bundesliga,30,1994,21.3,4,0,0,18,8,1,61,34,24,0
258039,2025-12-19,3000000,Eintracht Frankfurt,190,DK1,Aurélio Buta,413,pt POR,DF,Eintracht Frankfurt,de Bundesliga,28.0,1997,4,1,144,1.6,0,0,0,0,0,0,1,0,0.0,,,,,,,,,,,,,,,,,,,,,,,,,413,pt POR,DF,de Bundesliga,28,1997,1.6,0,1,0,0.0,0.62,0.0,0.0,,0,0,509,pt POR,DF,de Bundesliga,28,1997,4,144,36,4.7,1.6,1,90,1,3,18,8,1.75,0,8,-8,-5.0,-5.12,413,pt POR,DF,de Bundesliga,28,1997,1.6,1,0,0,3,2,0,2,0,5,0
290537,2025-12-23,4500000,Como 1907,1047,IT1,Jean Butez,414,fr FRA,GK,Como,it Serie A,30.0,1995,38,38,3420,38.0,0,1,1,0,0,0,3,0,0.03,22,fr FRA,GK,it Serie A,30,1995,38,38,3420,38.0,29,0.76,110,86,78.2,20,11,7,19,50.0,6,5,1,0,414,fr FRA,GK,it Serie A,30,1995,38.0,0,0,0,,0.0,0.0,,,0,0,510,fr FRA,GK,it Serie A,30,1995,38,3420,90,100.0,38.0,38,90,38,0,,0,1.87,65,29,+36,0.95,,414,fr FRA,GK,it Serie A,30,1995,38.0,3,0,0,0,9,0,0,0,2,0
236953,2023-06-01,1000000,Norwich City,399,GB1,Sam Byram,416,eng ENG,"DF,MF",Leeds United,eng Premier League,31.0,1993,2,0,9,0.1,0,0,0,0,0,0,0,0,0.0,,,,,,,,,,,,,,,,,,,,,,,,,416,eng ENG,"DF,MF",eng Premier League,31,1993,0.1,0,0,0,,0.0,0.0,,,0,0,512,eng ENG,"DF,MF",eng Premier League,31,1993,2,9,5,0.3,0.1,0,,0,2,5,16,1.5,1,1,0,0.0,0.18,416,eng ENG,"DF,MF",eng Premier League,31,1993,0.1,0,0,0,1,0,1,0,0,1,0
610400,2023-06-12,3000000,SK Sturm Graz,39,L1,William Bøving,417,dk DEN,MF,Mainz 05,de Bundesliga,22.0,2003,9,2,223,2.5,0,1,1,0,0,0,1,0,0.4,,,,,,,,,,,,,,,,,,,,,,,,,417,dk DEN,MF,de Bundesliga,22,2003,2.5,0,1,0,0.0,0.4,0.0,0.0,,0,0,513,dk DEN,MF,de Bundesliga,22,2003,9,223,25,7.3,2.5,2,77,1,7,10,18,0.67,4,6,-2,-0.81,-0.59,417,dk DEN,MF,de Bundesliga,22,2003,2.5,1,0,0,2,2,0,8,0,2,0
113707,2025-12-12,1500000,Olympiacos Piraeus,995,FR1,Rémy Cabella,419,fr FRA,"MF,FW",Nantes,fr Ligue 1,35.0,1990,12,7,662,7.4,2,0,2,1,1,1,1,0,0.14,,,,,,,,,,,,,,,,,,,,,,,,,419,fr FRA,"MF,FW",fr Ligue 1,35,1990,7.4,2,10,6,60.0,1.36,0.82,0.1,0.17,1,1,515,fr FRA,"MF,FW",fr Ligue 1,35,1990,12,662,55,21.6,7.4,7,83,5,5,16,4,0.58,8,14,-6,-0.82,-0.18,419,fr FRA,"MF,FW",fr Ligue 1,35,1990,7.4,1,0,0,7,12,2,39,6,7,0
102423,2023-06-13,2500000,RCD Espanyol Barcelona,714,ES1,Leandro Cabrera,422,uy URU,DF,Espanyol,es La Liga,34.0,1991,37,37,3330,37.0,3,0,3,3,0,0,4,0,0.08,,,,,,,,,,,,,,,,,,,,,,,,,422,uy URU,DF,es La Liga,34,1991,37.0,3,40,12,30.0,1.08,0.32,0.08,0.25,0,0,518,uy URU,DF,es La Liga,34,1991,37,3330,90,97.4,37.0,37,90,37,0,,0,1.22,43,55,-12,-0.32,-0.32,422,uy URU,DF,es La Liga,34,1991,37.0,4,0,0,38,9,1,20,23,23,0
453016,2025-12-19,10000000,1.FSV Mainz 05,39,L1,Anthony Caci,423,fr FRA,MF,Mainz 05,de Bundesliga,28.0,1997,10,6,519,5.8,0,0,0,0,0,0,3,0,0.0,,,,,,,,,,,,,,,,,,,,,,,,,423,fr FRA,MF,de Bundesliga,28,1997,5.8,0,6,0,0.0,1.04,0.0,0.0,,0,0,519,fr FRA,MF,de Bundesliga,28,1997,10,519,52,17.0,5.8,6,76,1,4,16,0,1.1,6,7,-1,-0.17,0.11,423,fr FRA,MF,de Bundesliga,28,1997,5.8,3,0,0,9,3,1,42,3,10,0
399383,2023-06-16,3000000,AS Saint-Étienne,10004,FR1,Mathieu Cafaro,425,fr FRA,FW,Paris FC,fr Ligue 1,28.0,1997,10,1,152,1.7,0,0,0,0,0,0,0,0,0.0,,,,,,,,,,,,,,,,,,,,,,,,,425,fr FRA,FW,fr Ligue 1,28,1997,1.7,0,7,1,14.3,4.14,0.59,0.0,0.0,0,0,521,fr FRA,FW,fr Ligue 1,28,1997,10,152,15,5.0,1.7,1,59,0,9,10,12,0.9,4,3,+1,0.59,0.72,425,fr FRA,FW,fr Ligue 1,28,1997,1.7,0,0,0,2,4,2,7,0,0,0
687626,2025-12-09,110000000,Chelsea FC,631,GB1,Moisés Caicedo,426,ec ECU,MF,Chelsea,eng Premier League,23.0,2001,33,32,2795,31.1,3,1,4,3,0,0,11,1,0.13,,,,,,,,,,,,,,,,,,,,,,,,,426,ec ECU,MF,eng Premier League,23,2001,31.1,3,27,7,25.9,0.87,0.23,0.11,0.43,0,0,522,ec ECU,MF,eng Premier League,23,2001,33,2795,85,81.7,31.1,32,86,26,1,45,1,1.33,51,46,+5,0.16,0.02,426,ec ECU,MF,eng Premier League,23,2001,31.1,11,1,0,54,55,0,8,59,47,0
123275,2025-12-09,750000,Fulham FC,931,GB1,Tom Cairney,427,sct SCO,MF,Fulham,eng Premier League,34.0,1991,24,6,775,8.6,2,0,2,2,0,0,3,0,0.23,,,,,,,,,,,,,,,,,,,,,,,,,427,sct SCO,MF,eng Premier League,34,1991,8.6,2,17,2,11.8,1.97,0.23,0.12,1.0,0,0,523,sct SCO,MF,eng Premier League,34,1991,24,775,32,22.7,8.6,6,71,0,18,20,12,1.46,13,10,+3,0.35,0.59,427,sct SCO,MF,eng Premier League,34,1991,8.6,3,0,0,10,11,0,6,4,4,0
240897,2023-06-12,1100000,Pisa Sporting Club,4172,IT1,Arturo Calabresi,428,it ITA,DF,Pisa,it Serie A,29.0,1996,26,17,1514,16.8,0,0,0,0,0,0,8,0,0.0,,,,,,,,,,,,,,,,,,,,,,,,,428,it ITA,DF,it Serie A,29,1996,16.8,0,4,1,25.0,0.24,0.06,0.0,0.0,0,0,524,it ITA,DF,it Serie A,29,1996,26,1514,58,44.3,16.8,17,74,3,9,28,11,0.62,15,30,-15,-0.89,0.52,428,it ITA,DF,it Serie A,29,1996,16.8,8,0,0,33,25,1,17,19,13,0
502821,2025-12-09,50000000,Arsenal FC,11,GB1,Riccardo Calafiori,429,it ITA,DF,Arsenal,eng Premier League,23.0,2002,26,22,1699,18.9,1,2,3,1,0,0,5,0,0.16,,,,,,,,,,,,,,,,,,,,,,,,,429,it ITA,DF,eng Premier League,23,2002,18.9,1,32,8,25.0,1.7,0.42,0.03,0.13,0,0,525,it ITA,DF,eng Premier League,23,2002,26,1699,65,49.7,18.9,22,75,7,4,14,2,2.38,32,8,+24,1.27,0.23,429,it ITA,DF,eng Premier League,23,2002,18.9,5,0,0,26,10,4,21,13,19,0
357884,2023-10-13,2500000,RCD Espanyol Barcelona,714,ES1,Fernando Calero,432,es ESP,DF,Espanyol,es La Liga,29.0,1995,28,24,2148,23.9,0,0,0,0,0,0,5,0,0.0,,,,,,,,,,,,,,,,,,,,,,,,,432,es ESP,DF,es La Liga,29,1995,23.9,0,12,1,8.3,0.5,0.04,0.0,0.0,0,0,528,es ESP,DF,es La Liga,29,1995,28,2148,77,62.8,23.9,24,85,18,4,26,6,1.29,20,33,-13,-0.54,-0.62,432,es ESP,DF,es La Liga,29,1995,23.9,5,0,0,15,9,0,2,31,18,0
126414,2025-12-23,22000000,Inter Milan,46,IT1,Hakan Çalhanoğlu,434,tr TUR,MF,Inter,it Serie A,31.0,1994,22,20,1639,18.2,9,4,13,5,4,5,7,0,0.49,,,,,,,,,,,,,,,,,,,,,,,,,434,tr TUR,MF,it Serie A,31,1994,18.2,9,50,17,34.0,2.75,0.93,0.1,0.29,4,5,530,tr TUR,MF,it Serie A,31,1994,22,1639,75,47.9,18.2,20,79,7,2,35,5,2.27,43,16,+27,1.48,0.12,434,tr TUR,MF,it Serie A,31,1994,18.2,7,0,0,28,11,0,86,19,17,0
306024,2025-12-09,15000000,Leeds United,399,GB1,Dominic Calvert-Lewin,435,eng ENG,FW,Leeds United,eng Premier League,28.0,1997,35,30,2721,30.2,14,1,15,10,4,5,3,0,0.36,,,,,,,,,,,,,,,,,,,,,,,,,435,eng ENG,FW,eng Premier League,28,1997,30.2,14,73,34,46.6,2.41,1.12,0.14,0.29,4,5,532,eng ENG,FW,eng Premier League,28,1997,35,2721,78,79.6,30.2,30,87,17,5,25,0,1.23,42,34,+8,0.26,2.2,435,eng ENG,FW,eng Premier League,28,1997,30.2,3,0,0,45,37,26,9,5,4,0
326416,2023-06-14,1500000,Real Oviedo,2497,ES1,Dani Calvo,436,es ESP,DF,Oviedo,es La Liga,31.0,1994,20,17,1611,17.9,0,0,0,0,0,0,3,0,0.0,,,,,,,,,,,,,,,,,,,,,,,,,436,es ESP,DF,es La Liga,31,1994,17.9,0,3,0,0.0,0.17,0.0,0.0,,0,0,533,es ESP,DF,es La Liga,31,1994,20,1611,81,47.1,17.9,17,90,17,3,27,17,0.95,9,24,-15,-0.84,0.11,436,es ESP,DF,es La Liga,31,1994,17.9,3,0,0,11,6,1,1,10,15,0
891923,2025-12-30,1000000,Cádiz CF,2687,ES1,Dawda Camara,440,mr MTN,FW,Girona,es La Liga,22.0,2002,2,1,72,0.8,0,0,0,0,0,0,0,0,0.0,,,,,,,,,,,,,,,,,,,,,,,,,440,mr MTN,FW,es La Liga,22,2002,0.8,0,2,1,50.0,2.5,1.25,0.0,0.0,0,0,537,mr MTN,FW,es La Liga,22,2002,2,72,36,2.1,0.8,1,45,0,1,27,0,0.0,0,4,-4,-5.0,-4.68,440,mr MTN,FW,es La Liga,22,2002,0.8,0,0,0,2,0,0,0,1,0,0
918969,2025-12-15,30000000,AS Monaco,162,FR1,Lamine Camara,441,sn SEN,MF,Monaco,fr Ligue 1,21.0,2004,24,22,1847,20.5,3,4,7,3,0,0,6,0,0.34,,,,,,,,,,,,,,,,,,,,,,,,,441,sn SEN,MF,fr Ligue 1,21,2004,20.5,3,25,4,16.0,1.22,0.19,0.12,0.75,0,0,541,sn SEN,MF,fr Ligue 1,21,2004,24,1847,77,60.4,20.5,22,82,15,2,17,0,1.88,40,27,+13,0.63,1.15,441,sn SEN,MF,fr Ligue 1,21,2004,20.5,6,0,0,28,48,0,101,38,33,0
324795,2024-06-03,10000000,Stade Brestois 29,273,FR1,Mahdi Camara,442,fr FRA,MF,Rennes,fr Ligue 1,27.0,1998,32,31,2653,29.5,3,1,4,3,0,0,5,1,0.14,,,,,,,,,,,,,,,,,,,,,,,,,442,fr FRA,MF,fr Ligue 1,27,1998,29.5,3,29,12,41.4,0.98,0.41,0.1,0.25,0,0,542,fr FRA,MF,fr Ligue 1,27,1998,32,2653,83,86.7,29.5,31,85,23,1,27,0,1.72,54,41,+13,0.44,1.33,442,fr FRA,MF,fr Ligue 1,27,1998,29.5,5,1,0,39,28,4,28,27,33,0
827950,2023-06-27,150000,AJ Auxerre,290,FR1,Ousmane Camara,443,ml MLI,DF,Angers,fr Ligue 1,22.0,2003,32,31,2718,30.2,1,0,1,1,0,0,3,0,0.03,,,,,,,,,,,,,,,,,,,,,,,,,443,ml MLI,DF,fr Ligue 1,22,2003,30.2,1,13,5,38.5,0.43,0.17,0.08,0.2,0,0,543,ml MLI,DF,fr Ligue 1,22,2003,32,2718,85,88.8,30.2,31,87,29,1,18,1,1.13,28,38,-10,-0.33,2.04,443,ml MLI,DF,fr Ligue 1,22,2003,30.2,3,0,0,22,7,1,3,34,29,0
1058368,2025-12-23,15000000,US Lecce,1005,IT1,Francesco Camarda,444,it ITA,FW,Lecce,it Serie A,17.0,2008,21,7,687,7.6,1,0,1,1,0,1,1,0,0.13,,,,,,,,,,,,,,,,,,,,,,,,,444,it ITA,FW,it Serie A,17,2008,7.6,1,16,3,18.8,2.1,0.39,0.06,0.33,0,1,544,it ITA,FW,it Serie A,17,2008,21,687,33,20.1,7.6,7,62,0,14,18,2,1.0,5,10,-5,-0.66,-0.1,444,it ITA,FW,it Serie A,17,2008,7.6,1,0,0,12,4,2,1,0,1,0
640428,2025-12-12,50000000,Real Madrid,418,ES1,Eduardo Camavinga,445,fr FRA,MF,Real Madrid,es La Liga,22.0,2002,29,16,1528,17.0,1,0,1,1,0,0,2,0,0.06,,,,,,,,,,,,,,,,,,,,,,,,,445,fr FRA,MF,es La Liga,22,2002,17.0,1,13,2,15.4,0.77,0.12,0.08,0.5,0,0,545,fr FRA,MF,es La Liga,22,2002,29,1528,53,44.7,17.0,16,77,7,13,23,2,2.24,34,16,+18,1.06,-0.08,445,fr FRA,MF,es La Liga,22,2002,17.0,2,0,0,34,31,2,2,15,37,0
459151,2025-12-23,18000000,Bologna FC 1909,1025,IT1,Nicolò Cambiaghi,446,it ITA,"MF,FW",Bologna,it Serie A,24.0,2000,28,17,1518,16.9,3,4,7,3,0,0,3,1,0.42,,,,,,,,,,,,,,,,,,,,,,,,,446,it ITA,"MF,FW",it Serie A,24,2000,16.9,3,24,6,25.0,1.42,0.36,0.13,0.5,0,0,546,it ITA,"MF,FW",it Serie A,24,2000,28,1518,54,44.4,16.9,17,74,5,11,24,3,1.36,20,19,+1,0.06,-0.04,446,it ITA,"MF,FW",it Serie A,24,2000,16.9,3,1,0,32,71,5,63,9,20,0
459658,2025-12-23,30000000,Juventus FC,506,IT1,Andrea Cambiaso,447,it ITA,"MF,DF",Juventus,it Serie A,25.0,2000,36,35,2769,30.8,3,4,7,3,0,0,3,1,0.23,,,,,,,,,,,,,,,,,,,,,,,,,447,it ITA,"MF,DF",it Serie A,25,2000,30.8,3,26,13,50.0,0.85,0.42,0.12,0.23,0,0,547,it ITA,"MF,DF",it Serie A,25,2000,36,2769,77,81.0,30.8,35,78,8,1,45,0,1.75,45,26,+19,0.62,-0.49,447,it ITA,"MF,DF",it Serie A,25,2000,30.8,3,1,0,29,21,2,123,20,39,2
924800,2024-06-03,500000,Stade Brestois 29,3911,FR1,Axel Camblan,448,fr FRA,FW,Brest,fr Ligue 1,21.0,2003,1,0,12,0.1,0,0,0,0,0,0,0,0,0.0,,,,,,,,,,,,,,,,,,,,,,,,,448,fr FRA,FW,fr Ligue 1,21,2003,0.1,0,0,0,,0.0,0.0,,,0,0,548,fr FRA,FW,fr Ligue 1,21,2003,1,12,12,0.4,0.1,0,,0,1,12,2,0.0,0,0,0,0.0,0.35,448,fr FRA,FW,fr Ligue 1,21,2003,0.1,0,0,0,0,0,0,0,0,0,0
505674,2024-06-07,3000000,Rayo Vallecano,367,ES1,Sergio Camello,449,es ESP,"FW,MF",Rayo Vallecano,es La Liga,24.0,2001,22,8,823,9.1,5,1,6,5,0,0,3,1,0.66,,,,,,,,,,,,,,,,,,,,,,,,,449,es ESP,"FW,MF",es La Liga,24,2001,9.1,5,27,14,51.9,2.95,1.53,0.19,0.36,0,0,549,es ESP,"FW,MF",es La Liga,24,2001,22,823,37,24.1,9.1,8,69,1,14,19,10,1.0,10,14,-4,-0.44,-0.47,449,es ESP,"FW,MF",es La Liga,24,2001,9.1,3,1,0,8,14,2,3,4,8,0
866579,2025-12-19,5000000,Borussia Dortmund,533,L1,Cole Campbell,450,us USA,FW,Hoffenheim,de Bundesliga,19.0,2006,5,0,79,0.9,0,0,0,0,0,0,0,0,0.0,,,,,,,,,,,,,,,,,,,,,,,,,450,us USA,FW,de Bundesliga,19,2006,0.9,0,1,0,0.0,1.14,0.0,0.0,,0,0,550,us USA,FW,de Bundesliga,19,2006,5,79,16,2.6,0.9,0,,0,5,16,6,1.2,0,3,-3,-3.42,-3.9,450,us USA,FW,de Bundesliga,19,2006,0.9,0,0,0,0,1,0,4,0,0,0
866579,2025-12-19,5000000,Borussia Dortmund,533,L1,Cole Campbell,451,us USA,FW,Dortmund,de Bundesliga,19.0,2006,1,0,17,0.2,0,0,0,0,0,0,0,0,0.0,,,,,,,,,,,,,,,,,,,,,,,,,451,us USA,FW,de Bundesliga,19,2006,0.2,0,1,0,0.0,5.29,0.0,0.0,,0,0,551,us USA,FW,de Bundesliga,19,2006,1,17,17,0.6,0.2,0,,0,1,17,4,3.0,0,0,0,0.0,-1.06,451,us USA,FW,de Bundesliga,19,2006,0.2,0,0,0,0,0,0,1,0,0,0
119296,2025-12-19,6000000,Borussia Dortmund,16,L1,Emre Can,452,de GER,DF,Dortmund,de Bundesliga,31.0,1994,9,7,621,6.9,3,0,3,0,3,3,3,0,0.0,,,,,,,,,,,,,,,,,,,,,,,,,452,de GER,DF,de Bundesliga,31,1994,6.9,3,5,4,80.0,0.72,0.58,0.0,0.0,3,3,553,de GER,DF,de Bundesliga,31,1994,9,621,69,20.3,6.9,7,80,4,2,30,3,1.78,16,8,+8,1.16,0.13,452,de GER,DF,de Bundesliga,31,1994,6.9,3,0,0,10,10,0,2,13,8,0
550106,2024-06-05,4800000,FC Empoli,398,IT1,Matteo Cancellieri,453,it ITA,FW,Lazio,it Serie A,23.0,2002,30,21,1725,19.2,4,2,6,4,0,0,6,0,0.31,,,,,,,,,,,,,,,,,,,,,,,,,453,it ITA,FW,it Serie A,23,2002,19.2,4,41,17,41.5,2.14,0.89,0.1,0.24,0,0,554,it ITA,FW,it Serie A,23,2002,30,1725,58,50.4,19.2,21,72,7,9,24,1,1.37,24,22,+2,0.1,0.16,453,it ITA,FW,it Serie A,23,2002,19.2,6,0,0,39,67,3,21,24,28,0
182712,2024-06-07,25000000,FC Barcelona,131,ES1,João Cancelo,454,pt POR,DF,Barcelona,es La Liga,31.0,1994,16,11,954,10.6,2,2,4,2,0,0,1,0,0.38,,,,,,,,,,,,,,,,,,,,,,,,,454,pt POR,DF,es La Liga,31,1994,10.6,2,13,4,30.8,1.23,0.38,0.15,0.5,0,0,555,pt POR,DF,es La Liga,31,1994,16,954,60,27.9,10.6,11,79,7,5,18,3,2.44,27,6,+21,1.98,0.59,454,pt POR,DF,es La Liga,31,1994,10.6,1,0,0,11,14,4,31,11,19,0
520530,2025-12-23,3000000,US Sassuolo,6574,IT1,Fali Candé,455,gw GNB,DF,Sassuolo,it Serie A,27.0,1998,12,5,509,5.7,0,0,0,0,0,0,2,0,0.0,,,,,,,,,,,,,,,,,,,,,,,,,455,gw GNB,DF,it Serie A,27,1998,5.7,0,3,0,0.0,0.53,0.0,0.0,,0,0,556,gw GNB,DF,it Serie A,27,1998,12,509,42,14.9,5.7,5,72,1,7,22,6,0.92,9,6,+3,0.53,0.75,455,gw GNB,DF,it Serie A,27,1998,5.7,2,0,0,9,6,0,4,2,9,0
358003,2023-06-12,900000,Como 1907,4172,IT1,Simone Canestrelli,456,it ITA,DF,Pisa,it Serie A,24.0,2000,37,36,3201,35.6,1,0,1,1,0,0,4,0,0.03,,,,,,,,,,,,,,,,,,,,,,,,,456,it ITA,DF,it Serie A,24,2000,35.6,1,16,3,18.8,0.45,0.08,0.06,0.33,0,0,557,it ITA,DF,it Serie A,24,2000,37,3201,87,93.6,35.6,36,88,34,1,21,1,0.49,25,65,-40,-1.12,0.93,456,it ITA,DF,it Serie A,24,2000,35.6,4,0,0,42,22,1,12,33,25,0
1006411,2025-12-09,20000000,Crystal Palace,873,GB1,Jaydee Canvot,457,fr FRA,"MF,DF",Toulouse,fr Ligue 1,19.0,2006,2,2,180,2.0,0,0,0,0,0,0,1,0,0.0,,,,,,,,,,,,,,,,,,,,,,,,,457,fr FRA,"MF,DF",fr Ligue 1,19,2006,2.0,0,2,0,0.0,1.0,0.0,0.0,,0,0,558,fr FRA,"MF,DF",fr Ligue 1,19,2006,2,180,90,5.9,2.0,2,90,2,0,,0,3.0,3,0,+3,1.5,1.56,457,fr FRA,"MF,DF",fr Ligue 1,19,2006,2.0,1,0,0,1,0,0,0,0,1,0
1006411,2025-12-09,20000000,Crystal Palace,873,GB1,Jaydee Canvot,458,fr FRA,DF,Crystal Palace,eng Premier League,19.0,2006,20,14,1336,14.8,0,0,0,0,0,0,3,0,0.0,,,,,,,,,,,,,,,,,,,,,,,,,458,fr FRA,DF,eng Premier League,19,2006,14.8,0,7,1,14.3,0.47,0.07,0.0,0.0,0,0,559,fr FRA,DF,eng Premier League,19,2006,20,1336,67,39.1,14.8,14,87,12,6,19,14,1.4,13,23,-10,-0.67,-0.67,458,fr FRA,DF,eng Premier League,19,2006,14.8,3,0,0,12,7,0,5,12,22,0
214532,2023-06-27,250000,Angers SCO,1420,FR1,Pierrick Capelle,460,fr FRA,MF,Angers,fr Ligue 1,38.0,1987,16,6,651,7.2,0,1,1,0,0,0,2,0,0.14,,,,,,,,,,,,,,,,,,,,,,,,,460,fr FRA,MF,fr Ligue 1,38,1987,7.2,0,10,1,10.0,1.38,0.14,0.0,0.0,0,0,561,fr FRA,MF,fr Ligue 1,38,1987,16,651,41,21.3,7.2,6,72,0,10,22,17,0.81,6,10,-4,-0.55,0.01,460,fr FRA,MF,fr Ligue 1,38,1987,7.2,2,0,0,15,11,0,12,7,13,0
421873,2025-12-23,15000000,Cagliari Calcio,1390,IT1,Elia Caprile,461,it ITA,GK,Cagliari,it Serie A,23.0,2001,38,38,3420,38.0,0,0,0,0,0,0,2,0,0.0,23,it ITA,GK,it Serie A,23,2001,38,38,3420,38.0,53,1.39,173,121,70.5,11,10,17,8,21.1,2,2,0,0,461,it ITA,GK,it Serie A,23,2001,38.0,0,0,0,,0.0,0.0,,,0,0,562,it ITA,GK,it Serie A,23,2001,38,3420,90,100.0,38.0,38,90,38,0,,0,1.13,40,53,-13,-0.34,,461,it ITA,GK,it Serie A,23,2001,38.0,2,0,0,0,8,0,0,0,0,0
395237,2024-06-03,20000000,Olympique Lyon,1047,IT1,Maxence Caqueret,462,fr FRA,MF,Como,it Serie A,25.0,2000,30,17,1485,16.5,2,6,8,2,0,0,3,0,0.48,,,,,,,,,,,,,,,,,,,,,,,,,462,fr FRA,MF,it Serie A,25,2000,16.5,2,18,4,22.2,1.09,0.24,0.11,0.5,0,0,563,fr FRA,MF,it Serie A,25,2000,30,1485,50,43.4,16.5,17,67,1,13,27,8,1.9,31,10,+21,1.27,0.58,462,fr FRA,MF,it Serie A,25,2000,16.5,3,0,0,26,23,2,36,14,23,0
149525,2023-06-12,250000,Pisa Sporting Club,4172,IT1,Antonio Caracciolo,463,it ITA,DF,Pisa,it Serie A,35.0,1990,35,34,3073,34.1,2,0,2,2,0,0,10,0,0.06,,,,,,,,,,,,,,,,,,,,,,,,,463,it ITA,DF,it Serie A,35,1990,34.1,2,25,6,24.0,0.73,0.18,0.08,0.33,0,0,564,it ITA,DF,it Serie A,35,1990,35,3073,88,89.9,34.1,34,90,31,1,29,1,0.49,21,60,-39,-1.14,0.41,463,it ITA,DF,it Serie A,35,1990,34.1,10,0,0,41,11,2,3,57,44,1
731491,2024-06-03,900000,Ternana Calcio,130,IT1,Franco Carboni,465,it ITA,MF,Parma,it Serie A,22.0,2003,7,1,114,1.3,0,0,0,0,0,0,0,0,0.0,,,,,,,,,,,,,,,,,,,,,,,,,465,it ITA,MF,it Serie A,22,2003,1.3,0,0,0,,0.0,0.0,,,0,0,567,it ITA,MF,it Serie A,22,2003,7,114,16,3.3,1.3,1,70,0,6,7,9,1.14,3,3,0,0.0,0.49,465,it ITA,MF,it Serie A,22,2003,1.3,0,0,0,3,0,0,3,2,1,0
397676,2024-06-07,1800000,Rayo Vallecano,367,ES1,Dani Cárdenas,467,es ESP,GK,Rayo Vallecano,es La Liga,28.0,1997,4,4,360,4.0,0,0,0,0,0,0,0,0,0.0,24,es ESP,GK,es La Liga,28,1997,4,4,360,4.0,7,1.75,24,19,75.0,2,1,1,1,25.0,2,1,1,0,467,es ESP,GK,es La Liga,28,1997,4.0,0,0,0,,0.0,0.0,,,0,0,569,es ESP,GK,es La Liga,28,1997,4,360,90,10.5,4.0,4,90,4,0,,31,1.75,6,7,-1,-0.25,-0.19,467,es ESP,GK,es La Liga,28,1997,4.0,0,0,0,0,0,0,0,0,1,0
678406,2025-12-12,10000000,Villarreal CF,1050,ES1,Sergi Cardona,470,es ESP,DF,Villarreal,es La Liga,26.0,1999,31,20,1970,21.9,1,4,5,1,0,0,4,0,0.23,,,,,,,,,,,,,,,,,,,,,,,,,470,es ESP,DF,es La Liga,26,1999,21.9,1,18,5,27.8,0.82,0.23,0.06,0.2,0,0,573,es ESP,DF,es La Liga,26,1999,31,1970,64,57.6,21.9,20,87,16,11,21,7,1.94,34,26,+8,0.37,-0.75,470,es ESP,DF,es La Liga,26,1999,21.9,4,0,0,28,23,1,75,37,31,0
155025,2024-06-06,3500000,FC Porto,368,ES1,Fábio Cardoso,471,pt POR,DF,Sevilla,es La Liga,31.0,1994,4,4,295,3.3,0,0,0,0,0,0,0,0,0.0,,,,,,,,,,,,,,,,,,,,,,,,,471,pt POR,DF,es La Liga,31,1994,3.3,0,0,0,,0.0,0.0,,,0,0,574,pt POR,DF,es La Liga,31,1994,4,295,74,8.6,3.3,4,74,1,0,,24,1.5,6,5,+1,0.31,0.74,471,pt POR,DF,es La Liga,31,1994,3.3,0,0,0,9,1,0,0,4,3,0
689505,2024-06-07,25000000,Real Betis Balompié,13,ES1,Johnny Cardoso,472,us USA,MF,Atlético Madrid,es La Liga,23.0,2001,15,12,887,9.9,0,0,0,0,0,0,5,0,0.0,,,,,,,,,,,,,,,,,,,,,,,,,472,us USA,MF,es La Liga,23,2001,9.9,0,2,0,0.0,0.2,0.0,0.0,,0,0,575,us USA,MF,es La Liga,23,2001,15,887,59,25.9,9.9,12,66,3,3,31,9,1.47,15,13,+2,0.2,-0.37,472,us USA,MF,es La Liga,23,2001,9.9,5,0,0,23,14,0,3,16,21,0
190280,2025-12-15,500000,FC Nantes,995,FR1,Patrik Carlgren,475,se SWE,GK,Nantes,fr Ligue 1,33.0,1992,3,2,182,2.0,0,0,0,0,0,0,0,0,0.0,25,se SWE,GK,fr Ligue 1,33,1992,3,2,182,2.0,2,0.99,13,11,84.6,1,1,0,1,50.0,0,0,0,0,475,se SWE,GK,fr Ligue 1,33,1992,2.0,0,0,0,,0.0,0.0,,,0,0,579,se SWE,GK,fr Ligue 1,33,1992,3,182,61,5.9,2.0,2,90,2,1,2,31,1.33,4,1,+3,1.48,2.3,475,se SWE,GK,fr Ligue 1,33,1992,2.0,0,0,0,0,1,0,0,0,0,0
329145,2025-12-23,8500000,Como 1907,1047,IT1,Diego Carlos,476,br BRA,DF,Como,it Serie A,32.0,1993,27,21,1949,21.7,1,0,1,1,0,0,8,0,0.05,,,,,,,,,,,,,,,,,,,,,,,,,476,br BRA,DF,it Serie A,32,1993,21.7,1,8,2,25.0,0.37,0.09,0.13,0.5,0,0,580,br BRA,DF,it Serie A,32,1993,27,1949,72,57.0,21.7,21,83,16,6,35,8,2.0,33,15,+18,0.83,-0.27,476,br BRA,DF,it Serie A,32,1993,21.7,8,0,0,39,7,2,2,22,18,0
718201,2023-10-19,400000,Yverdon Sport FC,417,FR1,Kevin Carlos,477,es ESP,FW,Nice,fr Ligue 1,24.0,2001,23,9,880,9.8,0,0,0,0,0,0,3,0,0.0,,,,,,,,,,,,,,,,,,,,,,,,,477,es ESP,FW,fr Ligue 1,24,2001,9.8,0,22,7,31.8,2.25,0.72,0.0,0.0,0,0,582,es ESP,FW,fr Ligue 1,24,2001,23,880,38,28.8,9.8,9,66,2,14,20,6,0.91,13,16,-3,-0.31,0.52,477,es ESP,FW,fr Ligue 1,24,2001,9.8,3,0,0,29,16,5,3,1,1,0
498237,2025-12-12,10000000,Real Oviedo,2497,ES1,David Carmo,478,ao ANG,DF,Oviedo,es La Liga,26.0,1999,22,20,1786,19.8,1,0,1,1,0,0,8,1,0.05,,,,,,,,,,,,,,,,,,,,,,,,,478,ao ANG,DF,es La Liga,26,1999,19.8,1,10,3,30.0,0.5,0.15,0.1,0.33,0,0,583,ao ANG,DF,es La Liga,26,1999,22,1786,81,52.2,19.8,20,87,17,2,25,10,0.59,14,35,-21,-1.06,-0.34,478,ao ANG,DF,es La Liga,26,1999,19.8,8,1,1,20,4,0,2,21,18,0
459763,2024-06-05,16000000,Atalanta BC,800,IT1,Marco Carnesecchi,480,it ITA,GK,Atalanta,it Serie A,25.0,2000,37,37,3330,37.0,0,0,0,0,0,0,0,0,0.0,26,it ITA,GK,it Serie A,25,2000,37,37,3330,37.0,35,0.95,144,112,77.1,15,13,9,13,35.1,4,2,2,0,480,it ITA,GK,it Serie A,25,2000,37.0,0,0,0,,0.0,0.0,,,0,0,585,it ITA,GK,it Serie A,25,2000,37,3330,90,97.4,37.0,37,90,37,0,,1,1.57,50,35,+15,0.41,0.41,480,it ITA,GK,it Serie A,25,2000,37.0,0,0,0,1,6,0,1,0,0,0
545647,2023-06-14,1500000,Villarreal CF B,940,ES1,Sergio Carreira,481,es ESP,MF,Celta Vigo,es La Liga,24.0,2000,34,29,2694,29.9,2,1,3,2,0,0,2,0,0.1,,,,,,,,,,,,,,,,,,,,,,,,,481,es ESP,MF,es La Liga,24,2000,29.9,2,16,7,43.8,0.53,0.23,0.13,0.29,0,0,586,es ESP,MF,es La Liga,24,2000,34,2694,79,78.8,29.9,29,89,26,5,23,3,1.47,42,40,+2,0.07,-0.31,481,es ESP,MF,es La Liga,24,2000,29.9,2,0,0,20,36,2,32,27,18,0
811778,2025-12-12,60000000,Real Madrid,418,ES1,Álvaro Carreras,483,es ESP,DF,Real Madrid,es La Liga,22.0,2003,28,26,2332,25.9,2,3,5,2,0,0,5,1,0.19,,,,,,,,,,,,,,,,,,,,,,,,,483,es ESP,DF,es La Liga,22,2003,25.9,2,9,3,33.3,0.35,0.12,0.22,0.67,0,0,588,es ESP,DF,es La Liga,22,2003,28,2332,83,68.2,25.9,26,90,23,2,3,5,2.25,56,23,+33,1.27,0.53,483,es ESP,DF,es La Liga,22,2003,25.9,5,1,0,22,33,5,30,38,18,0
622380,2025-12-23,14000000,Torino FC,416,IT1,Cesare Casadei,486,it ITA,MF,Torino,it Serie A,22.0,2003,33,19,1997,22.2,6,0,6,6,0,0,5,0,0.27,,,,,,,,,,,,,,,,,,,,,,,,,486,it ITA,MF,it Serie A,22,2003,22.2,6,35,17,48.6,1.58,0.77,0.17,0.35,0,0,592,it ITA,MF,it Serie A,22,2003,33,1997,61,58.4,22.2,19,84,15,14,28,4,1.18,28,36,-8,-0.36,0.34,486,it ITA,MF,it Serie A,22,2003,22.2,5,0,0,52,16,2,4,9,16,0
389837,2025-12-23,5000000,Bologna FC 1909,1025,IT1,Nicolò Casale,488,it ITA,DF,Bologna,it Serie A,27.0,1998,12,8,678,7.5,0,0,0,0,0,0,0,0,0.0,,,,,,,,,,,,,,,,,,,,,,,,,488,it ITA,DF,it Serie A,27,1998,7.5,0,5,0,0.0,0.66,0.0,0.0,,0,0,594,it ITA,DF,it Serie A,27,1998,12,678,57,19.8,7.5,8,72,5,4,25,15,1.25,10,13,-3,-0.4,-0.6,488,it ITA,DF,it Serie A,27,1998,7.5,0,0,0,15,5,0,2,7,2,0
16306,2025-12-09,8000000,Manchester United,985,GB1,Casemiro,489,br BRA,MF,Manchester Utd,eng Premier League,33.0,1992,34,33,2571,28.6,9,2,11,9,0,0,11,1,0.39,,,,,,,,,,,,,,,,,,,,,,,,,489,br BRA,MF,eng Premier League,33,1992,28.6,9,52,18,34.6,1.82,0.63,0.17,0.5,0,0,595,br BRA,MF,eng Premier League,33,1992,34,2571,76,75.2,28.6,33,78,13,1,11,0,1.97,55,31,+24,0.84,1.37,489,br BRA,MF,eng Premier League,33,1992,28.6,11,1,1,46,36,5,19,30,45,0
425334,2025-12-09,22000000,Aston Villa,405,GB1,Matty Cash,490,pl POL,DF,Aston Villa,eng Premier League,27.0,1997,35,34,3014,33.5,3,3,6,3,0,0,9,0,0.18,,,,,,,,,,,,,,,,,,,,,,,,,490,pl POL,DF,eng Premier League,27,1997,33.5,3,30,10,33.3,0.9,0.3,0.1,0.3,0,0,598,pl POL,DF,eng Premier League,27,1997,35,3014,86,88.1,33.5,34,87,26,1,45,0,1.77,51,38,+13,0.39,1.72,490,pl POL,DF,eng Premier League,27,1997,33.5,9,0,0,42,30,4,131,24,32,0
763182,2025-12-15,3500000,AJ Auxerre,290,FR1,Josué Casimir,491,ht HAI,"MF,FW",Auxerre,fr Ligue 1,23.0,2001,31,16,1522,16.9,1,0,1,1,0,1,6,1,0.06,,,,,,,,,,,,,,,,,,,,,,,,,491,ht HAI,"MF,FW",fr Ligue 1,23,2001,16.9,1,22,12,54.5,1.3,0.71,0.05,0.08,0,1,599,ht HAI,"MF,FW",fr Ligue 1,23,2001,31,1522,49,49.7,16.9,16,76,4,15,21,1,0.97,13,25,-12,-0.71,-0.83,491,ht HAI,"MF,FW",fr Ligue 1,23,2001,16.9,6,1,1,34,32,3,54,11,17,0
467632,2025-12-15,7000000,FC Toulouse,415,FR1,Cristian Cásseres Jr.,492,ve VEN,MF,Toulouse,fr Ligue 1,25.0,2000,31,29,2585,28.7,2,3,5,2,0,1,6,0,0.17,,,,,,,,,,,,,,,,,,,,,,,,,492,ve VEN,MF,fr Ligue 1,25,2000,28.7,2,26,6,23.1,0.91,0.21,0.08,0.33,0,1,601,ve VEN,MF,fr Ligue 1,25,2000,31,2585,83,84.5,28.7,29,87,23,2,32,0,1.23,35,38,-3,-0.1,-0.86,492,ve VEN,MF,fr Ligue 1,25,2000,28.7,6,0,0,40,43,1,99,37,43,0
262226,2025-12-09,10000000,Fulham FC,931,GB1,Timothy Castagne,493,be BEL,"DF,MF",Fulham,eng Premier League,29.0,1995,30,20,1845,20.5,0,0,0,0,0,0,4,0,0.0,,,,,,,,,,,,,,,,,,,,,,,,,493,be BEL,"DF,MF",eng Premier League,29,1995,20.5,0,14,6,42.9,0.68,0.29,0.0,0.0,0,0,603,be BEL,"DF,MF",eng Premier League,29,1995,30,1845,62,53.9,20.5,20,86,16,10,12,8,1.2,25,32,-7,-0.34,-0.51,493,be BEL,"DF,MF",eng Premier League,29,1995,20.5,4,0,0,18,11,1,48,28,24,0
849520,2024-06-05,12000000,Bologna FC 1909,1025,IT1,Santiago Castro,499,ar ARG,FW,Bologna,it Serie A,20.0,2004,35,26,2359,26.2,7,2,9,7,0,0,3,0,0.34,,,,,,,,,,,,,,,,,,,,,,,,,499,ar ARG,FW,it Serie A,20,2004,26.2,7,63,20,31.7,2.4,0.76,0.11,0.35,0,0,613,ar ARG,FW,it Serie A,20,2004,35,2359,67,69.0,26.2,26,80,11,9,31,3,1.43,34,34,0,0.0,-0.25,499,ar ARG,FW,it Serie A,20,2004,26.2,3,0,0,35,50,12,4,1,8,0
340166,2025-12-19,3000000,1.FC Köln,3,L1,Alessio Castro-Montes,500,be BEL,"MF,DF",Köln,de Bundesliga,28.0,1997,14,7,672,7.5,1,3,4,1,0,0,2,0,0.54,,,,,,,,,,,,,,,,,,,,,,,,,500,be BEL,"MF,DF",de Bundesliga,28,1997,7.5,1,8,1,12.5,1.07,0.13,0.13,1.0,0,0,614,be BEL,"MF,DF",de Bundesliga,28,1997,14,672,48,22.0,7.5,7,74,2,7,22,9,1.0,15,15,0,0.0,0.53,500,be BEL,"MF,DF",de Bundesliga,28,1997,7.5,2,0,0,13,10,2,57,5,17,0
199733,2025-12-23,3500000,SS Lazio,398,IT1,Danilo Cataldi,501,it ITA,MF,Lazio,it Serie A,30.0,1994,27,24,1985,22.1,3,3,6,1,2,2,6,0,0.18,,,,,,,,,,,,,,,,,,,,,,,,,501,it ITA,MF,it Serie A,30,1994,22.1,3,26,7,26.9,1.18,0.32,0.04,0.14,2,2,615,it ITA,MF,it Serie A,30,1994,27,1985,74,58.0,22.1,24,77,13,3,42,3,1.37,24,26,-2,-0.09,-0.28,501,it ITA,MF,it Serie A,30,1994,22.1,6,0,0,22,12,0,48,21,22,0
701842,2023-06-13,200000,Cagliari Primavera,1390,IT1,Nicolò Cavuoti,503,it ITA,MF,Cagliari,it Serie A,22.0,2003,4,0,44,0.5,0,0,0,0,0,0,0,0,0.0,,,,,,,,,,,,,,,,,,,,,,,,,503,it ITA,MF,it Serie A,22,2003,0.5,0,0,0,,0.0,0.0,,,0,0,618,it ITA,MF,it Serie A,22,2003,4,44,11,1.3,0.5,0,,0,4,11,17,1.25,0,1,-1,-2.05,-1.73,503,it ITA,MF,it Serie A,22,2003,0.5,0,0,0,1,1,0,0,0,0,0
15799,2023-05-30,500000,Al-Sadd SC,2497,ES1,Santi Cazorla,504,es ESP,MF,Oviedo,es La Liga,40.0,1984,28,6,940,10.4,0,1,1,0,0,0,2,1,0.1,,,,,,,,,,,,,,,,,,,,,,,,,504,es ESP,MF,es La Liga,40,1984,10.4,0,7,1,14.3,0.67,0.1,0.0,0.0,0,0,619,es ESP,MF,es La Liga,40,1984,28,940,34,27.5,10.4,6,73,1,22,23,4,0.68,4,16,-12,-1.15,-0.35,504,es ESP,MF,es La Liga,40,1984,10.4,2,1,0,6,19,0,71,4,10,0
319745,2024-06-07,6000000,Real Madrid,418,ES1,Dani Ceballos,505,es ESP,MF,Real Madrid,es La Liga,28.0,1996,16,4,486,5.4,0,0,0,0,0,0,1,0,0.0,,,,,,,,,,,,,,,,,,,,,,,,,505,es ESP,MF,es La Liga,28,1996,5.4,0,3,0,0.0,0.56,0.0,0.0,,0,0,620,es ESP,MF,es La Liga,28,1996,16,486,30,14.2,5.4,4,67,0,12,18,11,2.56,14,6,+8,1.48,0.44,505,es ESP,MF,es La Liga,28,1996,5.4,1,0,0,6,15,0,3,7,10,0
163639,2025-12-23,400000,US Cremonese,2239,IT1,Federico Ceccherini,506,it ITA,DF,Cremonese,it Serie A,33.0,1992,9,6,476,5.3,0,1,1,0,0,0,1,1,0.19,,,,,,,,,,,,,,,,,,,,,,,,,506,it ITA,DF,it Serie A,33,1992,5.3,0,5,2,40.0,0.95,0.38,0.0,0.0,0,0,621,it ITA,DF,it Serie A,33,1992,9,476,53,13.9,5.3,6,67,1,3,25,26,0.67,1,13,-12,-2.27,-1.87,506,it ITA,DF,it Serie A,33,1992,5.3,1,1,0,10,9,0,3,7,2,0
819566,2025-12-15,1000000,RC Lens,826,FR1,Nidal Celik,508,ba BIH,DF,Lens,fr Ligue 1,19.0,2006,8,8,616,6.8,0,0,0,0,0,0,2,0,0.0,,,,,,,,,,,,,,,,,,,,,,,,,508,ba BIH,DF,fr Ligue 1,19,2006,6.8,0,1,1,100.0,0.15,0.15,0.0,0.0,0,0,624,ba BIH,DF,fr Ligue 1,19,2006,8,616,77,20.1,6.8,8,77,5,0,,4,1.63,20,9,+11,1.61,0.87,508,ba BIH,DF,fr Ligue 1,19,2006,6.8,2,0,0,13,1,0,1,9,10,0
251075,2025-12-23,12000000,AS Roma,12,IT1,Zeki Çelik,509,tr TUR,"MF,DF",Roma,it Serie A,28.0,1997,34,32,2723,30.3,1,2,3,1,0,0,2,1,0.1,,,,,,,,,,,,,,,,,,,,,,,,,509,tr TUR,"MF,DF",it Serie A,28,1997,30.3,1,22,4,18.2,0.73,0.13,0.05,0.25,0,0,625,tr TUR,"MF,DF",it Serie A,28,1997,34,2723,80,79.6,30.3,32,84,21,2,11,1,1.79,50,27,+23,0.76,0.11,509,tr TUR,"MF,DF",it Serie A,28,1997,30.3,2,1,0,35,18,3,75,24,40,0
384859,2025-12-15,1200000,FC Nantes,995,FR1,Fabien Centonze,510,fr FRA,"MF,DF",Nantes,fr Ligue 1,29.0,1996,15,9,736,8.2,3,0,3,3,0,0,4,0,0.37,,,,,,,,,,,,,,,,,,,,,,,,,510,fr FRA,"MF,DF",fr Ligue 1,29,1996,8.2,3,8,3,37.5,0.98,0.37,0.38,1.0,0,0,626,fr FRA,"MF,DF",fr Ligue 1,29,1996,15,736,49,24.1,8.2,9,77,5,6,8,2,0.8,7,13,-6,-0.73,-0.08,510,fr FRA,"MF,DF",fr Ligue 1,29,1996,8.2,4,0,0,13,8,1,30,20,18,0
787912,2025-12-19,15000000,RB Leipzig,23826,L1,El Chadaille Bitshiabu,515,fr FRA,DF,RB Leipzig,de Bundesliga,20.0,2005,11,8,655,7.3,0,0,0,0,0,0,0,0,0.0,,,,,,,,,,,,,,,,,,,,,,,,,515,fr FRA,DF,de Bundesliga,20,2005,7.3,0,2,0,0.0,0.27,0.0,0.0,,0,0,634,fr FRA,DF,de Bundesliga,20,2005,11,655,60,21.4,7.3,8,79,5,3,9,19,1.73,13,11,+2,0.27,-0.36,515,fr FRA,DF,de Bundesliga,20,2005,7.3,0,0,0,4,0,0,0,6,6,0
346314,2025-12-09,35000000,Chelsea FC,631,GB1,Trevoh Chalobah,518,eng ENG,DF,Chelsea,eng Premier League,26.0,1999,34,31,2783,30.9,3,0,3,3,0,0,3,1,0.1,,,,,,,,,,,,,,,,,,,,,,,,,518,eng ENG,DF,eng Premier League,26,1999,30.9,3,16,5,31.3,0.52,0.16,0.19,0.6,0,0,638,eng ENG,DF,eng Premier League,26,1999,34,2783,82,81.4,30.9,31,88,29,3,18,1,1.41,52,37,+15,0.49,1.76,518,eng ENG,DF,eng Premier League,26,1999,30.9,3,1,0,20,18,2,5,37,22,0
49723,2025-12-19,350000,Eintracht Frankfurt,24,L1,Timothy Chandler,520,us USA,"DF,MF",Eintracht Frankfurt,de Bundesliga,35.0,1990,1,0,11,0.1,0,0,0,0,0,0,0,0,0.0,,,,,,,,,,,,,,,,,,,,,,,,,520,us USA,"DF,MF",de Bundesliga,35,1990,0.1,0,0,0,,0.0,0.0,,,0,0,641,us USA,"DF,MF",de Bundesliga,35,1990,1,11,11,0.4,0.1,0,,0,1,11,5,1.0,1,0,+1,8.18,8.33,520,us USA,"DF,MF",de Bundesliga,35,1990,0.1,0,0,0,0,0,0,1,0,0,0
250779,2024-06-03,8000000,Stade Brestois 29,3911,FR1,Brendan Chardonnet,521,fr FRA,DF,Brest,fr Ligue 1,30.0,1994,29,29,2546,28.3,1,3,4,1,0,0,6,0,0.14,,,,,,,,,,,,,,,,,,,,,,,,,521,fr FRA,DF,fr Ligue 1,30,1994,28.3,1,12,6,50.0,0.42,0.21,0.08,0.17,0,0,642,fr FRA,DF,fr Ligue 1,30,1994,29,2546,88,83.2,28.3,29,88,27,0,,2,1.34,39,43,-4,-0.14,1.26,521,fr FRA,DF,fr Ligue 1,30,1994,28.3,6,0,0,28,20,0,7,34,18,0
596122,2025-12-12,10000000,Rayo Vallecano,367,ES1,Pep Chavarría,522,es ESP,DF,Rayo Vallecano,es La Liga,27.0,1998,33,29,2682,29.8,1,2,3,1,0,0,6,1,0.1,,,,,,,,,,,,,,,,,,,,,,,,,522,es ESP,DF,es La Liga,27,1998,29.8,1,18,3,16.7,0.6,0.1,0.06,0.33,0,0,645,es ESP,DF,es La Liga,27,1998,33,2682,81,78.4,29.8,29,89,26,4,23,4,1.24,31,34,-3,-0.1,-0.1,522,es ESP,DF,es La Liga,27,1998,29.8,6,1,1,33,35,3,95,32,31,0
875332,2025-12-19,5000000,TSG 1899 Hoffenheim,167,L1,Arthur Chaves,523,br BRA,DF,Hoffenheim,de Bundesliga,24.0,2001,4,2,240,2.7,0,0,0,0,0,0,1,0,0.0,,,,,,,,,,,,,,,,,,,,,,,,,523,br BRA,DF,de Bundesliga,24,2001,2.7,0,1,0,0.0,0.37,0.0,0.0,,0,0,646,br BRA,DF,de Bundesliga,24,2001,4,240,60,7.8,2.7,2,90,2,2,30,7,1.75,4,4,0,0.0,-0.41,523,br BRA,DF,de Bundesliga,24,2001,2.7,1,0,0,5,3,0,2,3,5,0
875332,2025-12-19,5000000,TSG 1899 Hoffenheim,167,L1,Arthur Chaves,524,br BRA,DF,Augsburg,de Bundesliga,24.0,2001,11,9,829,9.2,2,0,2,2,0,0,1,0,0.22,,,,,,,,,,,,,,,,,,,,,,,,,524,br BRA,DF,de Bundesliga,24,2001,9.2,2,4,2,50.0,0.43,0.22,0.5,1.0,0,0,647,br BRA,DF,de Bundesliga,24,2001,11,829,75,27.1,9.2,9,84,7,2,35,3,1.36,13,15,-2,-0.22,0.35,524,br BRA,DF,de Bundesliga,24,2001,9.2,1,0,0,8,8,0,1,8,13,1
521407,2024-06-05,6000000,Frosinone Calcio,1005,IT1,Walid Cheddira,527,ma MAR,FW,Sassuolo,it Serie A,27.0,1998,16,1,221,2.5,1,0,1,1,0,0,1,0,0.41,,,,,,,,,,,,,,,,,,,,,,,,,527,ma MAR,FW,it Serie A,27,1998,2.5,1,8,2,25.0,3.26,0.81,0.13,0.5,0,0,652,ma MAR,FW,it Serie A,27,1998,16,221,14,6.5,2.5,1,62,0,15,11,3,1.38,2,4,-2,-0.81,-0.76,527,ma MAR,FW,it Serie A,27,1998,2.5,1,0,0,7,9,1,4,0,0,0
521407,2024-06-05,6000000,Frosinone Calcio,1005,IT1,Walid Cheddira,528,ma MAR,FW,Lecce,it Serie A,27.0,1998,17,11,1000,11.1,3,1,4,3,0,0,2,0,0.36,,,,,,,,,,,,,,,,,,,,,,,,,528,ma MAR,FW,it Serie A,27,1998,11.1,3,25,10,40.0,2.25,0.9,0.12,0.3,0,0,653,ma MAR,FW,it Serie A,27,1998,17,1000,59,29.2,11.1,11,75,2,6,29,0,1.24,9,16,-7,-0.63,-0.07,528,ma MAR,FW,it Serie A,27,1998,11.1,2,0,0,20,25,10,4,1,3,0
51556,2017-06-05,150000,Hércules CF,128,GR1,Chema,529,es ESP,MF,Stuttgart,de Bundesliga,20.0,2005,25,14,1310,14.6,3,0,3,3,0,0,5,0,0.21,,,,,,,,,,,,,,,,,,,,,,,,,529,es ESP,MF,de Bundesliga,20,2005,14.6,3,15,6,40.0,1.03,0.41,0.2,0.5,0,0,655,es ESP,MF,de Bundesliga,20,2005,25,1310,52,42.8,14.6,14,85,8,11,10,9,1.88,32,24,+8,0.55,-0.17,529,es ESP,MF,de Bundesliga,20,2005,14.6,5,0,0,20,8,1,0,31,16,0
607223,2025-12-09,50000000,Manchester City,281,GB1,Rayan Cherki,532,fr FRA,MF,Manchester City,eng Premier League,21.0,2003,33,19,1786,19.8,4,12,16,4,0,0,1,0,0.81,,,,,,,,,,,,,,,,,,,,,,,,,532,fr FRA,MF,eng Premier League,21,2003,19.8,4,55,13,23.6,2.77,0.66,0.07,0.31,0,0,658,fr FRA,MF,eng Premier League,21,2003,33,1786,54,52.2,19.8,19,77,5,14,23,1,2.06,40,19,+21,1.06,-0.1,532,fr FRA,MF,eng Premier League,21,2003,19.8,1,0,0,18,34,1,80,7,16,0
463600,2024-06-03,25000000,LOSC Lille,583,FR1,Lucas Chevalier,533,fr FRA,GK,Paris Saint-Germain,fr Ligue 1,23.0,2001,17,17,1530,17.0,0,0,0,0,0,0,0,0,0.0,27,fr FRA,GK,fr Ligue 1,23,2001,17,17,1530,17.0,13,0.76,43,32,72.1,12,3,2,9,52.9,3,1,1,1,533,fr FRA,GK,fr Ligue 1,23,2001,17.0,0,0,0,,0.0,0.0,,,0,0,660,fr FRA,GK,fr Ligue 1,23,2001,17,1530,90,50.0,17.0,17,90,17,0,,12,2.29,33,13,+20,1.18,-0.29,533,fr FRA,GK,fr Ligue 1,23,2001,17.0,0,0,0,0,1,0,0,0,0,0
724104,2025-12-19,3000000,Borussia Mönchengladbach,18,L1,Fabio Chiarodia,534,it ITA,DF,Gladbach,de Bundesliga,20.0,2005,15,8,674,7.5,0,0,0,0,0,0,1,0,0.0,,,,,,,,,,,,,,,,,,,,,,,,,534,it ITA,DF,de Bundesliga,20,2005,7.5,0,4,1,25.0,0.53,0.13,0.0,0.0,0,0,661,it ITA,DF,de Bundesliga,20,2005,15,674,45,22.0,7.5,8,72,1,7,14,6,0.8,2,13,-11,-1.47,-1.47,534,it ITA,DF,de Bundesliga,20,2005,7.5,1,0,0,8,1,0,0,13,9,0
341092,2025-12-09,18000000,Liverpool FC,31,GB1,Federico Chiesa,535,it ITA,MF,Liverpool,eng Premier League,27.0,1997,26,1,339,3.8,2,1,3,2,0,0,3,0,0.8,,,,,,,,,,,,,,,,,,,,,,,,,535,it ITA,MF,eng Premier League,27,1997,3.8,2,17,5,29.4,4.51,1.33,0.12,0.4,0,0,662,it ITA,MF,eng Premier League,27,1997,26,339,13,9.9,3.8,1,60,0,25,11,10,1.38,15,9,+6,1.59,1.48,535,it ITA,MF,eng Premier League,27,1997,3.8,3,0,0,11,7,2,17,4,5,0
316125,2025-12-15,12000000,RC Strasbourg Alsace,667,FR1,Ben Chilwell,536,eng ENG,"DF,MF",Strasbourg,fr Ligue 1,28.0,1996,20,19,1598,17.8,0,2,2,0,0,0,4,0,0.11,,,,,,,,,,,,,,,,,,,,,,,,,536,eng ENG,"DF,MF",fr Ligue 1,28,1996,17.8,0,5,3,60.0,0.28,0.17,0.0,0.0,0,0,663,eng ENG,"DF,MF",fr Ligue 1,28,1996,20,1598,80,52.2,17.8,19,83,13,1,29,4,1.45,27,24,+3,0.17,-0.32,536,eng ENG,"DF,MF",fr Ligue 1,28,1996,17.8,4,0,0,14,22,4,30,22,17,0
724783,2025-12-09,500000,Wolverhampton Wanderers,543,GB1,Tawanda Chirewa,537,zw ZIM,MF,Wolves,eng Premier League,21.0,2003,2,0,27,0.3,0,0,0,0,0,0,0,0,0.0,,,,,,,,,,,,,,,,,,,,,,,,,537,zw ZIM,MF,eng Premier League,21,2003,0.3,0,0,0,,0.0,0.0,,,0,0,664,zw ZIM,MF,eng Premier League,21,2003,2,27,14,0.8,0.3,0,,0,2,14,5,1.5,0,0,0,0.0,1.09,537,zw ZIM,MF,eng Premier League,21,2003,0.3,0,0,0,3,1,0,0,0,0,0
624037,2024-06-03,10000000,Montpellier HSC,3911,FR1,Joris Chotard,538,fr FRA,MF,Brest,fr Ligue 1,23.0,2001,33,31,2773,30.8,2,1,3,2,0,0,2,0,0.1,,,,,,,,,,,,,,,,,,,,,,,,,538,fr FRA,MF,fr Ligue 1,23,2001,30.8,2,25,8,32.0,0.81,0.26,0.08,0.25,0,0,666,fr FRA,MF,fr Ligue 1,23,2001,33,2773,84,90.6,30.8,31,88,25,2,18,0,1.15,39,47,-8,-0.26,0.99,538,fr FRA,MF,fr Ligue 1,23,2001,30.8,2,0,0,28,12,0,51,48,34,0
196948,2024-06-07,40000000,FC Barcelona,131,ES1,Andreas Christensen,539,dk DEN,DF,Barcelona,es La Liga,29.0,1996,13,3,409,4.5,0,0,0,0,0,0,2,0,0.0,,,,,,,,,,,,,,,,,,,,,,,,,539,dk DEN,DF,es La Liga,29,1996,4.5,0,4,2,50.0,0.88,0.44,0.0,0.0,0,0,667,dk DEN,DF,es La Liga,29,1996,13,409,31,12.0,4.5,3,90,3,10,14,5,2.38,11,9,+2,0.44,-1.26,539,dk DEN,DF,es La Liga,29,1996,4.5,2,0,0,6,3,0,0,2,3,0
471936,2024-06-05,3000000,ACF Fiorentina,430,IT1,Oliver Christensen,540,dk DEN,GK,Fiorentina,it Serie A,26.0,1999,1,1,86,1.0,0,0,0,0,0,0,0,0,0.0,28,dk DEN,GK,it Serie A,26,1999,1,1,86,1.0,1,1.05,7,6,85.7,0,1,0,0,0.0,0,0,0,0,540,dk DEN,GK,it Serie A,26,1999,1.0,0,0,0,,0.0,0.0,,,0,0,668,dk DEN,GK,it Serie A,26,1999,1,86,86,2.5,1.0,1,86,0,0,,19,1.0,1,1,0,0.0,0.24,540,dk DEN,GK,it Serie A,26,1999,1.0,0,0,0,0,1,0,0,0,0,0
188077,2025-12-09,9000000,AFC Bournemouth,989,GB1,Ryan Christie,541,sct SCO,MF,Bournemouth,eng Premier League,30.0,1995,26,9,993,11.0,2,0,2,2,0,0,3,1,0.18,,,,,,,,,,,,,,,,,,,,,,,,,541,sct SCO,MF,eng Premier League,30,1995,11.0,2,25,8,32.0,2.27,0.73,0.08,0.25,0,0,669,sct SCO,MF,eng Premier League,30,1995,26,993,38,29.0,11.0,9,65,0,17,24,1,1.77,16,14,+2,0.18,0.11,541,sct SCO,MF,eng Premier League,30,1995,11.0,3,1,0,16,22,1,17,11,20,0
659459,2025-12-19,25000000,Borussia Dortmund,16,L1,Carney Chukwuemeka,542,at AUT,"MF,FW",Dortmund,de Bundesliga,21.0,2003,28,8,919,10.2,2,0,2,2,0,0,2,0,0.2,,,,,,,,,,,,,,,,,,,,,,,,,542,at AUT,"MF,FW",de Bundesliga,21,2003,10.2,2,18,2,11.1,1.76,0.2,0.11,1.0,0,0,670,at AUT,"MF,FW",de Bundesliga,21,2003,28,919,33,30.0,10.2,8,73,1,20,17,3,2.32,21,7,+14,1.37,0.45,542,at AUT,"MF,FW",de Bundesliga,21,2003,10.2,2,0,0,11,15,0,1,6,15,0
401922,2024-06-05,20000000,AC Milan,931,GB1,Samuel Chukwueze,543,ng NGA,"FW,MF",Milan,it Serie A,26.0,1999,1,0,26,0.3,0,0,0,0,0,0,0,0,0.0,,,,,,,,,,,,,,,,,,,,,,,,,543,ng NGA,"FW,MF",it Serie A,26,1999,0.3,0,0,0,,0.0,0.0,,,0,0,671,ng NGA,"FW,MF",it Serie A,26,1999,1,26,26,0.8,0.3,0,,0,1,26,1,0.0,0,0,0,0.0,-0.48,543,ng NGA,"FW,MF",it Serie A,26,1999,0.3,0,0,0,0,3,0,3,0,0,0
401922,2024-06-05,20000000,AC Milan,931,GB1,Samuel Chukwueze,544,ng NGA,MF,Fulham,eng Premier League,26.0,1999,23,10,1079,12.0,3,4,7,3,0,0,0,0,0.58,,,,,,,,,,,,,,,,,,,,,,,,,544,ng NGA,MF,eng Premier League,26,1999,12.0,3,25,7,28.0,2.09,0.58,0.12,0.43,0,0,672,ng NGA,MF,eng Premier League,26,1999,23,1079,47,31.5,12.0,10,75,2,13,26,1,1.17,18,21,-3,-0.25,-0.21,544,ng NGA,MF,eng Premier League,26,1999,12.0,0,0,0,5,12,3,43,6,4,0
495625,2024-06-07,2000000,Cádiz CF,1531,ES1,Víctor Chust,545,es ESP,DF,Elche,es La Liga,25.0,2000,31,22,2166,24.1,1,0,1,1,0,0,9,1,0.04,,,,,,,,,,,,,,,,,,,,,,,,,545,es ESP,DF,es La Liga,25,2000,24.1,1,9,3,33.3,0.37,0.12,0.11,0.33,0,0,673,es ESP,DF,es La Liga,25,2000,31,2166,70,63.3,24.1,22,88,16,9,26,3,1.16,30,35,-5,-0.21,0.01,545,es ESP,DF,es La Liga,25,2000,24.1,9,1,1,38,10,1,36,20,35,0
568006,2023-06-01,2200000,Sunderland AFC,289,GB1,Dennis Cirkin,547,lv LVA,DF,Sunderland,eng Premier League,23.0,2002,8,3,323,3.6,0,0,0,0,0,0,2,0,0.0,,,,,,,,,,,,,,,,,,,,,,,,,547,lv LVA,DF,eng Premier League,23,2002,3.6,0,1,0,0.0,0.28,0.0,0.0,,0,0,679,lv LVA,DF,eng Premier League,23,2002,8,323,40,9.4,3.6,3,79,2,5,17,11,0.88,2,2,0,0.0,0.17,547,lv LVA,DF,eng Premier League,23,2002,3.6,2,0,0,4,2,0,3,5,5,0
525578,2025-12-12,2000000,Rayo Vallecano,367,ES1,Pathé Ciss,548,sn SEN,"MF,DF",Rayo Vallecano,es La Liga,31.0,1994,29,20,1998,22.2,2,1,3,2,0,0,9,2,0.14,,,,,,,,,,,,,,,,,,,,,,,,,548,sn SEN,"MF,DF",es La Liga,31,1994,22.2,2,20,8,40.0,0.9,0.36,0.1,0.25,0,0,680,sn SEN,"MF,DF",es La Liga,31,1994,29,1998,69,58.4,22.2,20,88,17,9,26,0,1.31,25,24,+1,0.05,0.3,548,sn SEN,"MF,DF",es La Liga,31,1994,22.2,9,2,0,30,13,2,1,35,35,0
931160,2025-12-15,15000000,Stade Rennais FC,273,FR1,Djaoui Cissé,550,fr FRA,MF,Rennes,fr Ligue 1,21.0,2004,24,12,981,10.9,0,0,0,0,0,0,3,0,0.0,,,,,,,,,,,,,,,,,,,,,,,,,550,fr FRA,MF,fr Ligue 1,21,2004,10.9,0,24,6,25.0,2.2,0.55,0.0,0.0,0,0,682,fr FRA,MF,fr Ligue 1,21,2004,24,981,41,32.1,10.9,12,60,0,12,22,9,1.75,18,14,+4,0.37,0.15,550,fr FRA,MF,fr Ligue 1,21,2004,10.9,3,0,0,18,10,0,27,5,22,0
384593,2025-12-19,12000000,FC Augsburg,167,L1,Alexis Claude-Maurice,552,fr FRA,"MF,FW",Augsburg,de Bundesliga,27.0,1998,29,25,2097,23.3,5,4,9,4,1,2,3,0,0.34,,,,,,,,,,,,,,,,,,,,,,,,,552,fr FRA,"MF,FW",de Bundesliga,27,1998,23.3,5,71,26,36.6,3.05,1.12,0.06,0.15,1,2,684,fr FRA,"MF,FW",de Bundesliga,27,1998,29,2097,72,68.5,23.3,25,80,11,4,22,1,1.28,29,43,-14,-0.6,-0.41,552,fr FRA,"MF,FW",de Bundesliga,27,1998,23.3,3,0,0,23,42,1,65,8,26,0
175639,2025-12-15,4500000,OGC Nice,417,FR1,Jonathan Clauss,553,fr FRA,"MF,DF",Nice,fr Ligue 1,32.0,1992,30,28,2530,28.1,1,6,7,1,0,0,0,0,0.25,,,,,,,,,,,,,,,,,,,,,,,,,553,fr FRA,"MF,DF",fr Ligue 1,32,1992,28.1,1,23,6,26.1,0.82,0.21,0.04,0.17,0,0,685,fr FRA,"MF,DF",fr Ligue 1,32,1992,30,2530,84,82.7,28.1,28,88,25,2,38,0,0.83,28,54,-26,-0.92,-1.43,553,fr FRA,"MF,DF",fr Ligue 1,32,1992,28.1,0,0,0,22,17,1,223,47,38,0
85177,2024-05-27,1500000,Crystal Palace,873,GB1,Nathaniel Clyne,554,eng ENG,"MF,DF",Crystal Palace,eng Premier League,34.0,1991,10,7,594,6.6,0,1,1,0,0,0,1,0,0.15,,,,,,,,,,,,,,,,,,,,,,,,,554,eng ENG,"MF,DF",eng Premier League,34,1991,6.6,0,3,0,0.0,0.45,0.0,0.0,,0,0,686,eng ENG,"MF,DF",eng Premier League,34,1991,10,594,59,17.4,6.6,7,72,1,3,30,24,1.0,6,12,-6,-0.91,-0.78,554,eng ENG,"MF,DF",eng Premier League,34,1991,6.6,1,0,0,4,2,0,15,7,9,0
988987,2025-12-17,1500000,Inter U23,41119,,Matteo Cocchi,555,it ITA,DF,Inter,it Serie A,18.0,2007,1,0,17,0.2,0,0,0,0,0,0,0,0,0.0,,,,,,,,,,,,,,,,,,,,,,,,,555,it ITA,DF,it Serie A,18,2007,0.2,0,0,0,,0.0,0.0,,,0,0,687,it ITA,DF,it Serie A,18,2007,1,17,17,0.5,0.2,0,,0,1,17,20,1.0,1,0,+1,5.29,3.89,555,it ITA,DF,it Serie A,18,2007,0.2,0,0,0,0,0,0,0,0,0,0
588426,2024-06-07,8000000,UD Las Palmas,416,IT1,Saúl Coco,556,gq EQG,DF,Torino,it Serie A,26.0,1999,35,35,3088,34.3,1,1,2,1,0,0,3,0,0.06,,,,,,,,,,,,,,,,,,,,,,,,,556,gq EQG,DF,it Serie A,26,1999,34.3,1,15,4,26.7,0.44,0.12,0.07,0.25,0,0,688,gq EQG,DF,it Serie A,26,1999,35,3088,88,90.3,34.3,35,88,33,0,,1,1.2,39,55,-16,-0.47,0.35,556,gq EQG,DF,it Serie A,26,1999,34.3,3,0,0,46,34,0,5,41,34,0
68390,2025-12-09,300000,Everton FC,29,GB1,Séamus Coleman,557,ie IRL,DF,Everton,eng Premier League,36.0,1988,5,1,21,0.2,0,0,0,0,0,0,0,0,0.0,,,,,,,,,,,,,,,,,,,,,,,,,557,ie IRL,DF,eng Premier League,36,1988,0.2,0,0,0,,0.0,0.0,,,0,0,690,ie IRL,DF,eng Premier League,36,1988,5,21,4,0.6,0.2,1,9,0,4,3,19,1.8,0,1,-1,-4.29,-4.23,557,ie IRL,DF,eng Premier League,36,1988,0.2,0,0,0,0,1,0,3,0,0,0
156618,2024-06-03,900000,FC Metz,347,FR1,Maxime Colin,558,fr FRA,DF,Metz,fr Ligue 1,33.0,1991,22,18,1692,18.8,0,0,0,0,0,0,1,0,0.0,,,,,,,,,,,,,,,,,,,,,,,,,558,fr FRA,DF,fr Ligue 1,33,1991,18.8,0,7,2,28.6,0.37,0.11,0.0,0.0,0,0,691,fr FRA,DF,fr Ligue 1,33,1991,22,1692,77,55.3,18.8,18,86,14,4,34,10,0.59,22,39,-17,-0.9,0.87,558,fr FRA,DF,fr Ligue 1,33,1991,18.8,1,0,0,10,7,0,12,24,30,0
469050,2024-05-27,25000000,Brentford FC,1148,GB1,Nathan Collins,559,ie IRL,DF,Brentford,eng Premier League,24.0,2001,35,32,2975,33.1,1,2,3,1,0,0,7,0,0.09,,,,,,,,,,,,,,,,,,,,,,,,,559,ie IRL,DF,eng Premier League,24,2001,33.1,1,20,6,30.0,0.61,0.18,0.05,0.17,0,0,692,ie IRL,DF,eng Premier League,24,2001,35,2975,85,87.0,33.1,32,90,32,3,32,3,1.31,46,44,+2,0.06,-0.14,559,ie IRL,DF,eng Premier League,24,2001,33.1,7,0,0,20,17,2,1,36,13,1
684315,2025-12-19,15000000,Eintracht Frankfurt,24,L1,Nnamdi Collins,560,de GER,DF,Eintracht Frankfurt,de Bundesliga,21.0,2004,23,16,1500,16.7,1,2,3,1,0,0,4,0,0.18,,,,,,,,,,,,,,,,,,,,,,,,,560,de GER,DF,de Bundesliga,21,2004,16.7,1,4,1,25.0,0.24,0.06,0.25,1.0,0,0,693,de GER,DF,de Bundesliga,21,2004,23,1500,65,49.0,16.7,16,85,12,7,20,3,1.57,38,32,+6,0.36,0.94,560,de GER,DF,de Bundesliga,21,2004,16.7,4,0,0,22,19,0,4,24,38,0
395122,2023-06-16,4000000,FC Famalicão,2497,ES1,Santiago Colombatto,562,ar ARG,MF,Oviedo,es La Liga,28.0,1997,32,23,2064,22.9,0,1,1,0,0,0,6,0,0.04,,,,,,,,,,,,,,,,,,,,,,,,,562,ar ARG,MF,es La Liga,28,1997,22.9,0,15,2,13.3,0.65,0.09,0.0,0.0,0,0,695,ar ARG,MF,es La Liga,28,1997,32,2064,65,60.4,22.9,23,81,8,9,22,4,0.75,12,34,-22,-0.96,-0.16,562,ar ARG,MF,es La Liga,28,1997,22.9,6,0,0,44,41,1,67,14,22,0
487843,2025-12-23,6000000,Genoa CFC,252,IT1,Lorenzo Colombo,563,it ITA,FW,Genoa,it Serie A,23.0,2002,38,30,2326,25.8,7,1,8,6,1,2,2,0,0.27,,,,,,,,,,,,,,,,,,,,,,,,,563,it ITA,FW,it Serie A,23,2002,25.8,7,66,27,40.9,2.55,1.04,0.09,0.22,1,2,696,it ITA,FW,it Serie A,23,2002,38,2326,61,68.0,25.8,30,72,2,8,22,0,1.08,27,32,-5,-0.19,0.22,563,it ITA,FW,it Serie A,23,2002,25.8,2,0,0,41,55,3,16,1,12,0
614258,2025-12-09,50000000,Chelsea FC,631,GB1,Levi Colwill,564,eng ENG,DF,Chelsea,eng Premier League,22.0,2003,3,2,225,2.5,0,0,0,0,0,0,0,0,0.0,,,,,,,,,,,,,,,,,,,,,,,,,564,eng ENG,DF,eng Premier League,22,2003,2.5,0,0,0,,0.0,0.0,,,0,0,697,eng ENG,DF,eng Premier League,22,2003,3,225,75,6.6,2.5,2,90,2,1,45,0,0.33,3,4,-1,-0.4,-0.6,564,eng ENG,DF,eng Premier League,22,2003,2.5,0,0,0,1,2,0,1,5,2,0
298583,2025-12-12,2000000,Valencia CF,1049,ES1,Eray Cömert,565,ch SUI,DF,Valencia,es La Liga,27.0,1998,17,15,1337,14.9,2,1,3,2,0,0,3,1,0.2,,,,,,,,,,,,,,,,,,,,,,,,,565,ch SUI,DF,es La Liga,27,1998,14.9,2,11,3,27.3,0.74,0.2,0.18,0.67,0,0,698,ch SUI,DF,es La Liga,27,1998,17,1337,79,39.1,14.9,15,86,11,2,24,15,1.35,20,21,-1,-0.07,0.28,565,ch SUI,DF,es La Liga,27,1998,14.9,3,1,0,9,13,1,1,21,14,0
380598,2024-06-07,6000000,Villarreal CF,1050,ES1,Santi Comesaña,566,es ESP,MF,Villarreal,es La Liga,28.0,1996,34,28,2407,26.7,3,6,9,3,0,0,5,1,0.34,,,,,,,,,,,,,,,,,,,,,,,,,566,es ESP,MF,es La Liga,28,1996,26.7,3,27,7,25.9,1.01,0.26,0.11,0.43,0,0,699,es ESP,MF,es La Liga,28,1996,34,2407,71,70.4,26.7,28,81,14,6,25,1,1.91,55,29,+26,0.97,0.97,566,es ESP,MF,es La Liga,28,1996,26.7,5,1,0,43,28,1,12,31,25,0
746712,2025-12-23,23000000,ACF Fiorentina,430,IT1,Pietro Comuzzo,567,it ITA,DF,Fiorentina,it Serie A,20.0,2005,27,18,1696,18.8,1,0,1,1,0,0,2,0,0.05,,,,,,,,,,,,,,,,,,,,,,,,,567,it ITA,DF,it Serie A,20,2005,18.8,1,10,2,20.0,0.53,0.11,0.1,0.5,0,0,701,it ITA,DF,it Serie A,20,2005,27,1696,63,49.6,18.8,18,84,11,9,20,11,1.0,21,28,-7,-0.37,-0.27,567,it ITA,DF,it Serie A,20,2005,18.8,2,0,0,24,4,0,1,24,16,1
487474,2025-12-23,30000000,Juventus FC,506,IT1,Francisco Conceição,568,pt POR,"MF,FW",Juventus,it Serie A,22.0,2002,31,27,2078,23.1,3,5,8,3,0,0,3,0,0.35,,,,,,,,,,,,,,,,,,,,,,,,,568,pt POR,"MF,FW",it Serie A,22,2002,23.1,3,73,23,31.5,3.16,1.0,0.04,0.13,0,0,702,pt POR,"MF,FW",it Serie A,22,2002,31,2078,67,60.8,23.1,27,73,2,4,25,2,1.68,30,18,+12,0.52,-0.49,568,pt POR,"MF,FW",it Serie A,22,2002,23.1,3,0,0,32,40,3,92,7,26,0
530298,2023-06-13,500000,SG Dynamo Dresden,2036,L1,Christian Conteh,569,de GER,"MF,FW",Heidenheim,de Bundesliga,25.0,1999,9,4,404,4.5,0,0,0,0,0,0,0,0,0.0,,,,,,,,,,,,,,,,,,,,,,,,,569,de GER,"MF,FW",de Bundesliga,25,1999,4.5,0,3,0,0.0,0.67,0.0,0.0,,0,0,705,de GER,"MF,FW",de Bundesliga,25,1999,9,404,45,13.2,4.5,4,70,1,5,25,1,0.89,5,9,-4,-0.89,0.02,569,de GER,"MF,FW",de Bundesliga,25,1999,4.5,0,0,0,4,3,1,10,1,1,0
307183,2025-12-19,1500000,1.FC Heidenheim 1846,2036,L1,Sirlord Conteh,570,de GER,"MF,FW",Heidenheim,de Bundesliga,29.0,1996,15,3,625,6.9,2,1,3,2,0,0,1,0,0.43,,,,,,,,,,,,,,,,,,,,,,,,,570,de GER,"MF,FW",de Bundesliga,29,1996,6.9,2,10,3,30.0,1.44,0.43,0.2,0.67,0,0,706,de GER,"MF,FW",de Bundesliga,29,1996,15,625,42,20.4,6.9,3,80,1,12,32,1,0.4,11,16,-5,-0.72,0.24,570,de GER,"MF,FW",de Bundesliga,29,1996,6.9,1,0,0,7,10,8,17,4,7,0
249089,2025-12-09,13000000,AFC Bournemouth,989,GB1,Lewis Cook,572,eng ENG,"MF,DF",Bournemouth,eng Premier League,28.0,1997,18,8,874,9.7,0,1,1,0,0,0,1,1,0.1,,,,,,,,,,,,,,,,,,,,,,,,,572,eng ENG,"MF,DF",eng Premier League,28,1997,9.7,0,3,0,0.0,0.31,0.0,0.0,,0,0,708,eng ENG,"MF,DF",eng Premier League,28,1997,18,874,49,25.6,9.7,8,90,8,10,15,1,1.39,15,18,-3,-0.31,-0.56,572,eng ENG,"MF,DF",eng Premier League,28,1997,9.7,1,1,0,8,5,0,44,21,17,0
660860,2025-12-09,10000000,Brighton & Hove Albion,10004,FR1,Diego Coppola,574,it ITA,DF,Paris FC,fr Ligue 1,21.0,2003,13,13,1170,13.0,0,2,2,0,0,0,1,0,0.15,,,,,,,,,,,,,,,,,,,,,,,,,574,it ITA,DF,fr Ligue 1,21,2003,13.0,0,5,3,60.0,0.38,0.23,0.0,0.0,0,0,710,it ITA,DF,fr Ligue 1,21,2003,13,1170,90,38.2,13.0,13,90,13,0,,2,1.69,21,16,+5,0.38,0.77,574,it ITA,DF,fr Ligue 1,21,2003,13.0,1,0,0,6,3,0,0,7,9,0
660860,2025-12-09,10000000,Brighton & Hove Albion,10004,FR1,Diego Coppola,575,it ITA,DF,Brighton,eng Premier League,21.0,2003,5,2,194,2.2,0,0,0,0,0,0,2,0,0.0,,,,,,,,,,,,,,,,,,,,,,,,,575,it ITA,DF,eng Premier League,21,2003,2.2,0,0,0,,0.0,0.0,,,0,0,711,it ITA,DF,eng Premier League,21,2003,5,194,39,5.7,2.2,2,88,1,3,6,17,1.6,1,3,-2,-0.93,-1.15,575,it ITA,DF,eng Premier League,21,2003,2.2,2,0,0,4,0,0,0,1,2,0
74869,2025-12-15,800000,FC Nantes,995,FR1,Francis Coquelin,577,fr FRA,MF,Nantes,fr Ligue 1,34.0,1991,16,8,655,7.3,0,1,1,0,0,0,2,0,0.14,,,,,,,,,,,,,,,,,,,,,,,,,577,fr FRA,MF,fr Ligue 1,34,1991,7.3,0,6,1,16.7,0.82,0.14,0.0,0.0,0,0,713,fr FRA,MF,fr Ligue 1,34,1991,16,655,41,21.4,7.3,8,64,0,8,18,1,1.0,5,6,-1,-0.14,0.69,577,fr FRA,MF,fr Ligue 1,34,1991,7.3,2,0,0,15,7,0,1,5,13,0
328609,2025-12-10,4000000,Rangers FC,124,SC1,Derek Cornelius,578,ca CAN,"DF,FW",Marseille,fr Ligue 1,27.0,1997,2,0,58,0.6,0,0,0,0,0,0,0,0,0.0,,,,,,,,,,,,,,,,,,,,,,,,,578,ca CAN,"DF,FW",fr Ligue 1,27,1997,0.6,0,0,0,,0.0,0.0,,,0,0,716,ca CAN,"DF,FW",fr Ligue 1,27,1997,2,58,29,1.9,0.6,0,,0,2,29,1,1.5,1,1,0,0.0,-0.54,578,ca CAN,"DF,FW",fr Ligue 1,27,1997,0.6,0,0,0,0,2,0,0,1,0,0
234781,2025-12-23,5000000,Genoa CFC,252,IT1,Maxwel Cornet,579,ci CIV,MF,Genoa,it Serie A,28.0,1996,8,1,118,1.3,0,0,0,0,0,1,0,0,0.0,,,,,,,,,,,,,,,,,,,,,,,,,579,ci CIV,MF,it Serie A,28,1996,1.3,0,4,2,50.0,3.05,1.53,0.0,0.0,0,1,717,ci CIV,MF,it Serie A,28,1996,8,118,15,3.5,1.3,1,52,0,7,9,11,0.5,2,5,-3,-2.29,-2.1,579,ci CIV,MF,it Serie A,28,1996,1.3,0,0,0,6,1,1,13,0,4,0
479648,2025-12-15,10000000,LOSC Lille,1082,FR1,Félix Correia,581,pt POR,MF,Lille,fr Ligue 1,24.0,2001,34,26,2053,22.8,4,5,9,4,0,0,2,0,0.39,,,,,,,,,,,,,,,,,,,,,,,,,581,pt POR,MF,fr Ligue 1,24,2001,22.8,4,37,8,21.6,1.62,0.35,0.11,0.5,0,0,719,pt POR,MF,fr Ligue 1,24,2001,34,2053,60,67.1,22.8,26,73,2,8,18,0,1.79,36,22,+14,0.61,0.52,581,pt POR,MF,fr Ligue 1,24,2001,22.8,2,0,0,14,28,3,84,21,13,0
367466,2025-12-12,3000000,Valencia CF,1049,ES1,Thierry Correia,582,pt POR,"DF,MF",Valencia,es La Liga,26.0,1999,24,17,1392,15.5,0,2,2,0,0,0,5,0,0.13,,,,,,,,,,,,,,,,,,,,,,,,,582,pt POR,"DF,MF",es La Liga,26,1999,15.5,0,5,1,20.0,0.32,0.06,0.0,0.0,0,0,720,pt POR,"DF,MF",es La Liga,26,1999,24,1392,58,40.7,15.5,17,73,8,7,20,3,0.96,13,24,-11,-0.71,-0.8,582,pt POR,"DF,MF",es La Liga,26,1999,15.5,5,0,0,28,25,4,42,18,22,0
528181,2025-12-23,700000,Parma Calcio 1913,130,IT1,Edoardo Corvi,585,it ITA,GK,Parma,it Serie A,24.0,2001,17,17,1530,17.0,0,0,0,0,0,0,1,0,0.0,30,it ITA,GK,it Serie A,24,2001,17,17,1530,17.0,18,1.06,60,44,75.0,8,4,5,7,41.2,3,3,0,0,585,it ITA,GK,it Serie A,24,2001,17.0,0,0,0,,0.0,0.0,,,0,0,723,it ITA,GK,it Serie A,24,2001,17,1530,90,44.7,17.0,17,90,17,0,,21,1.65,14,18,-4,-0.24,0.43,585,it ITA,GK,it Serie A,24,2001,17.0,1,0,0,0,5,0,0,0,0,0
1033005,2025-12-12,2500000,Getafe CF,58,BE1,Coba da Costa,586,es ESP,MF,Getafe,es La Liga,23.0,2002,14,2,348,3.9,0,0,0,0,0,0,1,0,0.0,,,,,,,,,,,,,,,,,,,,,,,,,586,es ESP,MF,es La Liga,23,2002,3.9,0,5,1,20.0,1.29,0.26,0.0,0.0,0,0,726,es ESP,MF,es La Liga,23,2002,14,348,25,10.2,3.9,2,56,0,12,20,7,0.86,2,3,-1,-0.26,-0.11,586,es ESP,MF,es La Liga,23,2002,3.9,1,0,0,7,6,2,23,0,6,0
85906,2025-12-19,1200000,1.FSV Mainz 05,39,L1,Danny da Costa,587,de GER,"DF,MF",Mainz 05,de Bundesliga,32.0,1993,34,30,2695,29.9,2,3,5,2,0,0,3,0,0.17,,,,,,,,,,,,,,,,,,,,,,,,,587,de GER,"DF,MF",de Bundesliga,32,1993,29.9,2,14,5,35.7,0.47,0.17,0.14,0.4,0,0,727,de GER,"DF,MF",de Bundesliga,32,1993,34,2695,79,88.1,29.9,30,86,25,4,29,0,1.18,34,49,-15,-0.5,-1.98,587,de GER,"DF,MF",de Bundesliga,32,1993,29.9,3,0,0,22,24,1,48,29,27,1
484988,2025-12-12,18000000,Villarreal CF,1050,ES1,Logan Costa,588,cv CPV,DF,Villarreal,es La Liga,24.0,2001,2,0,30,0.3,0,0,0,0,0,0,0,0,0.0,,,,,,,,,,,,,,,,,,,,,,,,,588,cv CPV,DF,es La Liga,24,2001,0.3,0,0,0,,0.0,0.0,,,0,0,728,cv CPV,DF,es La Liga,24,2001,2,30,15,0.9,0.3,0,,0,2,15,4,1.5,0,0,0,0.0,-0.69,588,cv CPV,DF,es La Liga,24,2001,0.3,0,0,0,1,0,0,0,0,0,0
276111,2023-06-14,1500000,Real Oviedo,2497,ES1,David Costas,590,es ESP,DF,Oviedo,es La Liga,30.0,1995,25,22,2066,23.0,1,0,1,1,0,0,3,0,0.04,,,,,,,,,,,,,,,,,,,,,,,,,590,es ESP,DF,es La Liga,30,1995,23.0,1,5,1,20.0,0.22,0.04,0.2,1.0,0,0,730,es ESP,DF,es La Liga,30,1995,25,2066,83,60.4,23.0,22,89,21,3,33,5,0.92,13,35,-22,-0.96,-0.16,590,es ESP,DF,es La Liga,30,1995,23.0,3,0,0,16,10,3,1,27,22,0
525155,2024-06-03,400000,Stade Brestois 29,3911,FR1,Grégoire Coudert,591,fr FRA,GK,Brest,fr Ligue 1,26.0,1999,25,24,2192,24.4,0,0,0,0,0,0,2,0,0.0,31,fr FRA,GK,fr Ligue 1,26,1999,25,24,2192,24.4,40,1.64,112,76,67.0,9,5,10,6,25.0,4,3,1,0,591,fr FRA,GK,fr Ligue 1,26,1999,24.4,0,0,0,,0.0,0.0,,,0,0,731,fr FRA,GK,fr Ligue 1,26,1999,25,2192,88,71.6,24.4,24,90,24,1,32,9,1.28,34,40,-6,-0.25,0.38,591,fr FRA,GK,fr Ligue 1,26,1999,24.4,2,0,0,1,8,0,0,0,0,0
157672,2025-12-19,2700000,TSG 1899 Hoffenheim,533,L1,Vladimír Coufal,592,cz CZE,"DF,MF",Hoffenheim,de Bundesliga,32.0,1992,34,34,3012,33.5,1,8,9,1,0,0,4,0,0.27,,,,,,,,,,,,,,,,,,,,,,,,,592,cz CZE,"DF,MF",de Bundesliga,32,1992,33.5,1,26,6,23.1,0.78,0.18,0.04,0.17,0,0,732,cz CZE,"DF,MF",de Bundesliga,32,1992,34,3012,89,98.4,33.5,34,89,28,0,,0,1.79,64,50,+14,0.42,2.29,592,cz CZE,"DF,MF",de Bundesliga,32,1992,33.5,4,0,0,32,42,1,209,39,35,0
1208968,2025-12-15,500000,OGC Nice,417,FR1,Djibril Coulibaly,594,fr FRA,MF,Nice,fr Ligue 1,16.0,2008,2,0,13,0.1,0,0,0,0,0,0,0,0,0.0,,,,,,,,,,,,,,,,,,,,,,,,,594,fr FRA,MF,fr Ligue 1,16,2008,0.1,0,0,0,,0.0,0.0,,,0,0,734,fr FRA,MF,fr Ligue 1,16,2008,2,13,7,0.4,0.1,0,,0,2,7,8,2.0,1,0,+1,6.92,7.63,594,fr FRA,MF,fr Ligue 1,16,2008,0.1,0,0,0,1,0,0,0,0,0,0
386552,2024-06-05,3500000,US Salernitana 1919,1005,IT1,Lassana Coulibaly,595,ml MLI,MF,Lecce,it Serie A,29.0,1996,33,31,2689,29.9,3,1,4,3,0,0,4,0,0.13,,,,,,,,,,,,,,,,,,,,,,,,,595,ml MLI,MF,it Serie A,29,1996,29.9,3,28,8,28.6,0.94,0.27,0.11,0.38,0,0,735,ml MLI,MF,it Serie A,29,1996,33,2689,81,78.6,29.9,31,86,21,2,18,1,1.12,23,34,-11,-0.37,0.99,595,ml MLI,MF,it Serie A,29,1996,29.9,4,0,0,34,52,1,18,9,28,0
658534,2024-06-10,1500000,Randers FC,290,FR1,Lasso Coulibaly,596,ci CIV,MF,Auxerre,fr Ligue 1,22.0,2002,17,1,321,3.6,0,0,0,0,0,0,1,0,0.0,,,,,,,,,,,,,,,,,,,,,,,,,596,ci CIV,MF,fr Ligue 1,22,2002,3.6,0,3,0,0.0,0.84,0.0,0.0,,0,0,736,ci CIV,MF,fr Ligue 1,22,2002,17,321,19,10.5,3.6,1,42,0,16,17,4,0.88,4,5,-1,-0.28,0.02,596,ci CIV,MF,fr Ligue 1,22,2002,3.6,1,0,0,10,11,2,18,6,5,0
745173,2025-12-15,8000000,AS Monaco,162,FR1,Mamadou Coulibaly,597,fr FRA,MF,Monaco,fr Ligue 1,21.0,2004,25,15,1381,15.3,3,3,6,3,0,0,7,1,0.39,,,,,,,,,,,,,,,,,,,,,,,,,597,fr FRA,MF,fr Ligue 1,21,2004,15.3,3,13,5,38.5,0.85,0.33,0.23,0.6,0,0,737,fr FRA,MF,fr Ligue 1,21,2004,25,1381,55,45.1,15.3,15,75,5,10,25,4,1.6,27,30,-3,-0.2,-0.68,597,fr FRA,MF,fr Ligue 1,21,2004,15.3,7,1,0,31,16,3,15,21,21,0
659513,2025-12-15,7000000,Stade Brestois 29,3911,FR1,Soumaïla Coulibaly,598,fr FRA,DF,Brest,fr Ligue 1,21.0,2003,16,15,1338,14.9,0,0,0,0,0,0,3,0,0.0,,,,,,,,,,,,,,,,,,,,,,,,,598,fr FRA,DF,fr Ligue 1,21,2003,14.9,0,6,2,33.3,0.4,0.13,0.0,0.0,0,0,740,fr FRA,DF,fr Ligue 1,21,2003,16,1338,84,43.7,14.9,15,88,13,1,15,4,0.88,17,28,-11,-0.74,-0.69,598,fr FRA,DF,fr Ligue 1,21,2003,14.9,3,0,0,26,20,1,1,13,12,1
592975,2025-12-23,2000000,US Sassuolo,6574,IT1,Woyo Coulibaly,599,ml MLI,DF,Sassuolo,it Serie A,26.0,1999,20,9,1054,11.7,0,0,0,0,0,0,2,0,0.0,,,,,,,,,,,,,,,,,,,,,,,,,599,ml MLI,DF,it Serie A,26,1999,11.7,0,6,1,16.7,0.51,0.09,0.0,0.0,0,0,741,ml MLI,DF,it Serie A,26,1999,20,1054,53,30.8,11.7,9,81,6,11,29,10,1.55,18,16,+2,0.17,0.4,599,ml MLI,DF,it Serie A,26,1999,11.7,2,0,0,15,12,0,10,10,14,0
108390,2024-06-07,28000000,Real Madrid,418,ES1,Thibaut Courtois,601,be BEL,GK,Real Madrid,es La Liga,33.0,1992,32,32,2880,32.0,0,0,0,0,0,0,1,0,0.0,32,be BEL,GK,es La Liga,33,1992,32,32,2880,32.0,28,0.87,94,70,74.5,24,3,5,13,40.6,4,4,0,0,601,be BEL,GK,es La Liga,33,1992,32.0,0,0,0,,0.0,0.0,,,0,0,743,be BEL,GK,es La Liga,33,1992,32,2880,90,84.2,32.0,32,90,32,0,,0,2.34,67,28,+39,1.22,0.72,601,be BEL,GK,es La Liga,33,1992,32.0,1,0,0,1,2,0,0,0,1,0
627228,2025-12-19,20000000,Borussia Dortmund,16,L1,Yan Couto,602,br BRA,MF,Dortmund,de Bundesliga,23.0,2002,19,11,997,11.1,2,2,4,2,0,0,4,0,0.36,,,,,,,,,,,,,,,,,,,,,,,,,602,br BRA,MF,de Bundesliga,23,2002,11.1,2,9,4,44.4,0.81,0.36,0.22,0.5,0,0,744,br BRA,MF,de Bundesliga,23,2002,19,997,52,32.6,11.1,11,80,5,8,14,13,2.26,25,14,+11,0.99,-0.1,602,br BRA,MF,de Bundesliga,23,2002,11.1,4,0,0,17,13,2,54,9,15,0
485965,2025-12-15,3000000,FC Nantes,995,FR1,Nicolas Cozza,604,fr FRA,DF,Nantes,fr Ligue 1,26.0,1999,30,26,2391,26.6,0,1,1,0,0,0,2,0,0.04,,,,,,,,,,,,,,,,,,,,,,,,,604,fr FRA,DF,fr Ligue 1,26,1999,26.6,0,11,3,27.3,0.41,0.11,0.0,0.0,0,0,746,fr FRA,DF,fr Ligue 1,26,1999,30,2391,80,78.1,26.6,26,88,21,4,23,4,0.7,19,36,-17,-0.64,0.17,604,fr FRA,DF,fr Ligue 1,26,1999,26.6,2,0,0,24,32,0,22,22,27,0
597659,2025-12-15,15000000,FC Toulouse,415,FR1,Charlie Cresswell,606,eng ENG,DF,Toulouse,fr Ligue 1,22.0,2002,29,28,2533,28.1,3,2,5,3,0,0,8,0,0.18,,,,,,,,,,,,,,,,,,,,,,,,,606,eng ENG,DF,fr Ligue 1,22,2002,28.1,3,38,12,31.6,1.35,0.43,0.08,0.25,0,0,749,eng ENG,DF,fr Ligue 1,22,2002,29,2533,87,82.8,28.1,28,89,27,1,32,0,1.31,41,35,+6,0.21,1.07,606,eng ENG,DF,fr Ligue 1,22,2002,28.1,8,0,0,31,15,4,2,30,14,0
199248,2025-12-23,7000000,AS Roma,12,IT1,Bryan Cristante,607,it ITA,MF,Roma,it Serie A,30.0,1995,37,36,3094,34.4,2,1,3,2,0,0,6,0,0.09,,,,,,,,,,,,,,,,,,,,,,,,,607,it ITA,MF,it Serie A,30,1995,34.4,2,44,8,18.2,1.28,0.23,0.05,0.25,0,0,750,it ITA,MF,it Serie A,30,1995,37,3094,84,90.5,34.4,36,85,27,1,45,0,1.89,55,26,+29,0.84,1.12,607,it ITA,MF,it Serie A,30,1995,34.4,6,0,0,63,9,0,19,28,43,0
91970,2025-12-23,1000000,Pisa Sporting Club,4172,IT1,Juan Cuadrado,609,co COL,MF,Pisa,it Serie A,37.0,1988,19,2,506,5.6,1,0,1,0,1,1,3,0,0.0,,,,,,,,,,,,,,,,,,,,,,,,,609,co COL,MF,it Serie A,37,1988,5.6,1,10,2,20.0,1.78,0.36,0.0,0.0,1,1,753,co COL,MF,it Serie A,37,1988,19,506,27,14.8,5.6,2,55,0,17,23,4,0.47,3,9,-6,-1.07,0.14,609,co COL,MF,it Serie A,37,1988,5.6,3,0,0,9,16,0,45,5,10,0
962110,2024-06-07,30000000,FC Barcelona,131,ES1,Pau Cubarsí,610,es ESP,DF,Barcelona,es La Liga,18.0,2007,31,31,2703,30.0,1,0,1,1,0,0,3,0,0.03,,,,,,,,,,,,,,,,,,,,,,,,,610,es ESP,DF,es La Liga,18,2007,30.0,1,10,2,20.0,0.33,0.07,0.1,0.5,0,0,754,es ESP,DF,es La Liga,18,2007,31,2703,87,79.0,30.0,31,87,25,0,,7,2.52,76,29,+47,1.56,0.06,610,es ESP,DF,es La Liga,18,2007,30.0,3,0,0,25,9,0,0,30,28,0
284857,2025-12-09,50000000,Chelsea FC,631,GB1,Marc Cucurella,613,es ESP,DF,Chelsea,eng Premier League,27.0,1998,34,31,2707,30.1,1,4,5,1,0,0,8,1,0.17,,,,,,,,,,,,,,,,,,,,,,,,,613,es ESP,DF,eng Premier League,27,1998,30.1,1,20,6,30.0,0.66,0.2,0.05,0.17,0,0,757,es ESP,DF,eng Premier League,27,1998,34,2707,80,79.2,30.1,31,84,26,3,34,0,1.44,46,37,+9,0.3,0.68,613,es ESP,DF,eng Premier League,27,1998,30.1,8,1,0,45,29,5,41,28,40,0
494880,2025-12-09,4000000,Fulham FC,931,GB1,Jorge Cuenca,614,es ESP,DF,Fulham,eng Premier League,25.0,1999,15,11,938,10.4,0,0,0,0,0,0,6,0,0.0,,,,,,,,,,,,,,,,,,,,,,,,,614,es ESP,DF,eng Premier League,25,1999,10.4,0,1,0,0.0,0.1,0.0,0.0,,0,0,760,es ESP,DF,eng Premier League,25,1999,15,938,63,27.4,10.4,11,84,7,4,4,16,1.8,9,11,-2,-0.19,-0.12,614,es ESP,DF,eng Premier League,25,1999,10.4,6,0,0,10,1,1,2,15,10,0
242606,2024-05-27,10000000,Burnley FC,1132,GB1,Josh Cullen,616,ie IRL,MF,Burnley,eng Premier League,29.0,1996,18,18,1514,16.8,2,2,4,2,0,0,2,0,0.24,,,,,,,,,,,,,,,,,,,,,,,,,616,ie IRL,MF,eng Premier League,29,1996,16.8,2,11,6,54.5,0.65,0.36,0.18,0.33,0,0,762,ie IRL,MF,eng Premier League,29,1996,18,1514,84,44.3,16.8,18,84,12,0,,0,0.67,18,29,-11,-0.65,0.57,616,ie IRL,MF,eng Premier League,29,1996,16.8,2,0,0,16,18,0,12,24,19,1
517894,2024-05-27,45000000,Wolverhampton Wanderers,985,GB1,Matheus Cunha,619,br BRA,"MF,FW",Manchester Utd,eng Premier League,26.0,1999,33,29,2494,27.7,10,2,12,10,0,0,4,0,0.43,,,,,,,,,,,,,,,,,,,,,,,,,619,br BRA,"MF,FW",eng Premier League,26,1999,27.7,10,90,35,38.9,3.25,1.26,0.11,0.29,0,0,765,br BRA,"MF,FW",eng Premier League,26,1999,33,2494,76,72.9,27.7,29,83,16,4,24,1,1.88,48,35,+13,0.47,-0.11,619,br BRA,"MF,FW",eng Premier League,26,1999,27.7,4,0,0,28,54,2,49,21,23,0
265078,2025-12-23,5000000,Parma Calcio 1913,130,IT1,Patrick Cutrone,620,it ITA,FW,Parma,it Serie A,27.0,1998,15,11,888,9.9,1,0,1,1,0,0,0,0,0.1,,,,,,,,,,,,,,,,,,,,,,,,,620,it ITA,FW,it Serie A,27,1998,9.9,1,25,7,28.0,2.53,0.71,0.04,0.14,0,0,767,it ITA,FW,it Serie A,27,1998,15,888,59,26.0,9.9,11,76,1,4,14,5,0.8,6,11,-5,-0.51,-0.04,620,it ITA,FW,it Serie A,27,1998,9.9,0,0,0,7,16,8,12,3,1,0
495667,2025-12-23,15000000,Como 1907,1047,IT1,Lucas Da Cunha,621,fr FRA,MF,Como,it Serie A,24.0,2001,36,31,2739,30.4,6,4,10,2,4,4,4,0,0.2,,,,,,,,,,,,,,,,,,,,,,,,,621,fr FRA,MF,it Serie A,24,2001,30.4,6,42,16,38.1,1.38,0.53,0.05,0.13,4,4,768,fr FRA,MF,it Serie A,24,2001,36,2739,76,80.1,30.4,31,83,18,5,36,2,1.86,52,24,+28,0.92,-0.14,621,fr FRA,MF,it Serie A,24,2001,30.4,4,0,0,34,19,1,99,18,33,0
881297,2024-05-28,2000000,FC Liefering,82,L1,Adam Daghim,622,dk DEN,"MF,FW",Wolfsburg,de Bundesliga,19.0,2005,27,12,1364,15.2,2,3,5,2,0,0,3,0,0.33,,,,,,,,,,,,,,,,,,,,,,,,,622,dk DEN,"MF,FW",de Bundesliga,19,2005,15.2,2,27,9,33.3,1.78,0.59,0.07,0.22,0,0,771,dk DEN,"MF,FW",de Bundesliga,19,2005,27,1364,51,44.6,15.2,12,83,5,15,24,1,0.67,18,33,-15,-0.99,-0.51,622,dk DEN,"MF,FW",de Bundesliga,19,2005,15.2,3,0,0,18,23,4,20,11,20,0
251299,2025-12-19,12000000,FC Augsburg,167,L1,Finn Dahmen,623,de GER,GK,Augsburg,de Bundesliga,27.0,1998,34,34,3060,34.0,0,0,0,0,0,0,1,0,0.0,34,de GER,GK,de Bundesliga,27,1998,34,34,3060,34.0,61,1.79,159,105,65.4,12,7,15,5,14.7,7,6,1,0,623,de GER,GK,de Bundesliga,27,1998,34.0,0,1,0,0.0,0.03,0.0,0.0,,0,0,772,de GER,GK,de Bundesliga,27,1998,34,3060,90,100.0,34.0,34,90,34,0,,0,1.26,45,61,-16,-0.47,,623,de GER,GK,de Bundesliga,27,1998,34.0,1,0,0,0,9,0,0,0,0,0
191422,2025-12-19,2000000,Eintracht Frankfurt,24,L1,Mahmoud Dahoud,624,de GER,"MF,FW",Eintracht Frankfurt,de Bundesliga,29.0,1996,15,8,716,8.0,2,3,5,2,0,0,0,0,0.63,,,,,,,,,,,,,,,,,,,,,,,,,624,de GER,"MF,FW",de Bundesliga,29,1996,8.0,2,17,2,11.8,2.14,0.25,0.12,1.0,0,0,773,de GER,"MF,FW",de Bundesliga,29,1996,15,716,48,23.4,8.0,8,68,1,7,25,7,1.2,17,15,+2,0.25,0.48,624,de GER,"MF,FW",de Bundesliga,29,1996,8.0,0,0,0,16,2,0,8,10,8,0
620598,2025-12-19,4000000,VfB Stuttgart,79,L1,Ameen Al-Dakhil,626,be BEL,DF,Stuttgart,de Bundesliga,23.0,2002,8,3,380,4.2,0,0,0,0,0,0,1,0,0.0,,,,,,,,,,,,,,,,,,,,,,,,,626,be BEL,DF,de Bundesliga,23,2002,4.2,0,1,0,0.0,0.24,0.0,0.0,,0,0,775,be BEL,DF,de Bundesliga,23,2002,8,380,48,12.4,4.2,3,90,3,5,22,13,2.0,6,8,-2,-0.47,-1.28,626,be BEL,DF,de Bundesliga,23,2002,4.2,1,0,0,1,0,0,0,5,3,0
538964,2025-12-23,12000000,Bologna FC 1909,1025,IT1,Thijs Dallinga,627,nl NED,FW,Bologna,it Serie A,24.0,2000,23,9,811,9.0,2,2,4,2,0,0,2,0,0.44,,,,,,,,,,,,,,,,,,,,,,,,,627,nl NED,FW,it Serie A,24,2000,9.0,2,24,5,20.8,2.66,0.55,0.08,0.4,0,0,776,nl NED,FW,it Serie A,24,2000,23,811,35,23.7,9.0,9,65,1,14,16,10,1.43,14,10,+4,0.44,0.48,627,nl NED,FW,it Serie A,24,2000,9.0,2,0,0,20,9,4,5,1,4,0
357147,2025-12-09,28000000,Manchester United,985,GB1,Diogo Dalot,628,pt POR,"DF,MF",Manchester Utd,eng Premier League,26.0,1999,34,29,2614,29.0,1,3,4,1,0,0,5,0,0.14,,,,,,,,,,,,,,,,,,,,,,,,,628,pt POR,"DF,MF",eng Premier League,26,1999,29.0,1,24,6,25.0,0.83,0.21,0.04,0.17,0,0,777,pt POR,"DF,MF",eng Premier League,26,1999,34,2614,77,76.4,29.0,29,86,22,5,27,1,1.88,58,40,+18,0.62,0.51,628,pt POR,"DF,MF",eng Premier League,26,1999,29.0,5,0,0,25,14,4,57,26,30,0
789898,2023-06-22,1000000,TSG 1899 Hoffenheim,533,L1,Muhammed Damar,629,de GER,"MF,FW",Hoffenheim,de Bundesliga,21.0,2004,15,2,277,3.1,0,0,0,0,0,0,0,0,0.0,,,,,,,,,,,,,,,,,,,,,,,,,629,de GER,"MF,FW",de Bundesliga,21,2004,3.1,0,12,8,66.7,3.9,2.6,0.0,0.0,0,0,778,de GER,"MF,FW",de Bundesliga,21,2004,15,277,18,9.1,3.1,2,67,0,13,11,17,1.6,1,6,-5,-1.62,-2.21,629,de GER,"MF,FW",de Bundesliga,21,2004,3.1,0,0,0,4,2,1,33,1,3,0
540941,2024-05-27,10000000,Brentford FC,1148,GB1,Mikkel Damsgaard,631,dk DEN,MF,Brentford,eng Premier League,25.0,2000,33,24,2054,22.8,4,4,8,4,0,0,0,0,0.35,,,,,,,,,,,,,,,,,,,,,,,,,631,dk DEN,MF,eng Premier League,25,2000,22.8,4,29,11,37.9,1.27,0.48,0.14,0.36,0,0,780,dk DEN,MF,eng Premier League,25,2000,33,2054,62,60.1,22.8,24,78,9,9,21,2,1.42,37,32,+5,0.22,0.35,631,dk DEN,MF,eng Premier League,25,2000,22.8,0,0,0,18,23,4,95,24,34,0
355861,2024-05-27,13000000,Everton FC,1049,ES1,Arnaut Danjuma,632,nl NED,"MF,FW",Valencia,es La Liga,28.0,1997,30,18,1628,18.1,3,2,5,3,0,1,0,0,0.28,,,,,,,,,,,,,,,,,,,,,,,,,632,nl NED,"MF,FW",es La Liga,28,1997,18.1,3,36,14,38.9,1.99,0.77,0.08,0.21,0,1,781,nl NED,"MF,FW",es La Liga,28,1997,30,1628,54,47.6,18.1,18,75,7,12,23,7,1.0,19,28,-9,-0.5,-0.5,632,nl NED,"MF,FW",es La Liga,28,1997,18.1,0,0,0,21,22,5,49,2,10,0
743496,2023-06-27,100000,AJ Auxerre,290,FR1,Kévin Danois,633,fr FRA,MF,Auxerre,fr Ligue 1,21.0,2004,33,32,2830,31.4,3,1,4,3,0,0,3,0,0.13,,,,,,,,,,,,,,,,,,,,,,,,,633,fr FRA,MF,fr Ligue 1,21,2004,31.4,3,25,8,32.0,0.8,0.25,0.12,0.38,0,0,782,fr FRA,MF,fr Ligue 1,21,2004,33,2830,86,92.5,31.4,32,88,22,1,22,1,1.03,33,39,-6,-0.19,1.37,633,fr FRA,MF,fr Ligue 1,21,2004,31.4,3,0,0,33,26,3,130,38,48,0
263236,2025-12-09,22000000,Tottenham Hotspur,148,GB1,Kevin Danso,634,at AUT,DF,Tottenham Hotspur,eng Premier League,26.0,1998,24,17,1494,16.6,0,0,0,0,0,0,8,0,0.0,,,,,,,,,,,,,,,,,,,,,,,,,634,at AUT,DF,eng Premier League,26,1998,16.6,0,11,2,18.2,0.66,0.12,0.0,0.0,0,0,783,at AUT,DF,eng Premier League,26,1998,24,1494,62,43.7,16.6,17,85,14,7,8,10,1.38,20,26,-6,-0.36,-0.22,634,at AUT,DF,eng Premier League,26,1998,16.6,8,0,0,21,13,0,7,25,13,0
16136,2025-12-15,500000,OGC Nice,417,FR1,Dante,635,br BRA,DF,Nice,fr Ligue 1,41.0,1983,12,9,849,9.4,0,1,1,0,0,0,1,0,0.11,,,,,,,,,,,,,,,,,,,,,,,,,635,br BRA,DF,fr Ligue 1,41,1983,9.4,0,7,1,14.3,0.74,0.11,0.0,0.0,0,0,784,br BRA,DF,fr Ligue 1,41,1983,12,849,71,27.7,9.4,9,80,4,3,43,4,1.33,12,13,-1,-0.11,0.79,635,br BRA,DF,fr Ligue 1,41,1983,9.4,1,0,0,9,4,1,0,11,5,0
789252,2025-12-19,7000000,VfL Wolfsburg,82,L1,Bence Dárdai,636,hu HUN,MF,Wolfsburg,de Bundesliga,19.0,2006,1,0,35,0.4,0,0,0,0,0,0,0,0,0.0,,,,,,,,,,,,,,,,,,,,,,,,,636,hu HUN,MF,de Bundesliga,19,2006,0.4,0,0,0,,0.0,0.0,,,0,0,785,hu HUN,MF,de Bundesliga,19,2006,1,35,35,1.1,0.4,0,,0,1,35,8,3.0,0,0,0,0.0,0.71,636,hu HUN,MF,de Bundesliga,19,2006,0.4,0,0,0,1,0,0,0,1,1,0
142021,2025-12-12,3500000,RCD Mallorca,237,ES1,Sergi Darder,638,es ESP,MF,Mallorca,es La Liga,31.0,1993,38,30,2680,29.8,1,5,6,1,0,0,3,0,0.2,,,,,,,,,,,,,,,,,,,,,,,,,638,es ESP,MF,es La Liga,31,1993,29.8,1,36,13,36.1,1.21,0.44,0.03,0.08,0,0,787,es ESP,MF,es La Liga,31,1993,38,2680,71,78.4,29.8,30,82,13,8,27,0,1.11,37,43,-6,-0.2,0.28,638,es ESP,MF,es La Liga,31,1993,29.8,3,0,0,21,29,2,165,23,13,0
99397,2023-06-01,1000000,Newcastle United,399,GB1,Karl Darlow,639,wls WAL,GK,Leeds United,eng Premier League,34.0,1990,22,22,1980,22.0,0,0,0,0,0,0,1,0,0.0,35,wls WAL,GK,eng Premier League,34,1990,22,22,1980,22.0,27,1.23,88,63,71.6,7,8,7,5,22.7,2,2,0,0,639,wls WAL,GK,eng Premier League,34,1990,22.0,0,0,0,,0.0,0.0,,,0,0,788,wls WAL,GK,eng Premier League,34,1990,22,1980,90,57.9,22.0,22,90,22,0,,15,1.32,26,27,-1,-0.05,0.33,639,wls WAL,GK,eng Premier League,34,1990,22.0,1,0,0,0,7,0,0,0,0,0
54906,2025-12-23,1500000,Inter Milan,46,IT1,Matteo Darmian,640,it ITA,"MF,DF",Inter,it Serie A,35.0,1989,6,2,248,2.8,0,0,0,0,0,0,0,0,0.0,,,,,,,,,,,,,,,,,,,,,,,,,640,it ITA,"MF,DF",it Serie A,35,1989,2.8,0,0,0,,0.0,0.0,,,0,0,789,it ITA,"MF,DF",it Serie A,35,1989,6,248,41,7.3,2.8,2,71,0,4,27,19,1.83,5,5,0,0.0,-1.53,640,it ITA,"MF,DF",it Serie A,35,1989,2.8,0,0,0,4,2,1,5,1,3,0
340321,2024-05-27,10000000,Brentford FC,1148,GB1,Josh Dasilva,641,eng ENG,MF,Brentford,eng Premier League,26.0,1998,2,0,3,0.0,0,0,0,0,0,0,0,0,0.0,,,,,,,,,,,,,,,,,,,,,,,,,641,eng ENG,MF,eng Premier League,26,1998,0.0,0,1,0,0.0,30.0,0.0,0.0,,0,0,791,eng ENG,MF,eng Premier League,26,1998,2,3,2,0.1,0.0,0,,0,2,2,3,2.0,0,0,0,0.0,-0.08,641,eng ENG,MF,eng Premier League,26,1998,0.0,0,0,0,0,0,0,0,0,0,0
787232,2025-12-17,5000000,Fatih Karagümrük,667,FR1,David Datro Fofana,642,ci CIV,FW,Strasbourg,fr Ligue 1,22.0,2002,5,3,171,1.9,0,0,0,0,0,0,0,0,0.0,,,,,,,,,,,,,,,,,,,,,,,,,642,ci CIV,FW,fr Ligue 1,22,2002,1.9,0,3,1,33.3,1.58,0.53,0.0,0.0,0,0,792,ci CIV,FW,fr Ligue 1,22,2002,5,171,34,5.6,1.9,3,51,0,2,9,4,1.2,2,2,0,0.0,-0.34,642,ci CIV,FW,fr Ligue 1,22,2002,1.9,0,0,0,3,1,3,0,1,1,0
533738,2025-12-23,35000000,Juventus FC,506,IT1,Jonathan David,644,ca CAN,FW,Juventus,it Serie A,25.0,2000,35,20,1781,19.8,6,4,10,6,0,1,0,0,0.51,,,,,,,,,,,,,,,,,,,,,,,,,644,ca CAN,FW,it Serie A,25,2000,19.8,6,41,16,39.0,2.07,0.81,0.15,0.38,0,1,794,ca CAN,FW,it Serie A,25,2000,35,1781,51,52.1,19.8,20,73,4,15,21,3,1.91,32,14,+18,0.91,0.42,644,ca CAN,FW,it Serie A,25,2000,19.8,0,0,0,30,26,11,8,6,10,0
424204,2025-12-19,50000000,Bayern Munich,27,L1,Alphonso Davies,645,ca CAN,DF,Bayern Munich,de Bundesliga,24.0,2000,13,6,525,5.8,1,3,4,1,0,0,1,0,0.69,,,,,,,,,,,,,,,,,,,,,,,,,645,ca CAN,DF,de Bundesliga,24,2000,5.8,1,4,1,25.0,0.69,0.17,0.25,1.0,0,0,795,ca CAN,DF,de Bundesliga,24,2000,13,525,40,17.2,5.8,6,66,1,7,19,0,2.31,26,8,+18,3.09,0.67,645,ca CAN,DF,de Bundesliga,24,2000,5.8,1,0,0,2,5,0,6,3,6,0
257097,2025-12-03,1800000,Oxford United,988,,Ben Davies,646,wls WAL,DF,Tottenham Hotspur,eng Premier League,32.0,1993,3,2,137,1.5,1,0,1,1,0,0,1,0,0.66,,,,,,,,,,,,,,,,,,,,,,,,,646,wls WAL,DF,eng Premier League,32,1993,1.5,1,2,2,100.0,1.31,1.31,0.5,0.5,0,0,796,wls WAL,DF,eng Premier League,32,1993,3,137,46,4.0,1.5,2,53,0,1,32,11,0.33,1,3,-2,-1.31,-1.12,646,wls WAL,DF,eng Premier League,32,1993,1.5,1,0,0,2,0,0,3,1,4,0
412660,2025-12-23,4000000,Udinese Calcio,410,IT1,Keinan Davis,648,eng ENG,FW,Udinese,it Serie A,27.0,1998,30,27,2065,22.9,10,4,14,6,4,4,5,0,0.44,,,,,,,,,,,,,,,,,,,,,,,,,648,eng ENG,FW,it Serie A,27,1998,22.9,10,50,25,50.0,2.18,1.09,0.12,0.24,4,4,798,eng ENG,FW,it Serie A,27,1998,30,2065,69,60.4,22.9,27,74,9,3,20,0,1.4,31,28,+3,0.13,0.53,648,eng ENG,FW,it Serie A,27,1998,22.9,5,0,0,41,47,10,5,1,5,0
88755,2025-12-23,15000000,SSC Napoli,6195,IT1,Kevin De Bruyne,649,be BEL,MF,Napoli,it Serie A,34.0,1991,18,13,1165,12.9,5,2,7,2,3,3,1,0,0.31,,,,,,,,,,,,,,,,,,,,,,,,,649,be BEL,MF,it Serie A,34,1991,12.9,5,27,11,40.7,2.09,0.85,0.07,0.18,3,3,800,be BEL,MF,it Serie A,34,1991,18,1165,65,34.1,12.9,13,73,4,5,42,0,2.28,22,8,+14,1.08,0.76,649,be BEL,MF,it Serie A,34,1991,12.9,1,0,0,8,6,4,58,5,8,0
429915,2025-12-09,22000000,Brighton & Hove Albion,1237,GB1,Maxim De Cuyper,651,be BEL,"DF,MF",Brighton,eng Premier League,24.0,2000,30,17,1415,15.7,2,3,5,2,0,0,2,0,0.32,,,,,,,,,,,,,,,,,,,,,,,,,651,be BEL,"DF,MF",eng Premier League,24,2000,15.7,2,13,6,46.2,0.83,0.38,0.15,0.33,0,0,803,be BEL,"DF,MF",eng Premier League,24,2000,30,1415,47,41.4,15.7,17,70,5,13,18,6,1.4,21,23,-2,-0.13,-0.49,651,be BEL,"DF,MF",eng Premier League,24,2000,15.7,2,0,0,18,21,1,77,11,10,0
435772,2024-06-05,34000000,Atalanta BC,800,IT1,Charles De Ketelaere,652,be BEL,"MF,FW",Atalanta,it Serie A,24.0,2001,31,26,2177,24.2,3,5,8,3,0,0,4,0,0.33,,,,,,,,,,,,,,,,,,,,,,,,,652,be BEL,"MF,FW",it Serie A,24,2001,24.2,3,46,16,34.8,1.9,0.66,0.07,0.19,0,0,804,be BEL,"MF,FW",it Serie A,24,2001,31,2177,70,63.7,24.2,26,79,10,5,27,0,1.45,33,20,+13,0.54,0.39,652,be BEL,"MF,FW",it Serie A,24,2001,24.2,4,0,0,23,36,3,46,5,15,0
375816,2023-10-11,1400000,UC Sampdoria,1038,IT1,Manuel De Luca,654,it ITA,FW,Cremonese,it Serie A,27.0,1998,2,0,16,0.2,1,0,1,0,1,1,0,0,0.0,,,,,,,,,,,,,,,,,,,,,,,,,654,it ITA,FW,it Serie A,27,1998,0.2,1,2,2,100.0,11.25,11.25,0.0,0.0,1,1,806,it ITA,FW,it Serie A,27,1998,2,16,8,0.5,0.2,0,,0,2,8,0,3.0,1,0,+1,5.63,6.31,654,it ITA,FW,it Serie A,27,1998,0.2,0,0,0,1,1,0,0,0,0,0
695422,2023-06-27,150000,AJ Auxerre,290,FR1,Théo De Percin,655,mq MTQ,GK,Auxerre,fr Ligue 1,24.0,2001,8,5,598,6.6,0,0,0,0,0,0,0,0,0.0,37,mq MTQ,GK,fr Ligue 1,24,2001,8,5,598,6.6,9,1.35,22,15,63.6,1,1,3,1,20.0,2,1,1,0,655,mq MTQ,GK,fr Ligue 1,24,2001,6.6,0,0,0,,0.0,0.0,,,0,0,809,mq MTQ,GK,fr Ligue 1,24,2001,8,598,75,19.5,6.6,5,90,5,3,49,26,1.0,10,9,+1,0.15,0.55,655,mq MTQ,GK,fr Ligue 1,24,2001,6.6,0,0,0,0,1,0,0,0,0,0
33571,2024-06-05,400000,Bologna FC 1909,1025,IT1,Lorenzo De Silvestri,656,it ITA,DF,Bologna,it Serie A,37.0,1988,12,6,491,5.5,0,0,0,0,0,0,2,0,0.0,,,,,,,,,,,,,,,,,,,,,,,,,656,it ITA,DF,it Serie A,37,1988,5.5,0,0,0,,0.0,0.0,,,0,0,811,it ITA,DF,it Serie A,37,1988,12,491,41,14.4,5.5,6,61,0,6,21,23,1.58,8,4,+4,0.73,0.76,656,it ITA,DF,it Serie A,37,1988,5.5,2,0,0,9,3,0,7,7,1,0
340177,2024-06-03,4000000,Stade Reims,10004,FR1,Thibault De Smet,657,be BEL,DF,Paris FC,fr Ligue 1,27.0,1998,17,13,1144,12.7,0,1,1,0,0,0,6,2,0.08,,,,,,,,,,,,,,,,,,,,,,,,,657,be BEL,DF,fr Ligue 1,27,1998,12.7,0,4,0,0.0,0.31,0.0,0.0,,0,0,812,be BEL,DF,fr Ligue 1,27,1998,17,1144,67,37.4,12.7,13,82,5,4,20,6,1.18,20,22,-2,-0.16,-0.11,657,be BEL,DF,fr Ligue 1,27,1998,12.7,6,2,2,11,13,1,26,10,11,0
490384,2024-06-05,12000000,Genoa CFC,5,IT1,Koni De Winter,658,be BEL,DF,Milan,it Serie A,23.0,2002,26,19,1800,20.0,1,1,2,1,0,0,1,0,0.1,,,,,,,,,,,,,,,,,,,,,,,,,658,be BEL,DF,it Serie A,23,2002,20.0,1,7,1,14.3,0.35,0.05,0.14,1.0,0,0,813,be BEL,DF,it Serie A,23,2002,26,1800,69,52.6,20.0,19,88,17,7,18,12,1.96,27,21,+6,0.3,-0.37,658,be BEL,DF,it Serie A,23,2002,20.0,1,0,0,27,8,1,5,13,19,0
235931,2025-12-23,1600000,Cagliari Calcio,1390,IT1,Alessandro Deiola,659,it ITA,"MF,DF",Cagliari,it Serie A,29.0,1995,20,17,1430,15.9,0,2,2,0,0,0,3,0,0.13,,,,,,,,,,,,,,,,,,,,,,,,,659,it ITA,"MF,DF",it Serie A,29,1995,15.9,0,22,7,31.8,1.38,0.44,0.0,0.0,0,0,814,it ITA,"MF,DF",it Serie A,29,1995,20,1430,72,41.8,15.9,17,79,9,3,30,5,1.45,23,21,+2,0.13,0.8,659,it ITA,"MF,DF",it Serie A,29,1995,15.9,3,0,0,22,11,7,2,13,20,0
353399,2024-06-03,10000000,Stade Brestois 29,3911,FR1,Romain Del Castillo,660,fr FRA,"MF,FW",Brest,fr Ligue 1,29.0,1996,32,32,2625,29.2,9,3,12,3,6,8,2,1,0.21,,,,,,,,,,,,,,,,,,,,,,,,,660,fr FRA,"MF,FW",fr Ligue 1,29,1996,29.2,9,33,13,39.4,1.13,0.45,0.09,0.23,6,8,815,fr FRA,"MF,FW",fr Ligue 1,29,1996,32,2625,82,85.8,29.2,32,82,11,0,,0,1.19,41,44,-3,-0.1,1.76,660,fr FRA,"MF,FW",fr Ligue 1,29,1996,29.2,2,1,0,28,43,5,198,28,36,0
170961,2025-12-15,500000,Le Havre AC,738,FR1,Thomas Delaine,661,fr FRA,"MF,DF",Le Havre,fr Ligue 1,33.0,1992,5,2,201,2.2,0,0,0,0,0,0,1,0,0.0,,,,,,,,,,,,,,,,,,,,,,,,,661,fr FRA,"MF,DF",fr Ligue 1,33,1992,2.2,0,3,0,0.0,1.34,0.0,0.0,,0,0,816,fr FRA,"MF,DF",fr Ligue 1,33,1992,5,201,40,6.6,2.2,2,74,0,3,18,4,2.0,3,1,+2,0.9,1.34,661,fr FRA,"MF,DF",fr Ligue 1,33,1992,2.2,1,0,0,2,1,0,18,3,0,0
610849,2023-10-27,7000000,Hull City,631,GB1,Liam Delap,662,eng ENG,FW,Chelsea,eng Premier League,22.0,2003,28,12,1107,12.3,1,0,1,1,0,0,4,0,0.08,,,,,,,,,,,,,,,,,,,,,,,,,662,eng ENG,FW,eng Premier League,22,2003,12.3,1,36,11,30.6,2.93,0.89,0.03,0.09,0,0,817,eng ENG,FW,eng Premier League,22,2003,28,1107,40,32.4,12.3,12,67,3,16,19,1,1.32,19,18,+1,0.08,-0.11,662,eng ENG,FW,eng Premier League,22,2003,12.3,4,0,0,25,19,5,6,1,3,0
530742,2024-05-31,2000000,Hatayspor,398,IT1,Fisayo Dele-Bashiru,663,ng NGA,MF,Lazio,it Serie A,24.0,2001,24,11,1187,13.2,1,0,1,1,0,0,0,0,0.08,,,,,,,,,,,,,,,,,,,,,,,,,663,ng NGA,MF,it Serie A,24,2001,13.2,1,9,2,22.2,0.68,0.15,0.11,0.5,0,0,818,ng NGA,MF,it Serie A,24,2001,24,1187,49,34.7,13.2,11,75,6,13,27,1,1.33,18,16,+2,0.15,0.19,663,ng NGA,MF,it Serie A,24,2001,13.2,0,0,0,8,3,2,10,4,15,0
392956,2025-12-23,6000000,Parma Calcio 1913,130,IT1,Enrico Delprato,664,it ITA,"DF,MF",Parma,it Serie A,25.0,1999,35,34,2951,32.8,2,0,2,2,0,0,5,0,0.06,,,,,,,,,,,,,,,,,,,,,,,,,664,it ITA,"DF,MF",it Serie A,25,1999,32.8,2,18,9,50.0,0.55,0.27,0.11,0.22,0,0,823,it ITA,"DF,MF",it Serie A,25,1999,35,2951,84,86.3,32.8,34,86,29,1,21,2,1.11,23,40,-17,-0.52,-0.33,664,it ITA,"DF,MF",it Serie A,25,1999,32.8,5,0,0,16,10,6,19,24,21,0
621802,2025-12-19,3000000,SV Werder Bremen,86,L1,Olivier Deman,665,be BEL,"DF,MF",Werder Bremen,de Bundesliga,25.0,2000,16,14,1254,13.9,1,2,3,1,0,0,3,0,0.22,,,,,,,,,,,,,,,,,,,,,,,,,665,be BEL,"DF,MF",de Bundesliga,25,2000,13.9,1,10,3,30.0,0.72,0.22,0.1,0.33,0,0,824,be BEL,"DF,MF",de Bundesliga,25,2000,16,1254,78,41.0,13.9,14,86,12,2,28,4,0.88,15,21,-6,-0.43,0.42,665,be BEL,"DF,MF",de Bundesliga,25,2000,13.9,3,0,0,19,12,3,63,10,26,0
949113,2023-06-09,300000,SV Zulte Waregem,415,FR1,Pape Demba Diop,666,sn SEN,MF,Toulouse,fr Ligue 1,21.0,2003,16,14,1271,14.1,1,2,3,1,0,0,2,0,0.21,,,,,,,,,,,,,,,,,,,,,,,,,666,sn SEN,MF,fr Ligue 1,21,2003,14.1,1,29,11,37.9,2.05,0.78,0.03,0.09,0,0,825,sn SEN,MF,fr Ligue 1,21,2003,16,1271,79,41.5,14.1,14,85,7,2,38,0,1.13,17,21,-4,-0.28,-0.53,666,sn SEN,MF,fr Ligue 1,21,2003,14.1,2,0,0,15,17,0,15,31,20,0
1004344,2024-06-03,300000,Venezia FC,607,IT1,Ali Dembélé,667,fr FRA,DF,Torino,it Serie A,21.0,2004,2,0,21,0.2,0,0,0,0,0,0,0,0,0.0,,,,,,,,,,,,,,,,,,,,,,,,,667,fr FRA,DF,it Serie A,21,2004,0.2,0,1,0,0.0,4.29,0.0,0.0,,0,0,826,fr FRA,DF,it Serie A,21,2004,2,21,11,0.6,0.2,0,,0,2,11,19,2.0,3,1,+2,8.57,9.13,667,fr FRA,DF,it Serie A,21,2004,0.2,0,0,0,0,0,0,0,0,0,0
288230,2025-12-15,100000000,Paris Saint-Germain,583,FR1,Ousmane Dembélé,668,fr FRA,FW,Paris Saint-Germain,fr Ligue 1,28.0,1997,22,11,1063,11.8,10,7,17,8,2,3,0,0,1.27,,,,,,,,,,,,,,,,,,,,,,,,,668,fr FRA,FW,fr Ligue 1,28,1997,11.8,10,45,18,40.0,3.81,1.52,0.18,0.44,2,3,827,fr FRA,FW,fr Ligue 1,28,1997,22,1063,48,34.7,11.8,11,69,1,11,28,2,2.23,37,8,+29,2.46,1.73,668,fr FRA,FW,fr Ligue 1,28,1997,11.8,0,0,0,3,4,8,49,0,3,0
539232,2024-06-03,1200000,RC Strasbourg Alsace,347,FR1,Jessy Deminguet,669,fr FRA,MF,Metz,fr Ligue 1,27.0,1998,31,25,1995,22.2,2,0,2,2,0,0,4,0,0.09,,,,,,,,,,,,,,,,,,,,,,,,,669,fr FRA,MF,fr Ligue 1,27,1998,22.2,2,17,7,41.2,0.77,0.32,0.12,0.29,0,0,828,fr FRA,MF,fr Ligue 1,27,1998,31,1995,64,65.2,22.2,25,75,1,6,22,0,0.52,18,47,-29,-1.31,-0.04,669,fr FRA,MF,fr Ligue 1,27,1998,22.2,4,0,0,28,32,0,19,22,21,0
640556,2023-07-04,400000,PEC Zwolle,3,L1,Rav van den Berg,671,nl NED,DF,Köln,de Bundesliga,21.0,2004,14,12,1131,12.6,0,1,1,0,0,0,0,1,0.08,,,,,,,,,,,,,,,,,,,,,,,,,671,nl NED,DF,de Bundesliga,21,2004,12.6,0,1,0,0.0,0.08,0.0,0.0,,0,0,830,nl NED,DF,de Bundesliga,21,2004,14,1131,81,37.0,12.6,12,87,9,2,42,9,0.93,17,21,-4,-0.32,0.15,671,nl NED,DF,de Bundesliga,21,2004,12.6,0,1,0,10,3,1,1,14,8,0
541231,2025-12-09,28000000,Brentford FC,1148,GB1,Sepp van den Berg,672,nl NED,DF,Brentford,eng Premier League,23.0,2001,32,30,2763,30.7,0,2,2,0,0,0,2,0,0.07,,,,,,,,,,,,,,,,,,,,,,,,,672,nl NED,DF,eng Premier League,23,2001,30.7,0,23,7,30.4,0.75,0.23,0.0,0.0,0,0,831,nl NED,DF,eng Premier League,23,2001,32,2763,86,80.8,30.7,30,90,30,2,32,5,1.34,43,41,+2,0.07,-0.07,672,nl NED,DF,eng Premier League,23,2001,30.7,2,0,0,15,11,0,0,26,9,0
203938,2025-12-02,2500000,Ajax Amsterdam,1420,FR1,Branco van den Boomen,673,nl NED,MF,Angers,fr Ligue 1,30.0,1995,15,14,1238,13.8,0,1,1,0,0,1,3,0,0.07,,,,,,,,,,,,,,,,,,,,,,,,,673,nl NED,MF,fr Ligue 1,30,1995,13.8,0,13,5,38.5,0.95,0.36,0.0,0.0,0,1,832,nl NED,MF,fr Ligue 1,30,1995,15,1238,83,40.5,13.8,14,86,9,1,30,0,0.93,9,21,-12,-0.87,-0.53,673,nl NED,MF,fr Ligue 1,30,1995,13.8,3,0,0,19,9,0,69,7,15,0
168157,2025-12-12,4000000,Real Oviedo,2497,ES1,Leander Dendoncker,674,be BEL,MF,Oviedo,es La Liga,30.0,1995,19,15,1330,14.8,1,0,1,1,0,0,2,0,0.07,,,,,,,,,,,,,,,,,,,,,,,,,674,be BEL,MF,es La Liga,30,1995,14.8,1,9,4,44.4,0.61,0.27,0.11,0.25,0,0,833,be BEL,MF,es La Liga,30,1995,19,1330,70,38.9,14.8,15,86,8,4,11,5,0.79,7,25,-18,-1.22,-0.53,674,be BEL,MF,es La Liga,30,1995,14.8,2,0,0,12,3,1,5,11,25,0
282028,2025-12-15,2000000,Olympique Lyon,1041,FR1,Rémy Descamps,678,fr FRA,GK,Lyon,fr Ligue 1,29.0,1996,5,5,450,5.0,0,0,0,0,0,0,0,0,0.0,38,fr FRA,GK,fr Ligue 1,29,1996,5,5,450,5.0,3,0.6,17,14,82.4,3,1,1,4,80.0,0,0,0,0,678,fr FRA,GK,fr Ligue 1,29,1996,5.0,0,0,0,,0.0,0.0,,,0,0,838,fr FRA,GK,fr Ligue 1,29,1996,5,450,90,14.7,5.0,5,90,5,0,,24,2.0,6,3,+3,0.6,0.26,678,fr FRA,GK,fr Ligue 1,29,1996,5.0,0,0,0,0,0,0,0,0,0,1
747009,2025-12-09,8000000,Crystal Palace,873,GB1,Justin Devenny,680,nir NIR,"MF,FW",Crystal Palace,eng Premier League,21.0,2003,21,7,796,8.8,1,0,1,0,1,1,0,0,0.0,,,,,,,,,,,,,,,,,,,,,,,,,680,nir NIR,"MF,FW",eng Premier League,21,2003,8.8,1,13,4,30.8,1.47,0.45,0.0,0.0,1,1,840,nir NIR,"MF,FW",eng Premier League,21,2003,21,796,38,23.3,8.8,7,84,3,14,15,15,1.29,7,15,-8,-0.9,-0.84,680,nir NIR,"MF,FW",eng Premier League,21,2003,8.8,0,0,0,11,10,1,17,1,11,0
475188,2025-12-09,28000000,Everton FC,29,GB1,Kiernan Dewsbury-Hall,682,eng ENG,MF,Everton,eng Premier League,26.0,1998,31,30,2626,29.2,8,4,12,8,0,0,6,0,0.41,,,,,,,,,,,,,,,,,,,,,,,,,682,eng ENG,MF,eng Premier League,26,1998,29.2,8,39,15,38.5,1.34,0.51,0.21,0.53,0,0,842,eng ENG,MF,eng Premier League,26,1998,31,2626,85,76.8,29.2,30,86,18,1,45,0,1.23,38,39,-1,-0.03,0.19,682,eng ENG,MF,eng Premier League,26,1998,29.2,6,0,0,32,48,2,112,14,26,0
70580,2025-12-23,300000,Inter Milan,46,IT1,Raffaele Di Gennaro,683,it ITA,GK,Inter,it Serie A,31.0,1993,1,0,10,0.1,0,0,0,0,0,0,0,0,0.0,39,it ITA,GK,it Serie A,31,1993,1,0,10,0.1,1,9.0,2,1,50.0,0,0,0,0,,0,0,0,0,683,it ITA,GK,it Serie A,31,1993,0.1,0,0,0,,0.0,0.0,,,0,0,843,it ITA,GK,it Serie A,31,1993,1,10,10,0.3,0.1,0,,0,1,10,22,1.0,0,1,-1,-9.0,-10.45,683,it ITA,GK,it Serie A,31,1993,0.1,0,0,0,0,0,0,0,0,0,0
301238,2025-12-23,18000000,Juventus FC,506,IT1,Michele Di Gregorio,684,it ITA,GK,Juventus,it Serie A,28.0,1997,30,29,2655,29.5,0,0,0,0,0,0,1,0,0.0,40,it ITA,GK,it Serie A,28,1997,30,29,2655,29.5,25,0.85,85,60,71.8,15,9,5,14,48.3,3,1,0,2,684,it ITA,GK,it Serie A,28,1997,29.5,0,0,0,,0.0,0.0,,,0,0,844,it ITA,GK,it Serie A,28,1997,30,2655,89,77.6,29.5,29,90,29,1,45,8,1.9,46,25,+21,0.71,0.01,684,it ITA,GK,it Serie A,28,1997,29.5,1,0,0,0,5,0,0,0,0,0
169880,2025-12-23,10000000,SSC Napoli,6195,IT1,Giovanni Di Lorenzo,685,it ITA,"DF,MF",Napoli,it Serie A,31.0,1993,26,26,2276,25.3,2,1,3,2,0,0,1,0,0.12,,,,,,,,,,,,,,,,,,,,,,,,,685,it ITA,"DF,MF",it Serie A,31,1993,25.3,2,25,9,36.0,0.99,0.36,0.08,0.22,0,0,845,it ITA,"DF,MF",it Serie A,31,1993,26,2276,88,66.5,25.3,26,88,24,0,,1,2.0,37,23,+14,0.55,-0.08,685,it ITA,"DF,MF",it Serie A,31,1993,25.3,1,0,0,33,23,1,38,9,26,0
457674,2025-12-23,800000,Cagliari Calcio,1390,IT1,Alessandro Di Pardo,686,it ITA,"DF,MF",Cagliari,it Serie A,26.0,1999,3,0,54,0.6,0,0,0,0,0,0,0,0,0.0,,,,,,,,,,,,,,,,,,,,,,,,,686,it ITA,"DF,MF",it Serie A,26,1999,0.6,0,1,0,0.0,1.67,0.0,0.0,,0,0,846,it ITA,"DF,MF",it Serie A,26,1999,3,54,18,1.6,0.6,0,,0,3,18,16,1.33,0,2,-2,-3.33,-3.04,686,it ITA,"DF,MF",it Serie A,26,1999,0.6,0,0,0,0,1,0,0,0,1,0
626913,2024-06-05,10000000,US Salernitana 1919,398,IT1,Boulaye Dia,687,sn SEN,"FW,MF",Lazio,it Serie A,28.0,1996,27,14,1253,13.9,1,2,3,1,0,0,1,0,0.22,,,,,,,,,,,,,,,,,,,,,,,,,687,sn SEN,"FW,MF",it Serie A,28,1996,13.9,1,12,7,58.3,0.86,0.5,0.08,0.14,0,0,847,sn SEN,"FW,MF",it Serie A,28,1996,27,1253,46,36.6,13.9,14,70,2,13,21,5,1.44,14,11,+3,0.22,0.3,687,sn SEN,"FW,MF",it Serie A,28,1996,13.9,1,0,0,19,14,4,0,3,7,0
435493,2023-06-01,300000,Preston North End,498,BE1,Bambo Diaby,689,sn SEN,DF,Elche,es La Liga,27.0,1997,4,1,102,1.1,0,0,0,0,0,0,1,0,0.0,,,,,,,,,,,,,,,,,,,,,,,,,689,sn SEN,DF,es La Liga,27,1997,1.1,0,0,0,,0.0,0.0,,,0,0,850,sn SEN,DF,es La Liga,27,1997,4,102,26,3.0,1.1,1,45,0,3,19,15,1.25,0,4,-4,-3.53,-3.42,689,sn SEN,DF,es La Liga,27,1997,1.1,1,0,0,3,3,0,0,1,0,0
346289,2025-12-12,2800000,Valencia CF,1049,ES1,Mouctar Diakhaby,690,gn GUI,DF,Valencia,es La Liga,28.0,1996,8,7,543,6.0,1,0,1,1,0,0,3,0,0.17,,,,,,,,,,,,,,,,,,,,,,,,,690,gn GUI,DF,es La Liga,28,1996,6.0,1,4,3,75.0,0.66,0.5,0.25,0.33,0,0,851,gn GUI,DF,es La Liga,28,1996,8,543,68,15.9,6.0,7,74,5,1,24,2,0.88,9,11,-2,-0.33,-0.11,690,gn GUI,DF,es La Liga,28,1996,6.0,3,0,0,7,3,1,0,9,6,0
463605,2025-12-09,35000000,AFC Bournemouth,989,GB1,Bafodé Diakité,691,fr FRA,DF,Bournemouth,eng Premier League,24.0,2001,18,15,1277,14.2,0,0,0,0,0,0,1,0,0.0,,,,,,,,,,,,,,,,,,,,,,,,,691,fr FRA,DF,eng Premier League,24,2001,14.2,0,1,0,0.0,0.07,0.0,0.0,,0,0,852,fr FRA,DF,eng Premier League,24,2001,18,1277,71,37.3,14.2,15,84,13,3,6,19,1.28,21,27,-6,-0.42,-0.84,691,fr FRA,DF,eng Premier League,24,2001,14.2,1,0,0,8,4,2,1,10,15,0
536835,2025-12-09,50000000,Manchester United,985,GB1,Amad Diallo,692,ci CIV,MF,Manchester Utd,eng Premier League,23.0,2002,32,27,2341,26.0,2,3,5,2,0,0,2,0,0.19,,,,,,,,,,,,,,,,,,,,,,,,,692,ci CIV,MF,eng Premier League,23,2002,26.0,2,53,23,43.4,2.04,0.88,0.04,0.09,0,0,853,ci CIV,MF,eng Premier League,23,2002,32,2341,73,68.5,26.0,27,82,17,5,25,0,2.03,52,33,+19,0.73,0.73,692,ci CIV,MF,eng Premier League,23,2002,26.0,2,0,0,24,38,12,46,15,23,0
344888,2023-10-24,14000000,Al-Shabab FC,347,FR1,Habib Diallo,693,sn SEN,FW,Metz,fr Ligue 1,30.0,1995,25,21,1909,21.2,4,1,5,4,0,1,0,0,0.24,,,,,,,,,,,,,,,,,,,,,,,,,693,sn SEN,FW,fr Ligue 1,30,1995,21.2,4,38,12,31.6,1.79,0.57,0.11,0.33,0,1,854,sn SEN,FW,fr Ligue 1,30,1995,25,1909,76,62.4,21.2,21,86,16,4,26,1,0.56,17,49,-32,-1.51,-0.57,693,sn SEN,FW,fr Ligue 1,30,1995,21.2,0,0,0,27,29,11,4,2,5,0
1004479,2026-01-15,150000,OGC Nice Espoir,129785,,Zoumana Diallo,694,fr FRA,FW,Nice,fr Ligue 1,20.0,2005,1,0,10,0.1,0,0,0,0,0,0,0,0,0.0,,,,,,,,,,,,,,,,,,,,,,,,,694,fr FRA,FW,fr Ligue 1,20,2005,0.1,0,0,0,,0.0,0.0,,,0,0,855,fr FRA,FW,fr Ligue 1,20,2005,1,10,10,0.3,0.1,0,,0,1,10,5,1.0,0,0,0,0.0,0.68,694,fr FRA,FW,fr Ligue 1,20,2005,0.1,0,0,0,2,1,0,0,0,0,0
342048,2023-06-01,4500000,West Bromwich Albion,1531,ES1,Grady Diangana,695,cd COD,"MF,FW",Elche,es La Liga,27.0,1998,20,13,926,10.3,1,0,1,1,0,0,3,0,0.1,,,,,,,,,,,,,,,,,,,,,,,,,695,cd COD,"MF,FW",es La Liga,27,1998,10.3,1,16,2,12.5,1.56,0.19,0.06,0.5,0,0,857,cd COD,"MF,FW",es La Liga,27,1998,20,926,46,27.1,10.3,13,62,0,7,18,6,1.05,14,14,0,0.0,0.29,695,cd COD,"MF,FW",es La Liga,27,1998,10.3,3,0,0,15,19,5,12,4,6,0
1061282,2024-06-07,12000000,Real Betis Balompié,1047,IT1,Assane Diao,696,sn SEN,MF,Como,it Serie A,19.0,2005,17,13,1075,11.9,2,1,3,2,0,0,2,0,0.25,,,,,,,,,,,,,,,,,,,,,,,,,696,sn SEN,MF,it Serie A,19,2005,11.9,2,31,10,32.3,2.6,0.84,0.06,0.2,0,0,858,sn SEN,MF,it Serie A,19,2005,17,1075,63,31.4,11.9,13,72,2,4,36,1,1.71,18,11,+7,0.59,-0.53,696,sn SEN,MF,it Serie A,19,2005,11.9,2,0,0,15,39,3,27,4,5,0
1184007,2025-12-15,300000,LOSC Lille B,1082,FR1,Soriba Diaoune,697,fr FRA,MF,Lille,fr Ligue 1,17.0,2007,10,1,185,2.1,1,1,2,1,0,0,0,0,0.97,,,,,,,,,,,,,,,,,,,,,,,,,697,fr FRA,MF,fr Ligue 1,17,2007,2.1,1,10,4,40.0,4.86,1.95,0.1,0.25,0,0,859,fr FRA,MF,fr Ligue 1,17,2007,10,185,19,6.0,2.1,1,65,0,9,13,8,1.2,6,6,0,0.0,-0.47,697,fr FRA,MF,fr Ligue 1,17,2007,2.1,0,0,0,5,3,0,5,1,2,0
876631,2025-12-09,32000000,Sunderland AFC,289,GB1,Habib Diarra,698,sn SEN,MF,Sunderland,eng Premier League,21.0,2004,20,15,1405,15.6,2,2,4,1,1,1,6,0,0.19,,,,,,,,,,,,,,,,,,,,,,,,,698,sn SEN,MF,eng Premier League,21,2004,15.6,2,26,8,30.8,1.67,0.51,0.04,0.13,1,1,860,sn SEN,MF,eng Premier League,21,2004,20,1405,70,41.1,15.6,15,85,8,5,27,1,1.4,17,19,-2,-0.13,0.05,698,sn SEN,MF,eng Premier League,21,2004,15.6,6,0,0,19,27,3,32,4,7,0
694509,2024-06-03,2000000,FC Toulouse,58,BE1,Moussa Diarra,699,ml MLI,DF,Alavés,es La Liga,24.0,2000,3,3,216,2.4,0,0,0,0,0,0,1,0,0.0,,,,,,,,,,,,,,,,,,,,,,,,,699,ml MLI,DF,es La Liga,24,2000,2.4,0,0,0,,0.0,0.0,,,0,0,862,ml MLI,DF,es La Liga,24,2000,3,216,72,6.3,2.4,3,72,0,0,,11,1.33,3,3,0,0.0,0.34,699,ml MLI,DF,es La Liga,24,2000,2.4,1,0,0,4,1,0,1,1,2,0
258004,2025-12-09,60000000,Manchester City,281,GB1,Rúben Dias,700,pt POR,DF,Manchester City,eng Premier League,28.0,1997,26,24,2141,23.8,2,0,2,2,0,0,3,0,0.08,,,,,,,,,,,,,,,,,,,,,,,,,700,pt POR,DF,eng Premier League,28,1997,23.8,2,10,4,40.0,0.42,0.17,0.2,0.5,0,0,863,pt POR,DF,eng Premier League,28,1997,26,2141,82,62.6,23.8,24,88,22,2,18,4,2.12,54,22,+32,1.35,0.64,700,pt POR,DF,eng Premier League,28,1997,23.8,3,0,0,15,9,0,9,23,6,0
490426,2025-12-15,6000000,AS Monaco,162,FR1,Krépin Diatta,703,sn SEN,"MF,DF",Monaco,fr Ligue 1,26.0,1999,18,10,1013,11.3,0,1,1,0,0,0,2,0,0.09,,,,,,,,,,,,,,,,,,,,,,,,,703,sn SEN,"MF,DF",fr Ligue 1,26,1999,11.3,0,7,1,14.3,0.62,0.09,0.0,0.0,0,0,866,sn SEN,"MF,DF",fr Ligue 1,26,1999,18,1013,56,33.1,11.3,10,78,6,8,29,1,1.72,21,17,+4,0.36,0.27,703,sn SEN,"MF,DF",fr Ligue 1,26,1999,11.3,2,0,0,8,10,4,39,15,16,0
164904,2024-06-03,1800000,Clermont Foot 63,738,FR1,Mory Diaw,704,sn SEN,GK,Le Havre,fr Ligue 1,32.0,1993,30,30,2655,29.5,0,1,1,0,0,0,1,0,0.03,41,sn SEN,GK,fr Ligue 1,32,1993,30,30,2655,29.5,41,1.39,113,80,69.0,6,12,12,7,23.3,8,6,2,0,704,sn SEN,GK,fr Ligue 1,32,1993,29.5,0,0,0,,0.0,0.0,,,0,0,867,sn SEN,GK,fr Ligue 1,32,1993,30,2655,89,86.8,29.5,30,89,29,0,,1,1.0,28,41,-13,-0.44,-0.66,704,sn SEN,GK,fr Ligue 1,32,1993,29.5,1,0,0,0,6,0,0,2,0,0
314678,2024-06-07,40000000,Real Madrid,418,ES1,Brahim Díaz,705,ma MAR,"MF,FW",Real Madrid,es La Liga,25.0,1999,30,13,1257,14.0,1,6,7,1,0,0,2,0,0.5,,,,,,,,,,,,,,,,,,,,,,,,,705,ma MAR,"MF,FW",es La Liga,25,1999,14.0,1,15,7,46.7,1.07,0.5,0.07,0.14,0,0,868,ma MAR,"MF,FW",es La Liga,25,1999,30,1257,42,36.8,14.0,13,70,0,17,20,5,2.33,22,11,+11,0.79,-0.5,705,ma MAR,"MF,FW",es La Liga,25,1999,14.0,2,0,0,19,37,3,20,2,10,0
1009596,2024-06-11,400000,FC Annecy,3911,FR1,Junior Diaz,708,ci CIV,DF,Brest,fr Ligue 1,22.0,2003,20,17,1562,17.4,0,0,0,0,0,0,4,0,0.0,,,,,,,,,,,,,,,,,,,,,,,,,708,ci CIV,DF,fr Ligue 1,22,2003,17.4,0,7,1,14.3,0.4,0.06,0.0,0.0,0,0,872,ci CIV,DF,fr Ligue 1,22,2003,20,1562,78,51.0,17.4,17,89,16,3,16,13,1.25,22,24,-2,-0.12,0.49,708,ci CIV,DF,fr Ligue 1,22,2003,17.4,4,0,0,8,11,0,1,25,18,0
480692,2025-12-19,70000000,Bayern Munich,27,L1,Luis Díaz,709,co COL,MF,Bayern Munich,de Bundesliga,28.0,1997,32,27,2447,27.2,15,14,29,15,0,0,7,1,1.07,,,,,,,,,,,,,,,,,,,,,,,,,709,co COL,MF,de Bundesliga,28,1997,27.2,15,88,37,42.0,3.24,1.36,0.17,0.41,0,0,873,co COL,MF,de Bundesliga,28,1997,32,2447,76,80.0,27.2,27,84,19,5,37,0,2.66,98,29,+69,2.54,0.04,709,co COL,MF,de Bundesliga,28,1997,27.2,7,1,1,35,38,26,45,17,13,0
363057,2025-12-12,3000000,Rayo Vallecano,367,ES1,Pedro Díaz,710,es ESP,MF,Rayo Vallecano,es La Liga,27.0,1998,34,21,1870,20.8,0,1,1,0,0,0,2,0,0.05,,,,,,,,,,,,,,,,,,,,,,,,,710,es ESP,MF,es La Liga,27,1998,20.8,0,44,6,13.6,2.12,0.29,0.0,0.0,0,0,874,es ESP,MF,es La Liga,27,1998,34,1870,55,54.7,20.8,21,76,9,13,21,1,1.32,24,31,-7,-0.34,-0.57,710,es ESP,MF,es La Liga,27,1998,20.8,2,0,0,20,13,0,38,9,25,0
866655,2025-12-09,30000000,Everton FC,29,GB1,Tyler Dibling,711,eng ENG,MF,Everton,eng Premier League,19.0,2006,14,4,358,4.0,0,0,0,0,0,0,2,0,0.0,,,,,,,,,,,,,,,,,,,,,,,,,711,eng ENG,MF,eng Premier League,19,2006,4.0,0,4,0,0.0,1.01,0.0,0.0,,0,0,875,eng ENG,MF,eng Premier League,19,2006,14,358,26,10.5,4.0,4,67,1,10,9,22,1.14,4,2,+2,0.5,0.65,711,eng ENG,MF,eng Premier League,19,2006,4.0,2,0,0,11,11,0,7,6,3,0
173750,2024-06-11,500000,Paris FC,10004,FR1,Nouha Dicko,712,ml MLI,"FW,MF",Paris FC,fr Ligue 1,33.0,1992,8,0,72,0.8,1,1,2,1,0,0,0,0,2.5,,,,,,,,,,,,,,,,,,,,,,,,,712,ml MLI,"FW,MF",fr Ligue 1,33,1992,0.8,1,4,2,50.0,5.0,2.5,0.25,0.5,0,0,876,ml MLI,"FW,MF",fr Ligue 1,33,1992,8,72,9,2.4,0.8,0,,0,8,9,7,1.0,3,2,+1,1.25,1.37,712,ml MLI,"FW,MF",fr Ligue 1,33,1992,0.8,0,0,0,4,4,2,2,0,0,0
822458,2024-06-03,4000000,FC Lorient,1158,FR1,Bamba Dieng,714,sn SEN,FW,Lorient,fr Ligue 1,25.0,2000,22,15,1212,13.5,10,1,11,9,1,2,2,0,0.74,,,,,,,,,,,,,,,,,,,,,,,,,714,sn SEN,FW,fr Ligue 1,25,2000,13.5,10,45,24,53.3,3.34,1.78,0.2,0.38,1,2,878,sn SEN,FW,fr Ligue 1,25,2000,22,1212,55,39.6,13.5,15,72,0,7,19,5,1.55,22,15,+7,0.52,1.01,714,sn SEN,FW,fr Ligue 1,25,2000,13.5,2,0,0,15,13,9,2,2,2,0
175722,2025-12-15,7000000,AS Monaco,162,FR1,Eric Dier,715,eng ENG,DF,Monaco,fr Ligue 1,31.0,1994,9,7,688,7.6,1,0,1,1,0,0,0,0,0.13,,,,,,,,,,,,,,,,,,,,,,,,,715,eng ENG,DF,fr Ligue 1,31,1994,7.6,1,3,2,66.7,0.39,0.26,0.33,0.5,0,0,879,eng ENG,DF,fr Ligue 1,31,1994,9,688,76,22.5,7.6,7,90,7,2,29,10,1.33,15,15,0,0.0,-0.23,715,eng ENG,DF,fr Ligue 1,31,1994,7.6,0,0,0,9,4,0,2,10,2,0
126664,2025-12-09,8000000,Aston Villa,405,GB1,Lucas Digne,716,fr FRA,DF,Aston Villa,eng Premier League,32.0,1993,31,21,1852,20.6,0,6,6,0,0,0,3,0,0.29,,,,,,,,,,,,,,,,,,,,,,,,,716,fr FRA,DF,eng Premier League,32,1993,20.6,0,14,5,35.7,0.68,0.24,0.0,0.0,0,0,880,fr FRA,DF,eng Premier League,32,1993,31,1852,60,54.2,20.6,21,80,10,10,16,7,1.77,29,23,+6,0.29,0.23,716,fr FRA,DF,eng Premier League,32,1993,20.6,3,0,0,14,12,3,108,13,26,0
335209,2025-12-19,5000000,Borussia Mönchengladbach,18,L1,Kevin Diks,717,id IDN,DF,Gladbach,de Bundesliga,28.0,1996,30,28,2464,27.4,5,0,5,1,4,4,6,0,0.04,,,,,,,,,,,,,,,,,,,,,,,,,717,id IDN,DF,de Bundesliga,28,1996,27.4,5,23,13,56.5,0.84,0.47,0.04,0.08,4,4,881,id IDN,DF,de Bundesliga,28,1996,30,2464,82,80.5,27.4,28,87,23,2,18,0,1.2,40,43,-3,-0.11,1.1,717,id IDN,DF,de Bundesliga,28,1996,27.4,6,0,0,15,22,1,5,24,30,0
198116,2025-12-23,50000000,Inter Milan,46,IT1,Federico Dimarco,718,it ITA,MF,Inter,it Serie A,27.0,1997,35,30,2698,30.0,7,16,23,7,0,0,3,0,0.77,,,,,,,,,,,,,,,,,,,,,,,,,718,it ITA,MF,it Serie A,27,1997,30.0,7,65,22,33.8,2.17,0.73,0.11,0.32,0,0,883,it ITA,MF,it Serie A,27,1997,35,2698,77,78.9,30.0,30,84,20,5,36,3,2.23,73,27,+46,1.53,0.54,718,it ITA,MF,it Serie A,27,1997,30.0,3,0,0,41,23,5,295,30,31,0
165467,2025-12-12,2000000,Valencia CF,1049,ES1,Stole Dimitrievski,719,mk MKD,GK,Valencia,es La Liga,31.0,1993,20,20,1800,20.0,0,0,0,0,0,0,1,0,0.0,42,mk MKD,GK,es La Liga,31,1993,20,20,1800,20.0,25,1.25,74,52,70.3,10,3,7,5,25.0,4,3,0,1,719,mk MKD,GK,es La Liga,31,1993,20.0,0,0,0,,0.0,0.0,,,0,0,884,mk MKD,GK,es La Liga,31,1993,20,1800,90,52.6,20.0,20,90,20,0,,15,1.65,29,25,+4,0.2,0.92,719,mk MKD,GK,es La Liga,31,1993,20.0,1,0,0,0,4,0,0,1,0,0
536482,2025-12-15,6000000,Stade Brestois 29,3911,FR1,Junior Dina Ebimbe,720,cm CMR,MF,Brest,fr Ligue 1,24.0,2000,27,15,1165,12.9,5,0,5,5,0,0,3,0,0.39,,,,,,,,,,,,,,,,,,,,,,,,,720,cm CMR,MF,fr Ligue 1,24,2000,12.9,5,27,9,33.3,2.09,0.7,0.19,0.56,0,0,885,cm CMR,MF,fr Ligue 1,24,2000,27,1165,43,38.1,12.9,15,66,1,12,14,2,1.04,15,21,-6,-0.46,-0.18,720,cm CMR,MF,fr Ligue 1,24,2000,12.9,3,0,0,22,15,3,4,6,16,0
645774,2025-12-19,6000000,SC Freiburg,2036,L1,Eren Dinkçi,721,de GER,"MF,FW",Heidenheim,de Bundesliga,23.0,2001,14,13,1131,12.6,3,1,4,3,0,0,3,0,0.32,,,,,,,,,,,,,,,,,,,,,,,,,721,de GER,"MF,FW",de Bundesliga,23,2001,12.6,3,25,9,36.0,1.99,0.72,0.12,0.33,0,0,886,de GER,"MF,FW",de Bundesliga,23,2001,14,1131,81,37.0,12.6,13,85,7,1,28,0,0.93,22,24,-2,-0.16,1.19,721,de GER,"MF,FW",de Bundesliga,23,2001,12.6,3,0,0,9,4,0,22,5,13,0
645774,2025-12-19,6000000,SC Freiburg,2036,L1,Eren Dinkçi,722,de GER,MF,Freiburg,de Bundesliga,23.0,2001,8,3,248,2.8,0,0,0,0,0,0,1,0,0.0,,,,,,,,,,,,,,,,,,,,,,,,,722,de GER,MF,de Bundesliga,23,2001,2.8,0,4,0,0.0,1.45,0.0,0.0,,0,0,887,de GER,MF,de Bundesliga,23,2001,8,248,31,8.1,2.8,3,62,0,5,12,0,1.13,4,7,-3,-1.09,-0.99,722,de GER,MF,de Bundesliga,23,2001,2.8,1,0,0,2,1,0,10,4,4,0
272622,2025-12-09,10000000,Fulham FC,931,GB1,Issa Diop,725,ma MAR,DF,Fulham,eng Premier League,28.0,1997,13,8,816,9.1,1,0,1,1,0,0,2,0,0.11,,,,,,,,,,,,,,,,,,,,,,,,,725,ma MAR,DF,eng Premier League,28,1997,9.1,1,2,1,50.0,0.22,0.11,0.5,1.0,0,0,890,ma MAR,DF,eng Premier League,28,1997,13,816,63,23.9,9.1,8,89,6,5,21,12,1.31,11,13,-2,-0.22,-0.15,725,ma MAR,DF,eng Premier League,28,1997,9.1,2,0,0,9,3,0,1,6,2,0
569389,2025-12-15,10000000,OGC Nice,417,FR1,Sofiane Diop,727,ma MAR,"MF,FW",Nice,fr Ligue 1,25.0,2000,33,26,2130,23.7,8,2,10,6,2,2,5,0,0.34,,,,,,,,,,,,,,,,,,,,,,,,,727,ma MAR,"MF,FW",fr Ligue 1,25,2000,23.7,8,54,17,31.5,2.28,0.72,0.11,0.35,2,2,893,ma MAR,"MF,FW",fr Ligue 1,25,2000,33,2130,65,69.6,23.7,26,75,5,7,27,0,0.97,29,43,-14,-0.59,0.28,727,ma MAR,"MF,FW",fr Ligue 1,25,2000,23.7,5,0,0,22,46,7,37,18,9,0
711976,2024-06-03,9000000,RC Lens,46,IT1,Andy Diouf,728,fr FRA,MF,Inter,it Serie A,22.0,2003,19,4,493,5.5,1,0,1,1,0,0,1,0,0.18,,,,,,,,,,,,,,,,,,,,,,,,,728,fr FRA,MF,it Serie A,22,2003,5.5,1,10,3,30.0,1.83,0.55,0.1,0.33,0,0,895,fr FRA,MF,it Serie A,22,2003,19,493,26,14.4,5.5,4,75,2,15,13,17,2.37,16,5,+11,2.01,0.69,728,fr FRA,MF,it Serie A,22,2003,5.5,1,0,0,5,3,1,6,1,6,0
711976,2024-06-03,9000000,RC Lens,46,IT1,Andy Diouf,729,fr FRA,MF,Lens,fr Ligue 1,22.0,2003,1,1,90,1.0,0,0,0,0,0,0,0,0,0.0,,,,,,,,,,,,,,,,,,,,,,,,,729,fr FRA,MF,fr Ligue 1,22,2003,1.0,0,3,1,33.3,3.0,1.0,0.0,0.0,0,0,896,fr FRA,MF,fr Ligue 1,22,2003,1,90,90,2.9,1.0,1,90,1,0,,0,0.0,0,1,-1,-1.0,-1.97,729,fr FRA,MF,fr Ligue 1,22,2003,1.0,0,0,0,0,1,0,0,0,0,0
448632,2024-06-03,8000000,Stade Reims,417,FR1,Yehvann Diouf,731,sn SEN,GK,Nice,fr Ligue 1,25.0,1999,26,26,2340,26.0,0,0,0,0,0,0,1,0,0.0,43,sn SEN,GK,fr Ligue 1,25,1999,26,26,2340,26.0,45,1.73,130,91,69.2,6,7,13,5,19.2,7,5,1,1,731,sn SEN,GK,fr Ligue 1,25,1999,26.0,0,0,0,,0.0,0.0,,,0,0,898,sn SEN,GK,fr Ligue 1,25,1999,26,2340,90,76.5,26.0,26,90,26,0,,6,0.96,26,45,-19,-0.73,-0.23,731,sn SEN,GK,fr Ligue 1,25,1999,26.0,1,0,0,0,4,0,0,2,0,0
287635,2023-05-22,900000,OFI Crete FC,290,FR1,Assane Dioussé,732,sn SEN,MF,Auxerre,fr Ligue 1,27.0,1997,15,1,219,2.4,0,0,0,0,0,0,3,0,0.0,,,,,,,,,,,,,,,,,,,,,,,,,732,sn SEN,MF,fr Ligue 1,27,1997,2.4,0,4,1,25.0,1.64,0.41,0.0,0.0,0,0,899,sn SEN,MF,fr Ligue 1,27,1997,15,219,15,7.2,2.4,1,68,0,14,11,19,1.07,3,10,-7,-2.88,-2.78,732,sn SEN,MF,fr Ligue 1,27,1997,2.4,3,0,0,7,3,0,6,6,1,0
386047,2025-12-09,15000000,Chelsea FC,379,GB1,Axel Disasi,733,fr FRA,DF,West Ham United,eng Premier League,27.0,1998,14,14,1254,13.9,0,0,0,0,0,0,1,0,0.0,,,,,,,,,,,,,,,,,,,,,,,,,733,fr FRA,DF,eng Premier League,27,1998,13.9,0,5,3,60.0,0.36,0.22,0.0,0.0,0,0,900,fr FRA,DF,eng Premier League,27,1998,14,1254,90,36.7,13.9,14,90,13,0,,0,1.36,17,17,0,0.0,0.79,733,fr FRA,DF,eng Premier League,27,1998,13.9,1,0,0,5,4,1,0,12,10,1
144128,2024-06-24,300000,Elche CF,1531,ES1,Matías Dituro,734,ar ARG,GK,Elche,es La Liga,38.0,1987,22,22,1980,22.0,0,0,0,0,0,0,1,0,0.0,44,ar ARG,GK,es La Liga,38,1987,22,22,1980,22.0,29,1.32,89,64,71.9,7,9,6,4,18.2,5,4,0,1,734,ar ARG,GK,es La Liga,38,1987,22.0,0,0,0,,0.0,0.0,,,0,0,901,ar ARG,GK,es La Liga,38,1987,22,1980,90,57.9,22.0,22,90,22,0,,16,1.36,28,29,-1,-0.05,0.39,734,ar ARG,GK,es La Liga,38,1987,22.0,1,0,0,0,7,0,0,1,0,0
165513,2024-06-05,10000000,Atalanta BC,800,IT1,Berat Djimsiti,737,al ALB,DF,Atalanta,it Serie A,32.0,1993,34,29,2525,28.1,0,0,0,0,0,0,4,0,0.0,,,,,,,,,,,,,,,,,,,,,,,,,737,al ALB,DF,it Serie A,32,1993,28.1,0,16,2,12.5,0.57,0.07,0.0,0.0,0,0,904,al ALB,DF,it Serie A,32,1993,34,2525,74,73.8,28.1,29,83,23,5,23,1,1.44,32,25,+7,0.25,-0.55,737,al ALB,DF,it Serie A,32,1993,28.1,4,0,0,17,8,0,2,42,30,0
358504,2024-05-29,18000000,SC Freiburg,24,L1,Ritsu Doan,740,jp JPN,MF,Eintracht Frankfurt,de Bundesliga,27.0,1998,31,28,2364,26.3,5,5,10,5,0,0,5,0,0.38,,,,,,,,,,,,,,,,,,,,,,,,,740,jp JPN,MF,de Bundesliga,27,1998,26.3,5,41,15,36.6,1.56,0.57,0.12,0.33,0,0,907,jp JPN,MF,de Bundesliga,27,1998,31,2364,76,77.3,26.3,28,81,11,3,33,1,1.32,50,44,+6,0.23,1.52,740,jp JPN,MF,de Bundesliga,27,1998,26.3,5,0,0,26,35,3,111,17,23,0
401529,2025-12-23,18000000,ACF Fiorentina,430,IT1,Dodô,741,br BRA,"DF,MF",Fiorentina,it Serie A,26.0,1998,36,36,3134,34.8,1,2,3,1,0,0,7,0,0.09,,,,,,,,,,,,,,,,,,,,,,,,,741,br BRA,"DF,MF",it Serie A,26,1998,34.8,1,25,4,16.0,0.72,0.11,0.04,0.25,0,0,908,br BRA,"DF,MF",it Serie A,26,1998,36,3134,87,91.6,34.8,36,87,30,0,,0,1.08,39,46,-7,-0.2,0.43,741,br BRA,"DF,MF",it Serie A,26,1998,34.8,7,0,0,22,53,2,153,31,18,0
387047,2025-12-19,13000000,1.FC Union Berlin,89,L1,Danilho Doekhi,742,nl NED,DF,Union Berlin,de Bundesliga,27.0,1998,34,34,3060,34.0,5,0,5,5,0,0,4,0,0.15,,,,,,,,,,,,,,,,,,,,,,,,,742,nl NED,DF,de Bundesliga,27,1998,34.0,5,45,11,24.4,1.32,0.32,0.11,0.45,0,0,909,nl NED,DF,de Bundesliga,27,1998,34,3060,90,100.0,34.0,34,90,34,0,,0,1.15,44,58,-14,-0.41,,742,nl NED,DF,de Bundesliga,27,1998,34.0,4,0,0,28,15,1,6,42,31,0
171679,2025-12-09,1500000,Wolverhampton Wanderers,543,GB1,Matt Doherty,743,ie IRL,"DF,MF",Wolves,eng Premier League,33.0,1992,11,11,787,8.7,0,0,0,0,0,0,4,0,0.0,,,,,,,,,,,,,,,,,,,,,,,,,743,ie IRL,"DF,MF",eng Premier League,33,1992,8.7,0,3,0,0.0,0.34,0.0,0.0,,0,0,910,ie IRL,"DF,MF",eng Premier League,33,1992,11,787,72,23.0,8.7,11,72,3,0,,15,0.45,2,15,-13,-1.49,-0.53,743,ie IRL,"DF,MF",eng Premier League,33,1992,8.7,4,0,0,16,6,0,8,7,8,0
567129,2024-06-05,6000000,US Sassuolo,6574,IT1,Josh Doig,744,sct SCO,DF,Sassuolo,it Serie A,23.0,2002,30,22,1917,21.3,0,0,0,0,0,0,5,0,0.0,,,,,,,,,,,,,,,,,,,,,,,,,744,sct SCO,DF,it Serie A,23,2002,21.3,0,11,4,36.4,0.52,0.19,0.0,0.0,0,0,911,sct SCO,DF,it Serie A,23,2002,30,1917,64,56.1,21.3,22,81,11,8,17,7,1.1,20,31,-11,-0.52,-0.94,744,sct SCO,DF,it Serie A,23,2002,21.3,5,0,0,16,19,0,39,22,20,0
497291,2025-12-09,16000000,Nottingham Forest,703,GB1,Nicolás Domínguez,750,ar ARG,MF,Nottingham Forest,eng Premier League,27.0,1998,27,17,1175,13.1,1,1,2,1,0,0,3,0,0.15,,,,,,,,,,,,,,,,,,,,,,,,,750,ar ARG,MF,eng Premier League,27,1998,13.1,1,18,5,27.8,1.38,0.38,0.06,0.2,0,0,919,ar ARG,MF,eng Premier League,27,1998,27,1175,44,34.4,13.1,17,60,1,10,15,4,1.26,15,19,-4,-0.31,-0.35,750,ar ARG,MF,eng Premier League,27,1998,13.1,3,0,0,16,11,0,14,6,30,0
291222,2023-06-28,2200000,Hamburger SV,41,L1,Jean-Luc Dompé,751,fr FRA,"FW,MF",Hamburger SV,de Bundesliga,29.0,1995,20,12,1138,12.6,3,0,3,2,1,1,0,0,0.16,,,,,,,,,,,,,,,,,,,,,,,,,751,fr FRA,"FW,MF",de Bundesliga,29,1995,12.6,3,25,12,48.0,1.98,0.95,0.08,0.17,1,1,920,fr FRA,"FW,MF",de Bundesliga,29,1995,20,1138,57,37.2,12.6,12,81,5,8,21,3,1.05,16,14,+2,0.16,0.91,751,fr FRA,"FW,MF",de Bundesliga,29,1995,12.6,0,0,0,2,9,4,82,0,5,0
627290,2023-06-13,1000000,Elche CF,1531,ES1,John Donald,752,es ESP,"DF,MF",Elche,es La Liga,24.0,2000,21,6,665,7.4,1,0,1,1,0,0,3,0,0.14,,,,,,,,,,,,,,,,,,,,,,,,,752,es ESP,"DF,MF",es La Liga,24,2000,7.4,1,6,2,33.3,0.81,0.27,0.17,0.5,0,0,921,es ESP,"DF,MF",es La Liga,24,2000,21,665,32,19.4,7.4,6,77,4,15,14,11,1.24,12,17,-5,-0.68,-0.58,752,es ESP,"DF,MF",es La Liga,24,2000,7.4,3,0,0,17,6,0,0,8,12,0
315858,2025-12-09,45000000,Manchester City,281,GB1,Gianluigi Donnarumma,753,it ITA,GK,Manchester City,eng Premier League,26.0,1999,34,34,3060,34.0,0,0,0,0,0,0,8,0,0.0,46,it ITA,GK,eng Premier League,26,1999,34,34,3060,34.0,29,0.85,105,75,72.4,22,9,3,15,44.1,1,0,1,0,753,it ITA,GK,eng Premier League,26,1999,34.0,0,0,0,,0.0,0.0,,,0,0,923,it ITA,GK,eng Premier League,26,1999,34,3060,90,89.5,34.0,34,90,34,0,,0,2.21,71,29,+42,1.24,1.24,753,it ITA,GK,eng Premier League,26,1999,34.0,8,0,0,0,4,0,0,1,0,0
926952,2025-12-09,30000000,Manchester United,985,GB1,Patrick Dorgu,755,dk DEN,MF,Manchester Utd,eng Premier League,20.0,2004,26,15,1449,16.1,4,4,8,4,0,0,5,0,0.5,,,,,,,,,,,,,,,,,,,,,,,,,755,dk DEN,MF,eng Premier League,20,2004,16.1,4,25,11,44.0,1.55,0.68,0.16,0.36,0,0,925,dk DEN,MF,eng Premier League,20,2004,26,1449,56,42.4,16.1,15,84,10,11,17,2,1.73,22,20,+2,0.12,-0.65,755,dk DEN,MF,eng Premier League,20,2004,16.1,5,0,0,23,47,7,57,16,30,0
251302,2025-12-19,3000000,1.FC Heidenheim 1846,2036,L1,Niklas Dorsch,756,de GER,MF,Heidenheim,de Bundesliga,27.0,1998,32,27,2258,25.1,0,1,1,0,0,0,2,0,0.04,,,,,,,,,,,,,,,,,,,,,,,,,756,de GER,MF,de Bundesliga,27,1998,25.1,0,14,3,21.4,0.56,0.12,0.0,0.0,0,0,926,de GER,MF,de Bundesliga,27,1998,32,2258,71,73.8,25.1,27,79,10,5,24,1,0.81,28,51,-23,-0.92,-0.02,756,de GER,MF,de Bundesliga,27,1998,25.1,2,0,0,30,27,1,33,19,31,0
385394,2024-06-05,5000000,Cagliari Calcio,1390,IT1,Alberto Dossena,757,it ITA,DF,Cagliari,it Serie A,26.0,1998,12,9,859,9.5,0,1,1,0,0,0,5,0,0.1,,,,,,,,,,,,,,,,,,,,,,,,,757,it ITA,DF,it Serie A,26,1998,9.5,0,7,2,28.6,0.73,0.21,0.0,0.0,0,0,928,it ITA,DF,it Serie A,26,1998,12,859,72,25.1,9.5,9,90,9,3,16,4,1.25,5,12,-7,-0.73,-0.52,757,it ITA,DF,it Serie A,26,1998,9.5,5,0,0,11,8,2,0,9,13,0
830265,2023-06-27,700000,FC Nantes,995,FR1,Lohann Doucet,758,bf BFA,MF,Paris FC,fr Ligue 1,22.0,2002,5,1,121,1.3,1,0,1,1,0,0,2,0,0.74,,,,,,,,,,,,,,,,,,,,,,,,,758,bf BFA,MF,fr Ligue 1,22,2002,1.3,1,2,1,50.0,1.49,0.74,0.5,1.0,0,0,929,bf BFA,MF,fr Ligue 1,22,2002,5,121,24,4.0,1.3,1,60,0,4,15,4,0.8,1,5,-4,-2.98,-3.01,758,bf BFA,MF,fr Ligue 1,22,2002,1.3,2,0,0,4,1,0,0,0,0,0
798925,2023-06-14,500000,Red Star FC,738,FR1,Fodé Doucouré,759,ml MLI,"MF,FW",Le Havre,fr Ligue 1,24.0,2001,26,15,1239,13.8,3,1,4,3,0,0,2,0,0.29,,,,,,,,,,,,,,,,,,,,,,,,,759,ml MLI,"MF,FW",fr Ligue 1,24,2001,13.8,3,20,8,40.0,1.45,0.58,0.15,0.38,0,0,930,ml MLI,"MF,FW",fr Ligue 1,24,2001,26,1239,48,40.5,13.8,15,66,0,11,23,5,0.96,19,19,0,0.0,0.59,759,ml MLI,"MF,FW",fr Ligue 1,24,2001,13.8,2,0,0,14,4,2,78,9,26,0
914562,2025-12-15,90000000,Paris Saint-Germain,583,FR1,Désiré Doué,762,fr FRA,"FW,MF",Paris Saint-Germain,fr Ligue 1,20.0,2005,23,16,1348,15.0,7,4,11,7,0,1,0,0,0.73,,,,,,,,,,,,,,,,,,,,,,,,,762,fr FRA,"FW,MF",fr Ligue 1,20,2005,15.0,7,55,19,34.5,3.67,1.27,0.13,0.37,0,1,933,fr FRA,"FW,MF",fr Ligue 1,20,2005,23,1348,59,44.1,15.0,16,69,2,7,34,2,2.35,34,14,+20,1.34,0.02,762,fr FRA,"FW,MF",fr Ligue 1,20,2005,15.0,0,0,0,24,28,0,56,12,20,0
786436,2025-12-15,18000000,RC Strasbourg Alsace,667,FR1,Ismaël Doukouré,764,fr FRA,"DF,MF",Strasbourg,fr Ligue 1,22.0,2003,25,25,2072,23.0,0,2,2,0,0,0,4,2,0.09,,,,,,,,,,,,,,,,,,,,,,,,,764,fr FRA,"DF,MF",fr Ligue 1,22,2003,23.0,0,7,3,42.9,0.3,0.13,0.0,0.0,0,0,935,fr FRA,"DF,MF",fr Ligue 1,22,2003,25,2072,83,67.7,23.0,25,83,19,0,,0,1.56,42,31,+11,0.48,0.48,764,fr FRA,"DF,MF",fr Ligue 1,22,2003,23.0,4,2,0,21,17,0,3,24,11,2
671594,2024-06-03,5000000,Stade Brestois 29,3911,FR1,Kamory Doumbia,765,ml MLI,MF,Brest,fr Ligue 1,22.0,2003,24,22,1750,19.4,5,4,9,5,0,0,6,0,0.46,,,,,,,,,,,,,,,,,,,,,,,,,765,ml MLI,MF,fr Ligue 1,22,2003,19.4,5,43,14,32.6,2.21,0.72,0.12,0.36,0,0,938,ml MLI,MF,fr Ligue 1,22,2003,24,1750,73,57.2,19.4,22,78,4,2,22,0,1.33,30,25,+5,0.26,1.43,765,ml MLI,MF,fr Ligue 1,22,2003,19.4,6,0,0,29,21,2,20,20,30,0
523318,2024-06-07,6000000,Celta de Vigo,1047,IT1,Anastasios Douvikas,766,gr GRE,FW,Como,it Serie A,25.0,1999,38,25,2273,25.3,14,1,15,13,1,1,0,0,0.55,,,,,,,,,,,,,,,,,,,,,,,,,766,gr GRE,FW,it Serie A,25,1999,25.3,14,65,30,46.2,2.57,1.19,0.2,0.43,1,1,939,gr GRE,FW,it Serie A,25,1999,38,2273,60,66.5,25.3,25,76,8,13,30,0,1.87,48,20,+28,1.11,0.48,766,gr GRE,FW,it Serie A,25,1999,25.3,0,0,0,36,42,7,4,4,10,0
343537,2025-12-23,20000000,AS Roma,12,IT1,Artem Dovbyk,767,ua UKR,FW,Roma,it Serie A,28.0,1997,14,3,393,4.4,3,1,4,3,0,0,0,0,0.92,,,,,,,,,,,,,,,,,,,,,,,,,767,ua UKR,FW,it Serie A,28,1997,4.4,3,12,6,50.0,2.75,1.37,0.25,0.5,0,0,940,ua UKR,FW,it Serie A,28,1997,14,393,28,11.5,4.4,3,53,0,11,21,2,2.36,6,3,+3,0.69,-0.06,767,ua UKR,FW,it Serie A,28,1997,4.4,0,0,0,11,6,4,1,0,3,0
820241,2024-05-29,2000000,1.FC Köln,41,L1,Damion Downs,769,us USA,FW,Hamburger SV,de Bundesliga,21.0,2004,12,6,536,6.0,0,0,0,0,0,0,0,0,0.0,,,,,,,,,,,,,,,,,,,,,,,,,769,us USA,FW,de Bundesliga,21,2004,6.0,0,7,4,57.1,1.18,0.67,0.0,0.0,0,0,942,us USA,FW,de Bundesliga,21,2004,12,536,45,17.5,6.0,6,70,0,6,20,3,1.0,4,8,-4,-0.67,-0.32,769,us USA,FW,de Bundesliga,21,2004,6.0,0,0,0,8,1,2,0,0,2,0
568559,2024-05-27,25000000,Tottenham Hotspur,148,GB1,Radu Drăgușin,770,ro ROU,DF,Tottenham Hotspur,eng Premier League,23.0,2002,10,5,517,5.7,0,0,0,0,0,0,0,0,0.0,,,,,,,,,,,,,,,,,,,,,,,,,770,ro ROU,DF,eng Premier League,23,2002,5.7,0,4,0,0.0,0.7,0.0,0.0,,0,0,943,ro ROU,DF,eng Premier League,23,2002,10,517,52,15.1,5.7,5,90,4,5,14,11,1.2,6,13,-7,-1.22,-1.16,770,ro ROU,DF,eng Premier League,23,2002,5.7,0,0,0,9,1,0,3,16,3,0
257376,2025-12-12,800000,Getafe CF,3709,ES1,Domingos Duarte,772,pt POR,DF,Getafe,es La Liga,30.0,1995,34,34,2923,32.5,1,1,2,1,0,0,11,0,0.06,,,,,,,,,,,,,,,,,,,,,,,,,772,pt POR,DF,es La Liga,30,1995,32.5,1,13,4,30.8,0.4,0.12,0.08,0.25,0,0,948,pt POR,DF,es La Liga,30,1995,34,2923,86,85.5,32.5,34,86,27,0,,1,1.29,26,35,-9,-0.28,-0.82,772,pt POR,DF,es La Liga,30,1995,32.5,11,0,0,32,24,3,0,33,18,1
74960,2025-12-09,750000,Burnley FC,1132,GB1,Martin Dúbravka,773,sk SVK,GK,Burnley,eng Premier League,36.0,1989,35,35,3150,35.0,0,0,0,0,0,0,1,0,0.0,47,sk SVK,GK,eng Premier League,36,1989,35,35,3150,35.0,71,2.03,192,127,66.1,4,8,23,4,11.4,7,6,0,1,773,sk SVK,GK,eng Premier League,36,1989,35.0,0,0,0,,0.0,0.0,,,0,0,949,sk SVK,GK,eng Premier League,36,1989,35,3150,90,92.1,35.0,35,90,35,0,,3,0.57,35,71,-36,-1.03,-0.7,773,sk SVK,GK,eng Premier League,36,1989,35.0,1,0,0,0,8,0,0,0,1,0
321528,2025-12-23,25000000,Inter Milan,46,IT1,Denzel Dumfries,774,nl NED,MF,Inter,it Serie A,29.0,1996,20,15,1325,14.7,3,1,4,3,0,0,2,0,0.27,,,,,,,,,,,,,,,,,,,,,,,,,774,nl NED,MF,it Serie A,29,1996,14.7,3,23,5,21.7,1.56,0.34,0.13,0.6,0,0,950,nl NED,MF,it Serie A,29,1996,20,1325,66,38.7,14.7,15,80,8,5,25,2,2.1,36,14,+22,1.49,0.12,774,nl NED,MF,it Serie A,29,1996,14.7,2,0,0,20,13,2,34,7,9,0
148153,2025-12-09,4000000,Brighton & Hove Albion,1237,GB1,Lewis Dunk,775,eng ENG,DF,Brighton,eng Premier League,33.0,1991,33,31,2838,31.5,1,0,1,1,0,0,10,0,0.03,,,,,,,,,,,,,,,,,,,,,,,,,775,eng ENG,DF,eng Premier League,33,1991,31.5,1,23,3,13.0,0.73,0.1,0.04,0.33,0,0,951,eng ENG,DF,eng Premier League,33,1991,33,2838,86,83.0,31.5,31,90,31,2,24,1,1.36,44,40,+4,0.13,-0.18,775,eng ENG,DF,eng Premier League,33,1991,31.5,10,0,0,14,12,1,5,30,22,0
127188,2025-12-15,800000,OGC Nice,417,FR1,Maxime Dupé,776,fr FRA,GK,Nice,fr Ligue 1,32.0,1993,8,8,720,8.0,0,0,0,0,0,0,0,0,0.0,48,fr FRA,GK,fr Ligue 1,32,1993,8,8,720,8.0,15,1.87,32,20,62.5,1,4,3,1,12.5,3,3,0,0,776,fr FRA,GK,fr Ligue 1,32,1993,8.0,0,0,0,,0.0,0.0,,,0,0,952,fr FRA,GK,fr Ligue 1,32,1993,8,720,90,23.5,8.0,8,90,8,0,,26,0.88,11,15,-4,-0.5,0.23,776,fr FRA,GK,fr Ligue 1,32,1993,8.0,0,0,0,0,1,0,0,0,0,0
905997,2023-06-30,250000,Celta Vigo B,940,ES1,Pablo Durán,777,es ESP,"FW,MF",Celta Vigo,es La Liga,24.0,2001,30,17,1425,15.8,2,2,4,2,0,0,1,0,0.25,,,,,,,,,,,,,,,,,,,,,,,,,777,es ESP,"FW,MF",es La Liga,24,2001,15.8,2,37,15,40.5,2.34,0.95,0.05,0.13,0,0,953,es ESP,"FW,MF",es La Liga,24,2001,30,1425,48,41.7,15.8,17,66,2,13,23,4,1.37,16,23,-7,-0.44,-0.98,777,es ESP,"FW,MF",es La Liga,24,2001,15.8,1,0,0,15,12,19,15,7,11,0
573775,2024-06-07,16000000,Valencia CF,1049,ES1,Hugo Duro,778,es ESP,FW,Valencia,es La Liga,25.0,1999,36,22,1979,22.0,10,0,10,9,1,2,4,0,0.41,,,,,,,,,,,,,,,,,,,,,,,,,778,es ESP,FW,es La Liga,25,1999,22.0,10,36,14,38.9,1.64,0.64,0.25,0.64,1,2,956,es ESP,FW,es La Liga,25,1999,36,1979,55,57.9,22.0,22,74,7,14,24,1,1.31,29,34,-5,-0.23,0.02,778,es ESP,FW,es La Liga,25,1999,22.0,4,0,0,22,38,6,1,3,9,0
206050,2025-12-23,5000000,AS Roma,12,IT1,Paulo Dybala,780,ar ARG,"MF,FW",Roma,it Serie A,31.0,1993,22,15,1354,15.0,2,6,8,2,0,1,0,0,0.53,,,,,,,,,,,,,,,,,,,,,,,,,780,ar ARG,"MF,FW",it Serie A,31,1993,15.0,2,43,18,41.9,2.86,1.2,0.05,0.11,0,1,960,ar ARG,"MF,FW",it Serie A,31,1993,22,1354,62,39.6,15.0,15,78,6,7,26,2,1.95,20,10,+10,0.66,-0.12,780,ar ARG,"MF,FW",it Serie A,31,1993,15.0,0,0,0,11,40,3,98,5,6,0
476836,2024-06-03,3500000,FC Toulouse,415,FR1,Aron Dønnum,783,no NOR,MF,Toulouse,fr Ligue 1,27.0,1998,28,28,2419,26.9,4,4,8,1,3,3,10,1,0.19,,,,,,,,,,,,,,,,,,,,,,,,,783,no NOR,MF,fr Ligue 1,27,1998,26.9,4,40,14,35.0,1.49,0.52,0.03,0.07,3,3,963,no NOR,MF,fr Ligue 1,27,1998,28,2419,86,79.1,26.9,28,86,23,0,,0,1.29,41,37,+4,0.15,0.57,783,no NOR,MF,fr Ligue 1,27,1998,26.9,10,1,1,42,38,0,140,29,29,0
697280,2024-05-27,1000000,West Ham United U21,9267,,George Earthy,784,eng ENG,MF,West Ham United,eng Premier League,20.0,2004,1,0,9,0.1,0,0,0,0,0,0,0,0,0.0,,,,,,,,,,,,,,,,,,,,,,,,,784,eng ENG,MF,eng Premier League,20,2004,0.1,0,0,0,,0.0,0.0,,,0,0,964,eng ENG,MF,eng Premier League,20,2004,1,9,9,0.3,0.1,0,,0,1,9,5,0.0,0,1,-1,-10.0,-9.53,784,eng ENG,MF,eng Premier League,20,2004,0.1,0,0,0,0,0,0,0,0,0,0
770436,2024-06-03,100000,AC Le Havre B,738,FR1,Simon Ebonog,786,cm CMR,MF,Le Havre,fr Ligue 1,20.0,2004,30,21,1759,19.5,1,0,1,1,0,0,8,0,0.05,,,,,,,,,,,,,,,,,,,,,,,,,786,cm CMR,MF,fr Ligue 1,20,2004,19.5,1,22,4,18.2,1.13,0.2,0.05,0.25,0,0,966,cm CMR,MF,fr Ligue 1,20,2004,30,1759,59,57.5,19.5,21,77,7,9,17,2,1.07,17,31,-14,-0.72,-0.85,786,cm CMR,MF,fr Ligue 1,20,2004,19.5,8,0,0,29,34,0,16,24,21,0
342877,2024-06-05,2500000,Udinese Calcio,416,IT1,Enzo Ebosse,787,cm CMR,DF,Hellas Verona,it Serie A,26.0,1999,4,3,214,2.4,0,0,0,0,0,0,1,0,0.0,,,,,,,,,,,,,,,,,,,,,,,,,787,cm CMR,DF,it Serie A,26,1999,2.4,0,1,0,0.0,0.42,0.0,0.0,,0,0,967,cm CMR,DF,it Serie A,26,1999,4,214,54,6.3,2.4,3,68,1,1,9,19,0.5,1,6,-5,-2.1,-1.23,787,cm CMR,DF,it Serie A,26,1999,2.4,1,0,0,5,1,0,0,0,1,0
342877,2024-06-05,2500000,Udinese Calcio,416,IT1,Enzo Ebosse,788,cm CMR,DF,Torino,it Serie A,26.0,1999,13,13,1115,12.4,0,1,1,0,0,0,3,0,0.08,,,,,,,,,,,,,,,,,,,,,,,,,788,cm CMR,DF,it Serie A,26,1999,12.4,0,0,0,,0.0,0.0,,,0,0,968,cm CMR,DF,it Serie A,26,1999,13,1115,86,32.6,12.4,13,86,9,0,,2,1.38,18,18,0,0.0,0.74,788,cm CMR,DF,it Serie A,26,1999,12.4,3,0,0,16,9,0,7,10,6,0
607854,2025-12-23,40000000,Atalanta BC,800,IT1,Éderson,791,br BRA,MF,Atalanta,it Serie A,26.0,1999,30,26,2230,24.8,2,1,3,1,1,1,3,0,0.08,,,,,,,,,,,,,,,,,,,,,,,,,791,br BRA,MF,it Serie A,26,1999,24.8,2,35,11,31.4,1.41,0.44,0.03,0.09,1,1,974,br BRA,MF,it Serie A,26,1999,30,2230,74,65.2,24.8,26,81,16,4,28,3,1.53,30,18,+12,0.48,0.26,791,br BRA,MF,it Serie A,26,1999,24.8,3,0,0,34,40,2,12,28,35,0
1078326,2025-12-15,2500000,FC Toulouse,1082,FR1,Noah Edjouma,792,fr FRA,FW,Toulouse,fr Ligue 1,19.0,2005,12,2,256,2.8,0,0,0,0,0,0,0,0,0.0,,,,,,,,,,,,,,,,,,,,,,,,,792,fr FRA,FW,fr Ligue 1,19,2005,2.8,0,8,3,37.5,2.81,1.05,0.0,0.0,0,0,975,fr FRA,FW,fr Ligue 1,19,2005,12,256,21,8.4,2.8,2,61,0,10,13,8,1.42,4,2,+2,0.7,0.74,792,fr FRA,FW,fr Ligue 1,19,2005,2.8,0,0,0,4,4,0,12,3,3,0
1078326,2025-12-15,2500000,FC Toulouse,1082,FR1,Noah Edjouma,793,fr FRA,MF,Lille,fr Ligue 1,19.0,2005,3,1,92,1.0,0,0,0,0,0,0,0,0,0.0,,,,,,,,,,,,,,,,,,,,,,,,,793,fr FRA,MF,fr Ligue 1,19,2005,1.0,0,2,0,0.0,1.96,0.0,0.0,,0,0,976,fr FRA,MF,fr Ligue 1,19,2005,3,92,31,3.0,1.0,1,60,0,2,16,4,1.67,1,1,0,0.0,-0.45,793,fr FRA,MF,fr Ligue 1,19,2005,1.0,0,0,0,1,2,1,6,0,4,0
344152,2025-12-15,8000000,RC Lens,826,FR1,Odsonne Édouard,795,fr FRA,FW,Crystal Palace,eng Premier League,27.0,1998,1,0,3,0.0,0,0,0,0,0,0,0,0,0.0,,,,,,,,,,,,,,,,,,,,,,,,,795,fr FRA,FW,eng Premier League,27,1998,0.0,0,0,0,,0.0,0.0,,,0,0,978,fr FRA,FW,eng Premier League,27,1998,1,3,3,0.1,0.0,0,,0,1,3,1,1.0,0,0,0,0.0,0.26,795,fr FRA,FW,eng Premier League,27,1998,0.0,0,0,0,0,1,0,0,0,1,0
344152,2025-12-15,8000000,RC Lens,826,FR1,Odsonne Édouard,796,fr FRA,FW,Lens,fr Ligue 1,27.0,1998,29,26,1796,20.0,12,3,15,11,1,1,2,0,0.7,,,,,,,,,,,,,,,,,,,,,,,,,796,fr FRA,FW,fr Ligue 1,27,1998,20.0,12,60,31,51.7,3.01,1.55,0.18,0.35,1,1,979,fr FRA,FW,fr Ligue 1,27,1998,29,1796,62,58.7,20.0,26,66,0,3,28,0,2.0,36,19,+17,0.85,-0.14,796,fr FRA,FW,fr Ligue 1,27,1998,20.0,2,0,0,21,17,12,1,4,4,0
314367,2025-12-09,8000000,Burnley FC,1132,GB1,Marcus Edwards,800,eng ENG,"MF,FW",Burnley,eng Premier League,26.0,1998,23,11,1067,11.9,1,3,4,1,0,0,0,0,0.34,,,,,,,,,,,,,,,,,,,,,,,,,800,eng ENG,"MF,FW",eng Premier League,26,1998,11.9,1,23,6,26.1,1.94,0.51,0.04,0.17,0,0,983,eng ENG,"MF,FW",eng Premier League,26,1998,23,1067,46,31.2,11.9,11,79,2,12,16,12,0.48,14,18,-4,-0.34,0.92,800,eng ENG,"MF,FW",eng Premier League,26,1998,11.9,0,0,0,7,18,1,19,3,6,0
581669,2024-06-10,1500000,PSV Eindhoven U21,244,FR1,CJ Egan-Riley,801,eng ENG,"DF,MF",Marseille,fr Ligue 1,22.0,2003,11,8,624,6.9,0,0,0,0,0,0,1,1,0.0,,,,,,,,,,,,,,,,,,,,,,,,,801,eng ENG,"DF,MF",fr Ligue 1,22,2003,6.9,0,0,0,,0.0,0.0,,,0,0,985,eng ENG,"DF,MF",fr Ligue 1,22,2003,11,624,57,20.4,6.9,8,75,4,3,9,15,1.55,9,9,0,0.0,-0.67,801,eng ENG,"DF,MF",fr Ligue 1,22,2003,6.9,1,1,0,5,5,0,1,2,7,0
190284,2025-12-19,10000000,SC Freiburg,60,L1,Maximilian Eggestein,802,de GER,MF,Freiburg,de Bundesliga,28.0,1996,34,34,3060,34.0,3,1,4,3,0,0,4,0,0.12,,,,,,,,,,,,,,,,,,,,,,,,,802,de GER,MF,de Bundesliga,28,1996,34.0,3,44,13,29.5,1.29,0.38,0.07,0.23,0,0,986,de GER,MF,de Bundesliga,28,1996,34,3060,90,100.0,34.0,34,90,34,0,,0,1.38,51,57,-6,-0.18,,802,de GER,MF,de Bundesliga,28,1996,34.0,4,0,0,18,20,1,14,31,34,0
272812,2025-12-23,2000000,Udinese Calcio,410,IT1,Kingsley Ehizibue,803,nl NED,"MF,DF",Udinese,it Serie A,30.0,1995,32,20,1811,20.1,2,0,2,2,0,0,5,0,0.1,,,,,,,,,,,,,,,,,,,,,,,,,803,nl NED,"MF,DF",it Serie A,30,1995,20.1,2,9,2,22.2,0.45,0.1,0.22,1.0,0,0,988,nl NED,"MF,DF",it Serie A,30,1995,32,1811,57,53.0,20.1,20,82,10,12,14,5,1.5,25,23,+2,0.1,0.38,803,nl NED,"MF,DF",it Serie A,30,1995,20.1,5,0,0,34,24,2,32,13,31,0
337284,2023-06-01,2000000,Reading FC,2497,ES1,Ovie Ejaria,804,eng ENG,MF,Oviedo,es La Liga,27.0,1997,8,2,200,2.2,0,0,0,0,0,0,1,0,0.0,,,,,,,,,,,,,,,,,,,,,,,,,804,eng ENG,MF,es La Liga,27,1997,2.2,0,3,1,33.3,1.35,0.45,0.0,0.0,0,0,989,eng ENG,MF,es La Liga,27,1997,8,200,25,5.8,2.2,2,54,0,6,15,5,0.75,2,3,-1,-0.45,0.47,804,eng ENG,MF,es La Liga,27,1997,2.2,1,0,0,3,5,1,1,3,2,0
500067,2024-06-04,6000000,Royal Antwerp FC,368,ES1,Chidera Ejuke,805,ng NGA,"MF,FW",Sevilla,es La Liga,27.0,1998,27,6,932,10.4,1,1,2,1,0,0,0,0,0.19,,,,,,,,,,,,,,,,,,,,,,,,,805,ng NGA,"MF,FW",es La Liga,27,1998,10.4,1,23,3,13.0,2.22,0.29,0.04,0.33,0,0,990,ng NGA,"MF,FW",es La Liga,27,1998,27,932,35,27.3,10.4,6,66,1,21,26,7,1.07,17,15,+2,0.19,0.77,805,ng NGA,"MF,FW",es La Liga,27,1998,10.4,0,0,0,5,16,2,27,7,13,0
392179,2025-12-09,6000000,Burnley FC,1132,GB1,Hjalmar Ekdal,806,se SWE,DF,Burnley,eng Premier League,26.0,1998,19,17,1539,17.1,0,0,0,0,0,0,0,0,0.0,,,,,,,,,,,,,,,,,,,,,,,,,806,se SWE,DF,eng Premier League,26,1998,17.1,0,6,1,16.7,0.35,0.06,0.0,0.0,0,0,991,se SWE,DF,eng Premier League,26,1998,19,1539,81,45.0,17.1,17,89,15,2,9,14,0.53,13,34,-21,-1.23,-0.46,806,se SWE,DF,eng Premier League,26,1998,17.1,0,0,0,5,7,2,1,12,17,0
934878,2025-12-23,7000000,Genoa CFC,252,IT1,Jeff Ekhator,807,it ITA,"FW,MF",Genoa,it Serie A,18.0,2006,30,9,956,10.6,3,0,3,3,0,0,3,0,0.28,,,,,,,,,,,,,,,,,,,,,,,,,807,it ITA,"FW,MF",it Serie A,18,2006,10.6,3,20,5,25.0,1.88,0.47,0.15,0.6,0,0,992,it ITA,"FW,MF",it Serie A,18,2006,30,956,32,28.0,10.6,9,62,0,21,19,7,1.03,13,15,-2,-0.19,0.1,807,it ITA,"FW,MF",it Serie A,18,2006,10.6,3,0,0,20,19,10,9,2,8,0
361068,2025-12-23,7000000,Udinese Calcio,410,IT1,Jurgen Ekkelenkamp,809,nl NED,MF,Udinese,it Serie A,25.0,2000,31,27,2186,24.3,5,3,8,5,0,0,1,0,0.33,,,,,,,,,,,,,,,,,,,,,,,,,809,nl NED,MF,it Serie A,25,2000,24.3,5,33,15,45.5,1.36,0.62,0.15,0.33,0,0,994,nl NED,MF,it Serie A,25,2000,31,2186,71,63.9,24.3,27,78,5,4,22,4,1.35,29,30,-1,-0.04,0.1,809,nl NED,MF,it Serie A,25,2000,24.3,1,0,0,22,19,3,32,18,27,0
199953,2025-12-23,1300000,Genoa CFC,252,IT1,Caleb Ekuban,811,gh GHA,"FW,MF",Genoa,it Serie A,31.0,1994,31,6,994,11.0,4,1,5,4,0,0,0,0,0.45,,,,,,,,,,,,,,,,,,,,,,,,,811,gh GHA,"FW,MF",it Serie A,31,1994,11.0,4,29,10,34.5,2.63,0.91,0.14,0.4,0,0,996,gh GHA,"FW,MF",it Serie A,31,1994,31,994,32,29.1,11.0,6,64,0,25,24,1,1.1,13,15,-2,-0.18,0.12,811,gh GHA,"FW,MF",it Serie A,31,1994,11.0,0,0,0,16,29,6,5,5,1,0
583189,2025-12-09,50000000,Newcastle United,762,GB1,Anthony Elanga,812,se SWE,"FW,MF",Newcastle United,eng Premier League,23.0,2002,32,14,1319,14.7,0,1,1,0,0,0,0,0,0.07,,,,,,,,,,,,,,,,,,,,,,,,,812,se SWE,"FW,MF",eng Premier League,23,2002,14.7,0,17,4,23.5,1.16,0.27,0.0,0.0,0,0,997,se SWE,"FW,MF",eng Premier League,23,2002,32,1319,41,38.6,14.7,14,70,2,18,19,2,1.13,20,28,-8,-0.55,-0.8,812,se SWE,"FW,MF",eng Premier League,23,2002,14.7,0,0,0,8,25,2,83,3,11,0
565822,2025-12-09,30000000,Aston Villa,405,GB1,Harvey Elliott,817,eng ENG,"FW,MF",Liverpool,eng Premier League,22.0,2003,1,0,1,0.0,0,0,0,0,0,0,0,0,0.0,,,,,,,,,,,,,,,,,,,,,,,,,817,eng ENG,"FW,MF",eng Premier League,22,2003,0.0,0,0,0,,0.0,0.0,,,0,0,1002,eng ENG,"FW,MF",eng Premier League,22,2003,1,1,1,0.0,0.0,0,,0,1,1,2,3.0,1,0,+1,90.0,89.76,817,eng ENG,"FW,MF",eng Premier League,22,2003,0.0,0,0,0,0,0,0,0,0,0,0
565822,2025-12-09,30000000,Aston Villa,405,GB1,Harvey Elliott,818,eng ENG,MF,Aston Villa,eng Premier League,22.0,2003,4,1,112,1.2,0,0,0,0,0,0,0,0,0.0,,,,,,,,,,,,,,,,,,,,,,,,,818,eng ENG,MF,eng Premier League,22,2003,1.2,0,5,0,0.0,4.02,0.0,0.0,,0,0,1003,eng ENG,MF,eng Premier League,22,2003,4,112,28,3.3,1.2,1,45,0,3,22,4,1.25,2,2,0,0.0,-0.19,818,eng ENG,MF,eng Premier League,22,2003,1.2,0,0,0,0,2,0,3,0,0,0
229804,2025-12-12,1800000,Real Sociedad,681,ES1,Aritz Elustondo,821,es ESP,DF,Real Sociedad,es La Liga,31.0,1994,16,8,720,8.0,0,1,1,0,0,0,0,0,0.12,,,,,,,,,,,,,,,,,,,,,,,,,821,es ESP,DF,es La Liga,31,1994,8.0,0,4,2,50.0,0.5,0.25,0.0,0.0,0,0,1006,es ESP,DF,es La Liga,31,1994,16,720,45,21.1,8.0,8,73,2,8,18,19,0.81,14,15,-1,-0.12,-0.09,821,es ESP,DF,es La Liga,31,1994,8.0,0,0,0,17,11,0,6,10,8,0
192635,2025-12-19,8000000,Borussia Mönchengladbach,18,L1,Nico Elvedi,822,ch SUI,DF,Gladbach,de Bundesliga,28.0,1996,33,33,2966,33.0,0,2,2,0,0,0,5,0,0.06,,,,,,,,,,,,,,,,,,,,,,,,,822,ch SUI,DF,de Bundesliga,28,1996,33.0,0,9,0,0.0,0.27,0.0,0.0,,0,0,1007,ch SUI,DF,de Bundesliga,28,1996,33,2966,90,96.9,33.0,33,90,32,0,,0,1.15,41,50,-9,-0.27,1.64,822,ch SUI,DF,de Bundesliga,28,1996,33.0,5,0,0,18,16,1,1,40,32,0
237662,2025-12-15,12000000,Stade Rennais FC,273,FR1,Breel Embolo,823,ch SUI,FW,Rennes,fr Ligue 1,28.0,1997,31,20,1872,20.8,9,3,12,9,0,0,3,0,0.58,,,,,,,,,,,,,,,,,,,,,,,,,823,ch SUI,FW,fr Ligue 1,28,1997,20.8,9,41,18,43.9,1.97,0.87,0.22,0.5,0,0,1008,ch SUI,FW,fr Ligue 1,28,1997,31,1872,60,61.2,20.8,20,81,9,11,22,0,1.77,37,34,+3,0.14,-0.31,823,ch SUI,FW,fr Ligue 1,28,1997,20.8,3,0,0,48,58,14,7,4,14,0
743599,2025-12-15,4000000,FC Toulouse,415,FR1,Emersonn,825,br BRA,FW,Toulouse,fr Ligue 1,21.0,2004,28,19,1589,17.7,6,2,8,6,0,0,5,1,0.45,,,,,,,,,,,,,,,,,,,,,,,,,825,br BRA,FW,fr Ligue 1,21,2004,17.7,6,51,19,37.3,2.89,1.08,0.12,0.32,0,0,1011,br BRA,FW,fr Ligue 1,21,2004,28,1589,57,51.9,17.7,19,70,4,9,29,0,1.14,20,18,+2,0.11,0.17,825,br BRA,FW,fr Ligue 1,21,2004,17.7,5,1,0,41,10,5,8,7,8,0
660867,2025-12-15,20000000,RC Strasbourg Alsace,667,FR1,Julio Enciso,826,py PAR,"MF,FW",Strasbourg,fr Ligue 1,21.0,2004,27,22,1883,20.9,3,6,9,2,1,1,2,0,0.38,,,,,,,,,,,,,,,,,,,,,,,,,826,py PAR,"MF,FW",fr Ligue 1,21,2004,20.9,3,61,22,36.1,2.92,1.05,0.03,0.09,1,1,1013,py PAR,"MF,FW",fr Ligue 1,21,2004,27,1883,70,61.5,20.9,22,80,7,5,23,1,1.41,35,30,+5,0.24,-0.22,826,py PAR,"MF,FW",fr Ligue 1,21,2004,20.9,2,0,0,20,31,5,61,7,10,0
146310,2025-12-09,5000000,Liverpool FC,31,GB1,Wataru Endo,827,jp JPN,DF,Liverpool,eng Premier League,32.0,1993,8,1,175,1.9,0,1,1,0,0,0,1,0,0.51,,,,,,,,,,,,,,,,,,,,,,,,,827,jp JPN,DF,eng Premier League,32,1993,1.9,0,1,0,0.0,0.51,0.0,0.0,,0,0,1014,jp JPN,DF,eng Premier League,32,1993,8,175,22,5.1,1.9,1,68,0,7,15,12,2.0,6,5,+1,0.51,0.26,827,jp JPN,DF,eng Premier League,32,1993,1.9,1,0,0,2,3,0,3,0,3,0
405670,2025-12-19,6000000,Borussia Mönchengladbach,18,L1,Yannik Engelhardt,830,de GER,MF,Gladbach,de Bundesliga,24.0,2001,31,29,2487,27.6,2,2,4,2,0,0,7,0,0.14,,,,,,,,,,,,,,,,,,,,,,,,,830,de GER,MF,de Bundesliga,24,2001,27.6,2,21,5,23.8,0.76,0.18,0.1,0.4,0,0,1017,de GER,MF,de Bundesliga,24,2001,31,2487,80,81.3,27.6,29,85,22,2,18,0,1.19,38,39,-1,-0.04,1.53,830,de GER,MF,de Bundesliga,24,2001,27.6,7,0,0,41,34,0,6,36,23,0
69633,2025-12-19,3000000,VfL Wolfsburg,82,L1,Christian Eriksen,831,dk DEN,MF,Wolfsburg,de Bundesliga,33.0,1992,31,27,2410,26.8,3,9,12,0,3,4,4,0,0.34,,,,,,,,,,,,,,,,,,,,,,,,,831,dk DEN,MF,de Bundesliga,33,1992,26.8,3,38,14,36.8,1.42,0.52,0.0,0.0,3,4,1018,dk DEN,MF,de Bundesliga,33,1992,31,2410,78,78.8,26.8,27,85,10,4,32,1,0.77,36,53,-17,-0.63,0.33,831,dk DEN,MF,de Bundesliga,33,1992,26.8,4,0,0,13,5,3,131,18,20,0
284430,2024-06-07,1000000,UD Las Palmas,2497,ES1,Aarón Escandell,832,es ESP,GK,Oviedo,es La Liga,29.0,1995,36,36,3240,36.0,0,1,1,0,0,0,3,0,0.03,50,es ESP,GK,es La Liga,29,1995,36,36,3240,36.0,56,1.56,194,145,73.7,6,11,19,10,27.8,7,5,2,0,832,es ESP,GK,es La Liga,29,1995,36.0,0,0,0,,0.0,0.0,,,0,0,1019,es ESP,GK,es La Liga,29,1995,36,3240,90,94.7,36.0,36,90,36,0,,2,0.81,26,56,-30,-0.83,1.17,832,es ESP,GK,es La Liga,29,1995,36.0,3,0,0,1,8,0,0,0,0,0
311044,2025-12-12,1000000,Rayo Vallecano,367,ES1,Alfonso Espino,835,uy URU,"DF,MF",Rayo Vallecano,es La Liga,33.0,1992,30,15,1486,16.5,2,0,2,2,0,0,3,0,0.12,,,,,,,,,,,,,,,,,,,,,,,,,835,uy URU,"DF,MF",es La Liga,33,1992,16.5,2,20,9,45.0,1.21,0.55,0.1,0.22,0,0,1024,uy URU,"DF,MF",es La Liga,33,1992,30,1486,50,43.5,16.5,15,79,8,15,20,6,1.5,15,23,-8,-0.48,-0.72,835,uy URU,"DF,MF",es La Liga,33,1992,16.5,3,0,0,24,30,10,49,15,33,0
538918,2025-12-23,9000000,Cagliari Calcio,1390,IT1,Sebastiano Esposito,837,it ITA,"FW,MF",Cagliari,it Serie A,23.0,2002,36,34,2675,29.7,7,5,12,6,1,1,6,0,0.37,,,,,,,,,,,,,,,,,,,,,,,,,837,it ITA,"FW,MF",it Serie A,23,2002,29.7,7,57,16,28.1,1.92,0.54,0.11,0.38,1,1,1027,it ITA,"FW,MF",it Serie A,23,2002,36,2675,74,78.2,29.7,34,77,7,2,34,1,1.17,30,37,-7,-0.24,0.49,837,it ITA,"FW,MF",it Serie A,23,2002,29.7,6,0,0,46,56,5,139,21,35,0
967319,2025-12-09,10000000,Crystal Palace,873,GB1,Romain Esse,838,eng ENG,MF,Crystal Palace,eng Premier League,20.0,2005,4,0,44,0.5,0,0,0,0,0,0,0,0,0.0,,,,,,,,,,,,,,,,,,,,,,,,,838,eng ENG,MF,eng Premier League,20,2005,0.5,0,0,0,,0.0,0.0,,,0,0,1029,eng ENG,MF,eng Premier League,20,2005,4,44,11,1.3,0.5,0,,0,4,11,11,0.5,0,0,0,0.0,0.27,838,eng ENG,MF,eng Premier League,20,2005,0.5,0,0,0,2,2,0,2,0,1,0
395522,2025-12-19,3500000,FC Augsburg,452,C1,Samuel Essende,839,cd COD,"MF,FW",Augsburg,de Bundesliga,27.0,1998,14,2,414,4.6,1,0,1,1,0,0,2,0,0.22,,,,,,,,,,,,,,,,,,,,,,,,,839,cd COD,"MF,FW",de Bundesliga,27,1998,4.6,1,17,4,23.5,3.7,0.87,0.06,0.25,0,0,1030,cd COD,"MF,FW",de Bundesliga,27,1998,14,414,30,13.5,4.6,2,90,2,12,20,3,1.21,5,10,-5,-1.09,-0.71,839,cd COD,"MF,FW",de Bundesliga,27,1998,4.6,2,0,0,17,14,5,3,1,2,0
842341,2024-05-27,7000000,Burnley FC,1132,GB1,Maxime Estève,842,fr FRA,DF,Burnley,eng Premier League,23.0,2002,34,34,2932,32.6,0,0,0,0,0,0,1,0,0.0,,,,,,,,,,,,,,,,,,,,,,,,,842,fr FRA,DF,eng Premier League,23,2002,32.6,0,10,1,10.0,0.31,0.03,0.0,0.0,0,0,1034,fr FRA,DF,eng Premier League,23,2002,34,2932,86,85.7,32.6,34,86,28,0,,0,0.56,34,70,-36,-1.11,-0.92,842,fr FRA,DF,eng Premier League,23,2002,32.6,1,0,0,13,12,0,6,37,27,2
504085,2023-06-12,1100000,Pisa Sporting Club,720,PO1,Tomás Esteves,843,pt POR,"DF,MF",Pisa,it Serie A,23.0,2002,1,0,14,0.2,0,0,0,0,0,0,0,0,0.0,,,,,,,,,,,,,,,,,,,,,,,,,843,pt POR,"DF,MF",it Serie A,23,2002,0.2,0,0,0,,0.0,0.0,,,0,0,1035,pt POR,"DF,MF",it Serie A,23,2002,1,14,14,0.4,0.2,0,,0,1,14,10,0.0,0,1,-1,-6.43,-5.27,843,pt POR,"DF,MF",it Serie A,23,2002,0.2,0,0,0,0,0,0,0,0,0,0
552472,2023-10-11,1800000,Parma Calcio 1913,130,IT1,Nahuel Estévez,844,ar ARG,MF,Parma,it Serie A,29.0,1995,32,9,1049,11.7,0,1,1,0,0,0,2,0,0.09,,,,,,,,,,,,,,,,,,,,,,,,,844,ar ARG,MF,it Serie A,29,1995,11.7,0,9,1,11.1,0.77,0.09,0.0,0.0,0,0,1036,ar ARG,MF,it Serie A,29,1995,32,1049,33,30.7,11.7,9,76,5,23,16,4,1.06,7,11,-4,-0.34,0.19,844,ar ARG,MF,it Serie A,29,1995,11.7,2,0,0,11,13,0,43,5,10,0
349599,2025-12-23,14000000,AC Milan,5,IT1,Pervis Estupiñán,845,ec ECU,MF,Milan,it Serie A,27.0,1998,19,13,1034,11.5,1,1,2,1,0,0,5,1,0.17,,,,,,,,,,,,,,,,,,,,,,,,,845,ec ECU,MF,it Serie A,27,1998,11.5,1,9,1,11.1,0.78,0.09,0.11,1.0,0,0,1037,ec ECU,MF,it Serie A,27,1998,19,1034,54,30.2,11.5,13,74,6,6,12,14,1.79,17,6,+11,0.96,0.69,845,ec ECU,MF,it Serie A,27,1998,11.5,5,1,0,17,8,5,20,11,9,0
1038950,2024-06-24,300000,Cádiz CF Mirandilla,3368,ES1,Karl Etta Eyong,846,cm CMR,FW,Villarreal,es La Liga,21.0,2003,3,3,256,2.8,1,2,3,1,0,0,0,0,1.05,,,,,,,,,,,,,,,,,,,,,,,,,846,cm CMR,FW,es La Liga,21,2003,2.8,1,7,3,42.9,2.46,1.05,0.14,0.33,0,0,1038,cm CMR,FW,es La Liga,21,2003,3,256,85,7.5,2.8,3,85,2,0,,0,2.33,8,0,+8,2.81,2.3,846,cm CMR,FW,es La Liga,21,2003,2.8,0,0,0,3,4,1,0,0,2,0
1038950,2024-06-24,300000,Cádiz CF Mirandilla,3368,ES1,Karl Etta Eyong,847,cm CMR,FW,Levante,es La Liga,21.0,2003,30,15,1416,15.7,6,2,8,6,0,1,3,0,0.51,,,,,,,,,,,,,,,,,,,,,,,,,847,cm CMR,FW,es La Liga,21,2003,15.7,6,43,21,48.8,2.73,1.33,0.14,0.29,0,1,1039,cm CMR,FW,es La Liga,21,2003,30,1416,47,41.4,15.7,15,79,6,15,15,3,1.07,21,32,-11,-0.7,-0.56,847,cm CMR,FW,es La Liga,21,2003,15.7,3,0,0,29,30,6,13,6,11,0
711337,2025-12-09,40000000,AFC Bournemouth,989,GB1,Evanilson,848,br BRA,FW,Bournemouth,eng Premier League,25.0,1999,36,32,2742,30.5,6,1,7,6,0,0,2,0,0.23,,,,,,,,,,,,,,,,,,,,,,,,,848,br BRA,FW,eng Premier League,25,1999,30.5,6,72,23,31.9,2.36,0.75,0.08,0.26,0,0,1040,br BRA,FW,eng Premier League,25,1999,36,2742,76,80.2,30.5,32,81,9,4,36,0,1.47,43,40,+3,0.1,-0.03,848,br BRA,FW,eng Premier League,25,1999,30.5,2,0,0,26,37,28,3,6,5,0
506248,2025-12-12,4000000,RCD Espanyol Barcelona,714,ES1,Edu Expósito,849,es ESP,MF,Espanyol,es La Liga,28.0,1996,36,32,2523,28.0,1,6,7,1,0,0,9,0,0.25,,,,,,,,,,,,,,,,,,,,,,,,,849,es ESP,MF,es La Liga,28,1996,28.0,1,44,13,29.5,1.57,0.46,0.02,0.08,0,0,1041,es ESP,MF,es La Liga,28,1996,36,2523,70,73.8,28.0,32,76,9,4,26,1,1.17,32,36,-4,-0.14,0.66,849,es ESP,MF,es La Liga,28,1996,28.0,9,0,0,28,42,2,254,24,29,0
479999,2025-12-09,65000000,Arsenal FC,11,GB1,Eberechi Eze,850,eng ENG,"MF,FW",Arsenal,eng Premier League,27.0,1998,32,21,1812,20.1,7,2,9,7,0,0,1,0,0.45,,,,,,,,,,,,,,,,,,,,,,,,,850,eng ENG,"MF,FW",eng Premier League,27,1998,20.1,7,57,18,31.6,2.83,0.89,0.12,0.39,0,0,1042,eng ENG,"MF,FW",eng Premier League,27,1998,32,1812,57,53.0,20.1,21,74,5,11,24,4,2.09,37,14,+23,1.14,-0.03,850,eng ENG,"MF,FW",eng Premier League,27,1998,20.1,1,0,0,14,38,1,8,11,13,0
479999,2025-12-09,65000000,Arsenal FC,11,GB1,Eberechi Eze,851,eng ENG,MF,Crystal Palace,eng Premier League,27.0,1998,1,1,83,0.9,0,0,0,0,0,0,0,0,0.0,,,,,,,,,,,,,,,,,,,,,,,,,851,eng ENG,MF,eng Premier League,27,1998,0.9,0,6,2,33.3,6.51,2.17,0.0,0.0,0,0,1043,eng ENG,MF,eng Premier League,27,1998,1,83,83,2.4,0.9,1,83,0,0,,0,1.0,0,0,0,0.0,0.27,851,eng ENG,MF,eng Premier League,27,1998,0.9,0,0,0,2,1,0,4,0,1,0
724520,2025-12-12,20000000,Real Betis Balompié,150,ES1,Abde Ezzalzouli,852,ma MAR,"MF,FW",Real Betis,es La Liga,23.0,2001,29,26,2247,25.0,10,8,18,10,0,0,3,0,0.72,,,,,,,,,,,,,,,,,,,,,,,,,852,ma MAR,"MF,FW",es La Liga,23,2001,25.0,10,73,26,35.6,2.92,1.04,0.14,0.38,0,0,1044,ma MAR,"MF,FW",es La Liga,23,2001,29,2247,77,65.7,25.0,26,83,16,3,30,0,1.62,45,34,+11,0.44,0.44,852,ma MAR,"MF,FW",es La Liga,23,2001,25.0,3,0,0,28,71,4,55,15,32,0
633668,2025-12-23,10000000,Bologna FC 1909,430,IT1,Giovanni Fabbian,853,it ITA,MF,Bologna,it Serie A,22.0,2003,14,8,705,7.8,2,0,2,2,0,0,0,0,0.26,,,,,,,,,,,,,,,,,,,,,,,,,853,it ITA,MF,it Serie A,22,2003,7.8,2,14,4,28.6,1.79,0.51,0.14,0.5,0,0,1045,it ITA,MF,it Serie A,22,2003,14,705,50,20.6,7.8,8,72,1,6,21,7,1.43,10,7,+3,0.38,0.38,853,it ITA,MF,it Serie A,22,2003,7.8,0,0,0,13,18,2,2,5,4,0
633668,2025-12-23,10000000,Bologna FC 1909,430,IT1,Giovanni Fabbian,854,it ITA,MF,Fiorentina,it Serie A,22.0,2003,15,4,468,5.2,0,0,0,0,0,0,2,0,0.0,,,,,,,,,,,,,,,,,,,,,,,,,854,it ITA,MF,it Serie A,22,2003,5.2,0,7,2,28.6,1.35,0.38,0.0,0.0,0,0,1046,it ITA,MF,it Serie A,22,2003,15,468,31,13.7,5.2,4,71,2,11,17,2,1.27,3,5,-2,-0.38,-0.17,854,it ITA,MF,it Serie A,22,2003,5.2,2,0,0,6,9,0,4,1,2,0
749552,2024-06-04,2500000,KRC Genk,6574,IT1,Alieu Fadera,855,gm GAM,FW,Sassuolo,it Serie A,23.0,2001,28,8,987,11.0,2,1,3,2,0,0,5,0,0.27,,,,,,,,,,,,,,,,,,,,,,,,,855,gm GAM,FW,it Serie A,23,2001,11.0,2,13,4,30.8,1.19,0.36,0.15,0.5,0,0,1048,gm GAM,FW,it Serie A,23,2001,28,987,35,28.9,11.0,8,67,0,20,22,6,1.57,12,11,+1,0.09,0.28,855,gm GAM,FW,it Serie A,23,2001,11.0,5,0,0,36,36,8,24,5,23,0
292808,2025-12-03,12000000,Leicester City,162,FR1,Wout Faes,856,be BEL,DF,Monaco,fr Ligue 1,27.0,1998,14,13,1141,12.7,0,0,0,0,0,0,3,0,0.0,,,,,,,,,,,,,,,,,,,,,,,,,856,be BEL,DF,fr Ligue 1,27,1998,12.7,0,5,1,20.0,0.39,0.08,0.0,0.0,0,0,1050,be BEL,DF,fr Ligue 1,27,1998,14,1141,82,37.3,12.7,13,85,12,1,33,2,1.71,27,23,+4,0.32,0.22,856,be BEL,DF,fr Ligue 1,27,1998,12.7,3,0,0,14,3,0,1,14,12,0
432090,2024-07-18,20000000,Juventus FC,430,IT1,Nicolò Fagioli,857,it ITA,MF,Fiorentina,it Serie A,24.0,2001,33,30,2554,28.4,2,3,5,2,0,0,5,0,0.18,,,,,,,,,,,,,,,,,,,,,,,,,857,it ITA,MF,it Serie A,24,2001,28.4,2,33,7,21.2,1.16,0.25,0.06,0.29,0,0,1051,it ITA,MF,it Serie A,24,2001,33,2554,77,74.7,28.4,30,82,14,3,34,4,1.09,31,42,-11,-0.39,-0.6,857,it ITA,MF,it Serie A,24,2001,28.4,5,0,0,23,45,0,84,18,31,0
555076,2024-05-27,15000000,AFC Bournemouth,290,FR1,Romain Faivre,858,fr FRA,"MF,FW",Auxerre,fr Ligue 1,27.0,1998,10,7,581,6.5,0,2,2,0,0,0,0,0,0.31,,,,,,,,,,,,,,,,,,,,,,,,,858,fr FRA,"MF,FW",fr Ligue 1,27,1998,6.5,0,11,3,27.3,1.7,0.46,0.0,0.0,0,0,1053,fr FRA,"MF,FW",fr Ligue 1,27,1998,10,581,58,19.0,6.5,7,77,2,3,15,1,1.0,7,7,0,0.0,0.36,858,fr FRA,"MF,FW",fr Ligue 1,27,1998,6.5,0,0,0,5,10,2,14,6,4,0
238537,2025-12-23,3500000,US Lecce,1005,IT1,Wladimiro Falcone,860,it ITA,GK,Lecce,it Serie A,30.0,1995,38,38,3420,38.0,0,0,0,0,0,0,2,0,0.0,51,it ITA,GK,it Serie A,30,1995,38,38,3420,38.0,50,1.32,152,108,69.7,10,8,20,10,26.3,6,4,2,0,860,it ITA,GK,it Serie A,30,1995,38.0,0,0,0,,0.0,0.0,,,0,0,1055,it ITA,GK,it Serie A,30,1995,38,3420,90,100.0,38.0,38,90,38,0,,0,1.0,28,50,-22,-0.58,,860,it ITA,GK,it Serie A,30,1995,38.0,2,0,0,0,8,0,0,0,2,0
466810,2024-05-27,25000000,Brighton & Hove Albion,162,FR1,Ansu Fati,861,es ESP,"MF,FW",Monaco,fr Ligue 1,22.0,2002,25,10,1093,12.1,11,0,11,8,3,4,1,0,0.66,,,,,,,,,,,,,,,,,,,,,,,,,861,es ESP,"MF,FW",fr Ligue 1,22,2002,12.1,11,43,24,55.8,3.54,1.98,0.19,0.33,3,4,1058,es ESP,"MF,FW",fr Ligue 1,22,2002,25,1093,44,35.7,12.1,10,71,2,15,26,1,1.64,27,23,+4,0.33,0.24,861,es ESP,"MF,FW",fr Ligue 1,22,2002,12.1,1,0,0,9,6,3,8,2,9,0
6107,2014-01-15,250000,Hull City,3008,GB1,Abdoulaye Faye,862,sn SEN,DF,Lorient,fr Ligue 1,20.0,2004,17,16,1444,16.0,0,0,0,0,0,0,8,0,0.0,,,,,,,,,,,,,,,,,,,,,,,,,862,sn SEN,DF,fr Ligue 1,20,2004,16.0,0,8,2,25.0,0.5,0.12,0.0,0.0,0,0,1061,sn SEN,DF,fr Ligue 1,20,2004,17,1444,85,47.2,16.0,16,87,14,1,45,0,1.18,22,31,-9,-0.56,-0.9,862,sn SEN,DF,fr Ligue 1,20,2004,16.0,8,0,0,25,15,0,4,28,24,1
691482,2024-06-05,6000000,FC Empoli,430,IT1,Jacopo Fazzini,863,it ITA,"MF,FW",Fiorentina,it Serie A,22.0,2003,20,5,584,6.5,0,0,0,0,0,0,2,0,0.0,,,,,,,,,,,,,,,,,,,,,,,,,863,it ITA,"MF,FW",it Serie A,22,2003,6.5,0,9,1,11.1,1.39,0.15,0.0,0.0,0,0,1063,it ITA,"MF,FW",it Serie A,22,2003,20,584,29,17.1,6.5,5,73,0,15,15,10,0.95,6,8,-2,-0.31,-0.09,863,it ITA,"MF,FW",it Serie A,22,2003,6.5,2,0,0,12,15,0,16,5,10,0
217144,2023-10-13,1500000,Elche CF,1531,ES1,Aleix Febas,864,es ESP,MF,Elche,es La Liga,29.0,1996,36,36,3160,35.1,2,2,4,2,0,0,10,0,0.11,,,,,,,,,,,,,,,,,,,,,,,,,864,es ESP,MF,es La Liga,29,1996,35.1,2,23,8,34.8,0.66,0.23,0.09,0.25,0,0,1064,es ESP,MF,es La Liga,29,1996,36,3160,88,92.4,35.1,36,88,30,0,,0,1.11,45,52,-7,-0.2,0.15,864,es ESP,MF,es La Liga,29,1996,35.1,10,0,0,34,118,1,22,27,46,0
600041,2025-12-23,2800000,Cagliari Calcio,1390,IT1,Mattia Felici,865,it ITA,MF,Cagliari,it Serie A,24.0,2001,12,4,412,4.6,2,1,3,2,0,0,3,0,0.66,,,,,,,,,,,,,,,,,,,,,,,,,865,it ITA,MF,it Serie A,24,2001,4.6,2,9,6,66.7,1.97,1.31,0.22,0.33,0,0,1065,it ITA,MF,it Serie A,24,2001,12,412,34,12.0,4.6,4,58,0,8,22,2,1.08,7,7,0,0.0,0.39,865,it ITA,MF,it Serie A,24,2001,4.6,3,0,0,10,6,0,23,5,6,0
457931,2025-12-12,3000000,Rayo Vallecano,367,ES1,Luiz Felipe,866,it ITA,DF,Rayo Vallecano,es La Liga,28.0,1997,10,7,470,5.2,0,0,0,0,0,0,1,0,0.0,,,,,,,,,,,,,,,,,,,,,,,,,866,it ITA,DF,es La Liga,28,1997,5.2,0,3,1,33.3,0.57,0.19,0.0,0.0,0,0,1066,it ITA,DF,es La Liga,28,1997,10,470,47,13.7,5.2,7,63,3,3,11,11,1.2,8,4,+4,0.77,0.98,866,it ITA,DF,es La Liga,28,1997,5.2,1,0,0,5,1,0,0,7,8,0
806948,2025-12-19,500000,1.FC Heidenheim 1846,2036,L1,Frank Feller,868,de GER,GK,Heidenheim,de Bundesliga,21.0,2004,3,3,270,3.0,0,0,0,0,0,0,0,0,0.0,52,de GER,GK,de Bundesliga,21,2004,3,3,270,3.0,5,1.67,20,15,75.0,1,0,2,0,0.0,0,0,0,0,868,de GER,GK,de Bundesliga,21,2004,3.0,0,0,0,,0.0,0.0,,,0,0,1070,de GER,GK,de Bundesliga,21,2004,3,270,90,8.8,3.0,3,90,3,0,,16,1.0,3,5,-2,-0.67,0.27,868,de GER,GK,de Bundesliga,21,2004,3.0,0,0,0,0,2,0,0,0,1,0
76467,2024-06-07,1400000,Villarreal CF,3709,ES1,Kiko Femenía,870,es ESP,"DF,MF",Getafe,es La Liga,34.0,1991,28,25,2008,22.3,1,1,2,1,0,0,6,0,0.09,,,,,,,,,,,,,,,,,,,,,,,,,870,es ESP,"DF,MF",es La Liga,34,1991,22.3,1,8,3,37.5,0.36,0.13,0.13,0.33,0,0,1072,es ESP,"DF,MF",es La Liga,34,1991,28,2008,72,58.7,22.3,25,76,8,3,35,1,1.25,20,24,-4,-0.18,-0.05,870,es ESP,"DF,MF",es La Liga,34,1991,22.3,6,0,0,21,11,5,43,36,24,0
648046,2025-12-23,25000000,AS Roma,12,IT1,Evan Ferguson,871,ie IRL,FW,Roma,it Serie A,20.0,2004,16,10,773,8.6,3,2,5,3,0,0,1,0,0.58,,,,,,,,,,,,,,,,,,,,,,,,,871,ie IRL,FW,it Serie A,20,2004,8.6,3,27,15,55.6,3.14,1.75,0.11,0.2,0,0,1073,ie IRL,FW,it Serie A,20,2004,16,773,48,22.6,8.6,10,59,1,6,30,3,1.88,12,6,+6,0.7,-0.05,871,ie IRL,FW,it Serie A,20,2004,8.6,1,0,0,11,9,3,2,1,4,0
428563,2025-12-23,20000000,Bologna FC 1909,1025,IT1,Lewis Ferguson,872,sct SCO,MF,Bologna,it Serie A,25.0,1999,27,17,1601,17.8,1,0,1,1,0,0,7,1,0.06,,,,,,,,,,,,,,,,,,,,,,,,,872,sct SCO,MF,it Serie A,25,1999,17.8,1,13,2,15.4,0.73,0.11,0.08,0.5,0,0,1074,sct SCO,MF,it Serie A,25,1999,27,1601,59,46.8,17.8,17,85,13,10,16,9,1.15,21,28,-7,-0.39,-0.89,872,sct SCO,MF,it Serie A,25,1999,17.8,7,1,1,34,26,3,25,12,16,0
240306,2025-12-09,40000000,Manchester United,985,GB1,Bruno Fernandes,873,pt POR,MF,Manchester Utd,eng Premier League,30.0,1994,35,35,3063,34.0,9,21,30,5,4,6,5,0,0.76,,,,,,,,,,,,,,,,,,,,,,,,,873,pt POR,MF,eng Premier League,30,1994,34.0,9,85,24,28.2,2.5,0.71,0.06,0.21,4,6,1075,pt POR,MF,eng Premier League,30,1994,35,3063,88,89.6,34.0,35,88,29,0,,0,1.89,66,46,+20,0.59,0.84,873,pt POR,MF,eng Premier League,30,1994,34.0,5,0,0,24,35,4,181,21,35,0
880245,2025-12-09,32000000,West Ham United,379,GB1,Mateus Fernandes,874,pt POR,MF,West Ham United,eng Premier League,21.0,2004,36,35,3016,33.5,3,4,7,3,0,0,7,0,0.21,,,,,,,,,,,,,,,,,,,,,,,,,874,pt POR,MF,eng Premier League,21,2004,33.5,3,28,8,28.6,0.84,0.24,0.11,0.38,0,0,1076,pt POR,MF,eng Premier League,21,2004,36,3016,84,88.2,33.5,35,85,23,1,26,0,1.08,40,50,-10,-0.3,1.71,874,pt POR,MF,eng Premier League,21,2004,33.5,7,0,0,49,49,0,51,36,67,0
118997,2025-12-12,600000,CA Osasuna,331,ES1,Aitor Fernández,875,es ESP,GK,Osasuna,es La Liga,34.0,1991,2,1,136,1.5,0,0,0,0,0,0,3,0,0.0,53,es ESP,GK,es La Liga,34,1991,2,1,136,1.5,3,1.99,11,9,81.8,0,0,1,0,0.0,1,1,0,0,875,es ESP,GK,es La Liga,34,1991,1.5,0,0,0,,0.0,0.0,,,0,0,1079,es ESP,GK,es La Liga,34,1991,2,136,68,4.0,1.5,1,90,1,1,46,33,0.0,2,8,-6,-3.97,-3.97,875,es ESP,GK,es La Liga,34,1991,1.5,3,0,0,0,0,0,0,0,0,0
648195,2025-12-09,85000000,Chelsea FC,631,GB1,Enzo Fernández,878,ar ARG,MF,Chelsea,eng Premier League,24.0,2001,36,35,3115,34.6,10,4,14,8,2,2,10,0,0.35,,,,,,,,,,,,,,,,,,,,,,,,,878,ar ARG,MF,eng Premier League,24,2001,34.6,10,72,31,43.1,2.08,0.9,0.11,0.26,2,2,1083,ar ARG,MF,eng Premier League,24,2001,36,3115,87,91.1,34.6,35,88,28,1,37,0,1.36,53,46,+7,0.2,0.5,878,ar ARG,MF,eng Premier League,24,2001,34.6,10,0,0,36,45,1,89,20,24,0
53293,2017-06-30,300000,Marbella FC,897,ES1,Manu Fernández,880,es ESP,DF,Celta Vigo,es La Liga,24.0,2001,14,9,758,8.4,0,0,0,0,0,0,2,0,0.0,,,,,,,,,,,,,,,,,,,,,,,,,880,es ESP,DF,es La Liga,24,2001,8.4,0,2,0,0.0,0.24,0.0,0.0,,0,0,1087,es ESP,DF,es La Liga,24,2001,14,758,54,22.2,8.4,9,74,3,5,18,20,1.64,12,11,+1,0.12,-0.02,880,es ESP,DF,es La Liga,24,2001,8.4,2,0,0,8,7,0,0,7,9,0
724129,2024-06-04,3000000,KAA Gent,1082,FR1,Matias Fernandez-Pardo,885,be BEL,"FW,MF",Lille,fr Ligue 1,20.0,2005,29,27,2370,26.3,8,5,13,6,2,2,5,0,0.42,,,,,,,,,,,,,,,,,,,,,,,,,885,be BEL,"FW,MF",fr Ligue 1,20,2005,26.3,8,68,30,44.1,2.58,1.14,0.09,0.2,2,2,1094,be BEL,"FW,MF",fr Ligue 1,20,2005,29,2370,82,77.5,26.3,27,85,15,2,38,2,1.69,32,26,+6,0.23,-0.95,885,be BEL,"FW,MF",fr Ligue 1,20,2005,26.3,5,0,0,15,40,16,57,8,14,0
261503,2023-06-29,7000000,CF América,150,ES1,Álvaro Fidalgo,886,mx MEX,MF,Real Betis,es La Liga,28.0,1997,9,8,542,6.0,1,0,1,1,0,0,0,0,0.17,,,,,,,,,,,,,,,,,,,,,,,,,886,mx MEX,MF,es La Liga,28,1997,6.0,1,4,2,50.0,0.66,0.33,0.25,0.5,0,0,1097,mx MEX,MF,es La Liga,28,1997,9,542,60,15.8,6.0,8,66,0,1,11,7,1.44,7,8,-1,-0.17,-0.54,886,mx MEX,MF,es La Liga,28,1997,6.0,0,0,0,2,6,1,6,4,5,0
866250,2024-06-04,1000000,Standard Liège,3057,BE1,Seydou Fini,887,it ITA,FW,Genoa,it Serie A,19.0,2006,1,0,32,0.4,0,0,0,0,0,0,0,0,0.0,,,,,,,,,,,,,,,,,,,,,,,,,887,it ITA,FW,it Serie A,19,2006,0.4,0,0,0,,0.0,0.0,,,0,0,1098,it ITA,FW,it Serie A,19,2006,1,32,32,0.9,0.4,0,,0,1,32,20,0.0,1,0,+1,2.81,3.1,887,it ITA,FW,it Serie A,19,2006,0.4,0,0,0,1,0,2,1,0,0,0
810649,2024-05-29,6000000,1.FC Köln,23826,L1,Max Finkgräfe,888,de GER,DF,RB Leipzig,de Bundesliga,21.0,2004,13,5,504,5.6,1,1,2,1,0,0,2,0,0.36,,,,,,,,,,,,,,,,,,,,,,,,,888,de GER,DF,de Bundesliga,21,2004,5.6,1,4,2,50.0,0.71,0.36,0.25,0.5,0,0,1099,de GER,DF,de Bundesliga,21,2004,13,504,39,16.5,5.6,5,86,3,8,9,13,2.23,9,13,-4,-0.71,-1.52,888,de GER,DF,de Bundesliga,21,2004,5.6,2,0,0,3,4,0,37,8,12,0
374139,2023-10-27,7000000,Leeds United,150,ES1,Junior Firpo,889,do DOM,DF,Real Betis,es La Liga,28.0,1996,12,10,827,9.2,0,1,1,0,0,0,2,0,0.11,,,,,,,,,,,,,,,,,,,,,,,,,889,do DOM,DF,es La Liga,28,1996,9.2,0,5,0,0.0,0.54,0.0,0.0,,0,0,1100,do DOM,DF,es La Liga,28,1996,12,827,69,24.2,9.2,10,78,4,2,26,14,1.08,13,15,-2,-0.22,-0.67,889,do DOM,DF,es La Liga,28,1996,9.2,2,0,0,11,8,1,19,10,14,0
435796,2025-12-19,7500000,VfL Wolfsburg,82,L1,Kilian Fischer,891,de GER,DF,Wolfsburg,de Bundesliga,24.0,2000,11,10,800,8.9,0,0,0,0,0,0,0,0,0.0,,,,,,,,,,,,,,,,,,,,,,,,,891,de GER,DF,de Bundesliga,24,2000,8.9,0,2,0,0.0,0.23,0.0,0.0,,0,0,1102,de GER,DF,de Bundesliga,24,2000,11,800,73,26.1,8.9,10,78,5,1,18,4,0.73,10,21,-11,-1.24,-0.72,891,de GER,DF,de Bundesliga,24,2000,8.9,0,0,0,10,4,0,16,12,13,1
125714,2025-12-19,8000000,Bayer 04 Leverkusen,15,L1,Mark Flekken,892,nl NED,GK,Leverkusen,de Bundesliga,32.0,1993,24,24,2129,23.7,0,0,0,0,0,0,2,0,0.0,55,nl NED,GK,de Bundesliga,32,1993,24,24,2129,23.7,38,1.61,110,79,71.8,12,4,8,5,20.8,7,7,0,0,892,nl NED,GK,de Bundesliga,32,1993,23.7,0,0,0,,0.0,0.0,,,0,0,1104,nl NED,GK,de Bundesliga,32,1993,24,2129,89,69.6,23.7,24,89,23,0,,0,1.67,51,38,+13,0.55,-0.22,892,nl NED,GK,de Bundesliga,32,1993,23.7,2,0,0,0,3,0,0,0,0,0
411537,2023-06-01,4200000,Millwall FC,1132,GB1,Zian Flemming,893,nl NED,FW,Burnley,eng Premier League,26.0,1998,29,21,1768,19.6,11,0,11,9,2,2,5,0,0.46,,,,,,,,,,,,,,,,,,,,,,,,,893,nl NED,FW,eng Premier League,26,1998,19.6,11,52,21,40.4,2.65,1.07,0.17,0.43,2,2,1105,nl NED,FW,eng Premier League,26,1998,29,1768,61,51.7,19.6,21,79,6,8,13,3,0.66,23,35,-12,-0.61,0.75,893,nl NED,FW,eng Premier League,26,1998,19.6,5,0,0,51,26,3,6,6,10,0
1011140,2025-12-29,1000000,Manchester United U21,9251,,Jack Fletcher,894,eng ENG,MF,Manchester Utd,eng Premier League,18.0,2007,3,0,108,1.2,0,0,0,0,0,0,0,0,0.0,,,,,,,,,,,,,,,,,,,,,,,,,894,eng ENG,MF,eng Premier League,18,2007,1.2,0,1,0,0.0,0.83,0.0,0.0,,0,0,1106,eng ENG,MF,eng Premier League,18,2007,3,108,36,3.2,1.2,0,,0,3,36,5,1.33,0,0,0,0.0,-0.52,894,eng ENG,MF,eng Premier League,18,2007,1.2,0,0,0,2,1,0,0,1,1,0
406635,2024-05-27,150000000,Manchester City,281,GB1,Phil Foden,897,eng ENG,MF,Manchester City,eng Premier League,25.0,2000,33,23,2086,23.2,7,5,12,7,0,0,4,0,0.52,,,,,,,,,,,,,,,,,,,,,,,,,897,eng ENG,MF,eng Premier League,25,2000,23.2,7,55,19,34.5,2.37,0.82,0.13,0.37,0,0,1109,eng ENG,MF,eng Premier League,25,2000,33,2086,63,61.0,23.2,23,83,13,10,17,3,2.0,53,19,+34,1.47,0.93,897,eng ENG,MF,eng Premier League,25,2000,23.2,4,0,0,18,31,3,119,10,16,0
743386,2025-12-15,30000000,Olympique Lyon,1041,FR1,Malick Fofana,898,be BEL,"MF,FW",Lyon,fr Ligue 1,20.0,2005,12,9,749,8.3,2,1,3,2,0,0,1,0,0.36,,,,,,,,,,,,,,,,,,,,,,,,,898,be BEL,"MF,FW",fr Ligue 1,20,2005,8.3,2,19,9,47.4,2.28,1.08,0.11,0.22,0,0,1110,be BEL,"MF,FW",fr Ligue 1,20,2005,12,749,62,24.5,8.3,9,80,1,3,9,1,1.5,10,7,+3,0.36,-0.03,898,be BEL,"MF,FW",fr Ligue 1,20,2005,8.3,1,0,0,11,22,3,29,3,5,0
1160814,2025-12-15,5000000,RC Lens,826,FR1,Rayan Fofana,899,fr FRA,"FW,MF",Lens,fr Ligue 1,19.0,2006,25,7,798,8.9,5,0,5,5,0,0,0,0,0.56,,,,,,,,,,,,,,,,,,,,,,,,,899,fr FRA,"FW,MF",fr Ligue 1,19,2006,8.9,5,36,12,33.3,4.06,1.35,0.14,0.42,0,0,1111,fr FRA,"FW,MF",fr Ligue 1,19,2006,25,798,32,26.1,8.9,7,61,0,18,21,8,2.08,17,8,+9,1.02,0.14,899,fr FRA,"FW,MF",fr Ligue 1,19,2006,8.9,0,0,0,15,34,7,6,1,4,0
644613,2024-05-31,500000,Fortuna Sittard,1005,IT1,Sadik Fofana,900,tg TOG,MF,Lecce,it Serie A,22.0,2003,5,1,84,0.9,0,0,0,0,0,0,0,0,0.0,,,,,,,,,,,,,,,,,,,,,,,,,900,tg TOG,MF,it Serie A,22,2003,0.9,0,2,0,0.0,2.14,0.0,0.0,,0,0,1112,tg TOG,MF,it Serie A,22,2003,5,84,17,2.5,0.9,1,45,0,4,10,9,1.2,0,1,-1,-1.07,-0.5,900,tg TOG,MF,it Serie A,22,2003,0.9,0,0,0,3,1,0,0,0,2,0
182893,2025-12-15,8000000,Stade Rennais FC,720,PO1,Seko Fofana,901,ci CIV,MF,Rennes,fr Ligue 1,30.0,1995,12,7,655,7.3,1,0,1,1,0,0,0,0,0.14,,,,,,,,,,,,,,,,,,,,,,,,,901,ci CIV,MF,fr Ligue 1,30,1995,7.3,1,9,3,33.3,1.24,0.41,0.11,0.33,0,0,1113,ci CIV,MF,fr Ligue 1,30,1995,12,655,55,21.4,7.3,7,83,4,5,14,1,1.5,9,12,-3,-0.41,-0.86,901,ci CIV,MF,fr Ligue 1,30,1995,7.3,0,0,0,3,13,0,7,3,2,0
475411,2025-12-09,28000000,Chelsea FC,631,GB1,Wesley Fofana,902,fr FRA,DF,Chelsea,eng Premier League,24.0,2000,25,20,1722,19.1,0,1,1,0,0,0,9,2,0.05,,,,,,,,,,,,,,,,,,,,,,,,,902,fr FRA,DF,eng Premier League,24,2000,19.1,0,8,1,12.5,0.42,0.05,0.0,0.0,0,0,1114,fr FRA,DF,eng Premier League,24,2000,25,1722,69,50.4,19.1,20,80,10,5,26,6,1.52,27,24,+3,0.16,0.0,902,fr FRA,DF,eng Premier League,24,2000,19.1,9,2,2,27,17,1,2,38,11,0
569598,2024-06-03,30000000,AS Monaco,5,IT1,Youssouf Fofana,903,fr FRA,MF,Milan,it Serie A,26.0,1999,33,28,2203,24.5,2,3,5,2,0,0,4,0,0.2,,,,,,,,,,,,,,,,,,,,,,,,,903,fr FRA,MF,it Serie A,26,1999,24.5,2,45,18,40.0,1.84,0.74,0.04,0.11,0,0,1115,fr FRA,MF,it Serie A,26,1999,33,2203,67,64.4,24.5,28,73,8,5,29,3,1.88,37,21,+16,0.65,0.51,903,fr FRA,MF,it Serie A,26,1999,24.5,4,0,0,21,16,0,10,19,19,0
192169,2025-12-19,1500000,1.FC Heidenheim 1846,2036,L1,Jonas Föhrenbach,904,de GER,"DF,MF",Heidenheim,de Bundesliga,29.0,1996,27,25,2325,25.8,1,1,2,1,0,0,3,0,0.08,,,,,,,,,,,,,,,,,,,,,,,,,904,de GER,"DF,MF",de Bundesliga,29,1996,25.8,1,6,1,16.7,0.23,0.04,0.17,1.0,0,0,1116,de GER,"DF,MF",de Bundesliga,29,1996,27,2325,86,76.0,25.8,25,88,22,2,65,4,0.93,34,51,-17,-0.66,1.06,904,de GER,"DF,MF",de Bundesliga,29,1996,25.8,3,0,0,16,18,1,78,33,27,0
377042,2025-12-23,6000000,Cagliari Calcio,1390,IT1,Michael Folorunsho,906,it ITA,"MF,FW",Cagliari,it Serie A,27.0,1998,27,24,1999,22.2,2,0,2,2,0,0,3,0,0.09,,,,,,,,,,,,,,,,,,,,,,,,,906,it ITA,"MF,FW",it Serie A,27,1998,22.2,2,36,9,25.0,1.62,0.41,0.06,0.22,0,0,1119,it ITA,"MF,FW",it Serie A,27,1998,27,1999,74,58.5,22.2,24,81,11,3,21,0,0.96,20,30,-10,-0.45,-0.26,906,it ITA,"MF,FW",it Serie A,27,1998,22.2,3,0,0,35,49,13,22,10,10,0
709380,2024-06-24,1500000,Villarreal CF B,2497,ES1,Álex Forés,908,es ESP,FW,Oviedo,es La Liga,24.0,2001,18,3,360,4.0,0,1,1,0,0,0,0,0,0.25,,,,,,,,,,,,,,,,,,,,,,,,,908,es ESP,FW,es La Liga,24,2001,4.0,0,8,2,25.0,2.0,0.5,0.0,0.0,0,0,1122,es ESP,FW,es La Liga,24,2001,18,360,20,10.5,4.0,3,59,0,15,12,15,0.33,1,8,-7,-1.75,-0.96,908,es ESP,FW,es La Liga,24,2001,4.0,0,0,0,3,6,1,2,1,1,0
357885,2024-06-07,14000000,Real Betis Balompié,150,ES1,Pablo Fornals,909,es ESP,MF,Real Betis,es La Liga,29.0,1996,37,34,2848,31.6,9,6,15,9,0,0,2,0,0.47,,,,,,,,,,,,,,,,,,,,,,,,,909,es ESP,MF,es La Liga,29,1996,31.6,9,43,18,41.9,1.36,0.57,0.21,0.5,0,0,1123,es ESP,MF,es La Liga,29,1996,37,2848,77,83.3,31.6,34,80,15,3,40,1,1.62,53,38,+15,0.47,1.1,909,es ESP,MF,es La Liga,29,1996,31.6,2,0,0,32,26,13,140,34,26,0
937955,2024-06-07,10000000,FC Barcelona Atlètic,1531,ES1,Héctor Fort,910,es ESP,"DF,MF",Elche,es La Liga,18.0,2006,14,7,482,5.4,2,2,4,2,0,0,0,0,0.75,,,,,,,,,,,,,,,,,,,,,,,,,910,es ESP,"DF,MF",es La Liga,18,2006,5.4,2,12,5,41.7,2.24,0.93,0.17,0.4,0,0,1125,es ESP,"DF,MF",es La Liga,18,2006,14,482,34,14.1,5.4,7,56,0,7,13,3,1.29,9,6,+3,0.56,0.9,910,es ESP,"DF,MF",es La Liga,18,2006,5.4,0,0,0,5,1,2,8,5,3,0
984964,2025-12-23,10000000,ACF Fiorentina,430,IT1,Niccolò Fortini,911,it ITA,MF,Fiorentina,it Serie A,19.0,2006,16,2,541,6.0,0,0,0,0,0,0,0,0,0.0,,,,,,,,,,,,,,,,,,,,,,,,,911,it ITA,MF,it Serie A,19,2006,6.0,0,8,2,25.0,1.33,0.33,0.0,0.0,0,0,1127,it ITA,MF,it Serie A,19,2006,16,541,34,15.8,6.0,2,78,1,14,28,15,0.81,9,12,-3,-0.5,-0.31,911,it ITA,MF,it Serie A,19,2006,6.0,0,0,0,5,18,0,29,4,9,0
467623,2024-05-27,13000000,Burnley FC,1132,GB1,Lyle Foster,913,za RSA,"FW,MF",Burnley,eng Premier League,24.0,2000,26,15,1371,15.2,3,2,5,3,0,0,4,0,0.33,,,,,,,,,,,,,,,,,,,,,,,,,913,za RSA,"FW,MF",eng Premier League,24,2000,15.2,3,20,6,30.0,1.31,0.39,0.15,0.5,0,0,1129,za RSA,"FW,MF",eng Premier League,24,2000,26,1371,53,40.1,15.2,15,75,3,11,22,2,0.58,11,30,-19,-1.25,-0.46,913,za RSA,"FW,MF",eng Premier League,24,2000,15.2,4,0,0,22,13,11,6,4,12,0
170472,2025-12-12,1200000,Valencia CF,1049,ES1,Dimitri Foulquier,914,fr FRA,DF,Valencia,es La Liga,32.0,1993,15,12,1150,12.8,0,0,0,0,0,0,1,0,0.0,,,,,,,,,,,,,,,,,,,,,,,,,914,fr FRA,DF,es La Liga,32,1993,12.8,0,6,1,16.7,0.47,0.08,0.0,0.0,0,0,1130,fr FRA,DF,es La Liga,32,1993,15,1150,77,33.6,12.8,12,88,11,3,32,3,1.27,16,21,-5,-0.39,-0.23,914,fr FRA,DF,es La Liga,32,1993,12.8,1,0,0,16,7,0,11,8,9,0
480763,2025-12-12,15000000,Villarreal CF,1050,ES1,Juan Foyth,915,ar ARG,DF,Villarreal,es La Liga,27.0,1998,13,12,934,10.4,0,0,0,0,0,0,2,0,0.0,,,,,,,,,,,,,,,,,,,,,,,,,915,ar ARG,DF,es La Liga,27,1998,10.4,0,2,0,0.0,0.19,0.0,0.0,,0,0,1131,ar ARG,DF,es La Liga,27,1998,13,934,72,27.3,10.4,12,77,8,1,11,2,2.15,22,9,+13,1.25,0.78,915,ar ARG,DF,es La Liga,27,1998,10.4,2,0,0,8,1,0,0,15,13,0
394300,2025-12-23,28000000,Inter Milan,46,IT1,Davide Frattesi,919,it ITA,MF,Inter,it Serie A,25.0,1999,22,3,569,6.3,0,0,0,0,0,0,0,0,0.0,,,,,,,,,,,,,,,,,,,,,,,,,919,it ITA,MF,it Serie A,25,1999,6.3,0,16,4,25.0,2.53,0.63,0.0,0.0,0,0,1138,it ITA,MF,it Serie A,25,1999,22,569,26,16.6,6.3,3,80,2,19,17,14,2.45,15,4,+11,1.74,0.38,919,it ITA,MF,it Serie A,25,1999,6.3,0,0,0,9,11,2,2,3,7,0
610428,2025-12-19,3000000,Borussia Mönchengladbach,18,L1,Oscar Fraulo,920,dk DEN,MF,Gladbach,de Bundesliga,21.0,2003,4,0,43,0.5,1,0,1,1,0,0,0,0,2.09,,,,,,,,,,,,,,,,,,,,,,,,,920,dk DEN,MF,de Bundesliga,21,2003,0.5,1,1,1,100.0,2.09,2.09,1.0,1.0,0,0,1139,dk DEN,MF,de Bundesliga,21,2003,4,43,11,1.4,0.5,0,,0,4,11,9,1.75,1,0,+1,2.09,2.45,920,dk DEN,MF,de Bundesliga,21,2003,0.5,0,0,0,3,0,0,0,1,0,0
911424,2022-11-03,250000,Manchester United U21,985,GB1,Tyler Fredricson,921,eng ENG,DF,Manchester Utd,eng Premier League,20.0,2005,1,0,3,0.0,0,0,0,0,0,0,0,0,0.0,,,,,,,,,,,,,,,,,,,,,,,,,921,eng ENG,DF,eng Premier League,20,2005,0.0,0,0,0,,0.0,0.0,,,0,0,1140,eng ENG,DF,eng Premier League,20,2005,1,3,3,0.1,0.0,0,,0,1,3,10,3.0,0,0,0,0.0,-0.5,921,eng ENG,DF,eng Premier League,20,2005,0.0,0,0,0,0,0,0,0,0,0,0
503871,2024-06-05,15000000,Genoa CFC,252,IT1,Morten Frendrup,923,dk DEN,MF,Genoa,it Serie A,24.0,2001,36,35,3081,34.2,1,0,1,1,0,0,5,0,0.03,,,,,,,,,,,,,,,,,,,,,,,,,923,dk DEN,MF,it Serie A,24,2001,34.2,1,8,3,37.5,0.23,0.09,0.13,0.33,0,0,1143,dk DEN,MF,it Serie A,24,2001,36,3081,86,90.1,34.2,35,87,26,1,28,0,0.97,36,45,-9,-0.26,0.0,923,dk DEN,MF,it Serie A,24,2001,34.2,5,0,0,41,39,0,5,41,71,0
488785,2024-06-10,2000000,FC Nordsjaelland,276,IT1,Martin Frese,924,dk DEN,"MF,DF",Hellas Verona,it Serie A,27.0,1998,31,27,2408,26.8,2,0,2,2,0,0,8,0,0.07,,,,,,,,,,,,,,,,,,,,,,,,,924,dk DEN,"MF,DF",it Serie A,27,1998,26.8,2,21,11,52.4,0.78,0.41,0.1,0.18,0,0,1144,dk DEN,"MF,DF",it Serie A,27,1998,31,2408,78,70.4,26.8,27,83,17,4,40,3,0.61,16,40,-24,-0.9,0.17,924,dk DEN,"MF,DF",it Serie A,27,1998,26.8,8,0,0,46,20,4,74,30,54,1
148252,2025-12-23,4000000,Bologna FC 1909,1025,IT1,Remo Freuler,925,ch SUI,MF,Bologna,it Serie A,33.0,1992,29,26,2213,24.6,1,2,3,1,0,0,5,0,0.12,,,,,,,,,,,,,,,,,,,,,,,,,925,ch SUI,MF,it Serie A,33,1992,24.6,1,8,1,12.5,0.33,0.04,0.13,1.0,0,0,1145,ch SUI,MF,it Serie A,33,1992,29,2213,76,64.7,24.6,26,83,18,3,21,3,1.62,33,29,+4,0.16,0.24,925,ch SUI,MF,it Serie A,33,1992,24.6,5,0,0,19,24,1,18,22,31,1
156990,2025-12-19,12000000,SV Werder Bremen,86,L1,Marco Friedl,926,at AUT,DF,Werder Bremen,de Bundesliga,27.0,1998,30,29,2546,28.3,1,0,1,1,0,0,9,1,0.04,,,,,,,,,,,,,,,,,,,,,,,,,926,at AUT,DF,de Bundesliga,27,1998,28.3,1,8,2,25.0,0.28,0.07,0.13,0.5,0,0,1146,at AUT,DF,de Bundesliga,27,1998,30,2546,85,83.2,28.3,29,86,26,1,45,0,0.9,29,49,-20,-0.71,-0.18,926,at AUT,DF,de Bundesliga,27,1998,28.3,9,1,0,17,16,1,15,35,24,0
196231,2025-12-19,1800000,Borussia Mönchengladbach,18,L1,Marvin Friedrich,927,de GER,DF,Gladbach,de Bundesliga,29.0,1995,6,1,152,1.7,0,0,0,0,0,0,0,0,0.0,,,,,,,,,,,,,,,,,,,,,,,,,927,de GER,DF,de Bundesliga,29,1995,1.7,0,0,0,,0.0,0.0,,,0,0,1147,de GER,DF,de Bundesliga,29,1995,6,152,25,5.0,1.7,1,90,1,5,12,14,1.5,2,5,-3,-1.78,-1.53,927,de GER,DF,de Bundesliga,29,1995,1.7,0,0,0,2,2,0,0,1,3,0
484547,2025-12-09,38000000,Liverpool FC,31,GB1,Jeremie Frimpong,928,nl NED,"DF,MF",Liverpool,eng Premier League,24.0,2000,21,12,1040,11.6,0,1,1,0,0,0,1,0,0.09,,,,,,,,,,,,,,,,,,,,,,,,,928,nl NED,"DF,MF",eng Premier League,24,2000,11.6,0,10,2,20.0,0.87,0.17,0.0,0.0,0,0,1148,nl NED,"DF,MF",eng Premier League,24,2000,21,1040,50,30.4,11.6,12,75,4,9,16,2,1.48,20,13,+7,0.61,0.49,928,nl NED,"DF,MF",eng Premier League,24,2000,11.6,1,0,0,8,21,4,51,6,9,0
455181,2024-06-07,4000000,Rayo Vallecano,367,ES1,Jorge de Frutos,929,es ESP,"FW,MF",Rayo Vallecano,es La Liga,28.0,1997,36,31,2463,27.4,10,1,11,9,1,1,3,0,0.37,,,,,,,,,,,,,,,,,,,,,,,,,929,es ESP,"FW,MF",es La Liga,28,1997,27.4,10,62,28,45.2,2.27,1.02,0.15,0.32,1,1,1150,es ESP,"FW,MF",es La Liga,28,1997,36,2463,68,72.0,27.4,31,74,6,5,36,1,1.39,32,23,+9,0.33,1.46,929,es ESP,"FW,MF",es La Liga,28,1997,27.4,3,0,0,34,39,18,47,11,16,0
272278,2025-12-19,10000000,VfB Stuttgart,79,L1,Chris Führich,930,de GER,MF,Stuttgart,de Bundesliga,27.0,1998,33,20,1698,18.9,7,7,14,7,0,0,2,0,0.74,,,,,,,,,,,,,,,,,,,,,,,,,930,de GER,MF,de Bundesliga,27,1998,18.9,7,45,23,51.1,2.39,1.22,0.16,0.3,0,0,1152,de GER,MF,de Bundesliga,27,1998,33,1698,51,55.5,18.9,20,70,1,13,23,1,1.79,41,28,+13,0.69,0.09,930,de GER,MF,de Bundesliga,27,1998,18.9,2,0,0,6,7,5,86,3,9,0
75489,2025-12-09,8000000,West Ham United,5,IT1,Niclas Füllkrug,932,de GER,FW,West Ham United,eng Premier League,32.0,1993,8,5,409,4.5,0,0,0,0,0,0,0,0,0.0,,,,,,,,,,,,,,,,,,,,,,,,,932,de GER,FW,eng Premier League,32,1993,4.5,0,9,3,33.3,1.98,0.66,0.0,0.0,0,0,1154,de GER,FW,eng Premier League,32,1993,8,409,51,12.0,4.5,5,69,1,3,21,2,0.63,2,11,-9,-1.98,-1.68,932,de GER,FW,eng Premier League,32,1993,4.5,0,0,0,11,1,2,0,2,1,0
75489,2025-12-09,8000000,West Ham United,5,IT1,Niclas Füllkrug,933,de GER,FW,Milan,it Serie A,32.0,1993,20,3,659,7.3,1,0,1,1,0,1,0,0,0.14,,,,,,,,,,,,,,,,,,,,,,,,,933,de GER,FW,it Serie A,32,1993,7.3,1,16,5,31.3,2.19,0.68,0.06,0.2,0,1,1155,de GER,FW,it Serie A,32,1993,20,659,33,19.3,7.3,3,63,0,17,28,2,1.6,13,6,+7,0.96,0.6,933,de GER,FW,it Serie A,32,1993,7.3,0,0,0,8,8,14,1,3,2,0
538079,2025-12-23,50000,SS Lazio,398,IT1,Alessio Furlanetto,934,it ITA,GK,Lazio,it Serie A,23.0,2002,2,2,180,2.0,0,0,0,0,0,0,0,0,0.0,57,it ITA,GK,it Serie A,23,2002,2,2,180,2.0,3,1.5,10,7,70.0,1,0,1,0,0.0,0,0,0,0,934,it ITA,GK,it Serie A,23,2002,2.0,0,0,0,,0.0,0.0,,,0,0,1156,it ITA,GK,it Serie A,23,2002,2,180,90,5.3,2.0,2,90,2,0,,33,1.5,2,3,-1,-0.5,-0.56,934,it ITA,GK,it Serie A,23,2002,2.0,0,0,0,0,0,0,0,0,0,0
1011936,2025-12-10,2500000,Club Brugge KV,1148,GB1,Kaye Furo,935,be BEL,FW,Brentford,eng Premier League,18.0,2007,1,0,1,0.0,0,0,0,0,0,0,0,0,0.0,,,,,,,,,,,,,,,,,,,,,,,,,935,be BEL,FW,eng Premier League,18,2007,0.0,0,0,0,,0.0,0.0,,,0,0,1157,be BEL,FW,eng Premier League,18,2007,1,1,1,0.0,0.0,0,,0,1,1,12,3.0,0,0,0,0.0,-0.08,935,be BEL,FW,eng Premier League,18,2007,0.0,0,0,0,1,0,0,0,0,0,0
323167,2024-06-05,8000000,AC Milan,5,IT1,Matteo Gabbia,936,it ITA,DF,Milan,it Serie A,25.0,1999,30,28,2530,28.1,0,0,0,0,0,0,4,0,0.0,,,,,,,,,,,,,,,,,,,,,,,,,936,it ITA,DF,it Serie A,25,1999,28.1,0,19,3,15.8,0.68,0.11,0.0,0.0,0,0,1160,it ITA,DF,it Serie A,25,1999,30,2530,84,74.0,28.1,28,88,26,2,29,2,1.93,42,25,+17,0.6,0.5,936,it ITA,DF,it Serie A,25,1999,28.1,4,0,0,25,6,0,1,13,14,0
1112449,2025-12-23,15000000,US Lecce,1005,IT1,Tiago Gabriel,937,pt POR,DF,Lecce,it Serie A,20.0,2004,37,36,3219,35.8,2,0,2,2,0,0,7,0,0.06,,,,,,,,,,,,,,,,,,,,,,,,,937,pt POR,DF,it Serie A,20,2004,35.8,2,20,4,20.0,0.56,0.11,0.1,0.5,0,0,1162,pt POR,DF,it Serie A,20,2004,37,3219,87,94.1,35.8,36,89,34,1,12,0,1.0,28,46,-18,-0.5,1.29,937,pt POR,DF,it Serie A,20,2004,35.8,7,0,0,29,40,1,2,46,40,1
358008,2025-12-23,4000000,Cagliari Calcio,1390,IT1,Gianluca Gaetano,938,it ITA,"MF,FW",Cagliari,it Serie A,25.0,2000,33,21,1912,21.2,2,4,6,2,0,0,4,0,0.28,,,,,,,,,,,,,,,,,,,,,,,,,938,it ITA,"MF,FW",it Serie A,25,2000,21.2,2,34,11,32.4,1.6,0.52,0.06,0.18,0,0,1164,it ITA,"MF,FW",it Serie A,25,2000,33,1912,58,55.9,21.2,21,77,10,12,24,0,1.21,27,30,-3,-0.14,0.46,938,it ITA,"MF,FW",it Serie A,25,2000,21.2,4,0,0,26,29,0,38,23,15,0
197471,2025-12-23,1400000,Hellas Verona,276,IT1,Roberto Gagliardini,939,it ITA,MF,Hellas Verona,it Serie A,31.0,1994,29,25,2272,25.2,1,0,1,1,0,0,9,0,0.04,,,,,,,,,,,,,,,,,,,,,,,,,939,it ITA,MF,it Serie A,31,1994,25.2,1,15,3,20.0,0.59,0.12,0.07,0.33,0,0,1165,it ITA,MF,it Serie A,31,1994,29,2272,78,66.4,25.2,25,84,19,4,43,1,0.52,17,36,-19,-0.75,0.58,939,it ITA,MF,it Serie A,31,1994,25.2,9,0,0,45,35,0,16,56,40,0
434675,2025-12-09,70000000,Liverpool FC,31,GB1,Cody Gakpo,940,nl NED,"MF,FW",Liverpool,eng Premier League,26.0,1999,36,32,2737,30.4,7,5,12,7,0,0,3,0,0.39,,,,,,,,,,,,,,,,,,,,,,,,,940,nl NED,"MF,FW",eng Premier League,26,1999,30.4,7,87,21,24.1,2.86,0.69,0.08,0.33,0,0,1166,nl NED,"MF,FW",eng Premier League,26,1999,36,2737,76,80.0,30.4,32,82,16,4,28,0,1.5,48,39,+9,0.3,0.16,940,nl NED,"MF,FW",eng Premier League,26,1999,30.4,3,0,0,42,44,30,86,12,15,0
448628,2025-12-12,3500000,Atlético de Madrid,331,ES1,Javi Galán,941,es ESP,DF,Osasuna,es La Liga,30.0,1994,20,19,1672,18.6,0,1,1,0,0,0,3,0,0.05,,,,,,,,,,,,,,,,,,,,,,,,,941,es ESP,DF,es La Liga,30,1994,18.6,0,6,1,16.7,0.32,0.05,0.0,0.0,0,0,1167,es ESP,DF,es La Liga,30,1994,20,1672,84,48.9,18.6,19,87,15,1,24,1,1.2,20,24,-4,-0.22,-0.11,941,es ESP,DF,es La Liga,30,1994,18.6,3,0,0,30,37,0,86,27,30,0
448628,2025-12-12,3500000,Atlético de Madrid,331,ES1,Javi Galán,942,es ESP,DF,Atlético Madrid,es La Liga,30.0,1994,5,1,134,1.5,0,0,0,0,0,0,0,0,0.0,,,,,,,,,,,,,,,,,,,,,,,,,942,es ESP,DF,es La Liga,30,1994,1.5,0,0,0,,0.0,0.0,,,0,0,1168,es ESP,DF,es La Liga,30,1994,5,134,27,3.9,1.5,1,72,0,4,16,13,2.2,2,2,0,0.0,-0.49,942,es ESP,DF,es La Liga,30,1994,1.5,0,0,0,2,3,2,5,1,2,0
126751,2025-12-12,2500000,Athletic Bilbao,621,ES1,Iñigo Ruiz de Galarreta,943,es ESP,MF,Athletic Club,es La Liga,31.0,1993,34,30,2206,24.5,1,2,3,1,0,0,10,0,0.12,,,,,,,,,,,,,,,,,,,,,,,,,943,es ESP,MF,es La Liga,31,1993,24.5,1,20,2,10.0,0.82,0.08,0.05,0.5,0,0,1169,es ESP,MF,es La Liga,31,1993,34,2206,65,64.5,24.5,30,68,4,4,45,1,1.15,28,37,-9,-0.37,0.08,943,es ESP,MF,es La Liga,31,1993,24.5,10,0,0,54,41,0,62,24,32,0
488362,2025-12-12,35000000,Atlético de Madrid,148,GB1,Conor Gallagher,944,eng ENG,MF,Tottenham Hotspur,eng Premier League,25.0,2000,16,14,1184,13.2,1,1,2,1,0,0,2,0,0.15,,,,,,,,,,,,,,,,,,,,,,,,,944,eng ENG,MF,eng Premier League,25,2000,13.2,1,11,4,36.4,0.84,0.3,0.09,0.25,0,0,1170,eng ENG,MF,eng Premier League,25,2000,16,1184,74,34.6,13.2,14,81,5,2,28,0,0.81,13,23,-10,-0.76,-0.8,944,eng ENG,MF,eng Premier League,25,2000,13.2,2,0,0,25,23,1,23,18,14,0
488362,2025-12-12,35000000,Atlético de Madrid,148,GB1,Conor Gallagher,945,eng ENG,MF,Atlético Madrid,es La Liga,25.0,2000,19,4,679,7.5,2,0,2,2,0,0,2,0,0.27,,,,,,,,,,,,,,,,,,,,,,,,,945,eng ENG,MF,es La Liga,25,2000,7.5,2,13,5,38.5,1.72,0.66,0.15,0.4,0,0,1171,eng ENG,MF,es La Liga,25,2000,19,679,36,19.9,7.5,4,65,1,15,28,0,2.0,15,7,+8,1.06,0.73,945,eng ENG,MF,es La Liga,25,2000,7.5,2,0,0,18,9,2,11,11,12,0
392516,2025-12-23,4000000,US Lecce,1005,IT1,Antonino Gallo,946,it ITA,DF,Lecce,it Serie A,25.0,2000,37,34,3056,34.0,0,4,4,0,0,0,3,0,0.12,,,,,,,,,,,,,,,,,,,,,,,,,946,it ITA,DF,it Serie A,25,2000,34.0,0,6,1,16.7,0.18,0.03,0.0,0.0,0,0,1172,it ITA,DF,it Serie A,25,2000,37,3056,83,89.4,34.0,34,87,29,3,29,0,1.03,25,43,-18,-0.53,0.46,946,it ITA,DF,it Serie A,25,2000,34.0,3,0,0,7,13,0,134,15,37,0
531949,2024-06-03,3000000,FC Nantes,995,FR1,Ignatius Ganago,948,cm CMR,FW,Nantes,fr Ligue 1,26.0,1999,14,11,929,10.3,3,1,4,2,1,1,1,0,0.29,,,,,,,,,,,,,,,,,,,,,,,,,948,cm CMR,FW,fr Ligue 1,26,1999,10.3,3,23,7,30.4,2.23,0.68,0.09,0.29,1,1,1174,cm CMR,FW,fr Ligue 1,26,1999,14,929,66,30.4,10.3,11,77,4,3,26,1,0.64,9,7,+2,0.19,1.25,948,cm CMR,FW,fr Ligue 1,26,1999,10.3,1,0,0,11,14,3,9,2,3,0
780548,2025-12-10,5000000,KAA Gent,1005,IT1,Omri Gandelman,949,il ISR,"MF,FW",Lecce,it Serie A,25.0,2000,19,10,975,10.8,2,1,3,2,0,0,0,0,0.28,,,,,,,,,,,,,,,,,,,,,,,,,949,il ISR,"MF,FW",it Serie A,25,2000,10.8,2,10,3,30.0,0.92,0.28,0.2,0.67,0,0,1175,il ISR,"MF,FW",it Serie A,25,2000,19,975,51,28.5,10.8,10,72,2,9,28,1,1.11,7,12,-5,-0.46,0.16,949,il ISR,"MF,FW",it Serie A,25,2000,10.8,0,0,0,13,3,1,4,4,6,0
1020191,2025-12-15,3000000,RC Lens,826,FR1,Ismaëlo Ganiou,950,fr FRA,DF,Lens,fr Ligue 1,20.0,2005,23,22,2014,22.4,3,0,3,3,0,0,4,1,0.13,,,,,,,,,,,,,,,,,,,,,,,,,950,fr FRA,DF,fr Ligue 1,20,2005,22.4,3,22,4,18.2,0.98,0.18,0.14,0.75,0,0,1176,fr FRA,DF,fr Ligue 1,20,2005,23,2014,88,65.8,22.4,22,89,21,1,52,8,2.09,44,25,+19,0.85,-0.18,950,fr FRA,DF,fr Ligue 1,20,2005,22.4,4,1,1,25,22,0,17,29,27,0
719673,2024-05-27,10000000,Liverpool FC,989,GB1,Ben Gannon-Doak,951,sct SCO,MF,Bournemouth,eng Premier League,19.0,2005,8,0,113,1.3,0,1,1,0,0,0,0,0,0.8,,,,,,,,,,,,,,,,,,,,,,,,,951,sct SCO,MF,eng Premier League,19,2005,1.3,0,3,1,33.3,2.39,0.8,0.0,0.0,0,0,1177,sct SCO,MF,eng Premier League,19,2005,8,113,14,3.3,1.3,0,,0,8,14,11,1.63,5,1,+4,3.19,3.19,951,sct SCO,MF,eng Premier League,19,2005,1.3,0,0,0,3,1,0,4,1,2,0
261504,2025-12-19,20000000,Bayer 04 Leverkusen,15,L1,Aleix García,953,es ESP,MF,Leverkusen,de Bundesliga,28.0,1997,33,31,2667,29.6,3,8,11,3,0,0,6,0,0.37,,,,,,,,,,,,,,,,,,,,,,,,,953,es ESP,MF,de Bundesliga,28,1997,29.6,3,30,5,16.7,1.01,0.17,0.1,0.6,0,0,1179,es ESP,MF,de Bundesliga,28,1997,33,2667,81,87.2,29.6,31,83,19,2,43,0,1.7,59,39,+20,0.67,0.45,953,es ESP,MF,de Bundesliga,28,1997,29.6,6,0,0,8,19,2,123,22,20,0
1064403,2024-06-24,150000,Deportivo Alavés B,8880,,Álvaro García,954,es ESP,"MF,FW",Rayo Vallecano,es La Liga,32.0,1992,32,23,2101,23.3,4,5,9,4,0,0,3,0,0.39,,,,,,,,,,,,,,,,,,,,,,,,,954,es ESP,"MF,FW",es La Liga,32,1992,23.3,4,47,19,40.4,2.01,0.81,0.09,0.21,0,0,1180,es ESP,"MF,FW",es La Liga,32,1992,32,2101,66,61.4,23.3,23,79,7,9,31,1,1.19,21,29,-8,-0.34,-0.68,954,es ESP,"MF,FW",es La Liga,32,1992,23.3,3,0,0,19,12,15,91,14,15,0
1063329,2025-12-09,7000000,Aston Villa,405,GB1,Andrés García,955,es ESP,DF,Aston Villa,eng Premier League,22.0,2003,6,1,86,1.0,0,0,0,0,0,0,0,0,0.0,,,,,,,,,,,,,,,,,,,,,,,,,955,es ESP,DF,eng Premier League,22,2003,1.0,0,0,0,,0.0,0.0,,,0,0,1181,es ESP,DF,eng Premier League,22,2003,6,86,14,2.5,1.0,1,45,0,5,8,9,1.33,2,3,-1,-1.05,-1.26,955,es ESP,DF,eng Premier League,22,2003,1.0,0,0,0,1,0,0,4,0,4,0
466794,2024-06-07,20000000,Girona FC,131,ES1,Eric García,957,es ESP,"DF,MF",Barcelona,es La Liga,24.0,2001,34,32,2721,30.2,1,1,2,1,0,0,6,0,0.07,,,,,,,,,,,,,,,,,,,,,,,,,957,es ESP,"DF,MF",es La Liga,24,2001,30.2,1,25,7,28.0,0.83,0.23,0.04,0.14,0,0,1183,es ESP,"DF,MF",es La Liga,24,2001,34,2721,80,79.6,30.2,32,83,21,2,29,3,2.5,78,22,+56,1.85,1.47,957,es ESP,"DF,MF",es La Liga,24,2001,30.2,6,0,0,33,24,1,14,50,44,0
935230,2024-06-24,1000000,Real Madrid Castilla,418,ES1,Gonzalo García,959,es ESP,FW,Real Madrid,es La Liga,21.0,2004,30,9,964,10.7,6,1,7,6,0,0,2,0,0.65,,,,,,,,,,,,,,,,,,,,,,,,,959,es ESP,FW,es La Liga,21,2004,10.7,6,21,11,52.4,1.96,1.03,0.29,0.55,0,0,1186,es ESP,FW,es La Liga,21,2004,30,964,32,28.2,10.7,9,74,2,21,14,8,2.23,27,12,+15,1.4,0.41,959,es ESP,FW,es La Liga,21,2004,10.7,2,0,0,9,6,0,3,2,7,0
561613,2025-12-12,30000000,FC Barcelona,131,ES1,Joan García,961,es ESP,GK,Barcelona,es La Liga,24.0,2001,30,30,2700,30.0,0,0,0,0,0,0,1,0,0.0,58,es ESP,GK,es La Liga,24,2001,30,30,2700,30.0,21,0.7,92,74,80.4,27,1,2,15,50.0,3,3,0,0,961,es ESP,GK,es La Liga,24,2001,30.0,0,0,0,,0.0,0.0,,,0,0,1189,es ESP,GK,es La Liga,24,2001,30,2700,90,78.9,30.0,30,90,30,0,,2,2.73,81,21,+60,2.0,2.12,961,es ESP,GK,es La Liga,24,2001,30.0,1,0,0,0,4,0,0,1,4,0
361238,2025-12-30,200000,Orihuela CF,4054,,Rubén García,963,es ESP,"MF,FW",Osasuna,es La Liga,32.0,1993,35,28,2229,24.8,2,5,7,2,0,0,6,0,0.28,,,,,,,,,,,,,,,,,,,,,,,,,963,es ESP,"MF,FW",es La Liga,32,1993,24.8,2,31,10,32.3,1.25,0.4,0.06,0.2,0,0,1192,es ESP,"MF,FW",es La Liga,32,1993,35,2229,64,65.2,24.8,28,73,4,7,27,0,1.17,26,30,-4,-0.16,-0.01,963,es ESP,"MF,FW",es La Liga,32,1993,24.8,6,0,0,36,27,1,154,17,31,0
192616,2025-12-15,3000000,Olympique Marseille,6574,IT1,Ulisses Garcia,964,ch SUI,"MF,DF",Marseille,fr Ligue 1,29.0,1996,4,2,211,2.3,0,0,0,0,0,0,1,1,0.0,,,,,,,,,,,,,,,,,,,,,,,,,964,ch SUI,"MF,DF",fr Ligue 1,29,1996,2.3,0,2,1,50.0,0.85,0.43,0.0,0.0,0,0,1193,ch SUI,"MF,DF",fr Ligue 1,29,1996,4,211,53,6.9,2.3,2,77,0,2,29,6,1.5,5,4,+1,0.43,-0.11,964,ch SUI,"MF,DF",fr Ligue 1,29,1996,2.3,1,1,0,4,2,0,1,0,2,0
192616,2025-12-15,3000000,Olympique Marseille,6574,IT1,Ulisses Garcia,965,ch SUI,DF,Sassuolo,it Serie A,29.0,1996,13,10,943,10.5,1,2,3,1,0,0,3,0,0.29,,,,,,,,,,,,,,,,,,,,,,,,,965,ch SUI,DF,it Serie A,29,1996,10.5,1,2,1,50.0,0.19,0.1,0.5,1.0,0,0,1194,ch SUI,DF,it Serie A,29,1996,13,943,73,27.6,10.5,10,86,8,3,27,1,1.31,15,10,+5,0.48,0.8,965,ch SUI,DF,it Serie A,29,1996,10.5,3,0,0,11,2,1,34,8,10,0
590690,2023-06-30,400000,AD Alcorcón,3368,ES1,Víctor García,966,es ESP,"MF,FW",Levante,es La Liga,27.0,1997,21,12,1040,11.6,2,1,3,2,0,0,1,0,0.26,,,,,,,,,,,,,,,,,,,,,,,,,966,es ESP,"MF,FW",es La Liga,27,1997,11.6,2,19,8,42.1,1.64,0.69,0.11,0.25,0,0,1195,es ESP,"MF,FW",es La Liga,27,1997,21,1040,50,30.4,11.6,12,68,1,9,25,8,1.1,13,15,-2,-0.17,0.28,966,es ESP,"MF,FW",es La Liga,27,1997,11.6,1,0,0,13,11,3,65,7,15,0
811779,2025-12-09,45000000,Chelsea FC,631,GB1,Alejandro Garnacho,967,ar ARG,MF,Chelsea,eng Premier League,21.0,2004,24,14,1268,14.1,1,4,5,1,0,0,2,0,0.35,,,,,,,,,,,,,,,,,,,,,,,,,967,ar ARG,MF,eng Premier League,21,2004,14.1,1,33,7,21.2,2.34,0.5,0.03,0.14,0,0,1197,ar ARG,MF,eng Premier League,21,2004,24,1268,53,37.1,14.1,14,68,4,10,31,9,1.46,20,20,0,0.0,-0.25,967,ar ARG,MF,eng Premier League,21,2004,14.1,2,0,0,9,23,2,61,4,13,0
505219,2025-12-09,25000000,Everton FC,29,GB1,James Garner,968,eng ENG,"MF,DF",Everton,eng Premier League,24.0,2001,38,38,3413,37.9,2,7,9,2,0,0,12,0,0.24,,,,,,,,,,,,,,,,,,,,,,,,,968,eng ENG,"MF,DF",eng Premier League,24,2001,37.9,2,45,14,31.1,1.19,0.37,0.04,0.14,0,0,1198,eng ENG,"MF,DF",eng Premier League,24,2001,38,3413,90,99.8,37.9,38,90,37,0,,0,1.29,47,50,-3,-0.08,-0.08,968,eng ENG,"MF,DF",eng Premier League,24,2001,37.9,12,0,0,39,42,0,205,57,72,0
509022,2025-12-23,20000000,Juventus FC,506,IT1,Federico Gatti,970,it ITA,DF,Juventus,it Serie A,27.0,1998,21,12,1093,12.1,2,0,2,2,0,0,3,0,0.16,,,,,,,,,,,,,,,,,,,,,,,,,970,it ITA,DF,it Serie A,27,1998,12.1,2,14,6,42.9,1.15,0.49,0.14,0.33,0,0,1201,it ITA,DF,it Serie A,27,1998,21,1093,52,32.0,12.1,12,80,7,9,15,10,2.0,12,13,-1,-0.08,-1.17,970,it ITA,DF,it Serie A,27,1998,12.1,3,0,0,17,6,0,2,12,10,0
660735,2024-06-04,3500000,RSC Anderlecht,368,ES1,Federico Gattoni,971,ar ARG,DF,Sevilla,es La Liga,26.0,1999,1,0,10,0.1,0,0,0,0,0,0,0,0,0.0,,,,,,,,,,,,,,,,,,,,,,,,,971,ar ARG,DF,es La Liga,26,1999,0.1,0,0,0,,0.0,0.0,,,0,0,1202,ar ARG,DF,es La Liga,26,1999,1,10,10,0.3,0.1,0,,0,1,10,13,1.0,0,0,0,0.0,0.37,971,ar ARG,DF,es La Liga,26,1999,0.1,0,0,0,0,0,0,0,0,0,0
646740,2025-12-12,40000000,FC Barcelona,131,ES1,Gavi,972,es ESP,MF,Barcelona,es La Liga,20.0,2004,11,7,573,6.4,0,1,1,0,0,0,3,0,0.16,,,,,,,,,,,,,,,,,,,,,,,,,972,es ESP,MF,es La Liga,20,2004,6.4,0,0,0,,0.0,0.0,,,0,0,1203,es ESP,MF,es La Liga,20,2004,11,573,52,16.8,6.4,7,69,2,4,22,2,2.73,15,6,+9,1.41,-0.17,972,es ESP,MF,es La Liga,20,2004,6.4,3,0,0,11,14,0,2,3,8,0
195488,2025-12-12,2000000,Girona FC,12321,ES1,Paulo Gazzaniga,974,ar ARG,GK,Girona,es La Liga,33.0,1992,35,35,3102,34.5,0,0,0,0,0,0,4,1,0.0,59,ar ARG,GK,es La Liga,33,1992,35,35,3102,34.5,47,1.36,158,115,72.8,9,13,13,6,17.1,5,4,0,1,974,ar ARG,GK,es La Liga,33,1992,34.5,0,0,0,,0.0,0.0,,,0,0,1206,ar ARG,GK,es La Liga,33,1992,35,3102,89,90.7,34.5,35,89,34,0,,2,1.14,37,47,-10,-0.29,1.41,974,ar ARG,GK,es La Liga,33,1992,34.5,4,1,0,1,5,0,0,0,1,0
182894,2023-10-25,4000000,Without Club,347,FR1,Jean-Philippe Gbamin,975,ci CIV,"DF,MF",Metz,fr Ligue 1,29.0,1995,31,30,2485,27.6,1,1,2,1,0,0,2,1,0.07,,,,,,,,,,,,,,,,,,,,,,,,,975,ci CIV,"DF,MF",fr Ligue 1,29,1995,27.6,1,14,7,50.0,0.51,0.25,0.07,0.14,0,0,1207,ci CIV,"DF,MF",fr Ligue 1,29,1995,31,2485,80,81.2,27.6,30,82,25,1,26,0,0.48,27,63,-36,-1.3,-0.05,975,ci CIV,"DF,MF",fr Ligue 1,29,1995,27.6,2,1,0,25,8,0,5,27,27,0
463613,2025-12-15,12000000,FC Toulouse,415,FR1,Yann Gboho,976,fr FRA,"MF,FW",Toulouse,fr Ligue 1,24.0,2001,32,31,2691,29.9,8,3,11,8,0,0,1,1,0.37,,,,,,,,,,,,,,,,,,,,,,,,,976,fr FRA,"MF,FW",fr Ligue 1,24,2001,29.9,8,58,16,27.6,1.94,0.54,0.14,0.5,0,0,1208,fr FRA,"MF,FW",fr Ligue 1,24,2001,32,2691,84,87.9,29.9,31,85,22,1,45,0,1.31,41,37,+4,0.13,0.87,976,fr FRA,"MF,FW",fr Ligue 1,24,2001,29.9,1,1,0,16,69,5,33,13,19,0
59377,2025-12-23,3500000,ACF Fiorentina,430,IT1,David de Gea,977,es ESP,GK,Fiorentina,it Serie A,34.0,1990,37,37,3330,37.0,0,0,0,0,0,0,0,0,0.0,60,es ESP,GK,it Serie A,34,1990,37,37,3330,37.0,49,1.32,163,119,73.0,9,14,14,10,27.0,6,5,1,0,977,es ESP,GK,it Serie A,34,1990,37.0,0,0,0,,0.0,0.0,,,0,0,1209,es ESP,GK,it Serie A,34,1990,37,3330,90,97.4,37.0,37,90,37,0,,1,1.11,40,49,-9,-0.24,-0.24,977,es ESP,GK,it Serie A,34,1990,37.0,0,0,0,0,6,0,0,0,0,0
420210,2024-05-31,32000000,Feyenoord Rotterdam,289,GB1,Lutsharel Geertruida,978,nl NED,"DF,MF",Sunderland,eng Premier League,25.0,2000,28,17,1693,18.8,0,0,0,0,0,0,2,0,0.0,,,,,,,,,,,,,,,,,,,,,,,,,978,nl NED,"DF,MF",eng Premier League,25,2000,18.8,0,11,3,27.3,0.58,0.16,0.0,0.0,0,0,1211,nl NED,"DF,MF",eng Premier League,25,2000,28,1693,60,49.5,18.8,17,87,14,11,20,7,1.36,16,23,-7,-0.37,-0.42,978,nl NED,"DF,MF",eng Premier League,25,2000,18.8,2,0,0,15,7,1,9,20,22,0
569387,2025-12-19,7000000,TSG 1899 Hoffenheim,533,L1,Valentin Gendrey,979,fr FRA,DF,Hoffenheim,de Bundesliga,25.0,2000,8,0,59,0.7,1,1,2,1,0,0,0,0,3.05,,,,,,,,,,,,,,,,,,,,,,,,,979,fr FRA,DF,de Bundesliga,25,2000,0.7,1,2,1,50.0,3.05,1.53,0.5,1.0,0,0,1213,fr FRA,DF,de Bundesliga,25,2000,8,59,7,1.9,0.7,0,,0,8,7,6,2.13,2,1,+1,1.53,1.17,979,fr FRA,DF,de Bundesliga,25,2000,0.7,0,0,0,2,1,0,2,1,0,0
936874,2025-12-09,22000000,Chelsea FC,29,GB1,Tyrique George,980,eng ENG,FW,Chelsea,eng Premier League,19.0,2006,4,0,145,1.6,0,0,0,0,0,0,2,0,0.0,,,,,,,,,,,,,,,,,,,,,,,,,980,eng ENG,FW,eng Premier League,19,2006,1.6,0,3,2,66.7,1.86,1.24,0.0,0.0,0,0,1214,eng ENG,FW,eng Premier League,19,2006,4,145,36,4.2,1.6,0,,0,4,36,4,1.0,5,2,+3,1.86,1.78,980,eng ENG,FW,eng Premier League,19,2006,1.6,2,0,0,6,1,2,1,0,2,0
936874,2025-12-09,22000000,Chelsea FC,29,GB1,Tyrique George,981,eng ENG,MF,Everton,eng Premier League,19.0,2006,11,1,218,2.4,0,0,0,0,0,0,0,0,0.0,,,,,,,,,,,,,,,,,,,,,,,,,981,eng ENG,MF,eng Premier League,19,2006,2.4,0,7,3,42.9,2.89,1.24,0.0,0.0,0,0,1215,eng ENG,MF,eng Premier League,19,2006,11,218,20,6.4,2.4,1,61,0,10,16,2,0.73,5,7,-2,-0.83,-0.8,981,eng ENG,MF,eng Premier League,19,2006,2.4,0,0,0,3,1,2,10,2,3,0
119277,2025-12-19,2000000,VfL Wolfsburg,82,L1,Yannick Gerhardt,982,de GER,MF,Wolfsburg,de Bundesliga,31.0,1994,19,12,1068,11.9,1,0,1,1,0,0,1,0,0.08,,,,,,,,,,,,,,,,,,,,,,,,,982,de GER,MF,de Bundesliga,31,1994,11.9,1,11,1,9.1,0.93,0.08,0.09,1.0,0,0,1216,de GER,MF,de Bundesliga,31,1994,19,1068,56,34.9,11.9,12,81,4,7,13,11,1.16,17,29,-12,-1.01,-0.47,982,de GER,MF,de Bundesliga,31,1994,11.9,1,0,0,20,14,0,8,10,8,0
463620,2023-10-19,1500000,FC St. Gallen 1879,10004,FR1,Willem Geubbels,983,fr FRA,FW,Paris FC,fr Ligue 1,23.0,2001,24,12,1013,11.3,5,0,5,4,1,1,0,0,0.36,,,,,,,,,,,,,,,,,,,,,,,,,983,fr FRA,FW,fr Ligue 1,23,2001,11.3,5,30,9,30.0,2.67,0.8,0.13,0.44,1,1,1218,fr FRA,FW,fr Ligue 1,23,2001,24,1013,42,33.1,11.3,12,66,0,12,18,6,1.29,14,17,-3,-0.27,-0.27,983,fr FRA,FW,fr Ligue 1,23,2001,11.3,0,0,0,19,3,10,9,6,2,0
810096,2025-12-19,7000000,FC Augsburg,167,L1,Ismaël Gharbi,984,tn TUN,MF,Augsburg,de Bundesliga,21.0,2004,6,0,94,1.0,0,0,0,0,0,0,0,0,0.0,,,,,,,,,,,,,,,,,,,,,,,,,984,tn TUN,MF,de Bundesliga,21,2004,1.0,0,3,0,0.0,2.87,0.0,0.0,,0,0,1219,tn TUN,MF,de Bundesliga,21,2004,6,94,16,3.1,1.0,0,,0,6,16,15,0.17,0,0,0,0.0,0.49,984,tn TUN,MF,de Bundesliga,21,2004,1.0,0,0,0,2,8,0,4,0,1,0
527972,2023-06-14,700000,Burgos CF,13353,MEX1,Mourad El Ghezouani,985,ma MAR,FW,Elche,es La Liga,27.0,1998,2,0,50,0.6,0,0,0,0,0,0,0,0,0.0,,,,,,,,,,,,,,,,,,,,,,,,,985,ma MAR,FW,es La Liga,27,1998,0.6,0,1,0,0.0,1.8,0.0,0.0,,0,0,1220,ma MAR,FW,es La Liga,27,1998,2,50,25,1.5,0.6,0,,0,2,25,1,2.0,1,0,+1,1.8,2.04,985,ma MAR,FW,es La Liga,27,1998,0.6,0,0,0,1,1,0,0,0,3,0
118287,2025-12-15,700000,Olympique Lyon,1041,FR1,Rachid Ghezzal,986,dz ALG,"MF,FW",Lyon,fr Ligue 1,33.0,1992,10,2,225,2.5,0,0,0,0,0,0,0,0,0.0,,,,,,,,,,,,,,,,,,,,,,,,,986,dz ALG,"MF,FW",fr Ligue 1,33,1992,2.5,0,4,1,25.0,1.6,0.4,0.0,0.0,0,0,1221,dz ALG,"MF,FW",fr Ligue 1,33,1992,10,225,23,7.4,2.5,2,54,0,8,15,13,1.5,4,5,-1,-0.4,-0.84,986,dz ALG,"MF,FW",fr Ligue 1,33,1992,2.5,0,0,0,9,2,1,15,1,4,0
701819,2025-12-23,8000000,AS Roma,12,IT1,Daniele Ghilardi,987,it ITA,DF,Roma,it Serie A,22.0,2003,23,9,1097,12.2,0,0,0,0,0,0,1,0,0.0,,,,,,,,,,,,,,,,,,,,,,,,,987,it ITA,DF,it Serie A,22,2003,12.2,0,3,0,0.0,0.25,0.0,0.0,,0,0,1222,it ITA,DF,it Serie A,22,2003,23,1097,48,32.1,12.2,9,80,7,14,27,15,2.0,19,15,+4,0.33,-0.6,987,it ITA,DF,it Serie A,22,2003,12.2,1,0,0,23,17,0,3,22,15,0
390163,2023-06-21,550000,US Catanzaro,6574,IT1,Andrea Ghion,988,it ITA,MF,Sassuolo,it Serie A,25.0,2000,1,0,10,0.1,0,0,0,0,0,0,0,0,0.0,,,,,,,,,,,,,,,,,,,,,,,,,988,it ITA,MF,it Serie A,25,2000,0.1,0,0,0,,0.0,0.0,,,0,0,1223,it ITA,MF,it Serie A,25,2000,1,10,10,0.3,0.1,0,,0,1,10,1,0.0,0,0,0,0.0,0.11,988,it ITA,MF,it Serie A,25,2000,0.1,0,0,0,0,0,0,1,0,1,0
429014,2025-12-09,65000000,Nottingham Forest,703,GB1,Morgan Gibbs-White,990,eng ENG,MF,Nottingham Forest,eng Premier League,25.0,2000,37,35,3097,34.4,15,4,19,14,1,1,1,0,0.52,,,,,,,,,,,,,,,,,,,,,,,,,990,eng ENG,MF,eng Premier League,25,2000,34.4,15,83,32,38.6,2.41,0.93,0.17,0.44,1,1,1226,eng ENG,MF,eng Premier League,25,2000,37,3097,84,90.6,34.4,35,87,20,2,33,0,1.16,42,45,-3,-0.09,-0.09,990,eng ENG,MF,eng Premier League,25,2000,34.4,1,0,0,26,41,5,42,12,16,0
537382,2025-12-12,12000000,Girona FC,12321,ES1,Bryan Gil,991,es ESP,"MF,FW",Girona,es La Liga,24.0,2001,29,20,1578,17.5,0,3,3,0,0,0,6,0,0.17,,,,,,,,,,,,,,,,,,,,,,,,,991,es ESP,"MF,FW",es La Liga,24,2001,17.5,0,27,7,25.9,1.54,0.4,0.0,0.0,0,0,1229,es ESP,"MF,FW",es La Liga,24,2001,29,1578,54,46.1,17.5,20,69,1,9,23,2,1.14,19,21,-2,-0.11,0.57,991,es ESP,"MF,FW",es La Liga,24,2001,17.5,6,0,0,20,37,6,52,9,18,0
618341,2025-12-23,30000000,SS Lazio,398,IT1,Mario Gila,992,es ESP,DF,Lazio,it Serie A,24.0,2000,31,31,2472,27.5,0,0,0,0,0,0,4,1,0.0,,,,,,,,,,,,,,,,,,,,,,,,,992,es ESP,DF,it Serie A,24,2000,27.5,0,12,3,25.0,0.44,0.11,0.0,0.0,0,0,1230,es ESP,DF,it Serie A,24,2000,31,2472,80,72.3,27.5,31,80,19,0,,0,1.45,31,28,+3,0.11,0.3,992,es ESP,DF,it Serie A,24,2000,27.5,4,1,0,19,25,0,1,26,34,0
423744,2025-12-23,20000000,SSC Napoli,6195,IT1,Billy Gilmour,993,sct SCO,MF,Napoli,it Serie A,24.0,2001,17,8,805,8.9,1,0,1,1,0,0,1,0,0.11,,,,,,,,,,,,,,,,,,,,,,,,,993,sct SCO,MF,it Serie A,24,2001,8.9,1,10,3,30.0,1.12,0.34,0.1,0.33,0,0,1231,sct SCO,MF,it Serie A,24,2001,17,805,47,23.5,8.9,8,76,4,9,22,7,2.24,14,5,+9,1.01,0.56,993,sct SCO,MF,it Serie A,24,2001,8.9,1,0,0,9,7,0,6,11,8,0
227084,2025-12-19,2500000,1.FC Heidenheim 1846,2036,L1,Benedikt Gimber,994,de GER,DF,Heidenheim,de Bundesliga,28.0,1997,21,18,1436,16.0,0,0,0,0,0,0,6,0,0.0,,,,,,,,,,,,,,,,,,,,,,,,,994,de GER,DF,de Bundesliga,28,1997,16.0,0,4,1,25.0,0.25,0.06,0.0,0.0,0,0,1232,de GER,DF,de Bundesliga,28,1997,21,1436,68,46.9,16.0,18,75,10,3,28,6,0.62,8,40,-32,-2.01,-2.06,994,de GER,DF,de Bundesliga,28,1997,16.0,6,0,0,27,31,0,5,15,21,0
798929,2025-12-23,5500000,Torino FC,416,IT1,Gvidas Gineitis,996,lt LTU,MF,Torino,it Serie A,21.0,2004,29,23,1756,19.5,0,1,1,0,0,0,5,0,0.05,,,,,,,,,,,,,,,,,,,,,,,,,996,lt LTU,MF,it Serie A,21,2004,19.5,0,27,5,18.5,1.38,0.26,0.0,0.0,0,0,1234,lt LTU,MF,it Serie A,21,2004,29,1756,61,51.3,19.5,23,72,8,6,17,5,1.31,19,32,-13,-0.67,-0.34,996,lt LTU,MF,it Serie A,21,2004,19.5,5,0,0,43,32,1,64,23,28,0
124502,2025-12-19,6000000,SC Freiburg,60,L1,Matthias Ginter,997,de GER,DF,Freiburg,de Bundesliga,31.0,1994,32,32,2833,31.5,3,3,6,3,0,0,3,0,0.19,,,,,,,,,,,,,,,,,,,,,,,,,997,de GER,DF,de Bundesliga,31,1994,31.5,3,19,7,36.8,0.6,0.22,0.16,0.43,0,0,1235,de GER,DF,de Bundesliga,31,1994,32,2833,89,92.6,31.5,32,89,29,0,,0,1.47,49,51,-2,-0.06,1.52,997,de GER,DF,de Bundesliga,31,1994,31.5,3,0,0,16,19,2,15,22,14,0
82442,2024-06-05,3000000,AC Milan,1082,FR1,Olivier Giroud,1000,fr FRA,FW,Lille,fr Ligue 1,38.0,1986,30,17,1609,17.9,7,1,8,4,3,4,2,0,0.28,,,,,,,,,,,,,,,,,,,,,,,,,1000,fr FRA,FW,fr Ligue 1,38,1986,17.9,7,41,16,39.0,2.29,0.89,0.1,0.25,3,4,1238,fr FRA,FW,fr Ligue 1,38,1986,30,1609,54,52.6,17.9,17,78,4,13,22,1,1.7,16,25,-9,-0.5,-1.99,1000,fr FRA,FW,fr Ligue 1,38,1986,17.9,2,0,0,27,31,8,2,4,8,0
670882,2025-12-09,40000000,Chelsea FC,631,GB1,Jamie Gittens,1001,eng ENG,MF,Chelsea,eng Premier League,20.0,2004,16,5,495,5.5,0,2,2,0,0,0,0,0,0.36,,,,,,,,,,,,,,,,,,,,,,,,,1001,eng ENG,MF,eng Premier League,20,2004,5.5,0,10,2,20.0,1.82,0.36,0.0,0.0,0,0,1239,eng ENG,MF,eng Premier League,20,2004,16,495,31,14.5,5.5,5,57,1,11,19,6,2.06,7,7,0,0.0,-0.18,1001,eng ENG,MF,eng Premier League,20,2004,5.5,0,0,0,6,8,2,13,2,4,0
196139,2023-06-28,2500000,Hamburger SV,41,L1,Robert Glatzel,1002,de GER,FW,Hamburger SV,de Bundesliga,31.0,1994,19,7,612,6.8,3,2,5,2,1,1,0,0,0.59,,,,,,,,,,,,,,,,,,,,,,,,,1002,de GER,FW,de Bundesliga,31,1994,6.8,3,16,7,43.8,2.35,1.03,0.13,0.29,1,1,1240,de GER,FW,de Bundesliga,31,1994,19,612,32,20.0,6.8,7,65,1,12,13,5,1.16,10,13,-3,-0.44,-0.04,1002,de GER,FW,de Bundesliga,31,1994,6.8,0,0,0,9,13,2,1,0,1,0
159471,2025-12-19,20000000,Bayern Munich,27,L1,Serge Gnabry,1003,de GER,MF,Bayern Munich,de Bundesliga,30.0,1995,21,16,1219,13.5,8,6,14,8,0,0,1,0,1.03,,,,,,,,,,,,,,,,,,,,,,,,,1003,de GER,MF,de Bundesliga,30,1995,13.5,8,50,17,34.0,3.69,1.26,0.16,0.47,0,0,1242,de GER,MF,de Bundesliga,30,1995,21,1219,58,39.8,13.5,16,68,1,5,26,4,2.71,48,14,+34,2.51,-0.03,1003,de GER,MF,de Bundesliga,30,1995,13.5,1,0,0,9,6,6,21,4,10,0
627626,2023-06-20,18000000,Leeds United,399,GB1,Wilfried Gnonto,1004,it ITA,FW,Leeds United,eng Premier League,21.0,2003,23,4,537,6.0,0,1,1,0,0,0,3,0,0.17,,,,,,,,,,,,,,,,,,,,,,,,,1004,it ITA,FW,eng Premier League,21,2003,6.0,0,10,0,0.0,1.68,0.0,0.0,,0,0,1243,it ITA,FW,eng Premier League,21,2003,23,537,23,15.7,6.0,4,59,0,19,16,8,1.22,11,14,-3,-0.5,-0.38,1004,it ITA,FW,eng Premier League,21,2003,6.0,3,0,0,7,11,0,20,3,13,0
540056,2024-06-06,2500000,Shakhtar Donetsk,41,L1,Giorgi Gocholeishvili,1005,ge GEO,MF,Hamburger SV,de Bundesliga,24.0,2001,24,9,940,10.4,0,2,2,0,0,0,3,1,0.19,,,,,,,,,,,,,,,,,,,,,,,,,1005,ge GEO,MF,de Bundesliga,24,2001,10.4,0,14,2,14.3,1.34,0.19,0.0,0.0,0,0,1245,ge GEO,MF,de Bundesliga,24,2001,24,940,39,30.7,10.4,9,78,1,15,16,6,1.33,9,12,-3,-0.29,0.18,1005,ge GEO,MF,de Bundesliga,24,2001,10.4,3,1,1,13,19,3,20,7,14,0
992686,2025-12-15,7000000,RC Strasbourg Alsace,667,FR1,Martial Godo,1006,ci CIV,MF,Strasbourg,fr Ligue 1,22.0,2003,28,18,1584,17.6,10,1,11,10,0,0,2,0,0.62,,,,,,,,,,,,,,,,,,,,,,,,,1006,ci CIV,MF,fr Ligue 1,22,2003,17.6,10,41,17,41.5,2.33,0.97,0.24,0.59,0,0,1246,ci CIV,MF,fr Ligue 1,22,2003,28,1584,57,51.8,17.6,18,79,8,10,15,2,1.68,41,23,+18,1.02,1.45,1006,ci CIV,MF,fr Ligue 1,22,2003,17.6,2,0,0,15,32,11,31,15,13,0
906160,2025-12-23,4500000,Udinese Calcio,1010,GB1,Saba Goglichidze,1008,ge GEO,DF,Udinese,it Serie A,21.0,2004,8,4,424,4.7,0,0,0,0,0,0,2,0,0.0,,,,,,,,,,,,,,,,,,,,,,,,,1008,ge GEO,DF,it Serie A,21,2004,4.7,0,3,1,33.3,0.64,0.21,0.0,0.0,0,0,1248,ge GEO,DF,it Serie A,21,2004,8,424,53,12.4,4.7,4,90,4,4,16,11,2.13,6,7,-1,-0.21,-0.15,1008,ge GEO,DF,it Serie A,21,2004,4.7,2,0,0,5,4,0,2,8,8,0
242940,2024-06-03,1200000,Como 1907,1047,IT1,Edoardo Goldaniga,1009,it ITA,DF,Como,it Serie A,31.0,1993,2,0,15,0.2,0,0,0,0,0,0,0,0,0.0,,,,,,,,,,,,,,,,,,,,,,,,,1009,it ITA,DF,it Serie A,31,1993,0.2,0,0,0,,0.0,0.0,,,0,0,1250,it ITA,DF,it Serie A,31,1993,2,15,8,0.4,0.2,0,,0,2,8,20,3.0,1,0,+1,6.0,5.07,1009,it ITA,DF,it Serie A,31,1993,0.2,0,0,0,0,0,0,0,0,0,0
263918,2025-12-15,18000000,AS Monaco,162,FR1,Aleksandr Golovin,1010,ru RUS,MF,Monaco,fr Ligue 1,29.0,1996,25,21,1649,18.3,5,5,10,5,0,0,4,1,0.55,,,,,,,,,,,,,,,,,,,,,,,,,1010,ru RUS,MF,fr Ligue 1,29,1996,18.3,5,34,18,52.9,1.86,0.98,0.15,0.28,0,0,1252,ru RUS,MF,fr Ligue 1,29,1996,25,1649,66,53.9,18.3,21,74,4,4,26,2,1.72,28,19,+9,0.49,0.68,1010,ru RUS,MF,fr Ligue 1,29,1996,18.3,4,1,1,29,18,2,37,21,18,0
670710,2025-12-18,2500000,FC Alverca,2521,PO1,André Gomes,1011,pt POR,MF,Lille,fr Ligue 1,32.0,1993,2,0,8,0.1,0,0,0,0,0,0,0,0,0.0,,,,,,,,,,,,,,,,,,,,,,,,,1011,pt POR,MF,fr Ligue 1,32,1993,0.1,0,0,0,,0.0,0.0,,,0,0,1253,pt POR,MF,fr Ligue 1,32,1993,2,8,4,0.3,0.1,0,,0,2,4,5,3.0,0,0,0,0.0,-0.44,1011,pt POR,MF,fr Ligue 1,32,1993,0.1,0,0,0,2,0,0,0,0,0,0
392770,2025-12-15,18000000,Olympique Marseille,543,GB1,Angel Gomes,1012,eng ENG,MF,Marseille,fr Ligue 1,24.0,2000,14,12,888,9.9,3,0,3,3,0,0,4,0,0.3,,,,,,,,,,,,,,,,,,,,,,,,,1012,eng ENG,MF,fr Ligue 1,24,2000,9.9,3,11,5,45.5,1.11,0.51,0.27,0.6,0,0,1254,eng ENG,MF,fr Ligue 1,24,2000,14,888,63,29.0,9.9,12,72,4,2,13,3,2.07,21,9,+12,1.22,0.97,1012,eng ENG,MF,fr Ligue 1,24,2000,9.9,4,0,0,19,12,0,7,4,5,0
392770,2025-12-15,18000000,Olympique Marseille,543,GB1,Angel Gomes,1013,eng ENG,"MF,FW",Wolves,eng Premier League,24.0,2000,12,7,461,5.1,0,0,0,0,0,0,1,0,0.0,,,,,,,,,,,,,,,,,,,,,,,,,1013,eng ENG,"MF,FW",eng Premier League,24,2000,5.1,0,6,2,33.3,1.17,0.39,0.0,0.0,0,0,1255,eng ENG,"MF,FW",eng Premier League,24,2000,12,461,38,13.5,5.1,7,57,0,5,13,2,0.92,4,8,-4,-0.78,0.34,1013,eng ENG,"MF,FW",eng Premier League,24,2000,5.1,1,0,0,7,9,0,12,1,5,0
735570,2024-05-27,35000000,Wolverhampton Wanderers,543,GB1,João Gomes,1014,br BRA,MF,Wolves,eng Premier League,24.0,2001,35,32,2829,31.4,1,1,2,1,0,0,10,0,0.06,,,,,,,,,,,,,,,,,,,,,,,,,1014,br BRA,MF,eng Premier League,24,2001,31.4,1,19,7,36.8,0.6,0.22,0.05,0.14,0,0,1256,br BRA,MF,eng Premier League,24,2001,35,2829,81,82.7,31.4,32,86,23,3,24,1,0.51,21,56,-35,-1.11,-0.2,1014,br BRA,MF,eng Premier League,24,2001,31.4,10,0,0,69,49,1,31,36,68,0
667121,2024-06-06,12000000,GD Estoril Praia,543,GB1,Rodrigo Gomes,1015,pt POR,"MF,FW",Wolves,eng Premier League,22.0,2003,22,9,960,10.7,3,0,3,3,0,0,0,0,0.28,,,,,,,,,,,,,,,,,,,,,,,,,1015,pt POR,"MF,FW",eng Premier League,22,2003,10.7,3,20,6,30.0,1.87,0.56,0.15,0.5,0,0,1257,pt POR,"MF,FW",eng Premier League,22,2003,22,960,44,28.1,10.7,9,72,1,13,24,4,0.59,12,18,-6,-0.56,0.72,1015,pt POR,"MF,FW",eng Premier League,22,2003,10.7,0,0,0,6,8,3,24,11,18,0
996897,2025-12-09,25000000,Brighton & Hove Albion,1237,GB1,Diego Gómez,1017,py PAR,"MF,FW",Brighton,eng Premier League,22.0,2003,32,26,2120,23.6,5,1,6,5,0,0,9,0,0.25,,,,,,,,,,,,,,,,,,,,,,,,,1017,py PAR,"MF,FW",eng Premier League,22,2003,23.6,5,42,14,33.3,1.78,0.59,0.12,0.36,0,0,1259,py PAR,"MF,FW",eng Premier League,22,2003,32,2120,66,62.0,23.6,26,75,2,6,28,0,1.41,26,29,-3,-0.13,-0.75,1017,py PAR,"MF,FW",eng Premier League,22,2003,23.6,9,0,0,49,11,1,23,19,49,0
256178,2025-12-09,15000000,Liverpool FC,31,GB1,Joe Gomez,1018,eng ENG,DF,Liverpool,eng Premier League,28.0,1997,21,7,607,6.7,0,2,2,0,0,0,4,0,0.3,,,,,,,,,,,,,,,,,,,,,,,,,1018,eng ENG,DF,eng Premier League,28,1997,6.7,0,5,1,20.0,0.74,0.15,0.0,0.0,0,0,1261,eng ENG,DF,eng Premier League,28,1997,21,607,29,17.7,6.7,7,63,2,14,12,11,1.62,17,14,+3,0.44,0.22,1018,eng ENG,DF,eng Premier League,28,1997,6.7,4,0,0,14,0,0,16,8,7,0
175449,2025-12-12,1800000,CA Osasuna,331,ES1,Moi Gómez,1019,es ESP,MF,Osasuna,es La Liga,31.0,1994,26,12,1201,13.3,0,2,2,0,0,0,3,0,0.15,,,,,,,,,,,,,,,,,,,,,,,,,1019,es ESP,MF,es La Liga,31,1994,13.3,0,11,2,18.2,0.82,0.15,0.0,0.0,0,0,1262,es ESP,MF,es La Liga,31,1994,26,1201,46,35.1,13.3,12,78,3,14,19,10,0.88,15,15,0,0.0,0.24,1019,es ESP,MF,es La Liga,31,1994,13.3,3,0,0,20,22,0,36,11,9,0
366930,2025-12-12,15000000,Real Sociedad,681,ES1,Sergio Gómez,1020,es ESP,DF,Real Sociedad,es La Liga,24.0,2000,35,30,2701,30.0,0,6,6,0,0,0,5,1,0.2,,,,,,,,,,,,,,,,,,,,,,,,,1020,es ESP,DF,es La Liga,24,2000,30.0,0,12,0,0.0,0.4,0.0,0.0,,0,0,1264,es ESP,DF,es La Liga,24,2000,35,2701,77,79.0,30.0,30,86,20,5,23,1,1.23,47,45,+2,0.07,0.57,1020,es ESP,DF,es La Liga,24,2000,30.0,5,1,0,45,15,4,153,32,53,0
834752,2024-06-07,6000000,Athletic Bilbao,621,ES1,Unai Gómez,1021,es ESP,MF,Athletic Club,es La Liga,22.0,2003,26,12,936,10.4,1,1,2,1,0,0,1,0,0.19,,,,,,,,,,,,,,,,,,,,,,,,,1021,es ESP,MF,es La Liga,22,2003,10.4,1,23,7,30.4,2.21,0.67,0.04,0.14,0,0,1265,es ESP,MF,es La Liga,22,2003,26,936,36,27.4,10.4,12,53,0,14,21,10,1.31,9,24,-15,-1.44,-1.44,1021,es ESP,MF,es La Liga,22,2003,10.4,1,0,0,12,6,4,23,3,8,0
707279,2024-06-07,300000,Valencia Mestalla,6182,,Hugo González,1026,es ESP,FW,Celta Vigo,es La Liga,22.0,2003,1,0,8,0.1,0,0,0,0,0,0,0,0,0.0,,,,,,,,,,,,,,,,,,,,,,,,,1026,es ESP,FW,es La Liga,22,2003,0.1,0,0,0,,0.0,0.0,,,0,0,1272,es ESP,FW,es La Liga,22,2003,1,8,8,0.2,0.1,0,,0,1,8,1,0.0,0,0,0,0.0,-0.13,1026,es ESP,FW,es La Liga,22,2003,0.1,0,0,0,0,0,0,1,0,1,0
503733,2025-12-09,60000000,Newcastle United,762,GB1,Anthony Gordon,1032,eng ENG,FW,Newcastle United,eng Premier League,24.0,2001,26,24,1795,19.9,6,2,8,3,3,3,3,1,0.25,,,,,,,,,,,,,,,,,,,,,,,,,1032,eng ENG,FW,eng Premier League,24,2001,19.9,6,48,20,41.7,2.41,1.0,0.06,0.15,3,3,1281,eng ENG,FW,eng Premier League,24,2001,26,1795,69,52.5,19.9,24,74,4,2,13,4,1.31,24,28,-4,-0.2,-0.31,1032,eng ENG,FW,eng Premier League,24,2001,19.9,3,1,0,13,40,5,69,3,13,0
153084,2025-12-19,15000000,Bayern Munich,27,L1,Leon Goretzka,1033,de GER,MF,Bayern Munich,de Bundesliga,30.0,1995,31,25,1947,21.6,5,3,8,5,0,0,4,0,0.37,,,,,,,,,,,,,,,,,,,,,,,,,1033,de GER,MF,de Bundesliga,30,1995,21.6,5,35,11,31.4,1.62,0.51,0.14,0.45,0,0,1282,de GER,MF,de Bundesliga,30,1995,31,1947,63,63.6,21.6,25,74,10,6,18,3,2.65,72,20,+52,2.4,-0.35,1033,de GER,MF,de Bundesliga,30,1995,21.6,4,0,0,15,16,2,7,26,19,0
60543,2024-06-03,200000,Le Havre AC,826,FR1,Mathieu Gorgelin,1034,fr FRA,GK,Lens,fr Ligue 1,34.0,1990,1,1,90,1.0,0,0,0,0,0,0,0,0,0.0,61,fr FRA,GK,fr Ligue 1,34,1990,1,1,90,1.0,0,0.0,4,4,100.0,1,0,0,1,100.0,0,0,0,0,1034,fr FRA,GK,fr Ligue 1,34,1990,1.0,0,0,0,,0.0,0.0,,,0,0,1283,fr FRA,GK,fr Ligue 1,34,1990,1,90,90,2.9,1.0,1,90,1,0,,15,3.0,4,0,+4,4.0,3.18,1034,fr FRA,GK,fr Ligue 1,34,1990,1.0,0,0,0,0,0,0,0,0,0,0
289255,2024-06-07,5000000,Deportivo Alavés,621,ES1,Andoni Gorosabel,1035,es ESP,DF,Athletic Club,es La Liga,28.0,1996,24,15,1360,15.1,0,1,1,0,0,0,3,0,0.07,,,,,,,,,,,,,,,,,,,,,,,,,1035,es ESP,DF,es La Liga,28,1996,15.1,0,5,1,20.0,0.33,0.07,0.0,0.0,0,0,1284,es ESP,DF,es La Liga,28,1996,24,1360,57,39.8,15.1,15,78,8,9,21,13,1.21,19,26,-7,-0.46,-0.11,1035,es ESP,DF,es La Liga,28,1996,15.1,3,0,0,13,12,0,55,18,24,0
435492,2023-06-16,800000,Paris FC,10004,FR1,Alimami Gory,1038,ml MLI,"MF,DF",Paris FC,fr Ligue 1,28.0,1996,24,9,982,10.9,5,1,6,5,0,0,3,0,0.55,,,,,,,,,,,,,,,,,,,,,,,,,1038,ml MLI,"MF,DF",fr Ligue 1,28,1996,10.9,5,19,6,31.6,1.74,0.55,0.26,0.83,0,0,1287,ml MLI,"MF,DF",fr Ligue 1,28,1996,24,982,41,32.1,10.9,9,69,1,15,24,3,1.21,13,20,-7,-0.64,-0.81,1038,ml MLI,"MF,DF",fr Ligue 1,28,1996,10.9,3,0,0,12,15,8,10,8,11,0
273132,2025-12-23,6000000,ACF Fiorentina,430,IT1,Robin Gosens,1039,de GER,"DF,MF",Fiorentina,it Serie A,31.0,1994,26,24,1881,20.9,3,1,4,3,0,0,2,0,0.19,,,,,,,,,,,,,,,,,,,,,,,,,1039,de GER,"DF,MF",it Serie A,31,1994,20.9,3,18,7,38.9,0.86,0.33,0.17,0.43,0,0,1288,de GER,"DF,MF",it Serie A,31,1994,26,1881,72,55.0,20.9,24,77,10,2,20,4,1.12,19,24,-5,-0.24,-0.01,1039,de GER,"DF,MF",it Serie A,31,1994,20.9,2,0,0,24,25,3,41,23,18,0
709215,2025-12-12,1500000,Real Sociedad,681,ES1,Mikel Goti,1040,es ESP,MF,Real Sociedad,es La Liga,23.0,2002,4,1,76,0.8,0,0,0,0,0,0,0,0,0.0,,,,,,,,,,,,,,,,,,,,,,,,,1040,es ESP,MF,es La Liga,23,2002,0.8,0,3,0,0.0,3.55,0.0,0.0,,0,0,1289,es ESP,MF,es La Liga,23,2002,4,76,19,2.2,0.8,1,56,0,3,7,13,0.75,3,3,0,0.0,0.05,1040,es ESP,MF,es La Liga,23,2002,0.8,0,0,0,6,0,0,3,0,1,0
74842,2025-12-19,3500000,Eintracht Frankfurt,24,L1,Mario Götze,1041,de GER,MF,Eintracht Frankfurt,de Bundesliga,33.0,1992,21,8,886,9.8,0,0,0,0,0,0,1,0,0.0,,,,,,,,,,,,,,,,,,,,,,,,,1041,de GER,MF,de Bundesliga,33,1992,9.8,0,5,0,0.0,0.51,0.0,0.0,,0,0,1290,de GER,MF,de Bundesliga,33,1992,21,886,42,29.0,9.8,8,67,1,13,27,8,1.48,15,20,-5,-0.51,-0.55,1041,de GER,MF,de Bundesliga,33,1992,9.8,1,0,0,9,12,1,22,4,8,0
418659,2025-12-15,28000000,Olympique Marseille,244,FR1,Amine Gouiri,1042,dz ALG,"FW,MF",Marseille,fr Ligue 1,25.0,2000,22,15,1326,14.7,8,3,11,8,0,0,1,0,0.75,,,,,,,,,,,,,,,,,,,,,,,,,1042,dz ALG,"FW,MF",fr Ligue 1,25,2000,14.7,8,38,17,44.7,2.58,1.15,0.21,0.47,0,0,1291,dz ALG,"FW,MF",fr Ligue 1,25,2000,22,1326,60,43.3,14.7,15,77,4,7,25,1,1.73,28,22,+6,0.41,-0.22,1042,dz ALG,"FW,MF",fr Ligue 1,25,2000,14.7,1,0,0,17,16,4,37,3,9,0
620313,2025-12-22,4000000,Red Bull Salzburg,738,FR1,Lucas Gourna-Douath,1043,fr FRA,MF,Le Havre,fr Ligue 1,21.0,2003,15,14,1272,14.1,0,0,0,0,0,0,5,0,0.0,,,,,,,,,,,,,,,,,,,,,,,,,1043,fr FRA,MF,fr Ligue 1,21,2003,14.1,0,9,2,22.2,0.64,0.14,0.0,0.0,0,0,1292,fr FRA,MF,fr Ligue 1,21,2003,15,1272,85,41.6,14.1,14,88,10,1,45,0,0.87,11,18,-7,-0.5,-0.24,1043,fr FRA,MF,fr Ligue 1,21,2003,14.1,5,0,0,24,35,2,5,15,12,0
479638,2024-06-06,5000000,SL Benfica,417,FR1,Tiago Gouveia,1044,pt POR,MF,Nice,fr Ligue 1,24.0,2001,15,5,532,5.9,0,0,0,0,0,0,3,0,0.0,,,,,,,,,,,,,,,,,,,,,,,,,1044,pt POR,MF,fr Ligue 1,24,2001,5.9,0,12,4,33.3,2.03,0.68,0.0,0.0,0,0,1293,pt POR,MF,fr Ligue 1,24,2001,15,532,35,17.4,5.9,5,69,2,10,19,5,1.06,6,17,-11,-1.86,-1.43,1044,pt POR,MF,fr Ligue 1,24,2001,5.9,3,0,0,6,9,0,4,9,3,0
106405,2025-12-19,1000000,FC Augsburg,167,L1,Jeffrey Gouweleeuw,1045,nl NED,DF,Augsburg,de Bundesliga,34.0,1991,11,10,848,9.4,0,1,1,0,0,0,3,0,0.11,,,,,,,,,,,,,,,,,,,,,,,,,1045,nl NED,DF,de Bundesliga,34,1991,9.4,0,5,3,60.0,0.53,0.32,0.0,0.0,0,0,1294,nl NED,DF,de Bundesliga,34,1991,11,848,77,27.7,9.4,10,82,6,1,29,1,1.27,16,20,-4,-0.42,0.06,1045,nl NED,DF,de Bundesliga,34,1991,9.4,3,0,0,7,3,1,5,13,10,0
346551,2025-12-19,12000000,VfL Wolfsburg,82,L1,Kamil Grabara,1046,pl POL,GK,Wolfsburg,de Bundesliga,26.0,1999,34,34,3060,34.0,0,0,0,0,0,0,1,0,0.0,62,pl POL,GK,de Bundesliga,26,1999,34,34,3060,34.0,69,2.03,179,120,65.4,7,8,19,2,5.9,12,7,3,2,1046,pl POL,GK,de Bundesliga,26,1999,34.0,0,1,0,0.0,0.03,0.0,0.0,,0,0,1295,pl POL,GK,de Bundesliga,26,1999,34,3060,90,100.0,34.0,34,90,34,0,,0,0.85,45,69,-24,-0.71,,1046,pl POL,GK,de Bundesliga,26,1999,34.0,1,0,0,0,2,0,0,1,1,0
126557,2024-06-03,4500000,RC Lens,826,FR1,Jonathan Gradit,1047,fr FRA,DF,Lens,fr Ligue 1,32.0,1992,10,10,807,9.0,0,0,0,0,0,0,2,1,0.0,,,,,,,,,,,,,,,,,,,,,,,,,1047,fr FRA,DF,fr Ligue 1,32,1992,9.0,0,2,0,0.0,0.22,0.0,0.0,,0,0,1297,fr FRA,DF,fr Ligue 1,32,1992,10,807,81,26.4,9.0,10,81,8,0,,0,2.2,19,8,+11,1.23,0.43,1047,fr FRA,DF,fr Ligue 1,32,1992,9.0,2,1,0,15,9,0,3,16,12,0
197473,2025-12-23,1800000,US Cremonese,2239,IT1,Alberto Grassi,1048,it ITA,MF,Cremonese,it Serie A,30.0,1995,30,18,1753,19.5,0,0,0,0,0,0,4,1,0.0,,,,,,,,,,,,,,,,,,,,,,,,,1048,it ITA,MF,it Serie A,30,1995,19.5,0,13,4,30.8,0.67,0.21,0.0,0.0,0,0,1301,it ITA,MF,it Serie A,30,1995,30,1753,58,51.3,19.5,18,76,6,12,33,3,0.97,15,31,-16,-0.82,-0.34,1048,it ITA,MF,it Serie A,30,1995,19.5,4,1,0,17,30,0,3,35,11,0
478573,2025-12-09,90000000,Liverpool FC,31,GB1,Ryan Gravenberch,1049,nl NED,MF,Liverpool,eng Premier League,23.0,2002,36,34,2992,33.2,5,3,8,5,0,0,5,0,0.24,,,,,,,,,,,,,,,,,,,,,,,,,1049,nl NED,MF,eng Premier League,23,2002,33.2,5,38,13,34.2,1.14,0.39,0.13,0.38,0,0,1302,nl NED,MF,eng Premier League,23,2002,36,2992,83,87.5,33.2,34,86,28,2,29,0,1.58,50,42,+8,0.24,-0.18,1049,nl NED,MF,eng Premier League,23,2002,33.2,5,0,0,38,42,0,8,44,35,0
922693,2023-10-27,6000000,Leeds United,148,GB1,Archie Gray,1050,eng ENG,"MF,DF",Tottenham Hotspur,eng Premier League,19.0,2006,24,18,1478,16.4,2,2,4,2,0,0,5,0,0.24,,,,,,,,,,,,,,,,,,,,,,,,,1050,eng ENG,"MF,DF",eng Premier League,19,2006,16.4,2,11,5,45.5,0.67,0.3,0.18,0.4,0,0,1303,eng ENG,"MF,DF",eng Premier League,19,2006,24,1478,62,43.2,16.4,18,78,9,6,11,11,0.83,18,28,-10,-0.61,-0.66,1050,eng ENG,"MF,DF",eng Premier League,19,2006,16.4,5,0,0,12,2,0,12,17,8,0
203460,2025-12-09,25000000,Everton FC,29,GB1,Jack Grealish,1051,eng ENG,MF,Everton,eng Premier League,29.0,1995,20,18,1627,18.1,2,6,8,2,0,0,5,1,0.44,,,,,,,,,,,,,,,,,,,,,,,,,1051,eng ENG,MF,eng Premier League,29,1995,18.1,2,26,8,30.8,1.44,0.44,0.08,0.25,0,0,1306,eng ENG,MF,eng Premier League,29,1995,20,1627,81,47.6,18.1,18,88,11,2,20,0,1.55,23,23,0,0.0,0.15,1051,eng ENG,MF,eng Premier League,29,1995,18.1,5,1,1,13,58,0,39,11,15,0
532826,2025-12-15,50000000,Olympique Marseille,244,FR1,Mason Greenwood,1052,eng ENG,MF,Marseille,fr Ligue 1,23.0,2001,32,29,2462,27.4,16,7,23,10,6,8,4,0,0.62,,,,,,,,,,,,,,,,,,,,,,,,,1052,eng ENG,MF,fr Ligue 1,23,2001,27.4,16,116,48,41.4,4.24,1.75,0.09,0.21,6,8,1307,eng ENG,MF,fr Ligue 1,23,2001,32,2462,77,80.5,27.4,29,82,16,3,31,1,1.75,52,36,+16,0.58,0.28,1052,eng ENG,MF,fr Ligue 1,23,2001,27.4,4,0,0,22,34,1,112,4,13,0
120205,2025-12-15,1500000,Bröndby IF,167,L1,Michael Gregoritsch,1053,at AUT,FW,Augsburg,de Bundesliga,31.0,1994,17,11,913,10.1,6,2,8,5,1,1,2,0,0.69,,,,,,,,,,,,,,,,,,,,,,,,,1053,at AUT,FW,de Bundesliga,31,1994,10.1,6,29,10,34.5,2.86,0.99,0.17,0.5,1,1,1308,at AUT,FW,de Bundesliga,31,1994,17,913,54,29.8,10.1,11,73,2,6,19,1,1.35,19,14,+5,0.49,1.37,1053,at AUT,FW,de Bundesliga,31,1994,10.1,2,0,0,5,18,4,6,5,4,0
316884,2025-12-15,8000000,Olympique Lyon,1041,FR1,Dominik Greif,1054,sk SVK,GK,Lyon,fr Ligue 1,28.0,1997,29,29,2610,29.0,0,1,1,0,0,0,1,0,0.03,63,sk SVK,GK,fr Ligue 1,28,1997,29,29,2610,29.0,37,1.28,110,77,68.2,15,5,9,11,37.9,5,2,3,0,1054,sk SVK,GK,fr Ligue 1,28,1997,29.0,0,0,0,,0.0,0.0,,,0,0,1309,sk SVK,GK,fr Ligue 1,28,1997,29,2610,90,85.3,29.0,29,90,29,0,,4,1.72,47,37,+10,0.34,-0.26,1054,sk SVK,GK,fr Ligue 1,28,1997,29.0,1,0,0,0,6,0,0,0,0,0
125781,2025-12-12,11000000,Atlético de Madrid,13,ES1,Antoine Griezmann,1055,fr FRA,FW,Atlético Madrid,es La Liga,34.0,1991,34,13,1481,16.5,7,4,11,7,0,0,1,0,0.67,,,,,,,,,,,,,,,,,,,,,,,,,1055,fr FRA,FW,es La Liga,34,1991,16.5,7,47,25,53.2,2.86,1.52,0.15,0.28,0,0,1310,fr FRA,FW,es La Liga,34,1991,34,1481,44,43.3,16.5,13,70,4,21,27,1,1.86,32,23,+9,0.55,0.13,1055,fr FRA,FW,es La Liga,34,1991,16.5,1,0,0,4,10,15,80,8,9,0
185077,2025-12-19,5000000,SC Freiburg,60,L1,Vincenzo Grifo,1056,it ITA,MF,Freiburg,de Bundesliga,32.0,1993,33,21,1710,19.0,7,4,11,3,4,4,0,0,0.37,,,,,,,,,,,,,,,,,,,,,,,,,1056,it ITA,MF,de Bundesliga,32,1993,19.0,7,30,12,40.0,1.58,0.63,0.1,0.25,4,4,1311,it ITA,MF,de Bundesliga,32,1993,33,1710,52,55.9,19.0,21,70,4,12,20,1,1.42,27,33,-6,-0.32,-0.32,1056,it ITA,MF,de Bundesliga,32,1993,19.0,0,0,0,10,12,2,111,16,5,0
82873,2025-12-19,3500000,Borussia Dortmund,1237,GB1,Pascal Groß,1058,de GER,MF,Dortmund,de Bundesliga,34.0,1991,11,7,613,6.8,0,1,1,0,0,0,0,0,0.15,,,,,,,,,,,,,,,,,,,,,,,,,1058,de GER,MF,de Bundesliga,34,1991,6.8,0,8,1,12.5,1.17,0.15,0.0,0.0,0,0,1313,de GER,MF,de Bundesliga,34,1991,11,613,56,20.0,6.8,7,78,1,4,16,4,2.0,9,5,+4,0.59,-0.59,1058,de GER,MF,de Bundesliga,34,1991,6.8,0,0,0,10,4,0,23,5,6,0
82873,2025-12-19,3500000,Borussia Dortmund,1237,GB1,Pascal Groß,1059,de GER,MF,Brighton,eng Premier League,34.0,1991,19,18,1636,18.2,1,3,4,1,0,0,2,0,0.22,,,,,,,,,,,,,,,,,,,,,,,,,1059,de GER,MF,eng Premier League,34,1991,18.2,1,18,9,50.0,0.99,0.5,0.06,0.11,0,0,1314,de GER,MF,eng Premier League,34,1991,19,1636,86,47.8,18.2,18,90,16,1,20,0,1.47,22,17,+5,0.28,0.22,1059,de GER,MF,eng Premier League,34,1991,18.2,2,0,0,17,12,4,119,11,17,0
700106,2025-12-09,28000000,Brighton & Hove Albion,23826,L1,Brajan Gruda,1061,de GER,"MF,FW",RB Leipzig,de Bundesliga,21.0,2004,13,8,753,8.4,3,3,6,3,0,0,1,0,0.72,,,,,,,,,,,,,,,,,,,,,,,,,1061,de GER,"MF,FW",de Bundesliga,21,2004,8.4,3,22,10,45.5,2.63,1.2,0.14,0.3,0,0,1316,de GER,"MF,FW",de Bundesliga,21,2004,13,753,58,24.6,8.4,8,77,2,5,28,0,2.0,20,12,+8,0.96,0.53,1061,de GER,"MF,FW",de Bundesliga,21,2004,8.4,1,0,0,10,12,1,25,0,8,0
700106,2025-12-09,28000000,Brighton & Hove Albion,23826,L1,Brajan Gruda,1062,de GER,MF,Brighton,eng Premier League,21.0,2004,18,8,719,8.0,1,1,2,1,0,0,2,0,0.25,,,,,,,,,,,,,,,,,,,,,,,,,1062,de GER,MF,eng Premier League,21,2004,8.0,1,16,6,37.5,2.0,0.75,0.06,0.17,0,0,1317,de GER,MF,eng Premier League,21,2004,18,719,40,21.0,8.0,8,69,0,10,17,1,1.28,14,11,+3,0.38,0.28,1062,de GER,MF,eng Premier League,21,2004,8.0,2,0,0,11,14,2,14,2,5,0
381753,2024-05-24,5000000,Leeds United,399,GB1,Ilia Gruev,1063,bg BUL,MF,Leeds United,eng Premier League,25.0,2000,23,15,1323,14.7,0,3,3,0,0,0,3,0,0.2,,,,,,,,,,,,,,,,,,,,,,,,,1063,bg BUL,MF,eng Premier League,25,2000,14.7,0,7,1,14.3,0.48,0.07,0.0,0.0,0,0,1318,bg BUL,MF,eng Premier League,25,2000,23,1323,58,38.7,14.7,15,79,6,8,17,10,1.52,17,22,-5,-0.34,-0.25,1063,bg BUL,MF,eng Premier League,25,2000,14.7,3,0,0,16,9,0,16,14,13,0
391766,2025-12-19,6000000,SV Werder Bremen,86,L1,Marco Grüll,1064,at AUT,"MF,FW",Werder Bremen,de Bundesliga,27.0,1998,33,23,2006,22.3,3,1,4,3,0,0,5,0,0.18,,,,,,,,,,,,,,,,,,,,,,,,,1064,at AUT,"MF,FW",de Bundesliga,27,1998,22.3,3,43,13,30.2,1.93,0.58,0.07,0.23,0,0,1319,at AUT,"MF,FW",de Bundesliga,27,1998,33,2006,61,65.6,22.3,23,77,6,10,24,0,0.94,21,38,-17,-0.76,-0.25,1064,at AUT,"MF,FW",de Bundesliga,27,1998,22.3,5,0,0,33,28,2,69,14,20,0
74294,2025-12-12,2500000,Sevilla FC,368,ES1,Nemanja Gudelj,1067,rs SRB,"DF,MF",Sevilla,es La Liga,33.0,1991,34,26,2348,26.1,2,0,2,2,0,0,9,0,0.08,,,,,,,,,,,,,,,,,,,,,,,,,1067,rs SRB,"DF,MF",es La Liga,33,1991,26.1,2,31,9,29.0,1.19,0.34,0.06,0.22,0,0,1323,rs SRB,"DF,MF",es La Liga,33,1991,34,2348,69,68.7,26.1,26,85,19,8,19,3,1.18,33,41,-8,-0.31,0.2,1067,rs SRB,"DF,MF",es La Liga,33,1991,26.1,9,0,0,40,11,0,7,23,23,0
362108,2025-12-09,15000000,Leeds United,399,GB1,Gabriel Gudmundsson,1068,se SWE,"DF,MF",Leeds United,eng Premier League,26.0,1999,32,31,2631,29.2,0,0,0,0,0,0,6,1,0.0,,,,,,,,,,,,,,,,,,,,,,,,,1068,se SWE,"DF,MF",eng Premier League,26,1999,29.2,0,18,3,16.7,0.62,0.1,0.0,0.0,0,0,1324,se SWE,"DF,MF",eng Premier League,26,1999,32,2631,82,76.9,29.2,31,84,21,1,22,0,1.19,40,45,-5,-0.17,0.06,1068,se SWE,"DF,MF",eng Premier League,26,1999,29.2,6,1,1,31,56,3,88,28,47,1
225122,2025-12-12,6000000,Real Sociedad,681,ES1,Gonçalo Guedes,1069,pt POR,MF,Real Sociedad,es La Liga,28.0,1996,32,22,1823,20.3,8,4,12,8,0,0,3,0,0.59,,,,,,,,,,,,,,,,,,,,,,,,,1069,pt POR,MF,es La Liga,28,1996,20.3,8,46,18,39.1,2.27,0.89,0.17,0.44,0,0,1325,pt POR,MF,es La Liga,28,1996,32,1823,57,53.3,20.3,22,72,5,10,25,0,1.31,32,26,+6,0.3,0.75,1069,pt POR,MF,es La Liga,28,1996,20.3,3,0,0,18,33,13,70,4,16,0
392757,2025-12-09,55000000,Crystal Palace,281,GB1,Marc Guéhi,1070,eng ENG,DF,Crystal Palace,eng Premier League,25.0,2000,20,20,1800,20.0,2,2,4,2,0,0,4,0,0.2,,,,,,,,,,,,,,,,,,,,,,,,,1070,eng ENG,DF,eng Premier League,25,2000,20.0,2,15,4,26.7,0.75,0.2,0.13,0.5,0,0,1326,eng ENG,DF,eng Premier League,25,2000,20,1800,90,52.6,20.0,20,90,20,0,,0,1.35,22,23,-1,-0.05,0.45,1070,eng ENG,DF,eng Premier League,25,2000,20.0,4,0,0,14,18,0,10,24,19,0
392757,2025-12-09,55000000,Crystal Palace,281,GB1,Marc Guéhi,1071,eng ENG,DF,Manchester City,eng Premier League,25.0,2000,15,15,1350,15.0,1,1,2,1,0,0,2,0,0.13,,,,,,,,,,,,,,,,,,,,,,,,,1071,eng ENG,DF,eng Premier League,25,2000,15.0,1,17,5,29.4,1.13,0.33,0.06,0.2,0,0,1327,eng ENG,DF,eng Premier League,25,2000,15,1350,90,39.5,15.0,15,90,15,0,,0,2.33,31,12,+19,1.27,0.27,1071,eng ENG,DF,eng Premier League,25,2000,15.0,2,0,0,11,20,0,7,25,12,0
465830,2024-06-05,25000000,SS Lazio,36,TR1,Mattéo Guendouzi,1072,fr FRA,MF,Lazio,it Serie A,26.0,1999,16,16,1428,15.9,2,1,3,2,0,0,5,1,0.19,,,,,,,,,,,,,,,,,,,,,,,,,1072,fr FRA,MF,it Serie A,26,1999,15.9,2,16,8,50.0,1.01,0.5,0.13,0.25,0,0,1328,fr FRA,MF,it Serie A,26,1999,16,1428,89,41.8,15.9,16,89,14,0,,0,1.25,13,12,+1,0.06,0.06,1072,fr FRA,MF,it Serie A,26,1999,15.9,5,1,0,17,21,0,20,11,8,0
170986,2024-05-29,12000000,Bayern Munich,27,L1,Raphaël Guerreiro,1074,pt POR,MF,Bayern Munich,de Bundesliga,31.0,1993,18,8,784,8.7,5,2,7,5,0,0,0,0,0.8,,,,,,,,,,,,,,,,,,,,,,,,,1074,pt POR,MF,de Bundesliga,31,1993,8.7,5,12,5,41.7,1.38,0.57,0.42,1.0,0,0,1330,pt POR,MF,de Bundesliga,31,1993,18,784,44,25.6,8.7,8,69,1,10,24,11,3.0,31,7,+24,2.76,0.3,1074,pt POR,MF,de Bundesliga,31,1993,8.7,0,0,0,3,2,1,5,1,7,0
500689,2025-12-09,28000000,Aston Villa,873,GB1,Evann Guessand,1077,ci CIV,MF,Crystal Palace,eng Premier League,24.0,2001,8,3,330,3.7,1,1,2,1,0,0,0,0,0.55,,,,,,,,,,,,,,,,,,,,,,,,,1077,ci CIV,MF,eng Premier League,24,2001,3.7,1,3,1,33.3,0.82,0.27,0.33,1.0,0,0,1333,ci CIV,MF,eng Premier League,24,2001,8,330,41,9.6,3.7,3,71,1,5,23,0,1.38,8,5,+3,0.82,1.2,1077,ci CIV,MF,eng Premier League,24,2001,3.7,0,0,0,4,8,1,1,2,2,0
500689,2025-12-09,28000000,Aston Villa,873,GB1,Evann Guessand,1078,ci CIV,MF,Aston Villa,eng Premier League,24.0,2001,13,6,588,6.5,0,1,1,0,0,0,0,0,0.15,,,,,,,,,,,,,,,,,,,,,,,,,1078,ci CIV,MF,eng Premier League,24,2001,6.5,0,8,5,62.5,1.22,0.77,0.0,0.0,0,0,1334,ci CIV,MF,eng Premier League,24,2001,13,588,45,17.2,6.5,6,67,0,7,27,5,1.77,9,10,-1,-0.15,-0.41,1078,ci CIV,MF,eng Premier League,24,2001,6.5,0,0,0,11,12,0,10,3,9,0
465967,2024-06-07,5000000,Deportivo Alavés,1108,ES1,Ander Guevara,1079,es ESP,MF,Alavés,es La Liga,28.0,1997,25,2,654,7.3,1,1,2,1,0,0,4,1,0.28,,,,,,,,,,,,,,,,,,,,,,,,,1079,es ESP,MF,es La Liga,28,1997,7.3,1,5,1,20.0,0.69,0.14,0.2,1.0,0,0,1335,es ESP,MF,es La Liga,28,1997,25,654,26,19.1,7.3,2,83,1,23,21,12,1.0,15,14,+1,0.14,0.56,1079,es ESP,MF,es La Liga,28,1997,7.3,4,1,1,11,5,0,6,9,8,0
485963,2024-06-03,6000000,Olympique Marseille,1050,ES1,Pape Gueye,1082,sn SEN,MF,Villarreal,es La Liga,26.0,1999,30,26,2131,23.7,5,2,7,4,1,1,8,0,0.25,,,,,,,,,,,,,,,,,,,,,,,,,1082,sn SEN,MF,es La Liga,26,1999,23.7,5,47,13,27.7,1.98,0.55,0.09,0.31,1,1,1340,sn SEN,MF,es La Liga,26,1999,30,2131,71,62.3,23.7,26,79,10,4,23,3,1.87,47,28,+19,0.8,0.31,1082,sn SEN,MF,es La Liga,26,1999,23.7,8,0,0,35,54,2,14,35,22,0
691786,2025-12-15,4000000,RC Lens,6643,MLS1,Morgan Guilavogui,1083,gn GUI,MF,Lens,fr Ligue 1,27.0,1998,16,3,491,5.5,1,0,1,1,0,0,3,1,0.18,,,,,,,,,,,,,,,,,,,,,,,,,1083,gn GUI,MF,fr Ligue 1,27,1998,5.5,1,10,2,20.0,1.83,0.37,0.1,0.5,0,0,1341,gn GUI,MF,fr Ligue 1,27,1998,16,491,31,16.0,5.5,3,75,1,13,21,0,2.31,9,5,+4,0.73,-0.21,1083,gn GUI,MF,fr Ligue 1,27,1998,5.5,3,1,0,15,12,4,4,3,10,0
520624,2025-12-09,75000000,Newcastle United,762,GB1,Bruno Guimarães,1086,br BRA,MF,Newcastle United,eng Premier League,27.0,1997,29,27,2453,27.3,9,5,14,7,2,2,6,0,0.44,,,,,,,,,,,,,,,,,,,,,,,,,1086,br BRA,MF,eng Premier League,27,1997,27.3,9,42,23,54.8,1.54,0.84,0.17,0.3,2,2,1345,br BRA,MF,eng Premier League,27,1997,29,2453,85,71.7,27.3,27,88,19,2,37,1,1.45,43,36,+7,0.26,1.09,1086,br BRA,MF,eng Premier League,27,1997,27.3,6,0,0,45,75,2,82,16,41,0
270541,2025-12-19,40000000,Borussia Dortmund,16,L1,Serhou Guirassy,1089,gn GUI,FW,Dortmund,de Bundesliga,29.0,1996,33,27,2337,26.0,17,1,18,16,1,3,3,0,0.65,,,,,,,,,,,,,,,,,,,,,,,,,1089,gn GUI,FW,de Bundesliga,29,1996,26.0,17,84,40,47.6,3.23,1.54,0.19,0.4,1,3,1348,gn GUI,FW,de Bundesliga,29,1996,33,2337,71,76.4,26.0,27,81,9,6,24,1,2.12,52,22,+30,1.16,0.41,1089,gn GUI,FW,de Bundesliga,29,1996,26.0,3,0,0,37,36,7,4,0,1,0
938158,2024-06-07,7500000,FC Barcelona,631,GB1,Marc Guiu,1090,es ESP,FW,Sunderland,eng Premier League,19.0,2006,2,0,15,0.2,0,0,0,0,0,0,0,0,0.0,,,,,,,,,,,,,,,,,,,,,,,,,1090,es ESP,FW,eng Premier League,19,2006,0.2,0,1,0,0.0,6.0,0.0,0.0,,0,0,1349,es ESP,FW,eng Premier League,19,2006,2,15,8,0.4,0.2,0,,0,2,8,1,1.5,1,1,0,0.0,0.16,1090,es ESP,FW,eng Premier League,19,2006,0.2,0,0,0,0,0,0,0,0,0,0
938158,2024-06-07,7500000,FC Barcelona,631,GB1,Marc Guiu,1091,es ESP,FW,Chelsea,eng Premier League,19.0,2006,8,1,257,2.9,0,1,1,0,0,0,1,0,0.35,,,,,,,,,,,,,,,,,,,,,,,,,1091,es ESP,FW,eng Premier League,19,2006,2.9,0,12,2,16.7,4.2,0.7,0.0,0.0,0,0,1350,es ESP,FW,eng Premier League,19,2006,8,257,32,7.5,2.9,1,75,0,7,26,17,1.63,6,2,+4,1.4,1.34,1091,es ESP,FW,eng Premier League,19,2006,2.9,1,0,0,9,2,2,0,0,0,0
57071,2025-12-19,2000000,RB Leipzig,23826,L1,Péter Gulácsi,1092,hu HUN,GK,RB Leipzig,de Bundesliga,35.0,1990,23,23,2008,22.3,0,0,0,0,0,0,1,0,0.0,64,hu HUN,GK,de Bundesliga,35,1990,23,23,2008,22.3,32,1.43,83,52,63.9,12,4,7,9,39.1,2,2,0,0,1092,hu HUN,GK,de Bundesliga,35,1990,22.3,0,0,0,,0.0,0.0,,,0,0,1352,hu HUN,GK,de Bundesliga,35,1990,23,2008,87,65.6,22.3,23,87,22,0,,6,1.74,41,32,+9,0.4,-0.45,1092,hu HUN,GK,de Bundesliga,35,1990,22.3,1,0,0,0,0,0,0,0,0,0
861410,2024-07-18,45000000,Real Madrid,418,ES1,Arda Güler,1093,tr TUR,MF,Real Madrid,es La Liga,20.0,2005,33,25,2014,22.4,4,9,13,4,0,0,1,0,0.58,,,,,,,,,,,,,,,,,,,,,,,,,1093,tr TUR,MF,es La Liga,20,2005,22.4,4,49,19,38.8,2.19,0.85,0.08,0.21,0,0,1353,tr TUR,MF,es La Liga,20,2005,33,2014,61,58.9,22.4,25,72,3,8,27,0,2.3,43,21,+22,0.98,-0.3,1093,tr TUR,MF,es La Liga,20,2005,22.4,1,0,0,21,32,3,129,8,28,0
268670,2025-12-12,1400000,Rayo Vallecano,367,ES1,Gerard Gumbau,1094,es ESP,MF,Rayo Vallecano,es La Liga,30.0,1994,28,14,1175,13.1,0,3,3,0,0,0,4,0,0.23,,,,,,,,,,,,,,,,,,,,,,,,,1094,es ESP,MF,es La Liga,30,1994,13.1,0,20,5,25.0,1.53,0.38,0.0,0.0,0,0,1354,es ESP,MF,es La Liga,30,1994,28,1175,42,34.4,13.1,14,69,3,14,15,10,1.21,17,21,-4,-0.31,-0.35,1094,es ESP,MF,es La Liga,30,1994,13.1,4,0,0,38,5,0,52,11,16,0
201574,2023-06-01,2500000,Norwich City,703,GB1,Angus Gunn,1095,sct SCO,GK,Nottingham Forest,eng Premier League,29.0,1996,1,0,45,0.5,0,0,0,0,0,0,0,0,0.0,65,sct SCO,GK,eng Premier League,29,1996,1,0,45,0.5,0,0.0,0,0,,0,0,0,0,,0,0,0,0,1095,sct SCO,GK,eng Premier League,29,1996,0.5,0,0,0,,0.0,0.0,,,0,0,1356,sct SCO,GK,eng Premier League,29,1996,1,45,45,1.3,0.5,0,,0,1,45,13,1.0,0,0,0,0.0,0.08,1095,sct SCO,GK,eng Premier League,29,1996,0.5,0,0,0,0,0,0,0,0,0,0
93707,2025-12-19,2000000,SC Freiburg,60,L1,Christian Günter,1096,de GER,DF,Freiburg,de Bundesliga,32.0,1993,24,18,1547,17.2,0,3,3,0,0,0,3,0,0.17,,,,,,,,,,,,,,,,,,,,,,,,,1096,de GER,DF,de Bundesliga,32,1993,17.2,0,9,0,0.0,0.52,0.0,0.0,,0,0,1357,de GER,DF,de Bundesliga,32,1993,24,1547,64,50.6,17.2,18,80,9,6,17,10,1.33,21,31,-10,-0.58,-0.82,1096,de GER,DF,de Bundesliga,32,1993,17.2,3,0,0,10,6,5,73,10,12,0
289257,2024-06-07,4000000,Deportivo Alavés,1108,ES1,Jon Guridi,1097,es ESP,"MF,FW",Alavés,es La Liga,30.0,1995,28,15,1238,13.8,0,0,0,0,0,0,1,0,0.0,,,,,,,,,,,,,,,,,,,,,,,,,1097,es ESP,"MF,FW",es La Liga,30,1995,13.8,0,15,4,26.7,1.09,0.29,0.0,0.0,0,0,1358,es ESP,"MF,FW",es La Liga,30,1995,28,1238,44,36.2,13.8,15,66,1,13,19,9,1.11,15,25,-10,-0.73,-0.64,1097,es ESP,"MF,FW",es La Liga,30,1995,13.8,1,0,0,15,8,2,12,10,19,0
340205,2024-06-07,18000000,Athletic Bilbao,621,ES1,Gorka Guruzeta,1098,es ESP,FW,Athletic Club,es La Liga,28.0,1996,35,28,2363,26.3,10,3,13,9,1,1,6,1,0.46,,,,,,,,,,,,,,,,,,,,,,,,,1098,es ESP,FW,es La Liga,28,1996,26.3,10,84,32,38.1,3.2,1.22,0.11,0.28,1,1,1360,es ESP,FW,es La Liga,28,1996,35,2363,68,69.1,26.3,28,77,13,7,29,2,1.2,31,37,-6,-0.23,0.54,1098,es ESP,FW,es La Liga,28,1996,26.3,6,1,1,49,30,11,7,11,6,0
620322,2025-12-09,35000000,Chelsea FC,631,GB1,Malo Gusto,1099,fr FRA,"DF,MF",Chelsea,eng Premier League,22.0,2003,34,26,2261,25.1,2,3,5,2,0,0,5,1,0.2,,,,,,,,,,,,,,,,,,,,,,,,,1099,fr FRA,"DF,MF",eng Premier League,22,2003,25.1,2,12,6,50.0,0.48,0.24,0.17,0.33,0,0,1361,fr FRA,"DF,MF",eng Premier League,22,2003,34,2261,67,66.1,25.1,26,80,10,8,24,1,1.32,42,35,+7,0.28,0.36,1099,fr FRA,"DF,MF",eng Premier League,22,2003,25.1,5,1,1,20,20,1,58,30,23,1
525299,2025-12-23,17000000,SSC Napoli,6195,IT1,Miguel Gutiérrez,1101,es ESP,"MF,DF",Napoli,it Serie A,24.0,2001,28,15,1488,16.5,1,1,2,1,0,0,0,0,0.12,,,,,,,,,,,,,,,,,,,,,,,,,1101,es ESP,"MF,DF",it Serie A,24,2001,16.5,1,15,5,33.3,0.91,0.3,0.07,0.2,0,0,1363,es ESP,"MF,DF",it Serie A,24,2001,28,1488,53,43.5,16.5,15,82,9,13,20,6,1.89,24,18,+6,0.36,-0.38,1101,es ESP,"MF,DF",it Serie A,24,2001,16.5,0,0,0,19,28,1,48,7,22,0
325443,2025-12-09,70000000,Arsenal FC,11,GB1,Viktor Gyökeres,1104,se SWE,FW,Arsenal,eng Premier League,27.0,1998,36,26,2224,24.7,14,1,15,11,3,3,5,0,0.49,,,,,,,,,,,,,,,,,,,,,,,,,1104,se SWE,FW,eng Premier League,27,1998,24.7,14,55,22,40.0,2.23,0.89,0.2,0.5,3,3,1366,se SWE,FW,eng Premier League,27,1998,36,2224,62,65.0,24.7,26,76,10,10,26,0,2.25,51,14,+37,1.5,0.97,1104,se SWE,FW,eng Premier League,27,1998,24.7,5,0,0,35,31,4,8,1,5,0
418560,2025-12-09,200000000,Manchester City,281,GB1,Erling Haaland,1105,no NOR,FW,Manchester City,eng Premier League,25.0,2000,35,34,2953,32.8,27,8,35,24,3,4,2,0,0.98,,,,,,,,,,,,,,,,,,,,,,,,,1105,no NOR,FW,eng Premier League,25,2000,32.8,27,126,59,46.8,3.84,1.8,0.19,0.41,3,4,1367,no NOR,FW,eng Premier League,25,2000,35,2953,84,86.3,32.8,34,86,26,1,18,1,2.06,69,32,+37,1.13,0.16,1105,no NOR,FW,eng Premier League,25,2000,32.8,2,0,0,24,25,5,3,4,7,0
177779,2025-12-19,2500000,1.FC Union Berlin,89,L1,Janik Haberer,1106,de GER,MF,Union Berlin,de Bundesliga,31.0,1994,28,20,1646,18.3,0,1,1,0,0,0,8,0,0.05,,,,,,,,,,,,,,,,,,,,,,,,,1106,de GER,MF,de Bundesliga,31,1994,18.3,0,11,1,9.1,0.6,0.05,0.0,0.0,0,0,1368,de GER,MF,de Bundesliga,31,1994,28,1646,59,53.8,18.3,20,74,7,8,22,4,1.0,17,39,-22,-1.2,-1.71,1106,de GER,MF,de Bundesliga,31,1994,18.3,8,0,0,24,21,1,67,10,19,0
284010,2025-12-19,12000000,Borussia Mönchengladbach,18,L1,Robin Hack,1107,de GER,MF,Gladbach,de Bundesliga,26.0,1998,8,3,320,3.6,1,0,1,1,0,0,1,0,0.28,,,,,,,,,,,,,,,,,,,,,,,,,1107,de GER,MF,de Bundesliga,26,1998,3.6,1,11,4,36.4,3.09,1.13,0.09,0.25,0,0,1369,de GER,MF,de Bundesliga,26,1998,8,320,40,10.5,3.6,3,80,2,5,16,2,1.38,3,4,-1,-0.28,0.05,1107,de GER,MF,de Bundesliga,26,1998,3.6,1,0,0,4,3,1,14,1,2,0
402008,2024-05-29,20000000,RB Leipzig,826,FR1,Amadou Haidara,1108,ml MLI,MF,Lens,fr Ligue 1,27.0,1998,7,2,259,2.9,1,1,2,1,0,0,0,0,0.69,,,,,,,,,,,,,,,,,,,,,,,,,1108,ml MLI,MF,fr Ligue 1,27,1998,2.9,1,2,2,100.0,0.69,0.69,0.5,0.5,0,0,1371,ml MLI,MF,fr Ligue 1,27,1998,7,259,37,8.5,2.9,2,62,0,5,27,7,1.86,5,1,+4,1.39,0.52,1108,ml MLI,MF,fr Ligue 1,27,1998,2.9,0,0,0,4,2,0,0,2,0,0
398073,2025-12-15,80000000,Paris Saint-Germain,583,FR1,Achraf Hakimi,1110,ma MAR,DF,Paris Saint-Germain,fr Ligue 1,26.0,1998,18,15,1375,15.3,2,2,4,2,0,0,3,1,0.26,,,,,,,,,,,,,,,,,,,,,,,,,1110,ma MAR,DF,fr Ligue 1,26,1998,15.3,2,27,9,33.3,1.77,0.59,0.07,0.22,0,0,1373,ma MAR,DF,fr Ligue 1,26,1998,18,1375,76,44.9,15.3,15,84,12,3,39,1,2.22,32,15,+17,1.11,-0.38,1110,ma MAR,DF,fr Ligue 1,26,1998,15.3,3,1,0,9,17,4,43,11,13,0
670858,2025-12-09,32000000,Newcastle United,762,GB1,Lewis Hall,1111,eng ENG,DF,Newcastle United,eng Premier League,20.0,2004,30,24,2181,24.2,1,1,2,1,0,0,4,0,0.08,,,,,,,,,,,,,,,,,,,,,,,,,1111,eng ENG,DF,eng Premier League,20,2004,24.2,1,25,6,24.0,1.03,0.25,0.04,0.17,0,0,1374,eng ENG,DF,eng Premier League,20,2004,30,2181,73,63.8,24.2,24,86,19,6,19,4,1.3,34,39,-5,-0.21,-0.42,1111,eng ENG,DF,eng Premier League,20,2004,24.2,4,0,0,17,40,0,102,29,31,0
203504,2023-06-16,500000,Paris FC,10004,FR1,Pierre-Yves Hamel,1113,fr FRA,FW,Paris FC,fr Ligue 1,31.0,1994,2,1,78,0.9,0,0,0,0,0,0,0,0,0.0,,,,,,,,,,,,,,,,,,,,,,,,,1113,fr FRA,FW,fr Ligue 1,31,1994,0.9,0,0,0,,0.0,0.0,,,0,0,1376,fr FRA,FW,fr Ligue 1,31,1994,2,78,39,2.5,0.9,1,70,0,1,8,1,0.0,0,2,-2,-2.31,-2.28,1113,fr FRA,FW,fr Ligue 1,31,1994,0.9,0,0,0,2,0,0,0,1,0,0
370683,2025-12-19,5000000,1.FSV Mainz 05,39,L1,Andreas Hanche-Olsen,1115,no NOR,DF,Mainz 05,de Bundesliga,28.0,1997,13,8,851,9.5,0,1,1,0,0,0,3,0,0.11,,,,,,,,,,,,,,,,,,,,,,,,,1115,no NOR,DF,de Bundesliga,28,1997,9.5,0,6,3,50.0,0.63,0.32,0.0,0.0,0,0,1378,no NOR,DF,de Bundesliga,28,1997,13,851,65,27.8,9.5,8,83,5,5,38,2,0.54,9,13,-4,-0.42,-0.22,1115,no NOR,DF,de Bundesliga,28,1997,9.5,3,0,0,13,6,2,0,13,5,1
404418,2025-12-12,30000000,Atlético de Madrid,13,ES1,Dávid Hancko,1116,sk SVK,DF,Atlético Madrid,es La Liga,27.0,1997,30,27,2432,27.0,0,2,2,0,0,0,2,0,0.07,,,,,,,,,,,,,,,,,,,,,,,,,1116,sk SVK,DF,es La Liga,27,1997,27.0,0,21,5,23.8,0.78,0.19,0.0,0.0,0,0,1379,sk SVK,DF,es La Liga,27,1997,30,2432,81,71.1,27.0,27,87,24,3,25,4,1.9,48,31,+17,0.63,0.54,1116,sk SVK,DF,es La Liga,27,1997,27.0,2,0,0,15,4,2,29,19,27,0
111811,2023-10-27,500000,Angers SCO,1420,FR1,Florent Hanin,1117,dz ALG,"DF,MF",Angers,fr Ligue 1,35.0,1990,25,9,865,9.6,0,0,0,0,0,0,0,0,0.0,,,,,,,,,,,,,,,,,,,,,,,,,1117,dz ALG,"DF,MF",fr Ligue 1,35,1990,9.6,0,3,0,0.0,0.31,0.0,0.0,,0,0,1380,dz ALG,"DF,MF",fr Ligue 1,35,1990,25,865,35,28.3,9.6,9,72,1,16,14,9,0.96,9,14,-5,-0.52,0.05,1117,dz ALG,"DF,MF",fr Ligue 1,35,1990,9.6,0,0,0,8,8,0,26,13,8,0
670116,2025-12-19,800000,SV Werder Bremen,467,NL1,Isak Hansen-Aarøen,1118,no NOR,MF,Werder Bremen,de Bundesliga,20.0,2004,1,0,2,0.0,0,0,0,0,0,0,0,0,0.0,,,,,,,,,,,,,,,,,,,,,,,,,1118,no NOR,MF,de Bundesliga,20,2004,0.0,0,0,0,,0.0,0.0,,,0,0,1381,no NOR,MF,de Bundesliga,20,2004,1,2,2,0.1,0.0,0,,0,1,2,6,0.0,0,0,0,0.0,0.68,1118,no NOR,MF,de Bundesliga,20,2004,0.0,0,0,0,0,0,0,0,0,2,0
495752,2023-06-09,900000,Sint-Truidense VV,35,L1,Taichi Hara,1119,jp JPN,FW,St Pauli,de Bundesliga,26.0,1999,4,0,27,0.3,0,0,0,0,0,0,0,0,0.0,,,,,,,,,,,,,,,,,,,,,,,,,1119,jp JPN,FW,de Bundesliga,26,1999,0.3,0,1,0,0.0,3.33,0.0,0.0,,0,0,1383,jp JPN,FW,de Bundesliga,26,1999,4,27,7,0.9,0.3,0,,0,4,7,10,0.75,0,1,-1,-3.33,-2.44,1119,jp JPN,FW,de Bundesliga,26,1999,0.3,0,0,0,0,0,0,0,0,0,0
807386,2025-12-19,24000000,RB Leipzig,23826,L1,Conrad Harder,1121,dk DEN,FW,RB Leipzig,de Bundesliga,20.0,2005,29,8,932,10.4,3,3,6,3,0,0,3,0,0.58,,,,,,,,,,,,,,,,,,,,,,,,,1121,dk DEN,FW,de Bundesliga,20,2005,10.4,3,42,13,31.0,4.06,1.26,0.07,0.23,0,0,1385,dk DEN,FW,de Bundesliga,20,2005,29,932,32,30.5,10.4,8,77,3,21,15,2,1.83,18,22,-4,-0.39,-1.36,1121,dk DEN,FW,de Bundesliga,20,2005,10.4,3,0,0,21,18,4,13,7,6,0
417346,2025-12-09,10000000,Leeds United,430,IT1,Jack Harrison,1122,eng ENG,"FW,MF",Fiorentina,it Serie A,28.0,1996,15,10,981,10.9,1,3,4,1,0,0,1,0,0.37,,,,,,,,,,,,,,,,,,,,,,,,,1122,eng ENG,"FW,MF",it Serie A,28,1996,10.9,1,13,4,30.8,1.19,0.37,0.08,0.25,0,0,1387,eng ENG,"FW,MF",it Serie A,28,1996,15,981,65,28.7,10.9,10,81,6,5,34,2,1.6,13,10,+3,0.28,0.72,1122,eng ENG,"FW,MF",it Serie A,28,1996,10.9,1,0,0,9,7,0,56,2,6,0
417346,2025-12-09,10000000,Leeds United,430,IT1,Jack Harrison,1123,eng ENG,FW,Leeds United,eng Premier League,28.0,1996,11,1,269,3.0,0,0,0,0,0,0,0,0,0.0,,,,,,,,,,,,,,,,,,,,,,,,,1123,eng ENG,FW,eng Premier League,28,1996,3.0,0,6,2,33.3,2.01,0.67,0.0,0.0,0,0,1388,eng ENG,FW,eng Premier League,28,1996,11,269,24,7.9,3.0,1,65,0,10,20,9,1.09,1,5,-4,-1.34,-1.25,1123,eng ENG,FW,eng Premier League,28,1996,3.0,0,0,0,1,4,0,17,4,2,0
416386,2025-12-23,1800000,Hellas Verona,276,IT1,Abdou Harroui,1124,nl NED,MF,Hellas Verona,it Serie A,27.0,1998,23,11,907,10.1,1,0,1,0,1,1,3,0,0.0,,,,,,,,,,,,,,,,,,,,,,,,,1124,nl NED,MF,it Serie A,27,1998,10.1,1,12,2,16.7,1.19,0.2,0.0,0.0,1,1,1389,nl NED,MF,it Serie A,27,1998,23,907,39,26.5,10.1,11,66,0,12,15,11,0.57,7,21,-14,-1.39,-0.6,1124,nl NED,MF,it Serie A,27,1998,10.1,3,0,0,22,1,2,28,1,17,0
514285,2024-05-31,23000000,Feyenoord Rotterdam,1132,GB1,Quilindschy Hartman,1125,nl NED,DF,Burnley,eng Premier League,23.0,2001,21,21,1825,20.3,0,5,5,0,0,0,1,0,0.25,,,,,,,,,,,,,,,,,,,,,,,,,1125,nl NED,DF,eng Premier League,23,2001,20.3,0,9,3,33.3,0.44,0.15,0.0,0.0,0,0,1390,nl NED,DF,eng Premier League,23,2001,21,1825,87,53.4,20.3,21,87,16,0,,9,0.52,18,40,-22,-1.08,-0.24,1125,nl NED,DF,eng Premier League,23,2001,20.3,1,0,0,13,3,1,74,32,31,0
620164,2023-06-14,1500000,Villarreal CF B,2497,ES1,Haissem Hassan,1126,eg EGY,"MF,FW",Oviedo,es La Liga,23.0,2002,37,20,1942,21.6,0,3,3,0,0,0,1,0,0.14,,,,,,,,,,,,,,,,,,,,,,,,,1126,eg EGY,"MF,FW",es La Liga,23,2002,21.6,0,34,8,23.5,1.58,0.37,0.0,0.0,0,0,1392,eg EGY,"MF,FW",es La Liga,23,2002,37,1942,52,56.8,21.6,20,71,3,17,30,1,0.76,11,33,-22,-1.02,-0.29,1126,eg EGY,"MF,FW",es La Liga,23,2002,21.6,1,0,0,12,25,3,113,6,26,0
275303,2025-12-15,2000000,Olympique Lyon,1041,FR1,Hans Hateboer,1127,nl NED,"DF,MF",Rennes,fr Ligue 1,31.0,1994,1,0,22,0.2,0,0,0,0,0,0,0,0,0.0,,,,,,,,,,,,,,,,,,,,,,,,,1127,nl NED,"DF,MF",fr Ligue 1,31,1994,0.2,0,0,0,,0.0,0.0,,,0,0,1393,nl NED,"DF,MF",fr Ligue 1,31,1994,1,22,22,0.7,0.2,0,,0,1,22,3,1.0,0,1,-1,-4.09,-4.39,1127,nl NED,"DF,MF",fr Ligue 1,31,1994,0.2,0,0,0,2,0,0,0,0,0,0
275303,2025-12-15,2000000,Olympique Lyon,1041,FR1,Hans Hateboer,1128,nl NED,"DF,MF",Lyon,fr Ligue 1,31.0,1994,15,8,740,8.2,0,0,0,0,0,0,0,1,0.0,,,,,,,,,,,,,,,,,,,,,,,,,1128,nl NED,"DF,MF",fr Ligue 1,31,1994,8.2,0,7,1,14.3,0.85,0.12,0.0,0.0,0,0,1394,nl NED,"DF,MF",fr Ligue 1,31,1994,15,740,49,24.2,8.2,8,74,3,7,21,7,1.87,12,9,+3,0.36,-0.02,1128,nl NED,"DF,MF",fr Ligue 1,31,1994,8.2,0,1,0,8,3,1,22,10,10,0
904802,2025-12-09,35000000,Chelsea FC,631,GB1,Jorrel Hato,1129,nl NED,DF,Chelsea,eng Premier League,19.0,2006,22,12,1148,12.8,0,0,0,0,0,0,7,0,0.0,,,,,,,,,,,,,,,,,,,,,,,,,1129,nl NED,DF,eng Premier League,19,2006,12.8,0,4,0,0.0,0.31,0.0,0.0,,0,0,1395,nl NED,DF,eng Premier League,19,2006,22,1148,52,33.6,12.8,12,77,7,10,23,13,1.32,13,27,-14,-1.1,-1.89,1129,nl NED,DF,eng Premier League,19,2006,12.8,7,0,0,15,2,0,7,17,19,0
328770,2025-12-15,500000,FC Toulouse,415,FR1,Kjetil Haug,1130,no NOR,GK,Toulouse,fr Ligue 1,27.0,1998,1,0,31,0.3,0,0,0,0,0,0,0,0,0.0,66,no NOR,GK,fr Ligue 1,27,1998,1,0,31,0.3,1,2.9,2,1,50.0,0,0,0,0,,0,0,0,0,1130,no NOR,GK,fr Ligue 1,27,1998,0.3,0,0,0,,0.0,0.0,,,0,0,1396,no NOR,GK,fr Ligue 1,27,1998,1,31,31,1.0,0.3,0,,0,1,31,32,3.0,1,1,0,0.0,-0.03,1130,no NOR,GK,fr Ligue 1,27,1998,0.3,0,0,0,0,0,0,0,0,0,0
309400,2025-12-09,55000000,Arsenal FC,11,GB1,Kai Havertz,1131,de GER,"FW,MF",Arsenal,eng Premier League,26.0,1999,12,7,581,6.5,2,3,5,2,0,0,1,0,0.77,,,,,,,,,,,,,,,,,,,,,,,,,1131,de GER,"FW,MF",eng Premier League,26,1999,6.5,2,18,4,22.2,2.79,0.62,0.11,0.5,0,0,1397,de GER,"FW,MF",eng Premier League,26,1999,12,581,48,17.0,6.5,7,62,1,5,29,2,2.5,10,4,+6,0.93,-0.28,1131,de GER,"FW,MF",eng Premier League,26,1999,6.5,1,0,0,8,8,3,6,1,5,0
1078163,2025-12-09,10000000,Manchester United,985,GB1,Ayden Heaven,1132,eng ENG,DF,Manchester Utd,eng Premier League,18.0,2006,17,11,924,10.3,0,1,1,0,0,0,2,0,0.1,,,,,,,,,,,,,,,,,,,,,,,,,1132,eng ENG,DF,eng Premier League,18,2006,10.3,0,3,0,0.0,0.29,0.0,0.0,,0,0,1399,eng ENG,DF,eng Premier League,18,2006,17,924,54,27.0,10.3,11,80,7,6,8,21,2.0,20,15,+5,0.49,-0.02,1132,eng ENG,DF,eng Premier League,18,2006,10.3,2,0,0,7,9,0,1,1,13,1
576314,2025-12-09,35000000,Brighton & Hove Albion,1237,GB1,Jan Paul van Hecke,1133,nl NED,DF,Brighton,eng Premier League,25.0,2000,36,36,3210,35.7,3,3,6,3,0,0,9,0,0.17,,,,,,,,,,,,,,,,,,,,,,,,,1133,nl NED,DF,eng Premier League,25,2000,35.7,3,23,10,43.5,0.64,0.28,0.13,0.3,0,0,1400,nl NED,DF,eng Premier League,25,2000,36,3210,89,93.9,35.7,36,89,35,0,,0,1.44,52,44,+8,0.22,1.08,1133,nl NED,DF,eng Premier League,25,2000,35.7,9,0,0,27,43,4,23,45,31,1
344892,2023-10-27,2500000,AJ Auxerre,347,FR1,Gauthier Hein,1136,fr FRA,"MF,FW",Metz,fr Ligue 1,28.0,1996,29,26,2351,26.1,8,7,15,3,5,5,3,1,0.38,,,,,,,,,,,,,,,,,,,,,,,,,1136,fr FRA,"MF,FW",fr Ligue 1,28,1996,26.1,8,44,13,29.5,1.68,0.5,0.07,0.23,5,5,1403,fr FRA,"MF,FW",fr Ligue 1,28,1996,29,2351,81,76.8,26.1,26,87,19,3,29,0,0.45,28,62,-34,-1.3,-0.03,1136,fr FRA,"MF,FW",fr Ligue 1,28,1996,26.1,3,1,1,15,17,4,147,9,10,0
110036,2024-05-29,800000,1.FC Köln,3,L1,Dominique Heintz,1137,de GER,DF,Köln,de Bundesliga,31.0,1993,9,5,382,4.2,0,0,0,0,0,0,0,0,0.0,,,,,,,,,,,,,,,,,,,,,,,,,1137,de GER,DF,de Bundesliga,31,1993,4.2,0,0,0,,0.0,0.0,,,0,0,1404,de GER,DF,de Bundesliga,31,1993,9,382,42,12.5,4.2,5,63,1,4,17,8,0.89,7,6,+1,0.24,0.74,1137,de GER,DF,de Bundesliga,31,1993,4.2,0,0,0,2,4,0,1,5,1,0
258919,2025-12-09,28000000,Crystal Palace,873,GB1,Dean Henderson,1140,eng ENG,GK,Crystal Palace,eng Premier League,28.0,1997,37,37,3330,37.0,0,0,0,0,0,0,5,0,0.0,67,eng ENG,GK,eng Premier League,28,1997,37,37,3330,37.0,51,1.38,150,104,69.3,11,11,15,11,29.7,6,5,1,0,1140,eng ENG,GK,eng Premier League,28,1997,37.0,0,0,0,,0.0,0.0,,,0,0,1408,eng ENG,GK,eng Premier League,28,1997,37,3330,90,97.4,37.0,37,90,37,0,,0,1.19,41,51,-10,-0.27,-0.27,1140,eng ENG,GK,eng Premier League,28,1997,37.0,5,0,0,2,5,0,0,1,0,0
61651,2025-12-09,2000000,Brentford FC,1148,GB1,Jordan Henderson,1141,eng ENG,MF,Brentford,eng Premier League,35.0,1990,32,22,1919,21.3,1,3,4,1,0,0,6,0,0.19,,,,,,,,,,,,,,,,,,,,,,,,,1141,eng ENG,MF,eng Premier League,35,1990,21.3,1,6,1,16.7,0.28,0.05,0.17,1.0,0,0,1409,eng ENG,MF,eng Premier League,35,1990,32,1919,60,56.1,21.3,22,79,10,10,18,1,1.41,28,28,0,0.0,-0.18,1141,eng ENG,MF,eng Premier League,35,1990,21.3,6,0,0,13,7,1,48,16,14,0
436064,2025-12-19,5000000,VfB Stuttgart,79,L1,Ramon Hendriks,1142,nl NED,DF,Stuttgart,de Bundesliga,24.0,2001,31,22,2025,22.5,0,3,3,0,0,0,3,0,0.13,,,,,,,,,,,,,,,,,,,,,,,,,1142,nl NED,DF,de Bundesliga,24,2001,22.5,0,5,0,0.0,0.22,0.0,0.0,,0,0,1410,nl NED,DF,de Bundesliga,24,2001,31,2025,65,66.2,22.5,22,86,17,9,14,2,1.77,50,38,+12,0.53,-0.34,1142,nl NED,DF,de Bundesliga,24,2001,22.5,3,0,0,17,25,0,20,22,15,0
202591,2024-05-29,20000000,RB Leipzig,23826,L1,Benjamin Henrichs,1143,de GER,DF,RB Leipzig,de Bundesliga,28.0,1997,17,3,305,3.4,1,0,1,1,0,0,0,0,0.3,,,,,,,,,,,,,,,,,,,,,,,,,1143,de GER,DF,de Bundesliga,28,1997,3.4,1,4,2,50.0,1.18,0.59,0.25,0.5,0,0,1411,de GER,DF,de Bundesliga,28,1997,17,305,18,10.0,3.4,3,62,0,14,8,1,1.94,7,8,-1,-0.3,-0.95,1143,de GER,DF,de Bundesliga,28,1997,3.4,0,0,0,3,1,0,0,4,6,0
691316,2025-12-23,23000000,Inter Milan,46,IT1,Luis Henrique,1144,br BRA,MF,Inter,it Serie A,23.0,2001,30,18,1624,18.0,1,2,3,1,0,0,1,0,0.17,,,,,,,,,,,,,,,,,,,,,,,,,1144,br BRA,MF,it Serie A,23,2001,18.0,1,15,7,46.7,0.83,0.39,0.07,0.14,0,0,1412,br BRA,MF,it Serie A,23,2001,30,1624,54,47.5,18.0,18,75,8,12,23,7,2.47,35,14,+21,1.16,-0.49,1144,br BRA,MF,it Serie A,23,2001,18.0,1,0,0,5,0,1,39,7,16,0
339556,2025-12-09,15000000,Brentford FC,1148,GB1,Rico Henry,1145,jm JAM,DF,Brentford,eng Premier League,28.0,1997,25,14,1328,14.8,0,1,1,0,0,0,2,0,0.07,,,,,,,,,,,,,,,,,,,,,,,,,1145,jm JAM,DF,eng Premier League,28,1997,14.8,0,5,0,0.0,0.34,0.0,0.0,,0,0,1413,jm JAM,DF,eng Premier League,28,1997,25,1328,53,38.8,14.8,14,80,6,11,19,4,1.64,28,22,+6,0.41,0.54,1145,jm JAM,DF,eng Premier League,28,1997,14.8,2,0,0,15,17,2,26,7,11,0
400536,2025-12-09,15000000,West Ham United,379,GB1,Mads Hermansen,1147,dk DEN,GK,West Ham United,eng Premier League,25.0,2000,18,18,1620,18.0,0,1,1,0,0,0,0,0,0.06,68,dk DEN,GK,eng Premier League,25,2000,18,18,1620,18.0,28,1.56,81,53,66.7,6,4,8,7,38.9,1,1,0,0,1147,dk DEN,GK,eng Premier League,25,2000,18.0,0,0,0,,0.0,0.0,,,0,0,1416,dk DEN,GK,eng Premier League,25,2000,18,1620,90,47.4,18.0,18,90,18,0,,20,1.22,21,28,-7,-0.39,0.21,1147,dk DEN,GK,eng Premier League,25,2000,18.0,0,0,0,0,2,0,0,0,0,0
281769,2025-12-23,7000000,AS Roma,12,IT1,Mario Hermoso,1148,es ESP,DF,Roma,it Serie A,30.0,1995,27,25,2085,23.2,3,2,5,3,0,0,9,0,0.22,,,,,,,,,,,,,,,,,,,,,,,,,1148,es ESP,DF,it Serie A,30,1995,23.2,3,20,6,30.0,0.86,0.26,0.15,0.5,0,0,1417,es ESP,DF,it Serie A,30,1995,27,2085,77,61.0,23.2,25,80,14,2,39,2,1.93,32,17,+15,0.65,-0.23,1148,es ESP,DF,it Serie A,30,1995,23.2,9,0,0,40,19,0,10,30,20,0
281963,2025-12-15,20000000,Paris Saint-Germain,583,FR1,Lucas Hernández,1149,fr FRA,DF,Paris Saint-Germain,fr Ligue 1,29.0,1996,25,20,1747,19.4,0,3,3,0,0,0,4,0,0.15,,,,,,,,,,,,,,,,,,,,,,,,,1149,fr FRA,DF,fr Ligue 1,29,1996,19.4,0,11,3,27.3,0.57,0.15,0.0,0.0,0,0,1421,fr FRA,DF,fr Ligue 1,29,1996,25,1747,70,57.1,19.4,20,83,15,5,18,9,2.52,43,13,+30,1.55,0.52,1149,fr FRA,DF,fr Ligue 1,29,1996,19.4,4,0,0,22,19,0,16,21,14,0
181768,2025-12-23,1500000,Parma Calcio 1913,130,IT1,Hernani,1150,br BRA,MF,Parma,it Serie A,31.0,1994,4,0,73,0.8,0,0,0,0,0,0,0,0,0.0,,,,,,,,,,,,,,,,,,,,,,,,,1150,br BRA,MF,it Serie A,31,1994,0.8,0,1,0,0.0,1.23,0.0,0.0,,0,0,1422,br BRA,MF,it Serie A,31,1994,4,73,18,2.1,0.8,0,,0,4,18,8,0.5,0,2,-2,-2.47,-2.04,1150,br BRA,MF,it Serie A,31,1994,0.8,0,0,0,2,3,1,2,1,0,0
555500,2025-12-12,3500000,CA Osasuna,331,ES1,Jorge Herrando,1151,es ESP,DF,Osasuna,es La Liga,24.0,2001,28,17,1600,17.8,0,1,1,0,0,0,3,0,0.06,,,,,,,,,,,,,,,,,,,,,,,,,1151,es ESP,DF,es La Liga,24,2001,17.8,0,3,0,0.0,0.17,0.0,0.0,,0,0,1424,es ESP,DF,es La Liga,24,2001,28,1600,57,46.8,17.8,17,79,9,11,23,10,1.18,17,26,-9,-0.51,-0.65,1151,es ESP,DF,es La Liga,24,2001,17.8,3,0,0,24,9,0,2,22,15,0
248738,2025-12-12,3000000,CA Osasuna,331,ES1,Sergio Herrera,1152,es ESP,GK,Osasuna,es La Liga,32.0,1993,37,37,3284,36.5,0,0,0,0,0,0,3,1,0.0,69,es ESP,GK,es La Liga,32,1993,37,37,3284,36.5,47,1.29,152,113,74.3,11,9,17,7,18.9,8,8,0,0,1152,es ESP,GK,es La Liga,32,1993,36.5,0,0,0,,0.0,0.0,,,0,0,1425,es ESP,GK,es La Liga,32,1993,37,3284,89,96.0,36.5,37,89,36,0,,0,1.14,43,47,-4,-0.11,1.21,1152,es ESP,GK,es La Liga,32,1993,36.5,3,1,0,3,5,0,0,0,0,0
378293,2025-12-12,9000000,Real Sociedad,681,ES1,Yangel Herrera,1153,ve VEN,MF,Girona,es La Liga,27.0,1998,2,2,110,1.2,0,0,0,0,0,0,0,0,0.0,,,,,,,,,,,,,,,,,,,,,,,,,1153,ve VEN,MF,es La Liga,27,1998,1.2,0,1,0,0.0,0.82,0.0,0.0,,0,0,1426,ve VEN,MF,es La Liga,27,1998,2,110,55,3.2,1.2,2,55,0,0,,0,0.0,1,7,-6,-4.91,-4.64,1153,ve VEN,MF,es La Liga,27,1998,1.2,0,0,0,1,3,0,2,1,1,0
378293,2025-12-12,9000000,Real Sociedad,681,ES1,Yangel Herrera,1154,ve VEN,MF,Real Sociedad,es La Liga,27.0,1998,12,6,526,5.8,0,0,0,0,0,0,2,0,0.0,,,,,,,,,,,,,,,,,,,,,,,,,1154,ve VEN,MF,es La Liga,27,1998,5.8,0,5,1,20.0,0.86,0.17,0.0,0.0,0,0,1427,ve VEN,MF,es La Liga,27,1998,12,526,44,15.4,5.8,6,69,2,6,19,4,1.42,11,16,-5,-0.86,-0.95,1154,ve VEN,MF,es La Liga,27,1998,5.8,2,0,0,13,18,2,0,1,6,0
884822,2025-12-19,1000000,Borussia Mönchengladbach,520,BE1,Charles Herrmann,1155,de GER,FW,Gladbach,de Bundesliga,19.0,2006,1,0,5,0.1,0,1,1,0,0,0,0,0,18.0,,,,,,,,,,,,,,,,,,,,,,,,,1155,de GER,FW,de Bundesliga,19,2006,0.1,0,0,0,,0.0,0.0,,,0,0,1429,de GER,FW,de Bundesliga,19,2006,1,5,5,0.2,0.1,0,,0,1,5,5,1.0,1,0,+1,18.0,18.35,1155,de GER,FW,de Bundesliga,19,2006,0.1,0,0,0,1,0,0,1,1,0,0
84993,2023-06-28,1200000,Hamburger SV,41,L1,Daniel Heuer Fernandes,1156,pt POR,GK,Hamburger SV,de Bundesliga,32.0,1992,33,33,2970,33.0,0,0,0,0,0,0,3,0,0.0,70,pt POR,GK,de Bundesliga,32,1992,33,33,2970,33.0,53,1.61,150,105,68.7,9,10,14,6,18.2,10,6,2,2,1156,pt POR,GK,de Bundesliga,32,1992,33.0,0,1,0,0.0,0.03,0.0,0.0,,0,0,1431,pt POR,GK,de Bundesliga,32,1992,33,2970,90,97.1,33.0,33,90,33,0,,1,1.12,39,53,-14,-0.42,-0.42,1156,pt POR,GK,de Bundesliga,32,1992,33.0,3,0,0,0,4,0,0,0,0,0
591949,2024-05-27,28000000,Brentford FC,1148,GB1,Aaron Hickey,1157,sct SCO,"DF,MF",Brentford,eng Premier League,23.0,2002,21,8,690,7.7,0,0,0,0,0,0,1,0,0.0,,,,,,,,,,,,,,,,,,,,,,,,,1157,sct SCO,"DF,MF",eng Premier League,23,2002,7.7,0,6,1,16.7,0.78,0.13,0.0,0.0,0,0,1432,sct SCO,"DF,MF",eng Premier League,23,2002,21,690,33,20.2,7.7,8,68,1,13,11,8,1.48,9,9,0,0.0,-0.1,1157,sct SCO,"DF,MF",eng Premier League,23,2002,7.7,1,0,0,7,9,0,4,8,7,0
503075,2025-12-23,25000000,Atalanta BC,800,IT1,Isak Hien,1159,se SWE,DF,Atalanta,it Serie A,26.0,1999,28,20,1970,21.9,1,0,1,1,0,0,5,0,0.05,,,,,,,,,,,,,,,,,,,,,,,,,1159,se SWE,DF,it Serie A,26,1999,21.9,1,9,3,33.3,0.41,0.14,0.11,0.33,0,0,1434,se SWE,DF,it Serie A,26,1999,28,1970,70,57.6,21.9,20,87,18,8,30,4,1.57,28,24,+4,0.18,-0.5,1159,se SWE,DF,it Serie A,26,1999,21.9,5,0,0,36,21,0,0,29,34,1
822331,2025-12-12,15000000,RCD Espanyol Barcelona,714,ES1,Omar El Hilali,1161,ma MAR,DF,Espanyol,es La Liga,21.0,2003,36,32,2826,31.4,0,2,2,0,0,0,9,0,0.06,,,,,,,,,,,,,,,,,,,,,,,,,1161,ma MAR,DF,es La Liga,21,2003,31.4,0,1,0,0.0,0.03,0.0,0.0,,0,0,1436,ma MAR,DF,es La Liga,21,2003,36,2826,79,82.6,31.4,32,87,26,4,13,1,1.28,34,46,-12,-0.38,-0.38,1161,ma MAR,DF,es La Liga,21,2003,31.4,9,0,0,44,24,3,57,39,55,0
611793,2025-12-09,7000000,AFC Bournemouth,989,GB1,James Hill,1162,eng ENG,DF,Bournemouth,eng Premier League,23.0,2002,29,22,2106,23.4,0,3,3,0,0,0,5,0,0.13,,,,,,,,,,,,,,,,,,,,,,,,,1162,eng ENG,DF,eng Premier League,23,2002,23.4,0,12,2,16.7,0.51,0.09,0.0,0.0,0,0,1437,eng ENG,DF,eng Premier League,23,2002,29,2106,73,61.6,23.4,22,88,20,7,23,5,1.76,34,24,+10,0.43,0.84,1162,eng ENG,DF,eng Premier League,23,2002,23.4,5,0,0,17,13,2,11,37,20,2
659813,2025-12-09,50000000,Arsenal FC,11,GB1,Piero Hincapié,1164,ec ECU,DF,Arsenal,eng Premier League,23.0,2002,25,20,1792,19.9,1,2,3,1,0,0,2,0,0.15,,,,,,,,,,,,,,,,,,,,,,,,,1164,ec ECU,DF,eng Premier League,23,2002,19.9,1,3,2,66.7,0.15,0.1,0.33,0.5,0,0,1439,ec ECU,DF,eng Premier League,23,2002,25,1792,72,52.4,19.9,20,85,15,5,18,5,2.32,41,19,+22,1.1,-0.11,1164,ec ECU,DF,eng Premier League,23,2002,19.9,2,0,0,18,14,1,33,26,26,1
659813,2025-12-09,50000000,Arsenal FC,11,GB1,Piero Hincapié,1165,ec ECU,DF,Leverkusen,de Bundesliga,23.0,2002,1,1,90,1.0,0,0,0,0,0,0,0,0,0.0,,,,,,,,,,,,,,,,,,,,,,,,,1165,ec ECU,DF,de Bundesliga,23,2002,1.0,0,2,1,50.0,2.0,1.0,0.0,0.0,0,0,1440,ec ECU,DF,de Bundesliga,23,2002,1,90,90,2.9,1.0,1,90,1,0,,1,0.0,1,2,-1,-1.0,-1.67,1165,ec ECU,DF,de Bundesliga,23,2002,1.0,0,0,0,2,0,0,0,2,0,0
867688,2025-12-09,22000000,Brighton & Hove Albion,1237,GB1,Jack Hinshelwood,1166,eng ENG,MF,Brighton,eng Premier League,20.0,2005,27,20,1741,19.3,4,3,7,4,0,0,0,0,0.36,,,,,,,,,,,,,,,,,,,,,,,,,1166,eng ENG,MF,eng Premier League,20,2005,19.3,4,37,15,40.5,1.91,0.78,0.11,0.27,0,0,1442,eng ENG,MF,eng Premier League,20,2005,27,1741,64,50.9,19.3,20,76,4,7,32,2,1.33,23,23,0,0.0,-0.32,1166,eng ENG,MF,eng Premier League,20,2005,19.3,0,0,0,32,12,2,7,6,13,1
485583,2025-12-09,5000000,Wolverhampton Wanderers,543,GB1,Ki-Jana Hoever,1168,nl NED,"MF,DF",Wolves,eng Premier League,23.0,2002,8,6,425,4.7,0,0,0,0,0,0,0,0,0.0,,,,,,,,,,,,,,,,,,,,,,,,,1168,nl NED,"MF,DF",eng Premier League,23,2002,4.7,0,1,1,100.0,0.21,0.21,0.0,0.0,0,0,1444,nl NED,"MF,DF",eng Premier League,23,2002,8,425,53,12.4,4.7,6,65,0,2,17,9,0.0,3,13,-10,-2.12,-1.19,1168,nl NED,"MF,DF",eng Premier League,23,2002,4.7,0,0,0,3,3,1,22,5,11,0
55099,2025-12-19,500000,SC Freiburg,60,L1,Nicolas Höfler,1169,de GER,MF,Freiburg,de Bundesliga,35.0,1990,13,2,291,3.2,0,0,0,0,0,0,0,0,0.0,,,,,,,,,,,,,,,,,,,,,,,,,1169,de GER,MF,de Bundesliga,35,1990,3.2,0,4,2,50.0,1.24,0.62,0.0,0.0,0,0,1445,de GER,MF,de Bundesliga,35,1990,13,291,22,9.5,3.2,2,71,0,11,14,17,1.54,8,10,-2,-0.62,-0.49,1169,de GER,MF,de Bundesliga,35,1990,3.2,0,0,0,6,3,0,0,2,6,0
7161,2025-12-19,2000000,Bayer 04 Leverkusen,15,L1,Jonas Hofmann,1170,de GER,MF,Leverkusen,de Bundesliga,33.0,1992,23,11,1013,11.3,2,2,4,2,0,0,3,0,0.36,,,,,,,,,,,,,,,,,,,,,,,,,1170,de GER,MF,de Bundesliga,33,1992,11.3,2,23,7,30.4,2.04,0.62,0.09,0.29,0,0,1446,de GER,MF,de Bundesliga,33,1992,23,1013,44,33.1,11.3,11,72,3,12,19,8,1.65,21,10,+11,0.98,0.54,1170,de GER,MF,de Bundesliga,33,1992,11.3,3,0,0,4,9,2,37,2,10,0
248999,2024-05-29,4000000,SC Freiburg,60,L1,Lucas Höler,1172,de GER,"FW,MF",Freiburg,de Bundesliga,31.0,1994,33,25,2037,22.6,3,1,4,3,0,0,4,0,0.18,,,,,,,,,,,,,,,,,,,,,,,,,1172,de GER,"FW,MF",de Bundesliga,31,1994,22.6,3,33,15,45.5,1.46,0.66,0.09,0.2,0,0,1448,de GER,"FW,MF",de Bundesliga,31,1994,33,2037,62,66.6,22.6,25,78,10,8,12,1,1.33,28,43,-15,-0.66,-1.45,1172,de GER,"FW,MF",de Bundesliga,31,1994,22.6,4,0,0,30,30,12,8,11,12,0
453870,2025-12-19,10000000,1.FSV Mainz 05,39,L1,Benedict Hollerbach,1173,de GER,"FW,MF",Mainz 05,de Bundesliga,24.0,2001,14,13,872,9.7,1,3,4,1,0,0,0,0,0.41,,,,,,,,,,,,,,,,,,,,,,,,,1173,de GER,"FW,MF",de Bundesliga,24,2001,9.7,1,22,6,27.3,2.27,0.62,0.05,0.17,0,0,1449,de GER,"FW,MF",de Bundesliga,24,2001,14,872,62,28.5,9.7,13,66,0,1,14,0,0.79,12,15,-3,-0.31,-0.06,1173,de GER,"FW,MF",de Bundesliga,24,2001,9.7,0,0,0,18,12,5,20,1,8,0
496745,2025-12-23,13000000,Bologna FC 1909,506,IT1,Emil Holm,1174,se SWE,DF,Bologna,it Serie A,25.0,2000,11,8,655,7.3,1,4,5,1,0,0,3,1,0.69,,,,,,,,,,,,,,,,,,,,,,,,,1174,se SWE,DF,it Serie A,25,2000,7.3,1,8,1,12.5,1.1,0.14,0.13,1.0,0,0,1451,se SWE,DF,it Serie A,25,2000,11,655,60,19.2,7.3,8,78,2,3,11,5,1.36,14,9,+5,0.69,0.75,1174,se SWE,DF,it Serie A,25,2000,7.3,3,1,1,11,14,0,23,7,13,0
496745,2025-12-23,13000000,Bologna FC 1909,506,IT1,Emil Holm,1175,se SWE,MF,Juventus,it Serie A,25.0,2000,7,2,230,2.6,0,0,0,0,0,0,0,0,0.0,,,,,,,,,,,,,,,,,,,,,,,,,1175,se SWE,MF,it Serie A,25,2000,2.6,0,5,1,20.0,1.96,0.39,0.0,0.0,0,0,1452,se SWE,MF,it Serie A,25,2000,7,230,33,6.7,2.6,2,58,0,5,23,3,2.0,3,3,0,0.0,-0.76,1175,se SWE,MF,it Serie A,25,2000,2.6,0,0,0,0,5,0,6,3,5,0
229006,2025-12-19,12000000,Borussia Mönchengladbach,18,L1,Franck Honorat,1176,fr FRA,"MF,FW",Gladbach,de Bundesliga,28.0,1996,28,24,1977,22.0,2,6,8,2,0,0,0,0,0.36,,,,,,,,,,,,,,,,,,,,,,,,,1176,fr FRA,"MF,FW",de Bundesliga,28,1996,22.0,2,17,5,29.4,0.77,0.23,0.12,0.4,0,0,1453,fr FRA,"MF,FW",de Bundesliga,28,1996,28,1977,71,64.6,22.0,24,78,8,4,29,0,1.18,24,32,-8,-0.36,-0.11,1176,fr FRA,"MF,FW",de Bundesliga,28,1996,22.0,0,0,0,12,6,10,134,5,13,0
283497,2025-12-19,2000000,1.FC Heidenheim 1846,2036,L1,Mathias Honsak,1177,at AUT,"MF,FW",Heidenheim,de Bundesliga,28.0,1996,27,15,1249,13.9,2,1,3,2,0,0,1,0,0.22,,,,,,,,,,,,,,,,,,,,,,,,,1177,at AUT,"MF,FW",de Bundesliga,28,1996,13.9,2,31,8,25.8,2.23,0.58,0.06,0.25,0,0,1454,at AUT,"MF,FW",de Bundesliga,28,1996,27,1249,46,40.8,13.9,15,67,1,12,20,2,0.63,11,30,-19,-1.37,-0.77,1177,at AUT,"MF,FW",de Bundesliga,28,1996,13.9,1,0,0,11,15,9,25,17,12,0
1067168,2025-12-17,300000,Brighton & Hove Albion U21,39336,,Harry Howell,1180,eng ENG,MF,Brighton,eng Premier League,17.0,2008,3,1,94,1.0,0,0,0,0,0,0,0,0,0.0,,,,,,,,,,,,,,,,,,,,,,,,,1180,eng ENG,MF,eng Premier League,17,2008,1.0,0,0,0,,0.0,0.0,,,0,0,1457,eng ENG,MF,eng Premier League,17,2008,3,94,31,2.7,1.0,1,70,0,2,12,4,0.0,0,2,-2,-1.91,-2.13,1180,eng ENG,MF,eng Premier League,17,2008,1.0,0,0,0,0,0,1,4,0,0,0
236981,2024-05-29,5500000,1.FC Köln,3,L1,Timo Hübers,1183,de GER,DF,Köln,de Bundesliga,29.0,1996,8,8,675,7.5,0,0,0,0,0,0,0,0,0.0,,,,,,,,,,,,,,,,,,,,,,,,,1183,de GER,DF,de Bundesliga,29,1996,7.5,0,0,0,,0.0,0.0,,,0,0,1460,de GER,DF,de Bundesliga,29,1996,8,675,84,22.1,7.5,8,84,7,0,,0,1.38,9,10,-1,-0.13,0.36,1183,de GER,DF,de Bundesliga,29,1996,7.5,0,0,0,8,10,0,1,10,9,0
392768,2025-12-09,30000000,Nottingham Forest,703,GB1,Callum Hudson-Odoi,1184,eng ENG,MF,Nottingham Forest,eng Premier League,24.0,2000,30,21,1841,20.5,3,4,7,3,0,0,0,0,0.34,,,,,,,,,,,,,,,,,,,,,,,,,1184,eng ENG,MF,eng Premier League,24,2000,20.5,3,30,10,33.3,1.47,0.49,0.1,0.3,0,0,1461,eng ENG,MF,eng Premier League,24,2000,30,1841,61,53.8,20.5,21,75,4,9,31,0,1.0,21,26,-5,-0.24,-0.36,1184,eng ENG,MF,eng Premier League,24,2000,20.5,0,0,0,12,12,2,91,8,7,0
207014,2025-12-09,6000000,Crystal Palace,873,GB1,Will Hughes,1185,eng ENG,MF,Crystal Palace,eng Premier League,30.0,1995,31,19,1571,17.5,0,0,0,0,0,0,7,0,0.0,,,,,,,,,,,,,,,,,,,,,,,,,1185,eng ENG,MF,eng Premier League,30,1995,17.5,0,17,0,0.0,0.97,0.0,0.0,,0,0,1462,eng ENG,MF,eng Premier League,30,1995,31,1571,51,45.9,17.5,19,73,8,12,16,6,1.26,11,18,-7,-0.4,-0.25,1185,eng ENG,MF,eng Premier League,30,1995,17.5,7,0,0,24,25,0,45,15,16,0
890290,2024-06-05,10000000,AS Roma,418,ES1,Dean Huijsen,1186,es ESP,DF,Real Madrid,es La Liga,20.0,2005,28,24,2034,22.6,2,2,4,2,0,0,7,1,0.18,,,,,,,,,,,,,,,,,,,,,,,,,1186,es ESP,DF,es La Liga,20,2005,22.6,2,20,5,25.0,0.88,0.22,0.1,0.4,0,0,1463,es ESP,DF,es La Liga,20,2005,28,2034,73,59.5,22.6,24,81,16,4,24,1,2.39,49,18,+31,1.37,0.66,1186,es ESP,DF,es La Liga,20,2005,22.6,7,1,0,21,13,1,1,18,18,0
612517,2024-05-24,4800000,Swansea City,1132,GB1,Bashir Humphreys,1188,eng ENG,"DF,MF",Burnley,eng Premier League,22.0,2003,20,17,1578,17.5,0,0,0,0,0,0,6,0,0.0,,,,,,,,,,,,,,,,,,,,,,,,,1188,eng ENG,"DF,MF",eng Premier League,22,2003,17.5,0,9,3,33.3,0.51,0.17,0.0,0.0,0,0,1466,eng ENG,"DF,MF",eng Premier League,22,2003,20,1578,79,46.1,17.5,17,88,13,3,29,6,0.5,15,33,-18,-1.03,-0.1,1188,eng ENG,"DF,MF",eng Premier League,22,2003,17.5,6,0,0,14,10,2,17,11,17,0
678479,2024-05-29,4000000,1.FC Köln,3,L1,Denis Huseinbasic,1189,ba BIH,MF,Köln,de Bundesliga,24.0,2001,15,9,726,8.1,0,0,0,0,0,0,1,0,0.0,,,,,,,,,,,,,,,,,,,,,,,,,1189,ba BIH,MF,de Bundesliga,24,2001,8.1,0,6,0,0.0,0.74,0.0,0.0,,0,0,1467,ba BIH,MF,de Bundesliga,24,2001,15,726,48,23.7,8.1,9,68,2,6,19,11,0.87,12,14,-2,-0.25,0.21,1189,ba BIH,MF,de Bundesliga,24,2001,8.1,1,0,0,8,8,0,1,5,9,0
741238,2025-12-09,30000000,Nottingham Forest,703,GB1,Omari Hutchinson,1190,eng ENG,MF,Nottingham Forest,eng Premier League,21.0,2003,31,17,1688,18.8,1,5,6,1,0,0,1,0,0.32,,,,,,,,,,,,,,,,,,,,,,,,,1190,eng ENG,MF,eng Premier League,21,2003,18.8,1,25,11,44.0,1.33,0.59,0.04,0.09,0,0,1468,eng ENG,MF,eng Premier League,21,2003,31,1688,54,49.4,18.8,17,78,8,14,26,5,1.19,25,24,+1,0.05,0.26,1190,eng ENG,MF,eng Premier League,21,2003,18.8,1,0,0,23,24,8,133,11,11,0
200056,2024-06-05,2500000,SS Lazio,398,IT1,Elseid Hysaj,1192,al ALB,DF,Lazio,it Serie A,31.0,1994,5,1,174,1.9,0,0,0,0,0,0,0,0,0.0,,,,,,,,,,,,,,,,,,,,,,,,,1192,al ALB,DF,it Serie A,31,1994,1.9,0,0,0,,0.0,0.0,,,0,0,1471,al ALB,DF,it Serie A,31,1994,5,174,35,5.1,1.9,1,90,1,4,21,25,2.2,5,4,+1,0.52,0.52,1192,al ALB,DF,it Serie A,31,1994,1.9,0,0,0,0,1,0,2,2,0,0
926978,2024-06-10,200000,FC Nordsjaelland,667,FR1,Lucas Høgsberg,1194,dk DEN,DF,Strasbourg,fr Ligue 1,19.0,2006,24,21,1792,19.9,0,0,0,0,0,0,4,1,0.0,,,,,,,,,,,,,,,,,,,,,,,,,1194,dk DEN,DF,fr Ligue 1,19,2006,19.9,0,4,1,25.0,0.2,0.05,0.0,0.0,0,0,1473,dk DEN,DF,fr Ligue 1,19,2006,24,1792,75,58.6,19.9,21,83,12,3,16,7,1.5,28,31,-3,-0.15,-1.14,1194,dk DEN,DF,fr Ligue 1,19,2006,19.9,4,1,1,16,13,1,0,13,9,0
846310,2025-12-19,7500000,Eintracht Frankfurt,24,L1,Oscar Højlund,1196,dk DEN,MF,Eintracht Frankfurt,de Bundesliga,20.0,2005,24,12,1089,12.1,1,1,2,1,0,0,4,1,0.17,,,,,,,,,,,,,,,,,,,,,,,,,1196,dk DEN,MF,de Bundesliga,20,2005,12.1,1,7,3,42.9,0.58,0.25,0.14,0.33,0,0,1475,dk DEN,MF,de Bundesliga,20,2005,24,1089,45,35.6,12.1,12,71,0,12,20,4,1.21,15,23,-8,-0.66,-0.84,1196,dk DEN,MF,de Bundesliga,20,2005,12.1,4,1,1,27,5,1,2,7,17,0
610442,2025-12-23,45000000,SSC Napoli,6195,IT1,Rasmus Højlund,1197,dk DEN,FW,Napoli,it Serie A,22.0,2003,33,32,2750,30.6,12,5,17,11,1,1,1,0,0.52,,,,,,,,,,,,,,,,,,,,,,,,,1197,dk DEN,FW,it Serie A,22,2003,30.6,12,60,25,41.7,1.96,0.82,0.18,0.44,1,1,1476,dk DEN,FW,it Serie A,22,2003,33,2750,83,80.4,30.6,32,85,19,1,30,0,1.94,50,31,+19,0.62,0.22,1197,dk DEN,FW,it Serie A,22,2003,30.6,1,0,0,37,53,20,3,0,1,0
785353,2025-12-12,3000000,Deportivo Alavés,1108,ES1,Pablo Ibáñez,1199,es ESP,MF,Alavés,es La Liga,26.0,1998,37,28,2236,24.8,1,1,2,1,0,0,7,0,0.08,,,,,,,,,,,,,,,,,,,,,,,,,1199,es ESP,MF,es La Liga,26,1998,24.8,1,47,13,27.7,1.89,0.52,0.02,0.08,0,0,1478,es ESP,MF,es La Liga,26,1998,37,2236,60,65.4,24.8,28,71,6,9,27,0,1.16,22,33,-11,-0.44,-0.37,1199,es ESP,MF,es La Liga,26,1998,24.8,7,0,0,38,66,3,38,21,37,0
743387,2025-12-15,5000000,AS Monaco,162,FR1,Stanis Idumbo,1202,be BEL,MF,Sevilla,es La Liga,20.0,2005,1,1,45,0.5,0,0,0,0,0,0,0,0,0.0,,,,,,,,,,,,,,,,,,,,,,,,,1202,be BEL,MF,es La Liga,20,2005,0.5,0,1,0,0.0,2.0,0.0,0.0,,0,0,1481,be BEL,MF,es La Liga,20,2005,1,45,45,1.3,0.5,1,45,0,0,,0,0.0,0,2,-2,-4.0,-3.68,1202,be BEL,MF,es La Liga,20,2005,0.5,0,0,0,0,0,0,0,0,0,0
743387,2025-12-15,5000000,AS Monaco,162,FR1,Stanis Idumbo,1203,be BEL,MF,Monaco,fr Ligue 1,20.0,2005,8,0,171,1.9,1,1,2,1,0,0,0,0,1.05,,,,,,,,,,,,,,,,,,,,,,,,,1203,be BEL,MF,fr Ligue 1,20,2005,1.9,1,6,2,33.3,3.16,1.05,0.17,0.5,0,0,1482,be BEL,MF,fr Ligue 1,20,2005,8,171,21,5.6,1.9,0,,0,8,21,12,1.0,6,5,+1,0.53,0.37,1203,be BEL,MF,fr Ligue 1,20,2005,1.9,0,0,0,3,2,0,1,0,3,0
546926,2023-06-23,750000,Go Ahead Eagles,6574,IT1,Jay Idzes,1204,id IDN,DF,Sassuolo,it Serie A,25.0,2000,35,35,3061,34.0,0,0,0,0,0,0,2,0,0.0,,,,,,,,,,,,,,,,,,,,,,,,,1204,id IDN,DF,it Serie A,25,2000,34.0,0,5,0,0.0,0.15,0.0,0.0,,0,0,1483,id IDN,DF,it Serie A,25,2000,35,3061,87,89.5,34.0,35,87,32,0,,1,1.4,42,42,0,0.0,1.0,1204,id IDN,DF,it Serie A,25,2000,34.0,2,0,0,33,14,1,1,38,15,0
278359,2024-05-29,5000000,Bayer 04 Leverkusen,940,ES1,Borja Iglesias,1207,es ESP,FW,Celta Vigo,es La Liga,32.0,1993,35,21,1900,21.1,14,2,16,10,4,4,7,0,0.57,,,,,,,,,,,,,,,,,,,,,,,,,1207,es ESP,FW,es La Liga,32,1993,21.1,14,46,26,56.5,2.18,1.23,0.22,0.38,4,4,1486,es ESP,FW,es La Liga,32,1993,35,1900,54,55.6,21.1,21,75,4,14,24,1,1.34,32,26,+6,0.28,0.34,1207,es ESP,FW,es La Liga,32,1993,21.1,7,0,0,38,30,22,3,0,5,0
13959,2016-06-21,100000,Panthrakikos Komotini,7185,GR1,Igor,1208,br BRA,DF,West Ham United,eng Premier League,27.0,1998,4,1,105,1.2,0,0,0,0,0,0,0,0,0.0,,,,,,,,,,,,,,,,,,,,,,,,,1208,br BRA,DF,eng Premier League,27,1998,1.2,0,0,0,,0.0,0.0,,,0,0,1487,br BRA,DF,eng Premier League,27,1998,4,105,26,3.1,1.2,1,90,1,3,5,9,2.0,4,3,+1,0.86,1.4,1208,br BRA,DF,eng Premier League,27,1998,1.2,0,0,0,1,0,0,0,1,0,0
1004834,2025-12-15,12000000,AS Monaco,8023,SA1,George Ilenikhena,1210,ng NGA,FW,Monaco,fr Ligue 1,18.0,2006,15,3,385,4.3,2,0,2,2,0,0,0,0,0.47,,,,,,,,,,,,,,,,,,,,,,,,,1210,ng NGA,FW,fr Ligue 1,18,2006,4.3,2,15,7,46.7,3.51,1.64,0.13,0.29,0,0,1490,ng NGA,FW,fr Ligue 1,18,2006,15,385,26,12.6,4.3,3,60,0,12,17,4,1.2,6,8,-2,-0.47,-0.74,1210,ng NGA,FW,fr Ligue 1,18,2006,4.3,0,0,0,2,6,8,0,0,0,0
583699,2025-12-19,6000000,1.FC Union Berlin,89,L1,Andrej Ilic,1211,rs SRB,FW,Union Berlin,de Bundesliga,25.0,2000,32,24,2257,25.1,5,10,15,5,0,1,5,0,0.6,,,,,,,,,,,,,,,,,,,,,,,,,1211,rs SRB,FW,de Bundesliga,25,2000,25.1,5,71,26,36.6,2.83,1.04,0.07,0.19,0,1,1491,rs SRB,FW,de Bundesliga,25,2000,32,2257,71,73.8,25.1,24,84,17,8,29,0,1.19,37,46,-9,-0.36,0.2,1211,rs SRB,FW,de Bundesliga,25,2000,25.1,5,0,0,38,32,16,18,2,3,0
470794,2024-06-05,18000000,Torino FC,416,IT1,Ivan Ilić,1212,rs SRB,MF,Torino,it Serie A,24.0,2001,8,5,416,4.6,0,0,0,0,0,0,2,0,0.0,,,,,,,,,,,,,,,,,,,,,,,,,1212,rs SRB,MF,it Serie A,24,2001,4.6,0,0,0,,0.0,0.0,,,0,0,1492,rs SRB,MF,it Serie A,24,2001,8,416,52,12.2,4.6,5,67,1,3,28,17,1.63,3,5,-2,-0.43,0.08,1212,rs SRB,MF,it Serie A,24,2001,4.6,2,0,0,9,4,0,2,5,5,0
581672,2025-12-03,10000000,West Bromwich Albion,4172,IT1,Samuel Iling-Junior,1214,eng ENG,MF,Pisa,it Serie A,21.0,2003,5,1,110,1.2,0,0,0,0,0,0,0,0,0.0,,,,,,,,,,,,,,,,,,,,,,,,,1214,eng ENG,MF,it Serie A,21,2003,1.2,0,0,0,,0.0,0.0,,,0,0,1494,eng ENG,MF,it Serie A,21,2003,5,110,22,3.2,1.2,1,45,0,4,16,7,0.0,1,4,-3,-2.45,-1.31,1214,eng ENG,MF,it Serie A,21,2003,1.2,0,0,0,1,0,0,5,0,2,0
743091,2024-05-31,3000000,Basaksehir FK,416,IT1,Emirhan İlkhan,1215,tr TUR,MF,Torino,it Serie A,21.0,2004,19,13,1001,11.1,1,2,3,1,0,0,2,1,0.27,,,,,,,,,,,,,,,,,,,,,,,,,1215,tr TUR,MF,it Serie A,21,2004,11.1,1,13,3,23.1,1.17,0.27,0.08,0.33,0,0,1496,tr TUR,MF,it Serie A,21,2004,19,1001,53,29.3,11.1,13,67,1,6,22,18,0.95,13,25,-12,-1.08,-0.82,1215,tr TUR,MF,it Serie A,21,2004,11.1,2,1,0,11,18,0,7,13,19,0
105521,2025-12-23,2000000,Bologna FC 1909,10004,FR1,Ciro Immobile,1216,it ITA,FW,Paris FC,fr Ligue 1,35.0,1990,12,9,705,7.8,2,2,4,2,0,0,2,0,0.51,,,,,,,,,,,,,,,,,,,,,,,,,1216,it ITA,FW,fr Ligue 1,35,1990,7.8,2,15,5,33.3,1.91,0.64,0.13,0.4,0,0,1497,it ITA,FW,fr Ligue 1,35,1990,12,705,59,23.0,7.8,9,73,0,3,17,0,1.58,11,10,+1,0.13,0.28,1216,it ITA,FW,fr Ligue 1,35,1990,7.8,2,0,0,8,6,8,3,1,0,0
105521,2025-12-23,2000000,Bologna FC 1909,10004,FR1,Ciro Immobile,1217,it ITA,FW,Bologna,it Serie A,35.0,1990,6,2,193,2.1,0,0,0,0,0,0,1,0,0.0,,,,,,,,,,,,,,,,,,,,,,,,,1217,it ITA,FW,it Serie A,35,1990,2.1,0,2,0,0.0,0.93,0.0,0.0,,0,0,1498,it ITA,FW,it Serie A,35,1990,6,193,32,5.6,2.1,2,51,0,4,23,4,0.83,2,3,-1,-0.47,-0.58,1217,it ITA,FW,it Serie A,35,1990,2.1,1,0,0,8,3,5,3,0,0,0
696589,2025-12-09,12000000,Everton FC,29,GB1,Tim Iroegbunam,1220,eng ENG,MF,Everton,eng Premier League,22.0,2003,29,17,1487,16.5,0,2,2,0,0,0,9,0,0.12,,,,,,,,,,,,,,,,,,,,,,,,,1220,eng ENG,MF,eng Premier League,22,2003,16.5,0,12,1,8.3,0.73,0.06,0.0,0.0,0,0,1502,eng ENG,MF,eng Premier League,22,2003,29,1487,51,43.5,16.5,17,79,6,12,12,6,1.31,19,18,+1,0.06,0.25,1220,eng ENG,MF,eng Premier League,22,2003,16.5,9,0,0,29,20,0,3,22,44,0
192557,2023-06-28,1500000,FC St. Pauli,35,L1,Jackson Irvine,1221,au AUS,MF,St Pauli,de Bundesliga,32.0,1993,24,18,1624,18.0,0,1,1,0,0,0,2,1,0.06,,,,,,,,,,,,,,,,,,,,,,,,,1221,au AUS,MF,de Bundesliga,32,1993,18.0,0,19,4,21.1,1.05,0.22,0.0,0.0,0,0,1503,au AUS,MF,de Bundesliga,32,1993,24,1624,68,53.1,18.0,18,85,11,6,16,2,0.79,16,24,-8,-0.44,1.0,1221,au AUS,MF,de Bundesliga,32,1993,18.0,2,1,1,20,12,2,13,28,17,0
1083069,2025-12-10,700000,Clube Atlético Mineiro,276,IT1,Isaac,1223,br BRA,FW,Hellas Verona,it Serie A,21.0,2004,3,0,40,0.4,0,0,0,0,0,0,0,0,0.0,,,,,,,,,,,,,,,,,,,,,,,,,1223,br BRA,FW,it Serie A,21,2004,0.4,0,0,0,,0.0,0.0,,,0,0,1505,br BRA,FW,it Serie A,21,2004,3,40,13,1.2,0.4,0,,0,3,13,16,0.0,0,0,0,0.0,0.96,1223,br BRA,FW,it Serie A,21,2004,0.4,0,0,0,1,2,0,1,0,0,0
349066,2025-12-09,120000000,Liverpool FC,31,GB1,Alexander Isak,1224,se SWE,FW,Liverpool,eng Premier League,25.0,1999,14,8,699,7.8,3,1,4,3,0,0,0,0,0.52,,,,,,,,,,,,,,,,,,,,,,,,,1224,se SWE,FW,eng Premier League,25,1999,7.8,3,17,6,35.3,2.19,0.77,0.18,0.5,0,0,1506,se SWE,FW,eng Premier League,25,1999,14,699,50,20.4,7.8,8,74,0,6,17,2,1.71,7,9,-2,-0.26,-0.65,1224,se SWE,FW,eng Premier League,25,1999,7.8,0,0,0,5,1,0,2,0,6,0
462823,2025-12-23,17000000,SS Lazio,398,IT1,Gustav Isaksen,1225,dk DEN,FW,Lazio,it Serie A,24.0,2001,30,18,1593,17.7,5,1,6,5,0,0,0,0,0.34,,,,,,,,,,,,,,,,,,,,,,,,,1225,dk DEN,FW,it Serie A,24,2001,17.7,5,48,19,39.6,2.71,1.07,0.1,0.26,0,0,1507,dk DEN,FW,it Serie A,24,2001,30,1593,53,46.6,17.7,18,71,0,12,26,4,1.27,15,19,-4,-0.23,-0.47,1225,dk DEN,FW,it Serie A,24,2001,17.7,0,0,0,18,57,1,32,7,8,0
85288,2024-06-07,8000000,Real Betis Balompié,150,ES1,Isco,1226,es ESP,MF,Real Betis,es La Liga,33.0,1992,8,1,233,2.6,1,1,2,0,1,1,0,0,0.39,,,,,,,,,,,,,,,,,,,,,,,,,1226,es ESP,MF,es La Liga,33,1992,2.6,1,7,1,14.3,2.7,0.39,0.0,0.0,1,1,1508,es ESP,MF,es La Liga,33,1992,8,233,29,6.8,2.6,1,53,0,7,26,0,1.88,6,5,+1,0.39,0.1,1226,es ESP,MF,es La Liga,33,1992,2.6,0,0,0,4,9,0,9,2,2,0
494237,2025-12-09,18000000,Sunderland AFC,289,GB1,Wilson Isidor,1227,ht HAI,FW,Sunderland,eng Premier League,24.0,2000,32,11,1165,12.9,6,0,6,6,0,0,1,0,0.46,,,,,,,,,,,,,,,,,,,,,,,,,1227,ht HAI,FW,eng Premier League,24,2000,12.9,6,43,17,39.5,3.32,1.31,0.14,0.35,0,0,1509,ht HAI,FW,eng Premier League,24,2000,32,1165,36,34.1,12.9,11,71,0,21,18,4,1.44,18,17,+1,0.08,0.36,1227,ht HAI,FW,eng Premier League,24,2000,12.9,1,0,0,14,7,10,0,2,8,0
435228,2025-12-23,6000000,Torino FC,416,IT1,Ardian Ismajli,1228,al ALB,DF,Torino,it Serie A,28.0,1996,25,21,1906,21.2,0,1,1,0,0,0,5,0,0.05,,,,,,,,,,,,,,,,,,,,,,,,,1228,al ALB,DF,it Serie A,28,1996,21.2,0,6,4,66.7,0.28,0.19,0.0,0.0,0,0,1510,al ALB,DF,it Serie A,28,1996,25,1906,76,55.7,21.2,21,85,17,4,29,0,1.4,28,28,0,0.0,1.13,1228,al ALB,DF,it Serie A,28,1996,21.2,5,0,0,21,18,1,8,36,14,0
492319,2025-12-23,3800000,Torino FC,416,IT1,Franco Israel,1229,uy URU,GK,Torino,it Serie A,25.0,2000,9,9,810,9.0,0,0,0,0,0,0,1,0,0.0,72,uy URU,GK,it Serie A,25,2000,9,9,810,9.0,18,2.0,40,24,60.0,2,2,5,3,33.3,2,2,0,0,1229,uy URU,GK,it Serie A,25,2000,9.0,0,0,0,,0.0,0.0,,,0,0,1511,uy URU,GK,it Serie A,25,2000,9,810,90,23.7,9.0,9,90,9,0,,25,0.89,9,18,-9,-1.0,-0.66,1229,uy URU,GK,it Serie A,25,2000,9.0,1,0,0,0,3,0,0,0,0,0
353892,2025-12-19,18000000,Bayern Munich,27,L1,Hiroki Ito,1230,jp JPN,DF,Bayern Munich,de Bundesliga,26.0,1999,16,10,920,10.2,1,2,3,1,0,0,0,0,0.29,,,,,,,,,,,,,,,,,,,,,,,,,1230,jp JPN,DF,de Bundesliga,26,1999,10.2,1,10,3,30.0,0.98,0.29,0.1,0.33,0,0,1512,jp JPN,DF,de Bundesliga,26,1999,16,920,58,30.1,10.2,10,80,3,6,20,5,2.56,32,14,+18,1.76,-1.1,1230,jp JPN,DF,de Bundesliga,26,1999,10.2,0,0,0,10,3,0,7,13,3,0
242631,2025-12-09,25000000,Fulham FC,931,GB1,Alex Iwobi,1231,ng NGA,MF,Fulham,eng Premier League,29.0,1996,29,29,2419,26.9,4,3,7,4,0,0,3,0,0.26,,,,,,,,,,,,,,,,,,,,,,,,,1231,ng NGA,MF,eng Premier League,29,1996,26.9,4,39,15,38.5,1.45,0.56,0.1,0.27,0,0,1514,ng NGA,MF,eng Premier League,29,1996,29,2419,83,70.7,26.9,29,83,12,0,,0,1.31,36,40,-4,-0.15,-0.15,1231,ng NGA,MF,eng Premier League,29,1996,26.9,3,0,0,8,10,1,88,15,18,0
337946,2023-06-14,800000,FC Cartagena,2687,ES1,Jairo Izquierdo,1233,es ESP,"DF,FW",Elche,es La Liga,31.0,1993,1,0,24,0.3,0,0,0,0,0,0,0,0,0.0,,,,,,,,,,,,,,,,,,,,,,,,,1233,es ESP,"DF,FW",es La Liga,31,1993,0.3,0,0,0,,0.0,0.0,,,0,0,1517,es ESP,"DF,FW",es La Liga,31,1993,1,24,24,0.7,0.3,0,,0,1,24,2,1.0,1,0,+1,3.75,3.99,1233,es ESP,"DF,FW",es La Liga,31,1993,0.3,0,0,0,0,0,0,3,0,0,0
776890,2025-12-19,45000000,Bayern Munich,27,L1,Nicolas Jackson,1234,sn SEN,FW,Bayern Munich,de Bundesliga,24.0,2001,23,12,1007,11.2,8,1,9,8,0,0,2,1,0.8,,,,,,,,,,,,,,,,,,,,,,,,,1234,sn SEN,FW,de Bundesliga,24,2001,11.2,8,38,21,55.3,3.4,1.88,0.21,0.38,0,0,1519,sn SEN,FW,de Bundesliga,24,2001,23,1007,44,32.9,11.2,12,71,5,11,15,3,2.52,37,11,+26,2.32,-0.31,1234,sn SEN,FW,de Bundesliga,24,2001,11.2,2,1,0,15,10,8,7,4,4,0
1004301,2025-12-15,20000000,Stade Rennais FC,273,FR1,Jérémy Jacquet,1235,fr FRA,DF,Rennes,fr Ligue 1,20.0,2005,19,19,1671,18.6,0,0,0,0,0,0,6,1,0.0,,,,,,,,,,,,,,,,,,,,,,,,,1235,fr FRA,DF,fr Ligue 1,20,2005,18.6,0,11,3,27.3,0.59,0.16,0.0,0.0,0,0,1520,fr FRA,DF,fr Ligue 1,20,2005,19,1671,88,54.6,18.6,19,88,17,0,,0,1.42,27,29,-2,-0.11,-0.82,1235,fr FRA,DF,fr Ligue 1,20,2005,18.6,6,1,1,20,17,1,0,22,17,0
319301,2023-06-20,12000000,Leeds United,399,GB1,Daniel James,1239,wls WAL,"FW,MF",Leeds United,eng Premier League,27.0,1997,19,6,559,6.2,0,0,0,0,0,0,0,0,0.0,,,,,,,,,,,,,,,,,,,,,,,,,1239,wls WAL,"FW,MF",eng Premier League,27,1997,6.2,0,14,3,21.4,2.25,0.48,0.0,0.0,0,0,1524,wls WAL,"FW,MF",eng Premier League,27,1997,19,559,29,16.3,6.2,6,61,0,13,15,4,1.0,0,16,-16,-2.58,-2.86,1239,wls WAL,"FW,MF",eng Premier League,27,1997,6.2,0,0,0,1,8,1,50,1,5,0
472423,2025-12-09,50000000,Chelsea FC,631,GB1,Reece James,1240,eng ENG,"DF,MF",Chelsea,eng Premier League,25.0,1999,29,20,1963,21.8,2,4,6,2,0,0,4,0,0.28,,,,,,,,,,,,,,,,,,,,,,,,,1240,eng ENG,"DF,MF",eng Premier League,25,1999,21.8,2,22,7,31.8,1.01,0.32,0.09,0.29,0,0,1527,eng ENG,"DF,MF",eng Premier League,25,1999,29,1963,68,57.4,21.8,20,86,15,9,27,3,1.55,33,20,+13,0.6,1.03,1240,eng ENG,"DF,MF",eng Premier League,25,1999,21.8,4,0,0,26,22,1,126,32,33,0
270171,2025-12-09,18000000,Brentford FC,1148,GB1,Vitaly Janelt,1241,de GER,MF,Brentford,eng Premier League,27.0,1998,25,15,1444,16.0,1,4,5,1,0,0,8,0,0.31,,,,,,,,,,,,,,,,,,,,,,,,,1241,de GER,MF,eng Premier League,27,1998,16.0,1,12,3,25.0,0.75,0.19,0.08,0.33,0,0,1528,de GER,MF,eng Premier League,27,1998,25,1444,58,42.2,16.0,15,82,11,10,21,3,1.4,26,21,+5,0.31,0.4,1241,de GER,MF,eng Premier League,27,1998,16.0,8,0,0,20,13,0,61,27,17,0
177847,2025-12-12,1200000,Sevilla FC,368,ES1,Adnan Januzaj,1244,be BEL,"MF,FW",Sevilla,es La Liga,30.0,1995,12,2,321,3.6,0,0,0,0,0,0,1,0,0.0,,,,,,,,,,,,,,,,,,,,,,,,,1244,be BEL,"MF,FW",es La Liga,30,1995,3.6,0,7,0,0.0,1.96,0.0,0.0,,0,0,1531,be BEL,"MF,FW",es La Liga,30,1995,12,321,27,9.4,3.6,2,46,0,10,23,13,0.92,8,8,0,0.0,0.41,1244,be BEL,"MF,FW",es La Liga,30,1995,3.6,1,0,0,8,10,1,30,1,4,0
539798,2025-12-19,10000000,VfB Stuttgart,79,L1,Luca Jaquez,1245,ch SUI,DF,Stuttgart,de Bundesliga,22.0,2003,14,10,898,10.0,0,1,1,0,0,0,1,0,0.1,,,,,,,,,,,,,,,,,,,,,,,,,1245,ch SUI,DF,de Bundesliga,22,2003,10.0,0,4,0,0.0,0.4,0.0,0.0,,0,0,1532,ch SUI,DF,de Bundesliga,22,2003,14,898,64,29.3,10.0,10,82,6,4,19,4,1.79,16,13,+3,0.3,-0.49,1245,ch SUI,DF,de Bundesliga,22,2003,10.0,1,0,0,4,2,0,1,11,7,0
608172,2025-12-23,32000000,AC Milan,5,IT1,Ardon Jashari,1246,ch SUI,MF,Milan,it Serie A,23.0,2002,14,7,701,7.8,0,1,1,0,0,0,0,0,0.13,,,,,,,,,,,,,,,,,,,,,,,,,1246,ch SUI,MF,it Serie A,23,2002,7.8,0,7,2,28.6,0.9,0.26,0.0,0.0,0,0,1533,ch SUI,MF,it Serie A,23,2002,14,701,50,20.5,7.8,7,76,2,7,24,16,1.29,6,7,-1,-0.13,-0.76,1246,ch SUI,MF,it Serie A,23,2002,7.8,0,0,0,11,8,0,11,5,11,0
415194,2023-06-28,1300000,Hamburger SV,41,L1,Bakery Jatta,1247,gm GAM,MF,Hamburger SV,de Bundesliga,27.0,1998,15,12,911,10.1,1,1,2,1,0,0,1,0,0.2,,,,,,,,,,,,,,,,,,,,,,,,,1247,gm GAM,MF,de Bundesliga,27,1998,10.1,1,11,4,36.4,1.09,0.4,0.09,0.25,0,0,1534,gm GAM,MF,de Bundesliga,27,1998,15,911,61,29.8,10.1,12,71,2,3,20,1,1.33,16,12,+4,0.4,1.15,1247,gm GAM,MF,de Bundesliga,27,1998,10.1,1,0,0,13,5,2,19,8,11,0
938729,2024-06-07,800000,Bilbao Athletic,621,ES1,Mikel Jauregizar,1248,es ESP,MF,Athletic Club,es La Liga,21.0,2003,36,34,2831,31.5,2,0,2,2,0,0,6,1,0.06,,,,,,,,,,,,,,,,,,,,,,,,,1248,es ESP,MF,es La Liga,21,2003,31.5,2,39,11,28.2,1.24,0.35,0.05,0.18,0,0,1536,es ESP,MF,es La Liga,21,2003,36,2831,79,82.8,31.5,34,82,19,2,29,0,1.17,30,45,-15,-0.48,-0.48,1248,es ESP,MF,es La Liga,21,2003,31.5,6,1,1,49,34,0,72,48,45,0
805886,2025-12-23,2000000,US Lecce,1005,IT1,Gaby Jean,1249,fr FRA,DF,Lecce,it Serie A,25.0,2000,7,1,197,2.2,0,0,0,0,0,0,1,0,0.0,,,,,,,,,,,,,,,,,,,,,,,,,1249,fr FRA,DF,it Serie A,25,2000,2.2,0,0,0,,0.0,0.0,,,0,0,1537,fr FRA,DF,it Serie A,25,2000,7,197,28,5.8,2.2,1,90,1,6,18,15,1.86,1,1,0,0.0,0.61,1249,fr FRA,DF,it Serie A,25,2000,2.2,1,0,0,1,2,0,0,1,3,0
924117,2025-12-19,25000000,VfB Stuttgart,79,L1,Finn Jeltsch,1250,de GER,DF,Stuttgart,de Bundesliga,19.0,2006,23,17,1511,16.8,0,1,1,0,0,0,3,0,0.06,,,,,,,,,,,,,,,,,,,,,,,,,1250,de GER,DF,de Bundesliga,19,2006,16.8,0,3,0,0.0,0.18,0.0,0.0,,0,0,1539,de GER,DF,de Bundesliga,19,2006,23,1511,66,49.4,16.8,17,85,14,6,12,6,1.91,37,23,+14,0.83,0.37,1250,de GER,DF,de Bundesliga,19,2006,16.8,3,0,0,13,16,3,3,19,14,0
695210,2025-12-15,750000,Bröndby IF,206,DK1,Mathias Jensen,1252,dk DEN,MF,Brentford,eng Premier League,29.0,1996,36,26,2247,25.0,3,1,4,3,0,0,3,0,0.16,,,,,,,,,,,,,,,,,,,,,,,,,1252,dk DEN,MF,eng Premier League,29,1996,25.0,3,29,8,27.6,1.16,0.32,0.1,0.38,0,0,1541,dk DEN,MF,eng Premier League,29,1996,36,2247,62,65.7,25.0,26,81,13,10,13,2,1.47,35,33,+2,0.08,0.0,1252,dk DEN,MF,eng Premier League,29,1996,25.0,3,0,0,20,15,2,124,21,23,0
569639,2023-12-21,100000,Randers FC,5724,DK1,Oliver Jensen,1253,dk DEN,MF,Parma,it Serie A,23.0,2002,34,19,1840,20.4,1,1,2,1,0,0,2,0,0.1,,,,,,,,,,,,,,,,,,,,,,,,,1253,dk DEN,MF,it Serie A,23,2002,20.4,1,15,3,20.0,0.73,0.15,0.07,0.33,0,0,1542,dk DEN,MF,it Serie A,23,2002,34,1840,54,53.8,20.4,19,78,9,15,23,4,1.21,14,28,-14,-0.68,-0.46,1253,dk DEN,MF,it Serie A,23,2002,20.4,2,0,0,13,20,2,14,17,8,0
460245,2025-12-19,5000000,VfL Wolfsburg,82,L1,Moritz Jenz,1254,de GER,DF,Wolfsburg,de Bundesliga,26.0,1999,22,20,1787,19.9,1,0,1,1,0,0,8,1,0.05,,,,,,,,,,,,,,,,,,,,,,,,,1254,de GER,DF,de Bundesliga,26,1999,19.9,1,5,1,20.0,0.25,0.05,0.2,1.0,0,0,1543,de GER,DF,de Bundesliga,26,1999,22,1787,81,58.4,19.9,20,89,18,2,1,5,0.68,21,44,-23,-1.16,-1.09,1254,de GER,DF,de Bundesliga,26,1999,19.9,8,1,1,31,7,0,1,12,22,1
363205,2025-12-09,20000000,Arsenal FC,11,GB1,Gabriel Jesus,1255,br BRA,FW,Arsenal,eng Premier League,28.0,1997,14,3,429,4.8,3,0,3,3,0,0,3,0,0.63,,,,,,,,,,,,,,,,,,,,,,,,,1255,br BRA,FW,eng Premier League,28,1997,4.8,3,19,12,63.2,3.99,2.52,0.16,0.25,0,0,1544,br BRA,FW,eng Premier League,28,1997,14,429,31,12.5,4.8,3,63,0,11,22,10,2.14,8,6,+2,0.42,-0.84,1255,br BRA,FW,eng Premier League,28,1997,4.8,3,0,0,9,1,7,0,2,0,0
978037,2025-12-11,3500000,Los Angeles FC,51828,MLS1,Igor Jesus,1256,br BRA,FW,Nottingham Forest,eng Premier League,24.0,2001,37,28,2298,25.5,6,4,10,5,1,1,2,0,0.35,,,,,,,,,,,,,,,,,,,,,,,,,1256,br BRA,FW,eng Premier League,24,2001,25.5,6,70,21,30.0,2.74,0.82,0.07,0.24,1,1,1545,br BRA,FW,eng Premier League,24,2001,37,2298,62,67.2,25.5,28,74,5,9,24,0,1.19,35,37,-2,-0.08,0.0,1256,br BRA,FW,eng Premier League,24,2001,25.5,2,0,0,42,40,11,10,2,16,0
121985,2025-12-23,1500000,SSC Napoli,6195,IT1,Juan Jesus,1257,br BRA,DF,Napoli,it Serie A,34.0,1991,24,19,1675,18.6,0,0,0,0,0,0,10,1,0.0,,,,,,,,,,,,,,,,,,,,,,,,,1257,br BRA,DF,it Serie A,34,1991,18.6,0,3,0,0.0,0.16,0.0,0.0,,0,0,1546,br BRA,DF,it Serie A,34,1991,24,1675,70,49.0,18.6,19,83,13,5,21,10,2.21,27,18,+9,0.48,-0.19,1257,br BRA,DF,it Serie A,34,1991,18.6,10,1,1,39,2,0,1,26,22,0
741257,2024-06-25,4000000,Milan Primavera,989,GB1,Álex Jiménez,1258,es ESP,"DF,MF",Bournemouth,eng Premier League,20.0,2005,31,26,2317,25.7,1,0,1,1,0,0,10,0,0.04,,,,,,,,,,,,,,,,,,,,,,,,,1258,es ESP,"DF,MF",eng Premier League,20,2005,25.7,1,21,4,19.0,0.82,0.16,0.05,0.25,0,0,1547,es ESP,"DF,MF",eng Premier League,20,2005,31,2317,75,67.7,25.7,26,84,12,5,29,1,1.48,41,38,+3,0.12,0.03,1258,es ESP,"DF,MF",eng Premier League,20,2005,25.7,10,0,0,35,20,0,51,27,45,0
741257,2024-06-25,4000000,Milan Primavera,989,GB1,Álex Jiménez,1259,es ESP,DF,Milan,it Serie A,20.0,2005,1,0,45,0.5,0,0,0,0,0,0,1,0,0.0,,,,,,,,,,,,,,,,,,,,,,,,,1259,es ESP,DF,it Serie A,20,2005,0.5,0,0,0,,0.0,0.0,,,0,0,1548,es ESP,DF,it Serie A,20,2005,1,45,45,1.3,0.5,0,,0,1,45,0,0.0,0,1,-1,-2.0,-2.51,1259,es ESP,DF,it Serie A,20,2005,0.5,1,0,0,0,1,0,1,0,0,0
935281,2025-12-30,3000000,Real Madrid Castilla,6767,,David Jiménez,1260,es ESP,DF,Real Madrid,es La Liga,21.0,2004,2,1,76,0.8,0,0,0,0,0,0,0,0,0.0,,,,,,,,,,,,,,,,,,,,,,,,,1260,es ESP,DF,es La Liga,21,2004,0.8,0,1,1,100.0,1.18,1.18,0.0,0.0,0,0,1549,es ESP,DF,es La Liga,21,2004,2,76,38,2.2,0.8,1,75,0,1,1,6,3.0,1,0,+1,1.18,0.08,1260,es ESP,DF,es La Liga,21,2004,0.8,0,0,0,0,0,0,3,0,1,0
982848,2025-12-30,200000,Valencia Mestalla,6182,,Raúl Jiménez,1261,mx MEX,FW,Fulham,eng Premier League,34.0,1991,36,27,2189,24.3,9,3,12,5,4,4,5,0,0.33,,,,,,,,,,,,,,,,,,,,,,,,,1261,mx MEX,FW,eng Premier League,34,1991,24.3,9,73,18,24.7,3.0,0.74,0.07,0.28,4,4,1550,mx MEX,FW,eng Premier League,34,1991,36,2189,61,64.0,24.3,27,75,10,9,17,0,1.44,34,29,+5,0.21,0.86,1261,mx MEX,FW,eng Premier League,34,1991,24.3,5,0,0,46,34,20,7,7,20,0
626724,2025-12-09,65000000,Chelsea FC,631,GB1,João Pedro,1263,br BRA,"FW,MF",Chelsea,eng Premier League,23.0,2001,35,31,2661,29.6,15,5,20,15,0,0,5,0,0.68,,,,,,,,,,,,,,,,,,,,,,,,,1263,br BRA,"FW,MF",eng Premier League,23,2001,29.6,15,73,28,38.4,2.47,0.95,0.21,0.54,0,0,1553,br BRA,"FW,MF",eng Premier League,23,2001,35,2661,76,77.8,29.6,31,82,14,4,31,0,1.4,48,36,+12,0.41,1.12,1263,br BRA,"FW,MF",eng Premier League,23,2001,29.6,5,0,0,38,55,16,18,6,17,0
333241,2025-12-09,30000000,Newcastle United,762,GB1,Joelinton,1264,br BRA,MF,Newcastle United,eng Premier League,28.0,1996,27,23,1951,21.7,2,1,3,2,0,0,10,0,0.14,,,,,,,,,,,,,,,,,,,,,,,,,1264,br BRA,MF,eng Premier League,28,1996,21.7,2,32,11,34.4,1.48,0.51,0.06,0.18,0,0,1554,br BRA,MF,eng Premier League,28,1996,27,1951,72,57.0,21.7,23,81,13,4,24,3,1.48,34,27,+7,0.32,0.87,1264,br BRA,MF,eng Premier League,28,1996,21.7,10,0,0,46,27,1,11,28,23,0
579565,2024-06-06,3500000,Fortuna Düsseldorf,3,L1,Ísak Jóhannesson,1267,is ISL,MF,Köln,de Bundesliga,22.0,2003,31,21,1809,20.1,1,2,3,1,0,0,6,0,0.15,,,,,,,,,,,,,,,,,,,,,,,,,1267,is ISL,MF,de Bundesliga,22,2003,20.1,1,14,5,35.7,0.7,0.25,0.07,0.2,0,0,1557,is ISL,MF,de Bundesliga,22,2003,31,1809,58,59.1,20.1,21,76,8,10,22,1,0.97,25,39,-14,-0.7,-0.7,1267,is ISL,MF,de Bundesliga,22,2003,20.1,6,0,0,14,5,2,65,8,15,0
406042,2023-06-12,1200000,Venezia FC,607,IT1,Dennis Johnsen,1269,no NOR,"MF,FW",Cremonese,it Serie A,27.0,1998,11,5,390,4.3,1,1,2,1,0,0,0,0,0.46,,,,,,,,,,,,,,,,,,,,,,,,,1269,no NOR,"MF,FW",it Serie A,27,1998,4.3,1,5,2,40.0,1.15,0.46,0.2,0.5,0,0,1559,no NOR,"MF,FW",it Serie A,27,1998,11,390,35,11.4,4.3,5,57,0,6,17,10,0.36,3,7,-4,-0.92,-0.3,1269,no NOR,"MF,FW",it Serie A,27,1998,4.3,0,0,0,2,4,1,12,0,2,0
470607,2024-05-27,48000000,Tottenham Hotspur,873,GB1,Brennan Johnson,1270,wls WAL,"MF,FW",Tottenham Hotspur,eng Premier League,24.0,2001,16,6,610,6.8,2,0,2,2,0,0,2,0,0.3,,,,,,,,,,,,,,,,,,,,,,,,,1270,wls WAL,"MF,FW",eng Premier League,24,2001,6.8,2,6,2,33.3,0.89,0.3,0.33,1.0,0,0,1560,wls WAL,"MF,FW",eng Premier League,24,2001,16,610,38,17.8,6.8,6,77,1,10,15,2,1.38,13,5,+8,1.18,1.72,1270,wls WAL,"MF,FW",eng Premier League,24,2001,6.8,2,0,0,2,4,8,23,2,9,0
470607,2024-05-27,48000000,Tottenham Hotspur,873,GB1,Brennan Johnson,1271,wls WAL,"MF,FW",Crystal Palace,eng Premier League,24.0,2001,18,13,1112,12.4,0,1,1,0,0,0,4,0,0.08,,,,,,,,,,,,,,,,,,,,,,,,,1271,wls WAL,"MF,FW",eng Premier League,24,2001,12.4,0,17,3,17.6,1.38,0.24,0.0,0.0,0,0,1561,wls WAL,"MF,FW",eng Premier League,24,2001,18,1112,62,32.5,12.4,13,76,4,5,24,1,1.0,7,19,-12,-0.97,-1.05,1271,wls WAL,"MF,FW",eng Premier League,24,2001,12.4,4,0,0,18,11,6,45,2,7,0
112822,2025-12-15,250000,RC Strasbourg Alsace,667,FR1,Karl-Johan Johnsson,1272,se SWE,GK,Strasbourg,fr Ligue 1,35.0,1990,1,1,90,1.0,0,0,0,0,0,0,0,0,0.0,75,se SWE,GK,fr Ligue 1,35,1990,1,1,90,1.0,0,0.0,2,2,100.0,1,0,0,1,100.0,0,0,0,0,1272,se SWE,GK,fr Ligue 1,35,1990,1.0,0,0,0,,0.0,0.0,,,0,0,1562,se SWE,GK,fr Ligue 1,35,1990,1,90,90,2.9,1.0,1,90,1,0,,25,3.0,1,0,+1,1.0,0.7,1272,se SWE,GK,fr Ligue 1,35,1990,1.0,0,0,0,0,0,0,0,0,0,0
110864,2025-12-09,5000000,Wolverhampton Wanderers,543,GB1,Sam Johnstone,1273,eng ENG,GK,Wolves,eng Premier League,32.0,1993,12,12,1080,12.0,0,0,0,0,0,0,0,0,0.0,76,eng ENG,GK,eng Premier League,32,1993,12,12,1080,12.0,24,2.0,62,39,62.9,0,2,10,0,0.0,1,1,0,0,1273,eng ENG,GK,eng Premier League,32,1993,12.0,0,0,0,,0.0,0.0,,,0,0,1563,eng ENG,GK,eng Premier League,32,1993,12,1080,90,31.6,12.0,12,90,12,0,,18,0.17,6,24,-18,-1.5,-0.62,1273,eng ENG,GK,eng Premier League,32,1993,12.0,0,0,0,0,0,0,0,0,1,1
433188,2025-12-09,40000000,Liverpool FC,31,GB1,Curtis Jones,1274,eng ENG,"MF,DF",Liverpool,eng Premier League,24.0,2001,34,18,1937,21.5,1,2,3,1,0,0,2,0,0.14,,,,,,,,,,,,,,,,,,,,,,,,,1274,eng ENG,"MF,DF",eng Premier League,24,2001,21.5,1,22,7,31.8,1.02,0.33,0.05,0.14,0,0,1564,eng ENG,"MF,DF",eng Premier League,24,2001,34,1937,57,56.6,21.5,18,83,9,16,28,2,1.47,38,38,0,0.0,-0.61,1274,eng ENG,"MF,DF",eng Premier League,24,2001,21.5,2,0,0,17,29,0,16,18,23,0
326330,2024-06-07,70000000,FC Barcelona,131,ES1,Frenkie de Jong,1276,nl NED,MF,Barcelona,es La Liga,28.0,1997,25,16,1636,18.2,1,5,6,1,0,0,4,1,0.33,,,,,,,,,,,,,,,,,,,,,,,,,1276,nl NED,MF,es La Liga,28,1997,18.2,1,7,2,28.6,0.39,0.11,0.14,0.5,0,0,1569,nl NED,MF,es La Liga,28,1997,25,1636,65,47.8,18.2,16,88,13,9,26,1,2.32,43,21,+22,1.21,-0.66,1276,nl NED,MF,es La Liga,28,1997,18.2,4,1,1,10,26,2,5,17,19,0
263727,2024-06-07,3500000,Sevilla FC,368,ES1,Joan Jordán,1277,es ESP,MF,Sevilla,es La Liga,31.0,1994,3,0,25,0.3,0,0,0,0,0,0,1,1,0.0,,,,,,,,,,,,,,,,,,,,,,,,,1277,es ESP,MF,es La Liga,31,1994,0.3,0,0,0,,0.0,0.0,,,0,0,1570,es ESP,MF,es La Liga,31,1994,3,25,8,0.7,0.3,0,,0,3,8,19,2.0,2,2,0,0.0,0.37,1277,es ESP,MF,es La Liga,31,1994,0.3,1,1,0,4,0,0,0,0,0,0
277533,2023-06-13,1000000,Elche CF,1531,ES1,Josan,1278,es ESP,"MF,DF",Elche,es La Liga,35.0,1989,19,4,565,6.3,0,3,3,0,0,0,2,0,0.48,,,,,,,,,,,,,,,,,,,,,,,,,1278,es ESP,"MF,DF",es La Liga,35,1989,6.3,0,3,1,33.3,0.48,0.16,0.0,0.0,0,0,1571,es ESP,"MF,DF",es La Liga,35,1989,19,565,30,16.5,6.3,4,74,0,15,18,13,1.26,15,8,+7,1.12,1.59,1278,es ESP,"MF,DF",es La Liga,35,1989,6.3,2,0,0,5,6,1,72,6,8,0
834742,2023-05-15,900000,Leeds United U21,237,ES1,Mateo Joseph,1279,es ESP,"MF,FW",Mallorca,es La Liga,21.0,2003,29,19,1699,18.9,2,3,5,2,0,0,2,0,0.26,,,,,,,,,,,,,,,,,,,,,,,,,1279,es ESP,"MF,FW",es La Liga,21,2003,18.9,2,33,14,42.4,1.75,0.74,0.06,0.14,0,0,1572,es ESP,"MF,FW",es La Liga,21,2003,29,1699,59,49.7,18.9,19,76,4,10,25,1,1.03,24,29,-5,-0.26,0.0,1279,es ESP,"MF,FW",es La Liga,21,2003,18.9,2,0,0,19,31,4,14,13,19,0
126737,2025-12-12,1200000,Getafe CF,3709,ES1,Juanmi,1281,es ESP,"FW,MF",Getafe,es La Liga,32.0,1993,8,0,179,2.0,1,0,1,1,0,0,0,0,0.5,,,,,,,,,,,,,,,,,,,,,,,,,1281,es ESP,"FW,MF",es La Liga,32,1993,2.0,1,2,1,50.0,1.01,0.5,0.5,1.0,0,0,1576,es ESP,"FW,MF",es La Liga,32,1993,8,179,22,5.2,2.0,0,,0,8,22,8,0.13,2,4,-2,-1.01,-0.89,1281,es ESP,"FW,MF",es La Liga,32,1993,2.0,0,0,0,2,1,3,0,0,0,0
58995,2025-12-19,700000,SC Freiburg,60,L1,Anthony Jung,1283,de GER,DF,Freiburg,de Bundesliga,33.0,1991,12,4,526,5.8,0,0,0,0,0,0,2,0,0.0,,,,,,,,,,,,,,,,,,,,,,,,,1283,de GER,DF,de Bundesliga,33,1991,5.8,0,1,0,0.0,0.17,0.0,0.0,,0,0,1579,de GER,DF,de Bundesliga,33,1991,12,526,44,17.2,5.8,4,86,3,8,23,14,1.17,10,12,-2,-0.34,-0.2,1283,de GER,DF,de Bundesliga,33,1991,5.8,2,0,0,4,3,0,0,10,1,0
413220,2025-12-09,12000000,Leeds United,399,GB1,James Justin,1290,eng ENG,"DF,MF",Leeds United,eng Premier League,27.0,1998,29,21,1901,21.1,2,1,3,2,0,0,4,0,0.14,,,,,,,,,,,,,,,,,,,,,,,,,1290,eng ENG,"DF,MF",eng Premier League,27,1998,21.1,2,24,6,25.0,1.14,0.28,0.08,0.33,0,0,1586,eng ENG,"DF,MF",eng Premier League,27,1998,29,1901,66,55.6,21.1,21,86,17,8,12,7,1.41,27,26,+1,0.05,0.52,1290,eng ENG,"DF,MF",eng Premier League,27,1998,21.1,4,0,0,13,31,2,38,26,38,0
599231,2024-06-04,7500000,Club Brugge KV,940,ES1,Ferran Jutglà,1291,es ESP,FW,Celta Vigo,es La Liga,26.0,1999,30,21,1652,18.4,9,3,12,9,0,0,4,0,0.65,,,,,,,,,,,,,,,,,,,,,,,,,1291,es ESP,FW,es La Liga,26,1999,18.4,9,45,26,57.8,2.45,1.42,0.2,0.35,0,0,1587,es ESP,FW,es La Liga,26,1999,30,1652,55,48.3,18.4,21,69,2,9,22,5,1.33,25,24,+1,0.05,-0.15,1291,es ESP,FW,es La Liga,26,1999,18.4,4,0,0,24,30,10,19,8,3,0
585323,2025-12-09,15000000,Chelsea FC,631,GB1,Filip Jørgensen,1292,dk DEN,GK,Chelsea,eng Premier League,23.0,2002,5,3,379,4.2,0,0,0,0,0,0,0,0,0.0,78,dk DEN,GK,eng Premier League,23,2002,5,3,379,4.2,5,1.19,13,8,61.5,1,2,0,0,0.0,0,0,0,0,1292,dk DEN,GK,eng Premier League,23,2002,4.2,0,0,0,,0.0,0.0,,,0,0,1588,dk DEN,GK,eng Premier League,23,2002,5,379,76,11.1,4.2,3,90,3,2,55,23,1.0,8,5,+3,0.71,0.62,1292,dk DEN,GK,eng Premier League,23,2002,4.2,0,0,0,0,0,0,0,1,0,0
911328,2024-06-05,3500000,US Lecce,995,FR1,Mohamed Kaba,1294,gn GUI,MF,Nantes,fr Ligue 1,23.0,2001,13,12,1008,11.2,0,2,2,0,0,0,2,0,0.18,,,,,,,,,,,,,,,,,,,,,,,,,1294,gn GUI,MF,fr Ligue 1,23,2001,11.2,0,11,6,54.5,0.98,0.54,0.0,0.0,0,0,1590,gn GUI,MF,fr Ligue 1,23,2001,13,1008,78,32.9,11.2,12,81,4,1,31,0,0.62,10,10,0,0.0,1.01,1294,gn GUI,MF,fr Ligue 1,23,2001,11.2,2,0,0,15,29,0,2,15,15,0
911328,2024-06-05,3500000,US Lecce,995,FR1,Mohamed Kaba,1295,gn GUI,MF,Lecce,it Serie A,23.0,2001,15,5,633,7.0,0,0,0,0,0,0,1,0,0.0,,,,,,,,,,,,,,,,,,,,,,,,,1295,gn GUI,MF,it Serie A,23,2001,7.0,0,9,4,44.4,1.28,0.57,0.0,0.0,0,0,1591,gn GUI,MF,it Serie A,23,2001,15,633,42,18.5,7.0,5,81,3,10,23,6,1.0,3,12,-9,-1.28,-0.86,1295,gn GUI,MF,it Serie A,23,2001,7.0,1,0,0,12,21,0,8,4,7,0
361260,2025-12-19,5000000,TSG 1899 Hoffenheim,533,L1,Ozan Kabak,1296,tr TUR,DF,Hoffenheim,de Bundesliga,25.0,2000,25,18,1751,19.5,4,0,4,4,0,0,5,0,0.21,,,,,,,,,,,,,,,,,,,,,,,,,1296,tr TUR,DF,de Bundesliga,25,2000,19.5,4,35,12,34.3,1.8,0.62,0.11,0.33,0,0,1593,tr TUR,DF,de Bundesliga,25,2000,25,1751,70,57.2,19.5,18,90,18,7,19,3,2.0,39,34,+5,0.26,-0.29,1296,tr TUR,DF,de Bundesliga,25,2000,19.5,5,0,0,26,8,0,2,26,17,0
884820,2025-12-19,3000000,Borussia Dortmund,16,L1,Almugera Kabar,1297,de GER,DF,Dortmund,de Bundesliga,19.0,2006,1,0,16,0.2,0,0,0,0,0,0,0,0,0.0,,,,,,,,,,,,,,,,,,,,,,,,,1297,de GER,DF,de Bundesliga,19,2006,0.2,0,1,0,0.0,5.63,0.0,0.0,,0,0,1594,de GER,DF,de Bundesliga,19,2006,1,16,16,0.5,0.2,0,,0,1,16,3,0.0,0,0,0,0.0,-1.06,1297,de GER,DF,de Bundesliga,19,2006,0.2,0,0,0,0,0,0,2,0,1,0
81512,2025-12-23,800000,Udinese Calcio,410,IT1,Christian Kabasele,1298,be BEL,DF,Udinese,it Serie A,34.0,1991,30,28,2247,25.0,3,0,3,3,0,0,5,1,0.12,,,,,,,,,,,,,,,,,,,,,,,,,1298,be BEL,DF,it Serie A,34,1991,25.0,3,9,6,66.7,0.36,0.24,0.33,0.5,0,0,1595,be BEL,DF,it Serie A,34,1991,30,2247,75,65.7,25.0,28,80,16,2,9,7,1.23,28,29,-1,-0.04,0.11,1298,be BEL,DF,it Serie A,34,1991,25.0,5,1,0,33,25,1,0,33,13,0
654234,2023-10-19,900000,FC Basel 1893,167,L1,Anton Kade,1299,de GER,"MF,FW",Augsburg,de Bundesliga,21.0,2004,28,18,1743,19.4,6,0,6,6,0,0,3,0,0.31,,,,,,,,,,,,,,,,,,,,,,,,,1299,de GER,"MF,FW",de Bundesliga,21,2004,19.4,6,48,21,43.8,2.48,1.08,0.13,0.29,0,0,1597,de GER,"MF,FW",de Bundesliga,21,2004,28,1743,62,57.0,19.4,18,81,6,10,29,1,1.29,22,35,-13,-0.67,-0.47,1299,de GER,"MF,FW",de Bundesliga,21,2004,19.4,3,0,0,20,18,10,22,13,14,0
106270,2024-05-29,2500000,1.FC Köln,3,L1,Florian Kainz,1301,at AUT,MF,Köln,de Bundesliga,32.0,1992,15,2,279,3.1,1,1,2,1,0,0,1,0,0.65,,,,,,,,,,,,,,,,,,,,,,,,,1301,at AUT,MF,de Bundesliga,32,1992,3.1,1,8,4,50.0,2.58,1.29,0.13,0.25,0,0,1599,at AUT,MF,de Bundesliga,32,1992,15,279,19,9.1,3.1,2,56,0,13,13,9,0.8,10,7,+3,0.97,1.52,1301,at AUT,MF,de Bundesliga,32,1992,3.1,1,0,0,5,4,0,21,3,2,0
369567,2025-12-22,2000000,LASK,413,A1,Sasa Kalajdzic,1302,at AUT,"FW,MF",Wolves,eng Premier League,28.0,1997,1,0,15,0.2,0,0,0,0,0,0,0,0,0.0,,,,,,,,,,,,,,,,,,,,,,,,,1302,at AUT,"FW,MF",eng Premier League,28,1997,0.2,0,0,0,,0.0,0.0,,,0,0,1600,at AUT,"FW,MF",eng Premier League,28,1997,1,15,15,0.4,0.2,0,,0,1,15,1,0.0,1,0,+1,6.0,7.11,1302,at AUT,"FW,MF",eng Premier League,28,1997,0.2,0,0,0,0,0,0,0,1,0,0
585959,2025-12-09,25000000,Nottingham Forest,24,L1,Arnaud Kalimuendo,1303,fr FRA,FW,Nottingham Forest,eng Premier League,23.0,2002,9,0,96,1.1,0,0,0,0,0,0,0,0,0.0,,,,,,,,,,,,,,,,,,,,,,,,,1303,fr FRA,FW,eng Premier League,23,2002,1.1,0,4,1,25.0,3.75,0.94,0.0,0.0,0,0,1601,fr FRA,FW,eng Premier League,23,2002,9,96,11,2.8,1.1,0,,0,9,11,9,0.22,0,3,-3,-2.81,-2.81,1303,fr FRA,FW,eng Premier League,23,2002,1.1,0,0,0,2,0,1,2,0,1,0
585959,2025-12-09,25000000,Nottingham Forest,24,L1,Arnaud Kalimuendo,1304,fr FRA,"FW,MF",Eintracht Frankfurt,de Bundesliga,23.0,2002,19,17,1417,15.7,6,1,7,6,0,0,4,0,0.44,,,,,,,,,,,,,,,,,,,,,,,,,1304,fr FRA,"FW,MF",de Bundesliga,23,2002,15.7,6,30,16,53.3,1.91,1.02,0.2,0.38,0,0,1602,fr FRA,"FW,MF",de Bundesliga,23,2002,19,1417,75,46.3,15.7,17,80,10,2,30,0,1.0,24,31,-7,-0.44,-0.61,1304,fr FRA,"FW,MF",de Bundesliga,23,2002,15.7,4,0,0,9,18,6,15,3,4,0
585949,2025-12-23,28000000,Juventus FC,506,IT1,Pierre Kalulu,1305,fr FRA,"DF,MF",Juventus,it Serie A,25.0,2000,37,37,3281,36.5,2,4,6,2,0,0,4,1,0.16,,,,,,,,,,,,,,,,,,,,,,,,,1305,fr FRA,"DF,MF",it Serie A,25,2000,36.5,2,13,4,30.8,0.36,0.11,0.15,0.5,0,0,1604,fr FRA,"DF,MF",it Serie A,25,2000,37,3281,89,95.9,36.5,37,89,36,0,,0,1.86,60,30,+30,0.82,2.77,1305,fr FRA,"DF,MF",it Serie A,25,2000,36.5,4,1,1,34,16,0,94,24,35,0
356141,2025-12-09,12000000,Crystal Palace,873,GB1,Daichi Kamada,1308,jp JPN,MF,Crystal Palace,eng Premier League,28.0,1996,28,22,1902,21.1,0,0,0,0,0,0,3,0,0.0,,,,,,,,,,,,,,,,,,,,,,,,,1308,jp JPN,MF,eng Premier League,28,1996,21.1,0,19,4,21.1,0.9,0.19,0.0,0.0,0,0,1607,jp JPN,MF,eng Premier League,28,1996,28,1902,68,55.6,21.1,22,80,8,6,22,0,1.43,32,28,+4,0.19,1.02,1308,jp JPN,MF,eng Premier League,28,1996,21.1,3,0,0,30,28,1,42,14,35,0
794758,2024-06-03,2000000,FC Toulouse,415,FR1,Warren Kamanzi,1309,no NOR,MF,Toulouse,fr Ligue 1,24.0,2000,24,7,870,9.7,1,1,2,1,0,0,1,0,0.21,,,,,,,,,,,,,,,,,,,,,,,,,1309,no NOR,MF,fr Ligue 1,24,2000,9.7,1,12,2,16.7,1.24,0.21,0.08,0.5,0,0,1608,no NOR,MF,fr Ligue 1,24,2000,24,870,36,28.4,9.7,7,74,2,17,21,10,1.33,19,20,-1,-0.1,-0.19,1309,no NOR,MF,fr Ligue 1,24,2000,9.7,1,0,0,8,8,1,12,7,11,0
333175,2023-06-27,800000,Montpellier HSC,1158,FR1,Bingourou Kamara,1311,sn SEN,GK,Lorient,fr Ligue 1,28.0,1996,3,3,270,3.0,0,0,0,0,0,0,0,0,0.0,79,sn SEN,GK,fr Ligue 1,28,1996,3,3,270,3.0,8,2.67,16,8,50.0,1,0,2,1,33.3,1,0,0,1,1311,sn SEN,GK,fr Ligue 1,28,1996,3.0,0,0,0,,0.0,0.0,,,0,0,1610,sn SEN,GK,fr Ligue 1,28,1996,3,270,90,8.8,3.0,3,90,3,0,,30,1.0,5,8,-3,-1.0,-1.0,1311,sn SEN,GK,fr Ligue 1,28,1996,3.0,0,0,0,0,1,0,0,0,0,0
394327,2025-12-09,40000000,Aston Villa,405,GB1,Boubacar Kamara,1312,fr FRA,MF,Aston Villa,eng Premier League,25.0,1999,18,17,1411,15.7,1,3,4,1,0,0,5,0,0.26,,,,,,,,,,,,,,,,,,,,,,,,,1312,fr FRA,MF,eng Premier League,25,1999,15.7,1,7,4,57.1,0.45,0.26,0.14,0.25,0,0,1611,fr FRA,MF,eng Premier League,25,1999,18,1411,78,41.3,15.7,17,82,9,1,19,0,2.33,26,15,+11,0.7,0.88,1312,fr FRA,MF,eng Premier League,25,1999,15.7,5,0,0,16,30,0,2,15,16,0
242632,2025-12-15,2500000,Stade Rennais FC,273,FR1,Glen Kamara,1313,fi FIN,MF,Rennes,fr Ligue 1,29.0,1995,4,0,61,0.7,0,0,0,0,0,0,0,0,0.0,,,,,,,,,,,,,,,,,,,,,,,,,1313,fi FIN,MF,fr Ligue 1,29,1995,0.7,0,0,0,,0.0,0.0,,,0,0,1612,fi FIN,MF,fr Ligue 1,29,1995,4,61,15,2.0,0.7,0,,0,4,15,18,1.75,0,3,-3,-4.43,-4.79,1313,fi FIN,MF,fr Ligue 1,29,1995,0.7,0,0,0,0,2,0,0,0,0,0
290017,2025-12-23,3000000,Udinese Calcio,410,IT1,Hassane Kamara,1314,ci CIV,"MF,DF",Udinese,it Serie A,31.0,1994,26,22,1861,20.7,0,2,2,0,0,0,5,0,0.1,,,,,,,,,,,,,,,,,,,,,,,,,1314,ci CIV,"MF,DF",it Serie A,31,1994,20.7,0,16,5,31.3,0.77,0.24,0.0,0.0,0,0,1613,ci CIV,"MF,DF",it Serie A,31,1994,26,1861,72,54.4,20.7,22,80,10,4,25,3,1.35,26,26,0,0.0,0.17,1314,ci CIV,"MF,DF",it Serie A,31,1994,20.7,5,0,0,16,11,0,81,25,20,0
1275040,2025-12-15,1000000,Paris Saint-Germain,1041,FR1,Noham Kamara,1315,fr FRA,DF,Lyon,fr Ligue 1,18.0,2007,2,0,7,0.1,0,0,0,0,0,0,0,0,0.0,,,,,,,,,,,,,,,,,,,,,,,,,1315,fr FRA,DF,fr Ligue 1,18,2007,0.1,0,0,0,,0.0,0.0,,,0,0,1614,fr FRA,DF,fr Ligue 1,18,2007,2,7,4,0.2,0.1,0,,0,2,4,3,3.0,0,1,-1,-12.86,-13.27,1315,fr FRA,DF,fr Ligue 1,18,2007,0.1,0,0,0,0,0,0,0,0,0,0
780630,2025-12-12,4000000,Villarreal CF,1050,ES1,Willy Kambwala,1316,fr FRA,DF,Villarreal,es La Liga,20.0,2004,2,1,86,1.0,0,0,0,0,0,0,0,0,0.0,,,,,,,,,,,,,,,,,,,,,,,,,1316,fr FRA,DF,es La Liga,20,2004,1.0,0,0,0,,0.0,0.0,,,0,0,1617,fr FRA,DF,es La Liga,20,2004,2,86,43,2.5,1.0,1,76,0,1,10,9,1.5,2,2,0,0.0,-0.7,1316,fr FRA,DF,es La Liga,20,2004,1.0,0,0,0,0,0,0,0,0,0,0
53418,2024-05-29,3500000,RB Leipzig,23826,L1,Kevin Kampl,1319,si SVN,MF,RB Leipzig,de Bundesliga,34.0,1990,3,0,3,0.0,0,0,0,0,0,0,0,0,0.0,,,,,,,,,,,,,,,,,,,,,,,,,1319,si SVN,MF,de Bundesliga,34,1990,0.0,0,0,0,,0.0,0.0,,,0,0,1620,si SVN,MF,de Bundesliga,34,1990,3,3,1,0.1,0.0,0,,0,3,1,0,3.0,0,0,0,0.0,-0.56,1319,si SVN,MF,de Bundesliga,34,1990,0.0,0,0,0,0,0,0,0,0,0,0
132098,2025-12-19,65000000,Bayern Munich,27,L1,Harry Kane,1320,eng ENG,"FW,MF",Bayern Munich,de Bundesliga,32.0,1993,31,25,2377,26.4,36,5,41,26,10,11,1,0,1.17,,,,,,,,,,,,,,,,,,,,,,,,,1320,eng ENG,"FW,MF",de Bundesliga,32,1993,26.4,36,119,67,56.3,4.51,2.54,0.22,0.39,10,11,1621,eng ENG,"FW,MF",de Bundesliga,32,1993,31,2377,77,77.7,26.4,25,86,17,6,38,1,2.58,98,26,+72,2.73,0.88,1320,eng ENG,"FW,MF",de Bundesliga,32,1993,26.4,1,0,0,25,32,20,12,8,13,0
232320,2025-12-19,9000000,VfB Stuttgart,79,L1,Atakan Karazor,1326,tr TUR,MF,Stuttgart,de Bundesliga,28.0,1996,28,22,1884,20.9,0,1,1,0,0,0,5,1,0.05,,,,,,,,,,,,,,,,,,,,,,,,,1326,tr TUR,MF,de Bundesliga,28,1996,20.9,0,7,2,28.6,0.33,0.1,0.0,0.0,0,0,1627,tr TUR,MF,de Bundesliga,28,1996,28,1884,67,61.6,20.9,22,84,12,6,7,3,1.82,37,29,+8,0.38,-0.69,1326,tr TUR,MF,de Bundesliga,28,1996,20.9,5,1,0,20,34,1,7,15,27,0
969447,2023-10-02,900000,Lommel SK,1158,FR1,Dermane Karim,1327,tg TOG,MF,Lorient,fr Ligue 1,21.0,2003,30,15,1365,15.2,1,2,3,1,0,0,3,0,0.2,,,,,,,,,,,,,,,,,,,,,,,,,1327,tg TOG,MF,fr Ligue 1,21,2003,15.2,1,16,2,12.5,1.05,0.13,0.06,0.5,0,0,1628,tg TOG,MF,fr Ligue 1,21,2003,30,1365,46,44.6,15.2,15,72,2,15,19,1,1.37,18,25,-7,-0.46,-0.67,1327,tg TOG,MF,fr Ligue 1,21,2003,15.2,3,0,0,21,39,0,17,10,17,0
1075147,2025-12-19,60000000,Bayern Munich,27,L1,Lennart Karl,1328,de GER,MF,Bayern Munich,de Bundesliga,17.0,2008,26,16,1281,14.2,5,5,10,5,0,0,1,0,0.7,,,,,,,,,,,,,,,,,,,,,,,,,1328,de GER,MF,de Bundesliga,17,2008,14.2,5,42,21,50.0,2.95,1.48,0.12,0.24,0,0,1629,de GER,MF,de Bundesliga,17,2008,26,1281,49,41.9,14.2,16,67,4,10,21,4,2.58,50,14,+36,2.53,0.0,1328,de GER,MF,de Bundesliga,17,2008,14.2,1,0,0,5,11,4,29,11,15,0
222855,2025-12-23,4000000,Udinese Calcio,410,IT1,Jesper Karlström,1329,se SWE,MF,Udinese,it Serie A,30.0,1995,36,36,3146,35.0,1,0,1,1,0,0,6,0,0.03,,,,,,,,,,,,,,,,,,,,,,,,,1329,se SWE,MF,it Serie A,30,1995,35.0,1,20,3,15.0,0.57,0.09,0.05,0.33,0,0,1631,se SWE,MF,it Serie A,30,1995,36,3146,87,92.0,35.0,36,87,29,0,,0,1.28,39,45,-6,-0.17,-1.16,1329,se SWE,MF,it Serie A,30,1995,35.0,6,0,0,42,30,1,15,37,34,0
711382,2024-06-24,2500000,FC Andorra,681,ES1,Jon Karrikaburu,1330,es ESP,FW,Real Sociedad,es La Liga,22.0,2002,7,0,135,1.5,0,0,0,0,0,0,0,0,0.0,,,,,,,,,,,,,,,,,,,,,,,,,1330,es ESP,FW,es La Liga,22,2002,1.5,0,7,2,28.6,4.67,1.33,0.0,0.0,0,0,1632,es ESP,FW,es La Liga,22,2002,7,135,19,3.9,1.5,0,,0,7,19,19,0.14,1,3,-2,-1.33,-1.33,1330,es ESP,FW,es La Liga,22,2002,1.5,0,0,0,3,4,2,1,0,2,0
298635,2024-06-05,1800000,US Salernitana 1919,10586,,Grigoris Kastanos,1331,cy CYP,MF,Hellas Verona,it Serie A,27.0,1998,6,0,44,0.5,0,0,0,0,0,0,0,0,0.0,,,,,,,,,,,,,,,,,,,,,,,,,1331,cy CYP,MF,it Serie A,27,1998,0.5,0,1,0,0.0,2.05,0.0,0.0,,0,0,1633,cy CYP,MF,it Serie A,27,1998,6,44,7,1.3,0.5,0,,0,6,7,11,0.67,0,2,-2,-4.09,-3.18,1331,cy CYP,MF,it Serie A,27,1998,0.5,0,0,0,3,1,0,2,3,3,0
816308,2024-06-03,2500000,FC Lorient,1158,FR1,Panos Katseris,1333,gr GRE,"MF,DF",Lorient,fr Ligue 1,24.0,2001,16,8,747,8.3,1,2,3,1,0,0,3,0,0.36,,,,,,,,,,,,,,,,,,,,,,,,,1333,gr GRE,"MF,DF",fr Ligue 1,24,2001,8.3,1,7,4,57.1,0.84,0.48,0.14,0.25,0,0,1635,gr GRE,"MF,DF",fr Ligue 1,24,2001,16,747,47,24.4,8.3,8,75,2,8,18,0,1.25,13,9,+4,0.48,0.75,1333,gr GRE,"MF,DF",fr Ligue 1,24,2001,8.3,3,0,0,13,14,2,43,11,9,0
545332,2025-12-19,1800000,1.FC Heidenheim 1846,2036,L1,Mikkel Kaufmann,1334,dk DEN,FW,Heidenheim,de Bundesliga,24.0,2001,16,6,537,6.0,1,1,2,1,0,0,2,0,0.34,,,,,,,,,,,,,,,,,,,,,,,,,1334,dk DEN,FW,de Bundesliga,24,2001,6.0,1,11,3,27.3,1.84,0.5,0.09,0.33,0,0,1638,dk DEN,FW,de Bundesliga,24,2001,16,537,34,17.5,6.0,6,63,0,10,16,1,0.5,3,10,-7,-1.17,-0.32,1334,dk DEN,FW,de Bundesliga,24,2001,6.0,2,0,0,14,13,1,1,1,2,0
823486,2024-06-05,25000000,ACF Fiorentina,1148,GB1,Michael Kayode,1336,it ITA,DF,Brentford,eng Premier League,21.0,2004,37,37,3258,36.2,1,1,2,1,0,0,8,0,0.06,,,,,,,,,,,,,,,,,,,,,,,,,1336,it ITA,DF,eng Premier League,21,2004,36.2,1,9,3,33.3,0.25,0.08,0.11,0.33,0,0,1641,it ITA,DF,eng Premier League,21,2004,37,3258,88,95.3,36.2,37,88,31,0,,0,1.43,54,49,+5,0.14,1.25,1336,it ITA,DF,eng Premier League,21,2004,36.2,8,0,0,26,50,1,56,39,47,1
364135,2025-12-23,45000000,ACF Fiorentina,430,IT1,Moise Kean,1337,it ITA,FW,Fiorentina,it Serie A,25.0,2000,26,23,2036,22.6,8,1,9,6,2,2,4,0,0.31,,,,,,,,,,,,,,,,,,,,,,,,,1337,it ITA,FW,it Serie A,25,2000,22.6,8,98,27,27.6,4.33,1.19,0.06,0.22,2,2,1642,it ITA,FW,it Serie A,25,2000,26,2036,78,59.5,22.6,23,86,15,3,19,1,0.92,24,32,-8,-0.35,-0.29,1337,it ITA,FW,it Serie A,25,2000,22.6,4,0,0,29,44,30,7,7,4,0
118534,2025-12-09,4000000,Everton FC,29,GB1,Michael Keane,1338,eng ENG,DF,Everton,eng Premier League,32.0,1993,33,29,2591,28.8,3,1,4,3,0,0,1,1,0.14,,,,,,,,,,,,,,,,,,,,,,,,,1338,eng ENG,DF,eng Premier League,32,1993,28.8,3,27,7,25.9,0.94,0.24,0.11,0.43,0,0,1643,eng ENG,DF,eng Premier League,32,1993,33,2591,79,75.8,28.8,29,89,27,4,4,1,1.15,31,42,-11,-0.38,-1.25,1338,eng ENG,DF,eng Premier League,32,1993,28.8,1,1,0,16,6,0,1,37,24,0
739769,2023-06-16,2000000,Paris FC,10004,FR1,Ilan Kebbal,1339,dz ALG,"MF,FW",Paris FC,fr Ligue 1,27.0,1998,29,26,2222,24.7,9,4,13,6,3,4,7,0,0.41,,,,,,,,,,,,,,,,,,,,,,,,,1339,dz ALG,"MF,FW",fr Ligue 1,27,1998,24.7,9,49,20,40.8,1.98,0.81,0.12,0.3,3,4,1644,dz ALG,"MF,FW",fr Ligue 1,27,1998,29,2222,77,72.6,24.7,26,83,14,3,22,1,1.24,34,38,-4,-0.16,-0.27,1339,dz ALG,"MF,FW",fr Ligue 1,27,1998,24.7,7,0,0,15,61,3,110,7,15,0
667967,2025-12-15,5000000,Le Havre AC,738,FR1,Yassine Kechta,1340,ma MAR,MF,Le Havre,fr Ligue 1,23.0,2002,30,14,1332,14.8,2,1,3,2,0,0,3,0,0.2,,,,,,,,,,,,,,,,,,,,,,,,,1340,ma MAR,MF,fr Ligue 1,23,2002,14.8,2,21,9,42.9,1.42,0.61,0.1,0.22,0,0,1645,ma MAR,MF,fr Ligue 1,23,2002,30,1332,44,43.5,14.8,14,73,1,16,19,3,1.07,18,22,-4,-0.27,0.15,1340,ma MAR,MF,fr Ligue 1,23,2002,14.8,3,0,0,35,16,3,26,18,18,0
228948,2025-12-15,18000000,AS Monaco,162,FR1,Thilo Kehrer,1341,de GER,DF,Monaco,fr Ligue 1,28.0,1996,28,28,2353,26.1,0,0,0,0,0,0,8,2,0.0,,,,,,,,,,,,,,,,,,,,,,,,,1341,de GER,DF,fr Ligue 1,28,1996,26.1,0,16,1,6.3,0.61,0.04,0.0,0.0,0,0,1646,de GER,DF,fr Ligue 1,28,1996,28,2353,84,76.9,26.1,28,84,23,0,,3,1.68,47,35,+12,0.46,1.22,1341,de GER,DF,fr Ligue 1,28,1996,26.1,8,2,1,27,29,2,5,31,39,0
707844,2025-12-23,12000000,Parma Calcio 1913,130,IT1,Mandela Keita,1342,be BEL,MF,Parma,it Serie A,23.0,2002,37,36,2979,33.1,1,1,2,1,0,0,1,0,0.06,,,,,,,,,,,,,,,,,,,,,,,,,1342,be BEL,MF,it Serie A,23,2002,33.1,1,16,5,31.3,0.48,0.15,0.06,0.2,0,0,1647,be BEL,MF,it Serie A,23,2002,37,2979,81,87.1,33.1,36,83,19,1,6,0,1.22,19,37,-18,-0.54,-0.54,1342,be BEL,MF,it Serie A,23,2002,33.1,1,0,0,30,57,0,2,43,48,1
342039,2025-12-19,2000000,VfB Stuttgart,167,L1,Yannik Keitel,1343,de GER,"MF,DF",Augsburg,de Bundesliga,25.0,2000,6,2,248,2.8,0,0,0,0,0,0,2,0,0.0,,,,,,,,,,,,,,,,,,,,,,,,,1343,de GER,"MF,DF",de Bundesliga,25,2000,2.8,0,0,0,,0.0,0.0,,,0,0,1648,de GER,"MF,DF",de Bundesliga,25,2000,6,248,41,8.1,2.8,2,58,0,4,33,4,2.17,8,6,+2,0.73,1.3,1343,de GER,"MF,DF",de Bundesliga,25,2000,2.8,2,0,0,3,2,0,0,2,4,0
340918,2025-12-09,22000000,Brentford FC,1148,GB1,Caoimhín Kelleher,1344,ie IRL,GK,Brentford,eng Premier League,26.0,1998,37,37,3330,37.0,0,0,0,0,0,0,1,0,0.0,80,ie IRL,GK,eng Premier League,26,1998,37,37,3330,37.0,49,1.32,146,105,69.9,13,11,13,10,27.0,8,5,3,0,1344,ie IRL,GK,eng Premier League,26,1998,37.0,0,0,0,,0.0,0.0,,,0,0,1649,ie IRL,GK,eng Premier League,26,1998,37,3330,90,97.4,37.0,37,90,37,0,,0,1.35,51,49,+2,0.05,-0.95,1344,ie IRL,GK,eng Premier League,26,1998,37.0,1,0,0,3,6,0,0,1,0,0
485747,2025-12-19,600000,1.FC Heidenheim 1846,2036,L1,Thomas Keller,1345,de GER,DF,Heidenheim,de Bundesliga,25.0,1999,4,3,188,2.1,0,0,0,0,0,0,1,0,0.0,,,,,,,,,,,,,,,,,,,,,,,,,1345,de GER,DF,de Bundesliga,25,1999,2.1,0,2,0,0.0,0.96,0.0,0.0,,0,0,1650,de GER,DF,de Bundesliga,25,1999,4,188,47,6.1,2.1,3,60,1,1,8,4,1.5,2,3,-1,-0.48,0.46,1345,de GER,DF,de Bundesliga,25,1999,2.1,1,0,0,3,2,0,1,0,1,0
480116,2025-12-23,20000000,Juventus FC,506,IT1,Lloyd Kelly,1346,eng ENG,DF,Juventus,it Serie A,26.0,1998,35,33,2996,33.3,1,1,2,1,0,0,4,0,0.06,,,,,,,,,,,,,,,,,,,,,,,,,1346,eng ENG,DF,it Serie A,26,1998,33.3,1,17,3,17.6,0.51,0.09,0.06,0.33,0,0,1651,eng ENG,DF,it Serie A,26,1998,35,2996,86,87.6,33.3,33,89,30,2,30,0,1.77,55,30,+25,0.75,0.33,1346,eng ENG,DF,it Serie A,26,1998,33.3,4,0,0,43,20,4,12,14,33,0
692737,2025-12-19,9000000,1.FC Union Berlin,89,L1,Aljoscha Kemlein,1347,de GER,MF,Union Berlin,de Bundesliga,20.0,2004,30,23,1959,21.8,0,2,2,0,0,0,4,0,0.09,,,,,,,,,,,,,,,,,,,,,,,,,1347,de GER,MF,de Bundesliga,20,2004,21.8,0,17,2,11.8,0.78,0.09,0.0,0.0,0,0,1652,de GER,MF,de Bundesliga,20,2004,30,1959,65,64.0,21.8,23,79,8,7,20,4,1.13,28,31,-3,-0.14,0.76,1347,de GER,MF,de Bundesliga,20,2004,21.8,4,0,0,22,11,0,9,18,25,0
809498,2025-12-19,2000000,1.FC Heidenheim 1846,2036,L1,Luca Kerber,1349,de GER,MF,Heidenheim,de Bundesliga,23.0,2002,18,8,682,7.6,2,0,2,2,0,0,3,0,0.26,,,,,,,,,,,,,,,,,,,,,,,,,1349,de GER,MF,de Bundesliga,23,2002,7.6,2,9,3,33.3,1.19,0.4,0.22,0.67,0,0,1654,de GER,MF,de Bundesliga,23,2002,18,682,38,22.3,7.6,8,71,2,10,12,14,1.0,5,18,-13,-1.72,-1.03,1349,de GER,MF,de Bundesliga,23,2002,7.6,3,0,0,12,6,1,4,3,11,0
730861,2025-12-09,40000000,Liverpool FC,31,GB1,Milos Kerkez,1350,hu HUN,DF,Liverpool,eng Premier League,21.0,2003,34,27,2257,25.1,2,1,3,2,0,0,4,0,0.12,,,,,,,,,,,,,,,,,,,,,,,,,1350,hu HUN,DF,eng Premier League,21,2003,25.1,2,9,2,22.2,0.36,0.08,0.22,1.0,0,0,1656,hu HUN,DF,eng Premier League,21,2003,34,2257,66,66.0,25.1,27,79,15,7,16,4,1.47,41,36,+5,0.2,-0.19,1350,hu HUN,DF,eng Premier League,21,2003,25.1,4,0,0,22,30,4,79,15,26,0
900195,2025-12-09,30000000,Fulham FC,931,GB1,Kevin,1351,br BRA,MF,Fulham,eng Premier League,22.0,2003,26,9,1041,11.6,1,1,2,1,0,0,1,0,0.17,,,,,,,,,,,,,,,,,,,,,,,,,1351,br BRA,MF,eng Premier League,22,2003,11.6,1,25,10,40.0,2.16,0.86,0.04,0.1,0,0,1657,br BRA,MF,eng Premier League,22,2003,26,1041,40,30.4,11.6,9,68,0,17,25,1,1.38,13,14,-1,-0.09,0.03,1351,br BRA,MF,eng Premier League,22,2003,11.6,1,0,0,14,17,3,43,9,10,0
405686,2024-06-03,3000000,Stade Reims,738,FR1,Reda Khadra,1352,de GER,FW,Le Havre,fr Ligue 1,24.0,2001,8,1,229,2.5,0,0,0,0,0,0,0,0,0.0,,,,,,,,,,,,,,,,,,,,,,,,,1352,de GER,FW,fr Ligue 1,24,2001,2.5,0,6,3,50.0,2.36,1.18,0.0,0.0,0,0,1658,de GER,FW,fr Ligue 1,24,2001,8,229,29,7.5,2.5,1,84,0,7,21,7,0.38,2,5,-3,-1.18,-0.89,1352,de GER,FW,fr Ligue 1,24,2001,2.5,0,0,0,4,1,0,20,0,4,0
654982,2024-06-04,30000000,KRC Genk,79,L1,Bilal El Khannouss,1353,ma MAR,"MF,FW",Stuttgart,de Bundesliga,21.0,2004,25,19,1630,18.1,4,5,9,4,0,0,6,0,0.5,,,,,,,,,,,,,,,,,,,,,,,,,1353,ma MAR,"MF,FW",de Bundesliga,21,2004,18.1,4,42,15,35.7,2.32,0.83,0.1,0.27,0,0,1660,ma MAR,"MF,FW",de Bundesliga,21,2004,25,1630,65,53.3,18.1,19,80,7,6,18,2,1.84,33,30,+3,0.17,-1.03,1353,ma MAR,"MF,FW",de Bundesliga,21,2004,18.1,6,0,0,19,9,1,65,10,21,0
124410,2025-12-19,2000000,1.FC Union Berlin,89,L1,Rani Khedira,1354,tn TUN,MF,Union Berlin,de Bundesliga,31.0,1994,32,32,2830,31.4,5,1,6,5,0,0,7,0,0.19,,,,,,,,,,,,,,,,,,,,,,,,,1354,tn TUN,MF,de Bundesliga,31,1994,31.4,5,23,10,43.5,0.73,0.32,0.22,0.5,0,0,1661,tn TUN,MF,de Bundesliga,31,1994,32,2830,88,92.5,31.4,32,88,27,0,,0,1.13,36,53,-17,-0.54,-1.71,1354,tn TUN,MF,de Bundesliga,31,1994,31.4,7,0,0,52,18,2,26,37,35,0
763079,2025-12-09,35000000,Manchester City,281,GB1,Abdukodir Khusanov,1355,uz UZB,DF,Manchester City,eng Premier League,21.0,2004,21,15,1432,15.9,0,0,0,0,0,0,2,0,0.0,,,,,,,,,,,,,,,,,,,,,,,,,1355,uz UZB,DF,eng Premier League,21,2004,15.9,0,7,1,14.3,0.44,0.06,0.0,0.0,0,0,1662,uz UZB,DF,eng Premier League,21,2004,21,1432,68,41.9,15.9,15,85,12,6,27,9,1.95,25,13,+12,0.75,-0.6,1355,uz UZB,DF,eng Premier League,21,2004,15.9,2,0,0,14,6,0,3,29,20,0
1259870,2025-12-21,2000000,FC Bayern Munich U19 ,1462,,Cassiano Kiala,1356,de GER,DF,Bayern Munich,de Bundesliga,16.0,2009,1,0,1,0.0,0,0,0,0,0,0,0,0,0.0,,,,,,,,,,,,,,,,,,,,,,,,,1356,de GER,DF,de Bundesliga,16,2009,0.0,0,0,0,,0.0,0.0,,,0,0,1663,de GER,DF,de Bundesliga,16,2009,1,1,1,0.0,0.0,0,,0,1,1,8,3.0,1,0,+1,90.0,87.5,1356,de GER,DF,de Bundesliga,16,2009,0.0,0,0,0,0,0,0,0,0,0,0
875334,2025-12-23,10000000,Cagliari Calcio,1390,IT1,Semih Kılıçsoy,1359,tr TUR,FW,Cagliari,it Serie A,19.0,2005,22,11,975,10.8,4,0,4,4,0,0,1,0,0.37,,,,,,,,,,,,,,,,,,,,,,,,,1359,tr TUR,FW,it Serie A,19,2005,10.8,4,17,8,47.1,1.57,0.74,0.24,0.5,0,0,1666,tr TUR,FW,it Serie A,19,2005,22,975,44,28.5,10.8,11,72,1,11,16,15,1.05,10,15,-5,-0.46,-0.17,1359,tr TUR,FW,it Serie A,19,2005,10.8,1,0,0,14,15,2,1,1,4,0
161056,2025-12-19,40000000,Bayern Munich,27,L1,Joshua Kimmich,1361,de GER,MF,Bayern Munich,de Bundesliga,30.0,1995,29,24,2280,25.3,2,8,10,2,0,0,4,0,0.39,,,,,,,,,,,,,,,,,,,,,,,,,1361,de GER,MF,de Bundesliga,30,1995,25.3,2,28,10,35.7,1.11,0.39,0.07,0.2,0,0,1668,de GER,MF,de Bundesliga,30,1995,29,2280,79,74.5,25.3,24,88,19,5,36,1,2.55,89,25,+64,2.53,-0.01,1361,de GER,MF,de Bundesliga,30,1995,25.3,4,0,0,8,21,0,126,24,26,0
91059,2025-12-18,1500000,Al-Khaleej FC,6070,SA1,Joshua King,1362,eng ENG,MF,Fulham,eng Premier League,18.0,2007,32,15,1308,14.5,1,2,3,1,0,0,4,0,0.21,,,,,,,,,,,,,,,,,,,,,,,,,1362,eng ENG,MF,eng Premier League,18,2007,14.5,1,26,11,42.3,1.79,0.76,0.04,0.09,0,0,1670,eng ENG,MF,eng Premier League,18,2007,32,1308,41,38.2,14.5,15,65,0,17,19,3,1.38,14,18,-4,-0.28,-0.28,1362,eng ENG,MF,eng Premier League,18,2007,14.5,4,0,0,13,30,3,12,3,12,0
725912,2025-12-09,13000000,Tottenham Hotspur,148,GB1,Antonín Kinský,1363,cz CZE,GK,Tottenham Hotspur,eng Premier League,22.0,2003,7,7,630,7.0,0,0,0,0,0,0,1,0,0.0,81,cz CZE,GK,eng Premier League,22,2003,7,7,630,7.0,7,1.0,16,10,62.5,3,2,2,2,28.6,1,1,0,0,1363,cz CZE,GK,eng Premier League,22,2003,7.0,0,0,0,,0.0,0.0,,,0,0,1672,cz CZE,GK,eng Premier League,22,2003,7,630,90,18.4,7.0,7,90,7,0,,30,1.57,8,7,+1,0.14,0.47,1363,cz CZE,GK,eng Premier League,22,2003,7.0,1,0,0,0,1,0,0,0,0,0
161057,2025-12-19,350000,1.FC Union Berlin,89,L1,Carl Klaus,1364,de GER,GK,Union Berlin,de Bundesliga,31.0,1994,4,3,330,3.7,0,0,0,0,0,0,0,0,0.0,82,de GER,GK,de Bundesliga,31,1994,4,3,330,3.7,4,1.09,13,9,69.2,2,1,0,1,33.3,0,0,0,0,1364,de GER,GK,de Bundesliga,31,1994,3.7,0,0,0,,0.0,0.0,,,0,0,1677,de GER,GK,de Bundesliga,31,1994,4,330,83,10.8,3.7,3,90,3,1,60,6,1.75,10,4,+6,1.64,2.3,1364,de GER,GK,de Bundesliga,31,1994,3.7,0,0,0,0,0,0,0,0,0,0
193033,2025-12-19,12000000,Borussia Mönchengladbach,18,L1,Tim Kleindienst,1365,de GER,FW,Gladbach,de Bundesliga,29.0,1995,3,0,7,0.1,0,0,0,0,0,0,0,0,0.0,,,,,,,,,,,,,,,,,,,,,,,,,1365,de GER,FW,de Bundesliga,29,1995,0.1,0,0,0,,0.0,0.0,,,0,0,1679,de GER,FW,de Bundesliga,29,1995,3,7,2,0.2,0.1,0,,0,3,2,0,2.33,1,0,+1,12.86,13.21,1365,de GER,FW,de Bundesliga,29,1995,0.1,0,0,0,1,0,1,0,1,1,0
215599,2025-12-19,3500000,RB Leipzig,23826,L1,Lukas Klostermann,1366,de GER,DF,RB Leipzig,de Bundesliga,29.0,1996,5,1,95,1.1,0,1,1,0,0,0,0,0,0.95,,,,,,,,,,,,,,,,,,,,,,,,,1366,de GER,DF,de Bundesliga,29,1996,1.1,0,2,1,50.0,1.89,0.95,0.0,0.0,0,0,1681,de GER,DF,de Bundesliga,29,1996,5,95,19,3.1,1.1,1,89,0,4,2,16,2.0,3,1,+2,1.89,1.38,1366,de GER,DF,de Bundesliga,29,1996,1.1,0,0,0,0,0,0,0,1,0,0
330659,2025-12-09,32000000,AFC Bournemouth,989,GB1,Justin Kluivert,1367,nl NED,MF,Bournemouth,eng Premier League,26.0,1999,20,10,952,10.6,2,0,2,2,0,0,5,0,0.19,,,,,,,,,,,,,,,,,,,,,,,,,1367,nl NED,MF,eng Premier League,26,1999,10.6,2,17,4,23.5,1.61,0.38,0.12,0.5,0,0,1682,nl NED,MF,eng Premier League,26,1999,20,952,48,27.8,10.6,10,72,0,10,23,1,1.2,16,19,-3,-0.28,-0.54,1367,nl NED,MF,eng Premier League,26,1999,10.6,5,0,0,18,10,1,40,4,7,0
578421,2023-06-23,500000,FC Utrecht,1041,FR1,Ruben Kluivert,1368,nl NED,DF,Lyon,fr Ligue 1,24.0,2001,16,9,772,8.6,1,2,3,1,0,0,4,0,0.35,,,,,,,,,,,,,,,,,,,,,,,,,1368,nl NED,DF,fr Ligue 1,24,2001,8.6,1,2,1,50.0,0.23,0.12,0.5,1.0,0,0,1683,nl NED,DF,fr Ligue 1,24,2001,16,772,48,25.2,8.6,9,81,6,7,6,8,2.06,18,19,-1,-0.12,-0.67,1368,nl NED,DF,fr Ligue 1,24,2001,8.6,4,0,0,10,4,0,1,8,10,0
429874,2025-12-19,15000000,Eintracht Frankfurt,24,L1,Ansgar Knauff,1369,de GER,"MF,FW",Eintracht Frankfurt,de Bundesliga,23.0,2002,28,12,1326,14.7,4,1,5,4,0,0,3,0,0.34,,,,,,,,,,,,,,,,,,,,,,,,,1369,de GER,"MF,FW",de Bundesliga,23,2002,14.7,4,34,14,41.2,2.31,0.95,0.12,0.29,0,0,1684,de GER,"MF,FW",de Bundesliga,23,2002,28,1326,47,43.3,14.7,12,75,1,16,27,0,1.29,29,26,+3,0.2,0.57,1369,de GER,"MF,FW",de Bundesliga,23,2002,14.7,3,0,0,26,12,7,39,9,10,0
978668,2025-12-09,100000,Brighton & Hove Albion U21,39336,,Joe Knight,1370,eng ENG,MF,Brighton,eng Premier League,19.0,2005,1,0,1,0.0,0,0,0,0,0,0,0,0,0.0,,,,,,,,,,,,,,,,,,,,,,,,,1370,eng ENG,MF,eng Premier League,19,2005,0.0,0,0,0,,0.0,0.0,,,0,0,1685,eng ENG,MF,eng Premier League,19,2005,1,1,1,0.0,0.0,0,,0,1,1,4,3.0,0,0,0,0.0,-0.16,1370,eng ENG,MF,eng Premier League,19,2005,0.0,0,0,0,0,0,0,0,0,0,0
257814,2025-12-19,40000000,Borussia Dortmund,16,L1,Gregor Kobel,1371,ch SUI,GK,Dortmund,de Bundesliga,27.0,1997,34,34,3060,34.0,0,0,0,0,0,0,3,0,0.0,83,ch SUI,GK,de Bundesliga,27,1997,34,34,3060,34.0,34,1.0,117,88,75.2,22,7,5,15,44.1,5,5,0,0,1371,ch SUI,GK,de Bundesliga,27,1997,34.0,0,0,0,,0.0,0.0,,,0,0,1687,ch SUI,GK,de Bundesliga,27,1997,34,3060,90,100.0,34.0,34,90,34,0,,0,2.15,70,34,+36,1.06,,1371,ch SUI,GK,de Bundesliga,27,1997,34.0,3,0,0,0,5,0,0,0,0,0
328784,2025-12-19,15000000,Eintracht Frankfurt,24,L1,Robin Koch,1372,de GER,DF,Eintracht Frankfurt,de Bundesliga,29.0,1996,32,32,2833,31.5,3,1,4,3,0,0,3,1,0.13,,,,,,,,,,,,,,,,,,,,,,,,,1372,de GER,DF,de Bundesliga,29,1996,31.5,3,15,5,33.3,0.48,0.16,0.2,0.6,0,0,1688,de GER,DF,de Bundesliga,29,1996,32,2833,89,92.6,31.5,32,89,30,0,,0,1.38,57,60,-3,-0.1,0.3,1372,de GER,DF,de Bundesliga,29,1996,31.5,3,1,1,31,13,0,2,47,27,0
415383,2025-12-15,3000000,Angers SCO,1420,FR1,Hervé Koffi,1374,bf BFA,GK,Angers,fr Ligue 1,28.0,1996,30,30,2658,29.5,0,0,0,0,0,0,1,0,0.0,84,bf BFA,GK,fr Ligue 1,28,1996,30,30,2658,29.5,36,1.22,152,120,78.3,9,9,12,10,33.3,6,3,2,1,1374,bf BFA,GK,fr Ligue 1,28,1996,29.5,0,0,0,,0.0,0.0,,,0,0,1691,bf BFA,GK,fr Ligue 1,28,1996,30,2658,89,86.9,29.5,30,89,29,0,,0,1.2,25,36,-11,-0.37,1.42,1374,bf BFA,GK,fr Ligue 1,28,1996,29.5,1,0,0,1,11,0,0,0,2,0
391780,2025-12-19,4000000,1.FC Union Berlin,89,L1,Derrick Köhn,1376,gh GHA,"MF,DF",Union Berlin,de Bundesliga,26.0,1999,29,21,1899,21.1,1,2,3,0,1,1,5,1,0.09,,,,,,,,,,,,,,,,,,,,,,,,,1376,gh GHA,"MF,DF",de Bundesliga,26,1999,21.1,1,28,5,17.9,1.33,0.24,0.0,0.0,1,1,1693,gh GHA,"MF,DF",de Bundesliga,26,1999,29,1899,65,62.1,21.1,21,82,10,8,21,2,1.17,25,32,-7,-0.33,0.21,1376,gh GHA,"MF,DF",de Bundesliga,26,1999,21.1,5,1,0,33,16,6,114,8,22,0
251322,2025-12-15,4000000,AS Monaco,162,FR1,Philipp Köhn,1377,ch SUI,GK,Monaco,fr Ligue 1,27.0,1998,19,17,1621,18.0,0,0,0,0,0,0,1,0,0.0,85,ch SUI,GK,fr Ligue 1,27,1998,19,17,1621,18.0,27,1.5,73,48,65.8,9,4,4,5,29.4,2,2,0,0,1377,ch SUI,GK,fr Ligue 1,27,1998,18.0,0,0,0,,0.0,0.0,,,0,0,1694,ch SUI,GK,fr Ligue 1,27,1998,19,1621,85,53.0,18.0,17,90,17,2,46,15,1.79,36,27,+9,0.5,0.69,1377,ch SUI,GK,fr Ligue 1,27,1998,18.0,1,0,0,0,3,0,0,1,0,0
118847,2025-12-19,2000000,1.FSV Mainz 05,39,L1,Dominik Kohr,1378,de GER,DF,Mainz 05,de Bundesliga,31.0,1994,29,28,2338,26.0,2,0,2,2,0,0,11,2,0.08,,,,,,,,,,,,,,,,,,,,,,,,,1378,de GER,DF,de Bundesliga,31,1994,26.0,2,15,4,26.7,0.58,0.15,0.13,0.5,0,0,1695,de GER,DF,de Bundesliga,31,1994,29,2338,81,76.4,26.0,28,83,19,1,15,0,1.24,35,40,-5,-0.19,0.31,1378,de GER,DF,de Bundesliga,31,1994,26.0,11,2,1,40,43,1,17,44,35,0
74229,2025-12-12,7000000,Atlético de Madrid,13,ES1,Koke,1379,es ESP,MF,Atlético Madrid,es La Liga,33.0,1992,34,24,2219,24.7,2,2,4,2,0,0,6,0,0.16,,,,,,,,,,,,,,,,,,,,,,,,,1379,es ESP,MF,es La Liga,33,1992,24.7,2,14,4,28.6,0.57,0.16,0.14,0.5,0,0,1696,es ESP,MF,es La Liga,33,1992,34,2219,65,64.9,24.7,24,79,14,10,32,2,2.0,43,28,+15,0.61,0.38,1379,es ESP,MF,es La Liga,33,1992,24.7,6,0,0,21,22,0,44,19,30,0
745461,2024-05-27,7000000,Burnley FC,10004,FR1,Luca Koleosho,1381,it ITA,MF,Paris FC,fr Ligue 1,20.0,2004,16,3,554,6.2,3,1,4,3,0,0,0,0,0.65,,,,,,,,,,,,,,,,,,,,,,,,,1381,it ITA,MF,fr Ligue 1,20,2004,6.2,3,17,10,58.8,2.76,1.62,0.18,0.3,0,0,1698,it ITA,MF,fr Ligue 1,20,2004,16,554,35,18.1,6.2,3,80,1,13,24,1,1.56,13,9,+4,0.65,0.9,1381,it ITA,MF,fr Ligue 1,20,2004,6.2,0,0,0,10,4,1,15,3,15,0
745461,2024-05-27,7000000,Burnley FC,10004,FR1,Luca Koleosho,1382,it ITA,MF,Espanyol,es La Liga,20.0,2004,3,0,63,0.7,0,0,0,0,0,0,0,0,0.0,,,,,,,,,,,,,,,,,,,,,,,,,1382,it ITA,MF,es La Liga,20,2004,0.7,0,1,0,0.0,1.43,0.0,0.0,,0,0,1699,it ITA,MF,es La Liga,20,2004,3,63,21,1.8,0.7,0,,0,3,21,12,1.0,0,0,0,0.0,0.32,1382,it ITA,MF,es La Liga,20,2004,0.7,0,0,0,3,0,0,5,1,1,0
487969,2025-12-09,25000000,Tottenham Hotspur,148,GB1,Randal Kolo Muani,1384,fr FRA,"FW,MF",Tottenham Hotspur,eng Premier League,26.0,1998,30,21,1664,18.5,1,1,2,1,0,0,3,0,0.11,,,,,,,,,,,,,,,,,,,,,,,,,1384,fr FRA,"FW,MF",eng Premier League,26,1998,18.5,1,20,4,20.0,1.08,0.22,0.05,0.25,0,0,1702,fr FRA,"FW,MF",eng Premier League,26,1998,30,1664,55,48.7,18.5,21,69,4,9,25,2,0.87,17,31,-14,-0.76,-1.01,1384,fr FRA,"FW,MF",eng Premier League,26,1998,18.5,3,0,0,41,17,3,18,2,16,0
84085,2023-06-22,400000,FC Schalke 04,10004,FR1,Timothée Kolodziejczak,1385,fr FRA,DF,Paris FC,fr Ligue 1,33.0,1991,11,7,662,7.4,0,0,0,0,0,0,2,0,0.0,,,,,,,,,,,,,,,,,,,,,,,,,1385,fr FRA,DF,fr Ligue 1,33,1991,7.4,0,1,1,100.0,0.14,0.14,0.0,0.0,0,0,1703,fr FRA,DF,fr Ligue 1,33,1991,11,662,60,21.6,7.4,7,89,6,4,10,16,1.18,6,14,-8,-1.09,-1.28,1385,fr FRA,DF,fr Ligue 1,33,1991,7.4,2,0,0,8,1,0,0,7,6,0
777005,2025-12-19,12000000,FC Augsburg,167,L1,Mert Kömür,1386,de GER,"MF,FW",Augsburg,de Bundesliga,20.0,2005,28,17,1464,16.3,2,4,6,2,0,0,1,0,0.37,,,,,,,,,,,,,,,,,,,,,,,,,1386,de GER,"MF,FW",de Bundesliga,20,2005,16.3,2,41,16,39.0,2.52,0.98,0.05,0.13,0,0,1704,de GER,"MF,FW",de Bundesliga,20,2005,28,1464,52,47.8,16.3,17,74,6,11,19,5,1.25,21,28,-7,-0.43,0.08,1386,de GER,"MF,FW",de Bundesliga,20,2005,16.3,1,0,0,26,18,2,60,8,13,0
357119,2024-05-27,45000000,Liverpool FC,31,GB1,Ibrahima Konaté,1387,fr FRA,DF,Liverpool,eng Premier League,26.0,1999,36,36,3090,34.3,1,0,1,1,0,0,7,0,0.03,,,,,,,,,,,,,,,,,,,,,,,,,1387,fr FRA,DF,eng Premier League,26,1999,34.3,1,12,4,33.3,0.35,0.12,0.08,0.25,0,0,1707,fr FRA,DF,eng Premier League,26,1999,36,3090,86,90.4,34.3,36,86,26,0,,1,1.64,55,45,+10,0.29,0.29,1387,fr FRA,DF,eng Premier League,26,1999,34.3,7,0,0,33,41,0,3,28,31,0
127189,2025-12-15,5000000,Olympique Marseille,244,FR1,Geoffrey Kondogbia,1389,cf CTA,"MF,DF",Marseille,fr Ligue 1,32.0,1993,10,9,587,6.5,0,0,0,0,0,0,3,0,0.0,,,,,,,,,,,,,,,,,,,,,,,,,1389,cf CTA,"MF,DF",fr Ligue 1,32,1993,6.5,0,4,1,25.0,0.61,0.15,0.0,0.0,0,0,1709,cf CTA,"MF,DF",fr Ligue 1,32,1993,10,587,59,19.2,6.5,9,64,0,1,14,7,1.9,11,6,+5,0.77,0.29,1389,cf CTA,"MF,DF",fr Ligue 1,32,1993,6.5,3,0,0,12,8,0,1,11,9,0
921655,2025-12-23,14000000,US Sassuolo,6574,IT1,Ismaël Koné,1390,ca CAN,MF,Sassuolo,it Serie A,23.0,2002,35,33,2737,30.4,6,0,6,6,0,0,5,1,0.2,,,,,,,,,,,,,,,,,,,,,,,,,1390,ca CAN,MF,it Serie A,23,2002,30.4,6,23,10,43.5,0.76,0.33,0.26,0.6,0,0,1710,ca CAN,MF,it Serie A,23,2002,35,2737,78,80.0,30.4,33,81,11,2,30,1,1.37,37,39,-2,-0.07,0.2,1390,ca CAN,MF,it Serie A,23,2002,30.4,5,1,1,25,54,0,5,12,18,0
624690,2025-12-23,50000000,AS Roma,12,IT1,Manu Koné,1391,fr FRA,MF,Roma,it Serie A,24.0,2001,29,28,2456,27.3,2,3,5,2,0,0,2,0,0.18,,,,,,,,,,,,,,,,,,,,,,,,,1391,fr FRA,MF,it Serie A,24,2001,27.3,2,21,5,23.8,0.77,0.18,0.1,0.4,0,0,1712,fr FRA,MF,it Serie A,24,2001,29,2456,85,71.8,27.3,28,87,24,1,19,0,1.93,40,20,+20,0.73,-0.01,1391,fr FRA,MF,it Serie A,24,2001,27.3,2,0,0,47,53,2,1,20,27,0
413403,2025-12-09,35000000,Aston Villa,405,GB1,Ezri Konsa,1393,eng ENG,DF,Aston Villa,eng Premier League,27.0,1997,34,34,3035,33.7,0,0,0,0,0,0,0,1,0.0,,,,,,,,,,,,,,,,,,,,,,,,,1393,eng ENG,DF,eng Premier League,27,1997,33.7,0,11,2,18.2,0.33,0.06,0.0,0.0,0,0,1714,eng ENG,DF,eng Premier League,27,1997,34,3035,89,88.7,33.7,34,89,33,0,,2,1.79,52,44,+8,0.24,0.47,1393,eng ENG,DF,eng Premier League,27,1997,33.7,0,1,0,11,42,0,5,22,8,0
360518,2025-12-23,28000000,Juventus FC,506,IT1,Teun Koopmeiners,1394,nl NED,"MF,DF",Juventus,it Serie A,27.0,1998,33,18,1827,20.3,0,0,0,0,0,0,5,0,0.0,,,,,,,,,,,,,,,,,,,,,,,,,1394,nl NED,"MF,DF",it Serie A,27,1998,20.3,0,28,7,25.0,1.38,0.34,0.0,0.0,0,0,1715,nl NED,"MF,DF",it Serie A,27,1998,33,1827,55,53.4,20.3,18,82,11,15,23,4,1.7,25,22,+3,0.15,-1.21,1394,nl NED,"MF,DF",it Serie A,27,1998,20.3,5,0,0,33,11,3,47,18,13,0
644771,2025-12-23,22000000,Atalanta BC,800,IT1,Odilon Kossounou,1396,ci CIV,DF,Atalanta,it Serie A,24.0,2001,19,10,988,11.0,1,0,1,1,0,0,1,0,0.09,,,,,,,,,,,,,,,,,,,,,,,,,1396,ci CIV,DF,it Serie A,24,2001,11.0,1,5,1,20.0,0.46,0.09,0.2,1.0,0,0,1719,ci CIV,DF,it Serie A,24,2001,19,988,52,28.9,11.0,10,76,5,9,26,10,1.58,16,11,+5,0.46,0.09,1396,ci CIV,DF,it Serie A,24,2001,11.0,1,0,0,16,3,1,2,10,14,0
161011,2024-06-05,6500000,Juventus FC,506,IT1,Filip Kostić,1397,rs SRB,MF,Juventus,it Serie A,32.0,1992,18,4,479,5.3,3,1,4,3,0,0,1,0,0.75,,,,,,,,,,,,,,,,,,,,,,,,,1397,rs SRB,MF,it Serie A,32,1992,5.3,3,9,4,44.4,1.69,0.75,0.33,0.75,0,0,1720,rs SRB,MF,it Serie A,32,1992,18,479,27,14.0,5.3,4,69,0,14,15,20,2.0,12,4,+8,1.5,0.92,1397,rs SRB,MF,it Serie A,32,1992,5.3,1,0,0,8,5,0,49,4,10,0
1060087,2025-12-09,25000000,Brighton & Hove Albion,1237,GB1,Charalampos Kostoulas,1398,gr GRE,FW,Brighton,eng Premier League,18.0,2007,21,2,369,4.1,2,1,3,2,0,0,2,0,0.73,,,,,,,,,,,,,,,,,,,,,,,,,1398,gr GRE,FW,eng Premier League,18,2007,4.1,2,21,8,38.1,5.12,1.95,0.1,0.25,0,0,1722,gr GRE,FW,eng Premier League,18,2007,21,369,18,10.8,4.1,2,76,0,19,11,8,0.9,8,9,-1,-0.24,-0.45,1398,gr GRE,FW,eng Premier League,18,2007,4.1,2,0,0,7,7,4,6,1,6,0
957822,2025-12-23,2500000,ACF Fiorentina,430,IT1,Eddy Kouadio,1399,ci CIV,DF,Fiorentina,it Serie A,19.0,2006,3,0,72,0.8,0,0,0,0,0,0,0,0,0.0,,,,,,,,,,,,,,,,,,,,,,,,,1399,ci CIV,DF,it Serie A,19,2006,0.8,0,0,0,,0.0,0.0,,,0,0,1724,ci CIV,DF,it Serie A,19,2006,3,72,24,2.1,0.8,0,,0,3,24,32,0.67,0,0,0,0.0,0.24,1399,ci CIV,DF,it Serie A,19,2006,0.8,0,0,0,1,1,0,1,0,3,0
337725,2025-12-23,2500000,ACF Fiorentina,605,GR1,Christian Kouamé,1400,ci CIV,"FW,MF",Fiorentina,it Serie A,27.0,1997,2,0,27,0.3,0,0,0,0,0,0,0,0,0.0,,,,,,,,,,,,,,,,,,,,,,,,,1400,ci CIV,"FW,MF",it Serie A,27,1997,0.3,0,0,0,,0.0,0.0,,,0,0,1725,ci CIV,"FW,MF",it Serie A,27,1997,2,27,14,0.8,0.3,0,,0,2,14,5,1.5,0,0,0,0.0,0.24,1400,ci CIV,"FW,MF",it Serie A,27,1997,0.3,0,0,0,0,0,0,2,1,1,0
481513,2024-06-03,1500000,FC Metz,347,FR1,Koffi Kouao,1401,ci CIV,"DF,MF",Metz,fr Ligue 1,27.0,1998,27,27,2265,25.2,2,1,3,2,0,0,10,0,0.12,,,,,,,,,,,,,,,,,,,,,,,,,1401,ci CIV,"DF,MF",fr Ligue 1,27,1998,25.2,2,23,10,43.5,0.91,0.4,0.09,0.2,0,0,1726,ci CIV,"DF,MF",fr Ligue 1,27,1998,27,2265,84,74.0,25.2,27,84,18,0,,5,0.56,21,48,-27,-1.07,0.85,1401,ci CIV,"DF,MF",fr Ligue 1,27,1998,25.2,10,0,0,32,33,3,59,28,46,1
669380,2025-12-19,25000000,VfL Wolfsburg,82,L1,Konstantinos Koulierakis,1404,gr GRE,DF,Wolfsburg,de Bundesliga,21.0,2003,29,27,2482,27.6,4,1,5,4,0,0,5,0,0.18,,,,,,,,,,,,,,,,,,,,,,,,,1404,gr GRE,DF,de Bundesliga,21,2003,27.6,4,26,12,46.2,0.94,0.44,0.15,0.33,0,0,1729,gr GRE,DF,de Bundesliga,21,2003,29,2482,86,81.1,27.6,27,90,26,2,27,3,1.0,38,54,-16,-0.58,0.67,1404,gr GRE,DF,de Bundesliga,21,2003,27.6,5,0,0,29,13,0,20,35,25,1
411975,2024-06-07,45000000,FC Barcelona,131,ES1,Jules Koundé,1406,fr FRA,DF,Barcelona,es La Liga,26.0,1998,30,24,2261,25.1,1,3,4,1,0,0,6,0,0.16,,,,,,,,,,,,,,,,,,,,,,,,,1406,fr FRA,DF,es La Liga,26,1998,25.1,1,14,4,28.6,0.56,0.16,0.07,0.25,0,0,1731,fr FRA,DF,es La Liga,26,1998,30,2261,75,66.1,25.1,24,88,20,6,26,3,2.43,65,22,+43,1.71,0.47,1406,fr FRA,DF,es La Liga,26,1998,25.1,6,0,0,24,24,2,40,31,24,0
525140,2025-12-12,2500000,Levante UD,1420,FR1,Goduine Koyalipou,1410,cf CTA,FW,Angers,fr Ligue 1,25.0,2000,13,7,668,7.4,2,1,3,1,1,1,0,0,0.27,,,,,,,,,,,,,,,,,,,,,,,,,1410,cf CTA,FW,fr Ligue 1,25,2000,7.4,2,22,9,40.9,2.96,1.21,0.05,0.11,1,1,1736,cf CTA,FW,fr Ligue 1,25,2000,13,668,51,21.8,7.4,7,77,1,6,22,1,0.92,4,7,-3,-0.4,0.2,1410,cf CTA,FW,fr Ligue 1,25,2000,7.4,0,0,0,4,5,5,3,1,2,0
525140,2025-12-12,2500000,Levante UD,1420,FR1,Goduine Koyalipou,1411,cf CTA,FW,Levante,es La Liga,25.0,2000,11,2,247,2.7,1,0,1,1,0,0,1,0,0.36,,,,,,,,,,,,,,,,,,,,,,,,,1411,cf CTA,FW,es La Liga,25,2000,2.7,1,10,4,40.0,3.64,1.46,0.1,0.25,0,0,1737,cf CTA,FW,es La Liga,25,2000,11,247,22,7.2,2.7,2,51,0,9,16,3,0.82,2,5,-3,-1.09,-0.78,1411,cf CTA,FW,es La Liga,25,2000,2.7,1,0,0,2,1,3,1,1,3,0
184528,2025-12-09,1500000,Newcastle United,762,GB1,Emil Krafth,1412,se SWE,DF,Newcastle United,eng Premier League,30.0,1994,1,1,45,0.5,0,0,0,0,0,0,0,0,0.0,,,,,,,,,,,,,,,,,,,,,,,,,1412,se SWE,DF,eng Premier League,30,1994,0.5,0,0,0,,0.0,0.0,,,0,0,1738,se SWE,DF,eng Premier League,30,1994,1,45,45,1.3,0.5,1,45,0,0,,9,0.0,1,2,-1,-2.0,-1.97,1412,se SWE,DF,eng Premier League,30,1994,0.5,0,0,0,1,0,0,1,0,0,0
337333,2024-05-29,5000000,1.FC Union Berlin,89,L1,Alex Král,1413,cz CZE,MF,Union Berlin,de Bundesliga,27.0,1998,20,2,459,5.1,0,0,0,0,0,0,1,0,0.0,,,,,,,,,,,,,,,,,,,,,,,,,1413,cz CZE,MF,de Bundesliga,27,1998,5.1,0,7,3,42.9,1.37,0.59,0.0,0.0,0,0,1739,cz CZE,MF,de Bundesliga,27,1998,20,459,23,15.0,5.1,2,73,0,18,17,10,1.05,8,13,-5,-0.98,-0.67,1413,cz CZE,MF,de Bundesliga,27,1998,5.1,1,0,0,4,11,0,13,2,5,0
1169436,2025-12-12,400000,Girona FC,12321,ES1,Vladyslav Krapyvtsov,1415,ua UKR,GK,Girona,es La Liga,20.0,2005,2,1,136,1.5,0,0,0,0,0,0,0,0,0.0,86,ua UKR,GK,es La Liga,20,2005,2,1,136,1.5,6,3.97,9,4,44.4,0,0,1,0,0.0,1,1,0,0,1415,ua UKR,GK,es La Liga,20,2005,1.5,0,0,0,,0.0,0.0,,,0,0,1741,ua UKR,GK,es La Liga,20,2005,2,136,68,4.0,1.5,1,90,1,1,46,27,0.0,1,5,-4,-2.65,-2.32,1415,ua UKR,GK,es La Liga,20,2005,1.5,0,0,0,0,1,0,0,0,0,0
358515,2023-06-16,6000000,AS Saint-Étienne,10004,FR1,Jean-Philippe Krasso,1416,ci CIV,FW,Paris FC,fr Ligue 1,28.0,1997,25,12,1092,12.1,2,2,4,1,1,1,0,0,0.25,,,,,,,,,,,,,,,,,,,,,,,,,1416,ci CIV,FW,fr Ligue 1,28,1997,12.1,2,27,10,37.0,2.23,0.82,0.04,0.1,1,1,1742,ci CIV,FW,fr Ligue 1,28,1997,25,1092,44,35.7,12.1,12,70,1,13,19,0,1.12,15,17,-2,-0.16,-0.12,1416,ci CIV,FW,fr Ligue 1,28,1997,12.1,0,0,0,20,19,10,4,1,8,0
405687,2025-12-19,3500000,1.FC Köln,3,L1,Tom Krauß,1417,de GER,"MF,DF",Köln,de Bundesliga,24.0,2001,26,19,1780,19.8,0,2,2,0,0,0,4,0,0.1,,,,,,,,,,,,,,,,,,,,,,,,,1417,de GER,"MF,DF",de Bundesliga,24,2001,19.8,0,9,2,22.2,0.46,0.1,0.0,0.0,0,0,1743,de GER,"MF,DF",de Bundesliga,24,2001,26,1780,68,58.2,19.8,19,83,8,7,29,6,1.08,24,32,-8,-0.4,0.02,1417,de GER,"MF,DF",de Bundesliga,24,2001,19.8,4,0,0,23,22,0,14,26,43,0
345911,2025-12-09,22000000,Wolverhampton Wanderers,543,GB1,Ladislav Krejčí,1418,cz CZE,"DF,MF",Wolves,eng Premier League,26.0,1999,28,27,2356,26.2,2,1,3,2,0,0,5,1,0.11,,,,,,,,,,,,,,,,,,,,,,,,,1418,cz CZE,"DF,MF",eng Premier League,26,1999,26.2,2,21,10,47.6,0.8,0.38,0.1,0.2,0,0,1744,cz CZE,"DF,MF",eng Premier League,26,1999,28,2356,84,68.9,26.2,27,85,21,1,48,2,0.57,20,45,-25,-0.96,0.4,1418,cz CZE,"DF,MF",eng Premier League,26,1999,26.2,5,1,1,33,7,0,17,32,21,1
345911,2025-12-09,22000000,Wolverhampton Wanderers,543,GB1,Ladislav Krejčí,1419,cz CZE,DF,Girona,es La Liga,26.0,1999,2,2,180,2.0,0,0,0,0,0,0,1,0,0.0,,,,,,,,,,,,,,,,,,,,,,,,,1419,cz CZE,DF,es La Liga,26,1999,2.0,0,1,0,0.0,0.5,0.0,0.0,,0,0,1745,cz CZE,DF,es La Liga,26,1999,2,180,90,5.3,2.0,2,90,2,0,,0,0.0,1,8,-7,-3.5,-3.25,1419,cz CZE,DF,es La Liga,26,1999,2.0,1,0,0,2,0,0,0,1,0,0
369684,2025-12-19,14000000,Eintracht Frankfurt,24,L1,Rasmus Kristensen,1420,dk DEN,"DF,MF",Eintracht Frankfurt,de Bundesliga,28.0,1997,22,19,1538,17.1,2,0,2,2,0,0,6,1,0.12,,,,,,,,,,,,,,,,,,,,,,,,,1420,dk DEN,"DF,MF",de Bundesliga,28,1997,17.1,2,15,6,40.0,0.88,0.35,0.13,0.33,0,0,1746,dk DEN,"DF,MF",de Bundesliga,28,1997,22,1538,70,50.3,17.1,19,79,12,3,15,0,1.36,27,30,-3,-0.18,-0.12,1420,dk DEN,"DF,MF",de Bundesliga,28,1997,17.1,6,1,1,24,10,3,33,19,33,0
698259,2024-06-05,4500000,Udinese Calcio,410,IT1,Thomas Kristensen,1421,dk DEN,DF,Udinese,it Serie A,23.0,2002,28,28,2472,27.5,3,0,3,3,0,0,4,0,0.11,,,,,,,,,,,,,,,,,,,,,,,,,1421,dk DEN,DF,it Serie A,23,2002,27.5,3,11,6,54.5,0.4,0.22,0.27,0.5,0,0,1747,dk DEN,DF,it Serie A,23,2002,28,2472,88,72.3,27.5,28,88,25,0,,2,1.36,33,31,+2,0.07,0.55,1421,dk DEN,DF,it Serie A,23,2002,27.5,4,0,0,24,9,3,4,27,15,0
434433,2024-06-05,6000000,US Lecce,800,IT1,Nikola Krstović,1422,me MNE,FW,Atalanta,it Serie A,25.0,2000,33,18,1791,19.9,10,5,15,10,0,0,4,0,0.75,,,,,,,,,,,,,,,,,,,,,,,,,1422,me MNE,FW,it Serie A,25,2000,19.9,10,99,34,34.3,4.97,1.71,0.1,0.29,0,0,1748,me MNE,FW,it Serie A,25,2000,33,1791,54,52.4,19.9,18,77,8,15,27,5,1.64,32,16,+16,0.8,0.86,1422,me MNE,FW,it Serie A,25,2000,19.9,4,0,0,45,27,27,5,3,12,0
93604,2025-12-19,1500000,SC Freiburg,60,L1,Lukas Kübler,1423,de GER,DF,Freiburg,de Bundesliga,32.0,1992,23,19,1587,17.6,2,2,4,2,0,0,3,0,0.23,,,,,,,,,,,,,,,,,,,,,,,,,1423,de GER,DF,de Bundesliga,32,1992,17.6,2,19,5,26.3,1.08,0.28,0.11,0.4,0,0,1750,de GER,DF,de Bundesliga,32,1992,23,1587,69,51.9,17.6,19,79,9,4,23,4,1.43,33,35,-2,-0.11,0.13,1423,de GER,DF,de Bundesliga,32,1992,17.6,3,0,0,20,11,6,30,31,25,0
405398,2025-12-12,30000000,Real Sociedad,681,ES1,Takefusa Kubo,1424,jp JPN,MF,Real Sociedad,es La Liga,24.0,2001,24,17,1503,16.7,2,4,6,2,0,0,2,0,0.36,,,,,,,,,,,,,,,,,,,,,,,,,1424,jp JPN,MF,es La Liga,24,2001,16.7,2,28,12,42.9,1.68,0.72,0.07,0.17,0,0,1751,jp JPN,MF,es La Liga,24,2001,24,1503,63,43.9,16.7,17,76,4,7,31,3,1.0,17,22,-5,-0.3,-0.44,1424,jp JPN,MF,es La Liga,24,2001,16.7,2,0,0,9,51,11,39,10,18,0
543499,2025-12-09,55000000,Tottenham Hotspur,148,GB1,Mohammed Kudus,1425,gh GHA,"MF,FW",Tottenham Hotspur,eng Premier League,24.0,2000,19,19,1535,17.1,2,5,7,2,0,0,3,0,0.41,,,,,,,,,,,,,,,,,,,,,,,,,1425,gh GHA,"MF,FW",eng Premier League,24,2000,17.1,2,26,9,34.6,1.52,0.53,0.08,0.22,0,0,1752,gh GHA,"MF,FW",eng Premier League,24,2000,19,1535,81,44.9,17.1,19,81,8,0,,0,1.37,22,20,+2,0.12,0.64,1425,gh GHA,"MF,FW",eng Premier League,24,2000,17.1,3,0,0,23,15,10,122,3,17,0
371371,2024-06-05,4500000,US Sassuolo,237,ES1,Marash Kumbulla,1430,al ALB,DF,Mallorca,es La Liga,25.0,2000,8,5,439,4.9,0,0,0,0,0,0,1,0,0.0,,,,,,,,,,,,,,,,,,,,,,,,,1430,al ALB,DF,es La Liga,25,2000,4.9,0,3,0,0.0,0.62,0.0,0.0,,0,0,1759,al ALB,DF,es La Liga,25,2000,8,439,55,12.8,4.9,5,70,3,3,30,7,1.13,7,8,-1,-0.21,0.07,1430,al ALB,DF,es La Liga,25,2000,4.9,1,0,0,2,5,1,2,2,2,0
1069512,2025-12-09,4000000,Fulham FC,931,GB1,Jonah Kusi-Asare,1431,se SWE,FW,Bayern Munich,de Bundesliga,18.0,2007,1,0,5,0.1,0,0,0,0,0,0,0,0,0.0,,,,,,,,,,,,,,,,,,,,,,,,,1431,se SWE,FW,de Bundesliga,18,2007,0.1,0,0,0,,0.0,0.0,,,0,0,1761,se SWE,FW,de Bundesliga,18,2007,1,5,5,0.2,0.1,0,,0,1,5,1,3.0,0,0,0,0.0,-2.53,1431,se SWE,FW,de Bundesliga,18,2007,0.1,0,0,0,1,0,0,0,0,0,0
1069512,2025-12-09,4000000,Fulham FC,931,GB1,Jonah Kusi-Asare,1432,se SWE,FW,Fulham,eng Premier League,18.0,2007,7,0,55,0.6,0,0,0,0,0,0,1,0,0.0,,,,,,,,,,,,,,,,,,,,,,,,,1432,se SWE,FW,eng Premier League,18,2007,0.6,0,0,0,,0.0,0.0,,,0,0,1762,se SWE,FW,eng Premier League,18,2007,7,55,8,1.6,0.6,0,,0,7,8,11,0.57,2,2,0,0.0,0.11,1432,se SWE,FW,eng Premier League,18,2007,0.6,1,0,0,4,2,0,0,0,1,0
502670,2025-12-15,90000000,Paris Saint-Germain,583,FR1,Khvicha Kvaratskhelia,1433,ge GEO,FW,Paris Saint-Germain,fr Ligue 1,24.0,2001,28,18,1479,16.4,8,4,12,7,1,1,1,0,0.67,,,,,,,,,,,,,,,,,,,,,,,,,1433,ge GEO,FW,fr Ligue 1,24,2001,16.4,8,65,29,44.6,3.96,1.76,0.11,0.24,1,1,1763,ge GEO,FW,fr Ligue 1,24,2001,28,1479,53,48.3,16.4,18,68,3,10,26,3,2.21,31,11,+20,1.22,-0.21,1433,ge GEO,FW,fr Ligue 1,24,2001,16.4,1,0,0,18,26,5,43,10,13,0
186233,2023-05-31,1800000,APOEL Nicosia,347,FR1,Giorgi Kvilitaia,1434,ge GEO,FW,Metz,fr Ligue 1,31.0,1993,10,5,495,5.5,2,0,2,2,0,0,1,0,0.36,,,,,,,,,,,,,,,,,,,,,,,,,1434,ge GEO,FW,fr Ligue 1,31,1993,5.5,2,12,7,58.3,2.18,1.27,0.17,0.29,0,0,1764,ge GEO,FW,fr Ligue 1,31,1993,10,495,50,16.2,5.5,5,73,1,5,26,3,0.3,6,14,-8,-1.45,-0.19,1434,ge GEO,FW,fr Ligue 1,31,1993,5.5,1,0,0,11,6,2,0,0,6,0
651973,2023-06-16,1000000,SM Caen,738,FR1,Godson Kyeremeh,1435,fr FRA,FW,Le Havre,fr Ligue 1,25.0,2000,13,3,381,4.2,1,1,2,1,0,0,0,0,0.47,,,,,,,,,,,,,,,,,,,,,,,,,1435,fr FRA,FW,fr Ligue 1,25,2000,4.2,1,6,2,33.3,1.42,0.47,0.17,0.5,0,0,1766,fr FRA,FW,fr Ligue 1,25,2000,13,381,29,12.5,4.2,3,80,1,10,14,16,0.85,4,3,+1,0.24,0.67,1435,fr FRA,FW,fr Ligue 1,25,2000,4.2,0,0,0,9,19,5,15,0,6,0
917778,2025-12-15,1800000,Stade Brestois 29,3911,FR1,Rémy Labeau Lascary,1437,gp GLP,"MF,FW",Brest,fr Ligue 1,22.0,2003,27,12,1200,13.3,5,1,6,5,0,0,2,0,0.45,,,,,,,,,,,,,,,,,,,,,,,,,1437,gp GLP,"MF,FW",fr Ligue 1,22,2003,13.3,5,34,16,47.1,2.55,1.2,0.15,0.31,0,0,1768,gp GLP,"MF,FW",fr Ligue 1,22,2003,27,1200,44,39.2,13.3,12,70,3,15,24,0,1.33,18,21,-3,-0.23,0.21,1437,gp GLP,"MF,FW",fr Ligue 1,22,2003,13.3,2,0,0,29,18,9,12,4,11,0
434224,2025-12-09,35000000,Crystal Palace,873,GB1,Maxence Lacroix,1439,fr FRA,DF,Crystal Palace,eng Premier League,25.0,2000,35,35,3085,34.3,1,2,3,1,0,0,4,1,0.09,,,,,,,,,,,,,,,,,,,,,,,,,1439,fr FRA,DF,eng Premier League,25,2000,34.3,1,25,7,28.0,0.73,0.2,0.04,0.14,0,0,1771,fr FRA,DF,eng Premier League,25,2000,35,3085,88,90.2,34.3,35,88,33,0,,1,1.11,36,45,-9,-0.26,0.01,1439,fr FRA,DF,eng Premier League,25,2000,34.3,4,1,0,34,19,0,5,45,38,0
939374,2024-06-24,200000,RC Celta Fortuna,940,ES1,Yoel Lago,1442,es ESP,DF,Celta Vigo,es La Liga,21.0,2004,12,11,938,10.4,0,0,0,0,0,0,4,0,0.0,,,,,,,,,,,,,,,,,,,,,,,,,1442,es ESP,DF,es La Liga,21,2004,10.4,0,1,0,0.0,0.1,0.0,0.0,,0,0,1774,es ESP,DF,es La Liga,21,2004,12,938,78,27.4,10.4,11,85,8,1,3,17,1.25,12,15,-3,-0.29,-0.58,1442,es ESP,DF,es La Liga,21,2004,10.4,4,0,0,17,14,1,0,7,10,0
795274,2025-12-15,3000000,FC Nantes,206,DK1,Mayckel Lahdo,1443,se SWE,"FW,MF",Nantes,fr Ligue 1,22.0,2002,8,5,415,4.6,1,1,2,1,0,0,0,0,0.43,,,,,,,,,,,,,,,,,,,,,,,,,1443,se SWE,"FW,MF",fr Ligue 1,22,2002,4.6,1,3,1,33.3,0.65,0.22,0.33,1.0,0,0,1776,se SWE,"FW,MF",fr Ligue 1,22,2002,8,415,52,13.6,4.6,5,66,0,3,29,0,0.5,4,9,-5,-1.08,-0.47,1443,se SWE,"FW,MF",fr Ligue 1,22,2002,4.6,0,0,0,5,6,1,1,0,2,0
223967,2025-12-19,32000000,Bayern Munich,27,L1,Konrad Laimer,1444,at AUT,DF,Bayern Munich,de Bundesliga,28.0,1997,29,22,1994,22.2,3,9,12,3,0,0,9,0,0.54,,,,,,,,,,,,,,,,,,,,,,,,,1444,at AUT,DF,de Bundesliga,28,1997,22.2,3,17,8,47.1,0.77,0.36,0.18,0.38,0,0,1778,at AUT,DF,de Bundesliga,28,1997,29,1994,69,65.2,22.2,22,80,12,7,34,0,2.72,86,20,+66,2.98,1.29,1444,at AUT,DF,de Bundesliga,28,1997,22.2,9,0,0,29,9,4,38,17,25,0
174196,2025-12-15,1800000,Stade Brestois 29,3911,FR1,Kenny Lala,1445,mg MAD,DF,Brest,fr Ligue 1,33.0,1991,32,31,2791,31.0,0,3,3,0,0,0,4,0,0.1,,,,,,,,,,,,,,,,,,,,,,,,,1445,mg MAD,DF,fr Ligue 1,33,1991,31.0,0,8,1,12.5,0.26,0.03,0.0,0.0,0,0,1779,mg MAD,DF,fr Ligue 1,33,1991,32,2791,87,91.2,31.0,31,89,29,1,24,0,1.13,39,52,-13,-0.42,-0.75,1445,mg MAD,DF,fr Ligue 1,33,1991,31.0,4,0,0,17,23,0,106,26,26,0
503883,2025-12-09,25000000,Manchester United,985,GB1,Senne Lammens,1447,be BEL,GK,Manchester Utd,eng Premier League,23.0,2002,32,32,2880,32.0,0,0,0,0,0,0,0,0,0.0,87,be BEL,GK,eng Premier League,23,2002,32,32,2880,32.0,39,1.22,114,78,69.3,18,10,4,8,25.0,4,4,0,0,1447,be BEL,GK,eng Premier League,23,2002,32.0,0,0,0,,0.0,0.0,,,0,0,1783,be BEL,GK,eng Premier League,23,2002,32,2880,90,84.2,32.0,32,90,32,0,,3,2.0,62,39,+23,0.72,1.39,1447,be BEL,GK,eng Premier League,23,2002,32.0,0,0,0,0,4,0,0,0,1,0
504148,2025-12-23,8000000,ACF Fiorentina,430,IT1,Tariq Lamptey,1448,gh GHA,MF,Fiorentina,it Serie A,24.0,2000,2,1,25,0.3,0,0,0,0,0,0,0,0,0.0,,,,,,,,,,,,,,,,,,,,,,,,,1448,gh GHA,MF,it Serie A,24,2000,0.3,0,0,0,,0.0,0.0,,,0,0,1784,gh GHA,MF,it Serie A,24,2000,2,25,13,0.7,0.3,1,21,0,1,4,0,0.0,1,0,+1,3.6,3.87,1448,gh GHA,MF,it Serie A,24,2000,0.3,0,0,0,0,0,0,1,0,2,0
339332,2025-12-23,25000000,SSC Napoli,141,TR1,Noa Lang,1449,nl NED,"FW,MF",Napoli,it Serie A,26.0,1999,18,7,666,7.4,1,2,3,1,0,0,2,0,0.41,,,,,,,,,,,,,,,,,,,,,,,,,1449,nl NED,"FW,MF",it Serie A,26,1999,7.4,1,9,4,44.4,1.22,0.54,0.11,0.25,0,0,1786,nl NED,"FW,MF",it Serie A,26,1999,18,666,37,19.5,7.4,7,66,0,11,19,3,1.89,9,4,+5,0.68,0.12,1449,nl NED,"FW,MF",it Serie A,26,1999,7.4,2,0,0,5,11,2,44,2,8,0
176553,2024-06-04,20000000,Al-Nassr FC,621,ES1,Aymeric Laporte,1450,es ESP,DF,Athletic Club,es La Liga,31.0,1994,25,24,2058,22.9,0,1,1,0,0,0,4,0,0.04,,,,,,,,,,,,,,,,,,,,,,,,,1450,es ESP,DF,es La Liga,31,1994,22.9,0,15,5,33.3,0.66,0.22,0.0,0.0,0,0,1787,es ESP,DF,es La Liga,31,1994,25,2058,82,60.2,22.9,24,85,20,1,27,2,1.24,24,35,-11,-0.48,-0.22,1450,es ESP,DF,es La Liga,31,1994,22.9,4,0,0,9,13,1,2,27,17,0
931838,2025-12-19,40000000,Eintracht Frankfurt,24,L1,Hugo Larsson,1451,se SWE,MF,Eintracht Frankfurt,de Bundesliga,21.0,2004,25,21,1812,20.1,2,2,4,2,0,0,0,0,0.2,,,,,,,,,,,,,,,,,,,,,,,,,1451,se SWE,MF,de Bundesliga,21,2004,20.1,2,13,6,46.2,0.65,0.3,0.15,0.33,0,0,1788,se SWE,MF,de Bundesliga,21,2004,25,1812,72,59.2,20.1,21,81,10,4,29,3,1.28,33,32,+1,0.05,0.41,1451,se SWE,MF,de Bundesliga,21,2004,20.1,0,0,0,7,2,0,9,27,9,0
183318,2025-12-09,2000000,Newcastle United,762,GB1,Jamaal Lascelles,1452,eng ENG,DF,Newcastle United,eng Premier League,31.0,1993,2,0,21,0.2,0,0,0,0,0,0,0,0,0.0,,,,,,,,,,,,,,,,,,,,,,,,,1452,eng ENG,DF,eng Premier League,31,1993,0.2,0,1,0,0.0,4.29,0.0,0.0,,0,0,1790,eng ENG,DF,eng Premier League,31,1993,2,21,11,0.6,0.2,0,,0,2,11,3,0.5,0,2,-2,-8.57,-8.57,1452,eng ENG,DF,eng Premier League,31,1993,0.2,0,0,0,0,0,0,0,0,0,0
320271,2025-12-12,1500000,RCD Mallorca,237,ES1,Toni Lato,1453,es ESP,"DF,MF",Mallorca,es La Liga,27.0,1997,12,7,583,6.5,0,1,1,0,0,0,3,0,0.15,,,,,,,,,,,,,,,,,,,,,,,,,1453,es ESP,"DF,MF",es La Liga,27,1997,6.5,0,0,0,,0.0,0.0,,,0,0,1794,es ESP,"DF,MF",es La Liga,27,1997,12,583,49,17.0,6.5,7,77,1,5,9,18,0.58,8,10,-2,-0.31,-0.05,1453,es ESP,"DF,MF",es La Liga,27,1997,6.5,3,0,0,7,3,0,26,6,8,0
972475,2025-12-17,450000,Inter U23,41119,,Matteo Lavelli,1456,it ITA,FW,Inter,it Serie A,18.0,2006,1,0,8,0.1,0,0,0,0,0,0,0,0,0.0,,,,,,,,,,,,,,,,,,,,,,,,,1456,it ITA,FW,it Serie A,18,2006,0.1,0,0,0,,0.0,0.0,,,0,0,1798,it ITA,FW,it Serie A,18,2006,1,8,8,0.2,0.1,0,,0,1,8,5,3.0,0,0,0,0.0,-1.42,1456,it ITA,FW,it Serie A,18,2006,0.1,0,0,0,0,0,0,1,0,0,0
628451,2025-12-09,30000000,Chelsea FC,631,GB1,Roméo Lavia,1457,be BEL,MF,Chelsea,eng Premier League,21.0,2004,12,4,382,4.2,0,0,0,0,0,0,0,0,0.0,,,,,,,,,,,,,,,,,,,,,,,,,1457,be BEL,MF,eng Premier League,21,2004,4.2,0,3,0,0.0,0.71,0.0,0.0,,0,0,1799,be BEL,MF,eng Premier League,21,2004,12,382,32,11.2,4.2,4,58,0,8,19,3,1.0,1,10,-9,-2.12,-2.56,1457,be BEL,MF,eng Premier League,21,2004,4.2,0,0,0,8,8,0,1,5,7,0
186368,2024-06-05,3500000,Torino FC,416,IT1,Valentino Lazaro,1458,at AUT,MF,Torino,it Serie A,29.0,1996,31,26,2252,25.0,0,2,2,0,0,0,4,0,0.08,,,,,,,,,,,,,,,,,,,,,,,,,1458,at AUT,MF,it Serie A,29,1996,25.0,0,8,2,25.0,0.32,0.08,0.0,0.0,0,0,1801,at AUT,MF,it Serie A,29,1996,31,2252,73,65.8,25.0,26,82,15,5,24,7,1.1,23,48,-25,-1.0,-1.46,1458,at AUT,MF,it Serie A,29,1996,25.0,4,0,0,37,9,1,135,22,25,0
331401,2025-12-23,2500000,SS Lazio,398,IT1,Manuel Lazzari,1459,it ITA,DF,Lazio,it Serie A,31.0,1993,23,9,938,10.4,0,0,0,0,0,0,2,0,0.0,,,,,,,,,,,,,,,,,,,,,,,,,1459,it ITA,DF,it Serie A,31,1993,10.4,0,4,2,50.0,0.38,0.19,0.0,0.0,0,0,1802,it ITA,DF,it Serie A,31,1993,23,938,41,27.4,10.4,9,74,2,14,20,9,1.22,12,10,+2,0.19,0.23,1459,it ITA,DF,it Serie A,31,1993,10.4,2,0,0,10,19,0,16,6,9,0
766412,2024-06-03,2000000,FC Lorient,1158,FR1,Théo Le Bris,1461,fr FRA,MF,Lorient,fr Ligue 1,22.0,2002,28,22,1893,21.0,2,2,4,2,0,0,0,0,0.19,,,,,,,,,,,,,,,,,,,,,,,,,1461,fr FRA,MF,fr Ligue 1,22,2002,21.0,2,17,7,41.2,0.81,0.33,0.12,0.29,0,0,1804,fr FRA,MF,fr Ligue 1,22,2002,28,1893,68,61.9,21.0,22,81,7,6,19,1,1.36,30,26,+4,0.19,0.73,1461,fr FRA,MF,fr Ligue 1,22,2002,21.0,0,0,0,8,7,0,81,17,28,0
794349,2024-06-03,1500000,Stade Brestois 29,3911,FR1,Julien Le Cardinal,1462,fr FRA,DF,Brest,fr Ligue 1,27.0,1997,5,3,328,3.6,1,0,1,1,0,0,1,0,0.27,,,,,,,,,,,,,,,,,,,,,,,,,1462,fr FRA,DF,fr Ligue 1,27,1997,3.6,1,5,2,40.0,1.37,0.55,0.2,0.5,0,0,1805,fr FRA,DF,fr Ligue 1,27,1997,5,328,66,10.7,3.6,3,90,3,2,29,13,1.0,7,9,-2,-0.55,-0.22,1462,fr FRA,DF,fr Ligue 1,27,1997,3.6,1,0,0,2,4,0,0,3,5,0
633992,2025-12-09,20000000,Sunderland AFC,289,GB1,Enzo Le Fée,1463,fr FRA,"MF,FW",Sunderland,eng Premier League,25.0,2000,36,33,2930,32.6,5,6,11,2,3,4,5,0,0.25,,,,,,,,,,,,,,,,,,,,,,,,,1463,fr FRA,"MF,FW",eng Premier League,25,2000,32.6,5,36,12,33.3,1.11,0.37,0.06,0.17,3,4,1806,fr FRA,"MF,FW",eng Premier League,25,2000,36,2930,81,85.7,32.6,33,87,25,3,16,0,1.47,37,43,-6,-0.18,-0.18,1463,fr FRA,"MF,FW",eng Premier League,25,2000,32.6,5,0,0,31,37,4,98,28,56,0
351809,2024-06-07,40000000,Real Sociedad,13,ES1,Robin Le Normand,1465,es ESP,DF,Atlético Madrid,es La Liga,28.0,1996,28,17,1789,19.9,1,1,2,1,0,0,5,0,0.1,,,,,,,,,,,,,,,,,,,,,,,,,1465,es ESP,DF,es La Liga,28,1996,19.9,1,6,1,16.7,0.3,0.05,0.17,1.0,0,0,1808,es ESP,DF,es La Liga,28,1996,28,1789,64,52.3,19.9,17,84,14,11,33,4,1.82,33,20,+13,0.65,0.38,1465,es ESP,DF,es La Liga,28,1996,19.9,5,0,0,22,14,1,3,20,20,0
136111,2025-12-23,1500000,Genoa CFC,252,IT1,Nicola Leali,1466,it ITA,GK,Genoa,it Serie A,32.0,1993,22,21,1847,20.5,0,0,0,0,0,0,2,1,0.0,88,it ITA,GK,it Serie A,32,1993,22,21,1847,20.5,28,1.36,84,58,69.0,4,8,9,4,19.0,2,2,0,0,1466,it ITA,GK,it Serie A,32,1993,20.5,0,0,0,,0.0,0.0,,,0,0,1809,it ITA,GK,it Serie A,32,1993,22,1847,84,54.0,20.5,21,86,20,1,45,15,0.91,21,27,-6,-0.29,-0.06,1466,it ITA,GK,it Serie A,32,1993,20.5,2,1,0,2,2,0,0,1,0,0
357164,2024-06-05,90000000,AC Milan,5,IT1,Rafael Leão,1467,pt POR,FW,Milan,it Serie A,26.0,1999,29,23,1851,20.6,9,3,12,7,2,2,5,0,0.49,,,,,,,,,,,,,,,,,,,,,,,,,1467,pt POR,FW,it Serie A,26,1999,20.6,9,63,24,38.1,3.06,1.17,0.11,0.29,2,2,1810,pt POR,FW,it Serie A,26,1999,29,1851,64,54.1,20.6,23,75,6,6,22,1,1.66,24,22,+2,0.1,-0.82,1467,pt POR,FW,it Serie A,26,1999,20.6,5,0,0,19,34,9,25,5,3,0
377393,2024-06-03,10000000,Stade Brestois 29,10004,FR1,Pierre Lees-Melou,1468,fr FRA,MF,Paris FC,fr Ligue 1,32.0,1993,22,20,1782,19.8,1,3,4,1,0,0,7,1,0.2,,,,,,,,,,,,,,,,,,,,,,,,,1468,fr FRA,MF,fr Ligue 1,32,1993,19.8,1,27,6,22.2,1.36,0.3,0.04,0.17,0,0,1814,fr FRA,MF,fr Ligue 1,32,1993,22,1782,81,58.2,19.8,20,87,14,2,18,0,1.36,28,26,+2,0.1,0.45,1468,fr FRA,MF,fr Ligue 1,32,1993,19.8,7,1,1,28,24,0,13,20,35,0
377393,2024-06-03,10000000,Stade Brestois 29,10004,FR1,Pierre Lees-Melou,1469,fr FRA,MF,Brest,fr Ligue 1,32.0,1993,2,2,180,2.0,0,0,0,0,0,0,0,0,0.0,,,,,,,,,,,,,,,,,,,,,,,,,1469,fr FRA,MF,fr Ligue 1,32,1993,2.0,0,4,0,0.0,2.0,0.0,0.0,,0,0,1815,fr FRA,MF,fr Ligue 1,32,1993,2,180,90,5.9,2.0,2,90,2,0,,0,0.5,3,5,-2,-1.0,-0.69,1469,fr FRA,MF,fr Ligue 1,32,1993,2.0,0,0,0,2,5,0,5,0,4,0
192492,2023-06-16,900000,Paris FC,1420,FR1,Jordan Lefort,1470,mr MTN,DF,Angers,fr Ligue 1,31.0,1993,34,34,3060,34.0,0,2,2,0,0,0,2,0,0.06,,,,,,,,,,,,,,,,,,,,,,,,,1470,mr MTN,DF,fr Ligue 1,31,1993,34.0,0,11,2,18.2,0.32,0.06,0.0,0.0,0,0,1816,mr MTN,DF,fr Ligue 1,31,1993,34,3060,90,100.0,34.0,34,90,34,0,,0,1.06,29,48,-19,-0.56,,1470,mr MTN,DF,fr Ligue 1,31,1993,34.0,2,0,0,22,19,2,23,47,33,0
357156,2025-12-19,12000000,1.FC Union Berlin,89,L1,Diogo Leite,1472,pt POR,DF,Union Berlin,de Bundesliga,26.0,1999,23,23,1963,21.8,0,0,0,0,0,0,4,0,0.0,,,,,,,,,,,,,,,,,,,,,,,,,1472,pt POR,DF,de Bundesliga,26,1999,21.8,0,10,1,10.0,0.46,0.05,0.0,0.0,0,0,1819,pt POR,DF,de Bundesliga,26,1999,23,1963,85,64.2,21.8,23,85,16,0,,2,1.26,30,32,-2,-0.09,0.89,1472,pt POR,DF,de Bundesliga,26,1999,21.8,4,0,0,26,26,1,7,44,15,1
334207,2025-12-19,1500000,1.FSV Mainz 05,39,L1,Maxim Leitsch,1473,de GER,DF,Mainz 05,de Bundesliga,27.0,1998,3,2,162,1.8,0,0,0,0,0,0,0,0,0.0,,,,,,,,,,,,,,,,,,,,,,,,,1473,de GER,DF,de Bundesliga,27,1998,1.8,0,1,0,0.0,0.56,0.0,0.0,,0,0,1820,de GER,DF,de Bundesliga,27,1998,3,162,54,5.3,1.8,2,76,1,1,10,10,1.0,0,4,-4,-2.22,-2.07,1473,de GER,DF,de Bundesliga,27,1998,1.8,0,0,0,2,1,0,2,5,1,0
127108,2024-06-07,3000000,Rayo Vallecano,367,ES1,Florian Lejeune,1475,fr FRA,DF,Rayo Vallecano,es La Liga,34.0,1991,36,36,3230,35.9,2,1,3,2,0,0,7,0,0.08,,,,,,,,,,,,,,,,,,,,,,,,,1475,fr FRA,DF,es La Liga,34,1991,35.9,2,50,18,36.0,1.39,0.5,0.04,0.11,0,0,1822,fr FRA,DF,es La Liga,34,1991,36,3230,90,94.4,35.9,36,90,35,0,,1,1.22,38,43,-5,-0.14,-1.09,1475,fr FRA,DF,es La Liga,34,1991,35.9,7,0,0,47,14,1,8,47,47,0
255501,2024-06-07,3000000,Athletic Bilbao,621,ES1,Iñigo Lekue,1477,es ESP,DF,Athletic Club,es La Liga,32.0,1993,11,8,600,6.7,0,0,0,0,0,0,2,2,0.0,,,,,,,,,,,,,,,,,,,,,,,,,1477,es ESP,DF,es La Liga,32,1993,6.7,0,3,1,33.3,0.45,0.15,0.0,0.0,0,0,1824,es ESP,DF,es La Liga,32,1993,11,600,55,17.5,6.7,8,70,4,3,14,17,1.25,10,14,-4,-0.6,-0.25,1477,es ESP,DF,es La Liga,32,1993,6.7,2,2,0,12,0,0,19,4,10,0
205562,2025-12-12,2000000,Girona FC,12321,ES1,Thomas Lemar,1478,fr FRA,MF,Girona,es La Liga,29.0,1995,27,14,1258,14.0,3,1,4,3,0,0,4,0,0.29,,,,,,,,,,,,,,,,,,,,,,,,,1478,fr FRA,MF,es La Liga,29,1995,14.0,3,17,8,47.1,1.22,0.57,0.18,0.38,0,0,1825,fr FRA,MF,es La Liga,29,1995,27,1258,47,36.8,14.0,14,69,1,13,22,2,1.0,15,16,-1,-0.07,0.55,1478,fr FRA,MF,es La Liga,29,1995,14.0,4,0,0,19,20,0,56,5,15,0
659518,2025-12-15,10000000,RC Strasbourg Alsace,2282,BE1,Félix Lemaréchal,1479,fr FRA,"MF,FW",Strasbourg,fr Ligue 1,21.0,2003,11,7,555,6.2,0,2,2,0,0,0,1,0,0.32,,,,,,,,,,,,,,,,,,,,,,,,,1479,fr FRA,"MF,FW",fr Ligue 1,21,2003,6.2,0,10,2,20.0,1.62,0.32,0.0,0.0,0,0,1826,fr FRA,"MF,FW",fr Ligue 1,21,2003,11,555,50,18.1,6.2,7,68,1,4,20,1,1.73,10,6,+4,0.65,0.4,1479,fr FRA,"MF,FW",fr Ligue 1,21,2003,6.2,1,0,0,9,6,0,15,3,6,0
553285,2023-06-22,1500000,1.FC Köln,533,L1,Tim Lemperle,1481,de GER,FW,Hoffenheim,de Bundesliga,23.0,2002,29,24,1944,21.6,8,2,10,7,1,1,3,1,0.42,,,,,,,,,,,,,,,,,,,,,,,,,1481,de GER,FW,de Bundesliga,23,2002,21.6,8,53,21,39.6,2.45,0.97,0.13,0.33,1,1,1828,de GER,FW,de Bundesliga,23,2002,29,1944,67,63.5,21.6,24,76,1,5,22,0,1.86,47,30,+17,0.79,1.11,1481,de GER,FW,de Bundesliga,23,2002,21.6,3,1,1,60,16,18,27,6,16,0
182904,2024-05-27,10000000,Aston Villa,13,ES1,Clément Lenglet,1483,fr FRA,DF,Atlético Madrid,es La Liga,30.0,1995,19,17,1391,15.5,0,1,1,0,0,0,6,1,0.06,,,,,,,,,,,,,,,,,,,,,,,,,1483,fr FRA,DF,es La Liga,30,1995,15.5,0,5,0,0.0,0.32,0.0,0.0,,0,0,1830,fr FRA,DF,es La Liga,30,1995,19,1391,73,40.7,15.5,17,80,12,2,19,15,1.63,24,21,+3,0.19,-0.47,1483,fr FRA,DF,es La Liga,30,1995,15.5,6,1,1,22,7,0,2,20,10,0
72476,2025-12-09,8000000,Fulham FC,931,GB1,Bernd Leno,1484,de GER,GK,Fulham,eng Premier League,33.0,1992,38,38,3420,38.0,0,0,0,0,0,0,3,0,0.0,89,de GER,GK,eng Premier League,33,1992,38,38,3420,38.0,51,1.34,146,98,67.1,15,7,16,9,23.7,4,3,0,1,1484,de GER,GK,eng Premier League,33,1992,38.0,0,0,0,,0.0,0.0,,,0,0,1832,de GER,GK,eng Premier League,33,1992,38,3420,90,100.0,38.0,38,90,38,0,,0,1.37,47,51,-4,-0.11,,1484,de GER,GK,eng Premier League,33,1992,38.0,3,0,0,0,6,0,0,1,1,1
170911,2025-12-15,900000,AJ Auxerre,290,FR1,Donovan Léon,1485,gf GUF,GK,Auxerre,fr Ligue 1,32.0,1992,29,29,2460,27.3,0,0,0,0,0,0,1,2,0.0,90,gf GUF,GK,fr Ligue 1,32,1992,29,29,2460,27.3,35,1.28,127,95,74.0,7,9,13,9,31.0,3,2,1,0,1485,gf GUF,GK,fr Ligue 1,32,1992,27.3,0,0,0,,0.0,0.0,,,0,0,1834,gf GUF,GK,fr Ligue 1,32,1992,29,2460,85,80.4,27.3,29,85,26,0,,0,1.03,24,35,-11,-0.4,-0.55,1485,gf GUF,GK,fr Ligue 1,32,1992,27.3,1,2,0,3,7,0,0,0,2,0
585973,2025-12-15,7000000,FC Nantes,995,FR1,Johann Lepenant,1488,fr FRA,MF,Nantes,fr Ligue 1,22.0,2002,28,24,2263,25.1,0,1,1,0,0,0,4,0,0.04,,,,,,,,,,,,,,,,,,,,,,,,,1488,fr FRA,MF,fr Ligue 1,22,2002,25.1,0,22,7,31.8,0.87,0.28,0.0,0.0,0,0,1839,fr FRA,MF,fr Ligue 1,22,2002,28,2263,81,74.0,25.1,24,88,18,4,40,0,0.64,21,33,-12,-0.48,0.76,1488,fr FRA,MF,fr Ligue 1,22,2002,25.1,4,0,0,29,48,0,74,28,47,0
348601,2023-06-15,2500000,UC Sampdoria,4172,IT1,Mehdi Léris,1489,dz ALG,MF,Pisa,it Serie A,27.0,1998,34,21,1900,21.1,2,3,5,2,0,0,2,0,0.24,,,,,,,,,,,,,,,,,,,,,,,,,1489,dz ALG,MF,it Serie A,27,1998,21.1,2,25,7,28.0,1.18,0.33,0.08,0.29,0,0,1840,dz ALG,MF,it Serie A,27,1998,34,1900,56,55.6,21.1,21,73,5,13,28,3,0.47,16,42,-26,-1.23,-0.11,1489,dz ALG,MF,it Serie A,27,1998,21.1,2,0,0,27,22,8,99,23,37,0
262980,2025-12-09,8000000,Crystal Palace,873,GB1,Jefferson Lerma,1490,co COL,"MF,DF",Crystal Palace,eng Premier League,30.0,1994,31,18,1733,19.3,0,2,2,0,0,0,7,0,0.1,,,,,,,,,,,,,,,,,,,,,,,,,1490,co COL,"MF,DF",eng Premier League,30,1994,19.3,0,19,7,36.8,0.99,0.36,0.0,0.0,0,0,1841,co COL,"MF,DF",eng Premier League,30,1994,31,1733,56,50.7,19.3,18,83,15,13,18,4,1.19,19,25,-6,-0.31,-0.1,1490,co COL,"MF,DF",eng Premier League,30,1994,19.3,7,0,0,25,24,0,12,25,18,2
38253,2024-06-07,15000000,FC Barcelona,131,ES1,Robert Lewandowski,1492,pl POL,FW,Barcelona,es La Liga,36.0,1988,31,17,1664,18.5,14,2,16,13,1,3,2,0,0.81,,,,,,,,,,,,,,,,,,,,,,,,,1492,pl POL,FW,es La Liga,36,1988,18.5,14,63,29,46.0,3.41,1.57,0.21,0.45,1,3,1846,pl POL,FW,es La Liga,36,1988,31,1664,54,48.7,18.5,17,80,10,14,22,4,2.45,52,19,+33,1.78,0.45,1492,pl POL,FW,es La Liga,36,1988,18.5,2,0,0,13,21,17,0,3,3,0
518505,2025-12-19,25000000,VfB Stuttgart,79,L1,Jamie Leweling,1493,de GER,MF,Stuttgart,de Bundesliga,24.0,2001,32,26,2367,26.3,7,9,16,7,0,0,4,0,0.61,,,,,,,,,,,,,,,,,,,,,,,,,1493,de GER,MF,de Bundesliga,24,2001,26.3,7,49,18,36.7,1.86,0.68,0.14,0.39,0,0,1847,de GER,MF,de Bundesliga,24,2001,32,2367,74,77.4,26.3,26,84,10,6,29,0,1.75,50,40,+10,0.38,-1.18,1493,de GER,MF,de Bundesliga,24,2001,26.3,4,0,0,17,43,15,123,13,12,0
701057,2025-12-09,35000000,Manchester City,281,GB1,Rico Lewis,1494,eng ENG,DF,Manchester City,eng Premier League,20.0,2004,11,4,407,4.5,0,1,1,0,0,0,2,0,0.22,,,,,,,,,,,,,,,,,,,,,,,,,1494,eng ENG,DF,eng Premier League,20,2004,4.5,0,3,0,0.0,0.66,0.0,0.0,,0,0,1848,eng ENG,DF,eng Premier League,20,2004,11,407,37,11.9,4.5,4,84,3,7,10,16,1.73,7,7,0,0.0,-1.25,1494,eng ENG,DF,eng Premier League,20,2004,4.5,2,0,0,5,9,0,2,7,4,0
644401,2024-05-27,15000000,Brentford FC,1148,GB1,Keane Lewis-Potter,1495,eng ENG,"DF,MF",Brentford,eng Premier League,24.0,2001,36,22,1972,21.9,3,3,6,3,0,0,1,0,0.27,,,,,,,,,,,,,,,,,,,,,,,,,1495,eng ENG,"DF,MF",eng Premier League,24,2001,21.9,3,31,9,29.0,1.41,0.41,0.1,0.33,0,0,1849,eng ENG,"DF,MF",eng Premier League,24,2001,36,1972,55,57.7,21.9,22,81,10,14,14,2,1.39,28,32,-4,-0.18,-0.62,1495,eng ENG,"DF,MF",eng Premier League,24,2001,21.9,1,0,0,15,36,3,69,10,14,0
890721,2025-12-09,40000000,Arsenal FC,11,GB1,Myles Lewis-Skelly,1496,eng ENG,"MF,DF",Arsenal,eng Premier League,18.0,2006,20,5,709,7.9,0,0,0,0,0,0,3,0,0.0,,,,,,,,,,,,,,,,,,,,,,,,,1496,eng ENG,"MF,DF",eng Premier League,18,2006,7.9,0,2,0,0.0,0.25,0.0,0.0,,0,0,1850,eng ENG,"MF,DF",eng Premier League,18,2006,20,709,35,20.7,7.9,5,86,4,15,19,17,2.5,16,8,+8,1.02,-0.18,1496,eng ENG,"MF,DF",eng Premier League,18,2006,7.9,3,0,0,10,16,1,0,5,5,0
135747,2023-06-12,350000,Brescia Calcio,430,IT1,Luca Lezzerini,1497,it ITA,GK,Fiorentina,it Serie A,30.0,1995,1,0,4,0.0,0,0,0,0,0,0,0,0,0.0,91,it ITA,GK,it Serie A,30,1995,1,0,4,0.0,0,0.0,0,0,,0,0,0,0,,0,0,0,0,1497,it ITA,GK,it Serie A,30,1995,0.0,0,0,0,,0.0,0.0,,,0,0,1851,it ITA,GK,it Serie A,30,1995,1,4,4,0.1,0.0,0,,0,1,4,33,1.0,0,0,0,0.0,0.24,1497,it ITA,GK,it Serie A,30,1995,0.0,0,0,0,0,0,0,0,0,0,0
225657,2025-12-19,12000000,SC Freiburg,60,L1,Philipp Lienhart,1498,at AUT,DF,Freiburg,de Bundesliga,29.0,1996,20,14,1302,14.5,1,0,1,1,0,0,4,1,0.07,,,,,,,,,,,,,,,,,,,,,,,,,1498,at AUT,DF,de Bundesliga,29,1996,14.5,1,8,2,25.0,0.55,0.14,0.13,0.5,0,0,1854,at AUT,DF,de Bundesliga,29,1996,20,1302,65,42.5,14.5,14,81,9,6,28,2,1.5,28,22,+6,0.41,1.03,1498,at AUT,DF,de Bundesliga,29,1996,14.5,4,1,1,7,8,2,13,13,13,0
326031,2024-05-29,65000000,Bayern Munich,985,GB1,Matthijs de Ligt,1499,nl NED,DF,Manchester Utd,eng Premier League,25.0,1999,13,13,1170,13.0,1,0,1,1,0,0,0,0,0.08,,,,,,,,,,,,,,,,,,,,,,,,,1499,nl NED,DF,eng Premier League,25,1999,13.0,1,11,3,27.3,0.85,0.23,0.09,0.33,0,0,1856,nl NED,DF,eng Premier League,25,1999,13,1170,90,34.2,13.0,13,90,13,0,,0,1.62,21,20,+1,0.08,-0.64,1499,nl NED,DF,eng Premier League,25,1999,13.0,0,0,0,6,5,0,4,11,13,0
1193867,2025-12-22,4000000,FC Porto B,543,GB1,Pedro Lima,1500,br BRA,MF,Wolves,eng Premier League,19.0,2006,9,3,260,2.9,0,0,0,0,0,0,0,0,0.0,,,,,,,,,,,,,,,,,,,,,,,,,1500,br BRA,MF,eng Premier League,19,2006,2.9,0,4,1,25.0,1.38,0.35,0.0,0.0,0,0,1857,br BRA,MF,eng Premier League,19,2006,9,260,29,7.6,2.9,3,65,0,6,11,9,0.44,0,6,-6,-2.08,-1.08,1500,br BRA,MF,eng Premier League,19,2006,2.9,0,0,0,6,1,0,10,4,5,0
184573,2024-05-27,15000000,Manchester United,405,GB1,Victor Lindelöf,1501,se SWE,"DF,MF",Aston Villa,eng Premier League,31.0,1994,17,11,948,10.5,0,1,1,0,0,0,0,0,0.09,,,,,,,,,,,,,,,,,,,,,,,,,1501,se SWE,"DF,MF",eng Premier League,31,1994,10.5,0,3,0,0.0,0.28,0.0,0.0,,0,0,1859,se SWE,"DF,MF",eng Premier League,31,1994,17,948,56,27.7,10.5,11,83,8,6,6,17,2.18,20,15,+5,0.47,0.4,1501,se SWE,"DF,MF",eng Premier League,31,1994,10.5,0,0,0,2,0,0,0,8,3,0
513245,2024-06-05,22000000,SSC Napoli,82,L1,Jesper Lindstrøm,1502,dk DEN,MF,Wolfsburg,de Bundesliga,25.0,2000,13,4,379,4.2,0,0,0,0,0,0,2,0,0.0,,,,,,,,,,,,,,,,,,,,,,,,,1502,dk DEN,MF,de Bundesliga,25,2000,4.2,0,9,5,55.6,2.14,1.19,0.0,0.0,0,0,1860,dk DEN,MF,de Bundesliga,25,2000,13,379,29,12.4,4.2,4,58,0,9,17,1,0.23,4,12,-8,-1.9,-1.36,1502,dk DEN,MF,de Bundesliga,25,2000,4.2,2,0,0,10,4,0,7,0,6,0
724106,2024-06-05,4000000,US Sassuolo,6574,IT1,Luca Lipani,1503,it ITA,MF,Sassuolo,it Serie A,20.0,2005,24,10,1034,11.5,0,1,1,0,0,0,3,0,0.09,,,,,,,,,,,,,,,,,,,,,,,,,1503,it ITA,MF,it Serie A,20,2005,11.5,0,12,3,25.0,1.04,0.26,0.0,0.0,0,0,1861,it ITA,MF,it Serie A,20,2005,24,1034,43,30.2,11.5,10,72,2,14,23,13,1.17,14,14,0,0.0,0.15,1503,it ITA,MF,it Serie A,20,2005,11.5,3,0,0,28,8,1,5,15,17,0
298975,2024-06-05,1800000,Frosinone Calcio,276,IT1,Pol Lirola,1504,es ESP,MF,Hellas Verona,it Serie A,27.0,1997,6,3,305,3.4,0,0,0,0,0,0,1,0,0.0,,,,,,,,,,,,,,,,,,,,,,,,,1504,es ESP,MF,it Serie A,27,1997,3.4,0,0,0,,0.0,0.0,,,0,0,1862,es ESP,MF,it Serie A,27,1997,6,305,51,8.9,3.4,3,70,0,3,32,8,0.5,1,6,-5,-1.48,-0.58,1504,es ESP,MF,it Serie A,27,1997,3.4,1,0,0,3,0,0,16,2,3,0
298975,2024-06-05,1800000,Frosinone Calcio,276,IT1,Pol Lirola,1505,es ESP,"DF,MF",Marseille,fr Ligue 1,27.0,1997,3,0,34,0.4,0,0,0,0,0,0,0,0,0.0,,,,,,,,,,,,,,,,,,,,,,,,,1505,es ESP,"DF,MF",fr Ligue 1,27,1997,0.4,0,0,0,,0.0,0.0,,,0,0,1863,es ESP,"DF,MF",fr Ligue 1,27,1997,3,34,11,1.1,0.4,0,,0,3,11,1,1.33,0,2,-2,-5.29,-5.89,1505,es ESP,"DF,MF",fr Ligue 1,27,1997,0.4,0,0,0,1,2,0,2,1,0,0
838236,2025-12-19,2500000,1.FC Union Berlin,89,L1,Marin Ljubicic,1509,hr CRO,FW,Union Berlin,de Bundesliga,23.0,2002,2,0,22,0.2,2,0,2,2,0,0,0,0,8.18,,,,,,,,,,,,,,,,,,,,,,,,,1509,hr CRO,FW,de Bundesliga,23,2002,0.2,2,2,2,100.0,8.18,8.18,1.0,1.0,0,0,1869,hr CRO,FW,de Bundesliga,23,2002,2,22,11,0.7,0.2,0,,0,2,11,9,1.0,2,0,+2,8.18,8.66,1509,hr CRO,FW,de Bundesliga,23,2002,0.2,0,0,0,2,0,0,0,0,0,0
710131,2025-11-14,150000,Penya Encarnada d'Andorra,62573,,Diego Llorente,1511,es ESP,DF,Real Betis,es La Liga,31.0,1993,18,14,1229,13.7,1,0,1,1,0,0,5,0,0.07,,,,,,,,,,,,,,,,,,,,,,,,,1511,es ESP,DF,es La Liga,31,1993,13.7,1,4,3,75.0,0.29,0.22,0.25,0.33,0,0,1872,es ESP,DF,es La Liga,31,1993,18,1229,68,35.9,13.7,14,78,10,4,36,11,1.56,24,12,+12,0.88,0.92,1511,es ESP,DF,es La Liga,31,1993,13.7,5,0,0,13,13,0,1,27,15,0
282411,2025-12-12,22000000,Atlético de Madrid,13,ES1,Marcos Llorente,1512,es ESP,"DF,MF",Atlético Madrid,es La Liga,30.0,1995,29,25,2181,24.2,0,4,4,0,0,0,7,1,0.17,,,,,,,,,,,,,,,,,,,,,,,,,1512,es ESP,"DF,MF",es La Liga,30,1995,24.2,0,18,6,33.3,0.74,0.25,0.0,0.0,0,0,1873,es ESP,"DF,MF",es La Liga,30,1995,29,2181,75,63.8,24.2,25,83,19,4,28,1,1.97,45,26,+19,0.78,0.86,1512,es ESP,"DF,MF",es La Liga,30,1995,24.2,7,1,1,28,11,4,49,13,41,0
249636,2024-06-03,3000000,Le Havre AC,738,FR1,Gautier Lloris,1513,fr FRA,DF,Le Havre,fr Ligue 1,30.0,1995,29,28,2398,26.6,1,1,2,1,0,0,2,1,0.08,,,,,,,,,,,,,,,,,,,,,,,,,1513,fr FRA,DF,fr Ligue 1,30,1995,26.6,1,12,4,33.3,0.45,0.15,0.08,0.25,0,0,1874,fr FRA,DF,fr Ligue 1,30,1995,29,2398,83,78.4,26.6,28,85,25,1,12,0,1.03,25,31,-6,-0.23,0.59,1513,fr FRA,DF,fr Ligue 1,30,1995,26.6,2,1,0,27,17,2,2,43,24,1
348795,2024-05-27,16000000,Tottenham Hotspur,150,ES1,Giovani Lo Celso,1514,ar ARG,MF,Real Betis,es La Liga,29.0,1996,24,15,1393,15.5,2,3,5,2,0,0,4,0,0.32,,,,,,,,,,,,,,,,,,,,,,,,,1514,ar ARG,MF,es La Liga,29,1996,15.5,2,30,11,36.7,1.94,0.71,0.07,0.18,0,0,1875,ar ARG,MF,es La Liga,29,1996,24,1393,58,40.7,15.5,15,73,2,9,34,3,1.67,25,16,+9,0.58,0.49,1514,ar ARG,MF,es La Liga,29,1996,15.5,4,0,0,9,42,4,61,6,13,0
192735,2025-12-23,18000000,SSC Napoli,6195,IT1,Stanislav Lobotka,1516,sk SVK,MF,Napoli,it Serie A,30.0,1994,32,29,2431,27.0,1,1,2,1,0,0,3,0,0.07,,,,,,,,,,,,,,,,,,,,,,,,,1516,sk SVK,MF,it Serie A,30,1994,27.0,1,8,4,50.0,0.3,0.15,0.13,0.25,0,0,1877,sk SVK,MF,it Serie A,30,1994,32,2431,76,71.1,27.0,29,82,19,3,22,0,1.91,44,30,+14,0.52,-0.21,1516,sk SVK,MF,it Serie A,30,1994,27.0,3,0,0,13,45,0,5,16,16,0
265088,2025-12-23,25000000,Juventus FC,506,IT1,Manuel Locatelli,1517,it ITA,MF,Juventus,it Serie A,27.0,1998,36,36,2994,33.3,1,2,3,1,0,1,9,0,0.09,,,,,,,,,,,,,,,,,,,,,,,,,1517,it ITA,MF,it Serie A,27,1998,33.3,1,46,12,26.1,1.38,0.36,0.02,0.08,0,1,1878,it ITA,MF,it Serie A,27,1998,36,2994,83,87.5,33.3,36,83,24,0,,1,1.86,49,28,+21,0.63,-0.64,1517,it ITA,MF,it Serie A,27,1998,33.3,9,0,0,55,44,0,19,38,66,0
805908,2024-06-03,12000000,Stade Brestois 29,3911,FR1,Bradley Locko,1518,fr FRA,DF,Brest,fr Ligue 1,23.0,2002,21,14,1286,14.3,0,2,2,0,0,0,0,0,0.14,,,,,,,,,,,,,,,,,,,,,,,,,1518,fr FRA,DF,fr Ligue 1,23,2002,14.3,0,2,1,50.0,0.14,0.07,0.0,0.0,0,0,1879,fr FRA,DF,fr Ligue 1,23,2002,21,1286,61,42.0,14.3,14,84,8,7,17,1,1.1,20,23,-3,-0.21,0.25,1518,fr FRA,DF,fr Ligue 1,23,2002,14.3,0,0,0,12,18,2,34,10,28,0
202886,2024-06-05,25000000,AC Milan,5,IT1,Ruben Loftus-Cheek,1519,eng ENG,"MF,FW",Milan,it Serie A,29.0,1996,28,12,1133,12.6,3,1,4,3,0,0,2,0,0.32,,,,,,,,,,,,,,,,,,,,,,,,,1519,eng ENG,"MF,FW",it Serie A,29,1996,12.6,3,29,6,20.7,2.3,0.48,0.1,0.5,0,0,1880,eng ENG,"MF,FW",it Serie A,29,1996,28,1133,40,33.1,12.6,12,68,3,16,20,4,1.86,19,11,+8,0.64,0.24,1519,eng ENG,"MF,FW",it Serie A,29,1996,12.6,2,0,0,23,19,1,10,5,8,0
346707,2025-12-09,18000000,Leeds United,399,GB1,Sean Longstaff,1520,eng ENG,MF,Leeds United,eng Premier League,27.0,1997,23,10,1011,11.2,2,2,4,2,0,0,2,0,0.36,,,,,,,,,,,,,,,,,,,,,,,,,1520,eng ENG,MF,eng Premier League,27,1997,11.2,2,16,4,25.0,1.42,0.36,0.13,0.5,0,0,1883,eng ENG,MF,eng Premier League,27,1997,23,1011,44,29.6,11.2,10,84,7,13,13,6,1.35,12,20,-8,-0.71,-0.75,1520,eng ENG,MF,eng Premier League,27,1997,11.2,2,0,0,13,17,1,54,12,24,0
406040,2025-12-23,35000000,Atalanta BC,13,ES1,Ademola Lookman,1521,ng NGA,"FW,MF",Atalanta,it Serie A,27.0,1997,12,9,795,8.8,2,0,2,2,0,0,0,0,0.23,,,,,,,,,,,,,,,,,,,,,,,,,1521,ng NGA,"FW,MF",it Serie A,27,1997,8.8,2,27,8,29.6,3.06,0.91,0.07,0.25,0,0,1884,ng NGA,"FW,MF",it Serie A,27,1997,12,795,66,23.2,8.8,9,83,4,3,16,1,1.33,10,13,-3,-0.34,-0.96,1521,ng NGA,"FW,MF",it Serie A,27,1997,8.8,0,0,0,10,8,4,21,3,3,0
406040,2025-12-23,35000000,Atalanta BC,13,ES1,Ademola Lookman,1522,ng NGA,"FW,MF",Atlético Madrid,es La Liga,27.0,1997,12,9,617,6.9,4,0,4,3,1,1,1,0,0.44,,,,,,,,,,,,,,,,,,,,,,,,,1522,ng NGA,"FW,MF",es La Liga,27,1997,6.9,4,21,5,23.8,3.06,0.73,0.14,0.6,1,1,1885,ng NGA,"FW,MF",es La Liga,27,1997,12,617,51,18.0,6.9,9,60,0,3,24,2,1.5,9,11,-2,-0.29,-0.93,1522,ng NGA,"FW,MF",es La Liga,27,1997,6.9,1,0,0,7,10,7,12,1,3,0
60561,2024-06-03,4000000,Olympique Lyon,995,FR1,Anthony Lopes,1523,pt POR,GK,Nantes,fr Ligue 1,34.0,1990,32,32,2878,32.0,0,0,0,0,0,0,4,0,0.0,92,pt POR,GK,fr Ligue 1,34,1990,32,32,2878,32.0,50,1.56,143,98,68.5,4,7,20,7,21.9,5,5,0,0,1523,pt POR,GK,fr Ligue 1,34,1990,32.0,0,2,0,0.0,0.06,0.0,0.0,,0,0,1886,pt POR,GK,fr Ligue 1,34,1990,32,2878,90,94.1,32.0,32,90,31,0,,0,0.59,25,51,-26,-0.81,-2.3,1523,pt POR,GK,fr Ligue 1,34,1990,32.0,4,0,0,1,14,0,0,1,1,0
947431,2025-12-12,600000,RCD Mallorca,237,ES1,David López,1524,es ESP,DF,Mallorca,es La Liga,22.0,2003,14,9,837,9.3,0,0,0,0,0,0,2,0,0.0,,,,,,,,,,,,,,,,,,,,,,,,,1524,es ESP,DF,es La Liga,22,2003,9.3,0,4,0,0.0,0.43,0.0,0.0,,0,0,1888,es ESP,DF,es La Liga,22,2003,14,837,60,24.5,9.3,9,82,7,5,20,24,1.07,12,19,-7,-0.75,-0.65,1524,es ESP,DF,es La Liga,22,2003,9.3,2,0,0,13,4,0,0,9,7,1
947431,2025-12-12,600000,RCD Mallorca,237,ES1,David López,1525,es ESP,DF,Girona,es La Liga,35.0,1989,6,3,293,3.3,0,0,0,0,0,0,0,0,0.0,,,,,,,,,,,,,,,,,,,,,,,,,1525,es ESP,DF,es La Liga,35,1989,3.3,0,1,1,100.0,0.31,0.31,0.0,0.0,0,0,1889,es ESP,DF,es La Liga,35,1989,6,293,49,8.6,3.3,3,76,1,3,21,18,0.67,2,7,-5,-1.54,-1.22,1525,es ESP,DF,es La Liga,35,1989,3.3,0,0,0,2,2,1,0,0,2,0
617081,2025-12-12,15000000,Valencia CF,1049,ES1,Diego López,1526,es ESP,"MF,FW",Valencia,es La Liga,23.0,2002,34,20,1762,19.6,4,1,5,4,0,0,2,0,0.26,,,,,,,,,,,,,,,,,,,,,,,,,1526,es ESP,"MF,FW",es La Liga,23,2002,19.6,4,28,8,28.6,1.43,0.41,0.14,0.5,0,0,1890,es ESP,"MF,FW",es La Liga,23,2002,34,1762,52,51.5,19.6,20,74,6,14,20,2,1.35,15,30,-15,-0.77,-1.09,1526,es ESP,"MF,FW",es La Liga,23,2002,19.6,2,0,0,20,33,3,41,14,16,0
568158,2025-12-12,5000000,Real Oviedo,2497,ES1,Javi López,1531,es ESP,DF,Oviedo,es La Liga,23.0,2002,25,20,1711,19.0,0,1,1,0,0,0,3,1,0.05,,,,,,,,,,,,,,,,,,,,,,,,,1531,es ESP,DF,es La Liga,23,2002,19.0,0,7,1,14.3,0.37,0.05,0.0,0.0,0,0,1895,es ESP,DF,es La Liga,23,2002,25,1711,68,50.0,19.0,20,82,12,5,15,7,0.84,17,28,-11,-0.58,0.63,1531,es ESP,DF,es La Liga,23,2002,19.0,3,1,0,38,26,2,60,20,23,0
290862,2024-06-05,7500000,ACF Fiorentina,10004,FR1,Maxime Lopez,1533,fr FRA,MF,Paris FC,fr Ligue 1,27.0,1997,26,22,1960,21.8,0,3,3,0,0,0,11,0,0.14,,,,,,,,,,,,,,,,,,,,,,,,,1533,fr FRA,MF,fr Ligue 1,27,1997,21.8,0,13,6,46.2,0.6,0.28,0.0,0.0,0,0,1897,fr FRA,MF,fr Ligue 1,27,1997,26,1960,75,64.1,21.8,22,83,17,4,32,2,1.19,29,36,-7,-0.32,-0.65,1533,fr FRA,MF,fr Ligue 1,27,1997,21.8,11,0,0,27,8,5,83,11,17,0
286415,2025-12-12,2500000,Real Betis Balompié,150,ES1,Pau López,1534,es ESP,GK,Real Betis,es La Liga,30.0,1994,9,9,810,9.0,0,0,0,0,0,0,1,0,0.0,93,es ESP,GK,es La Liga,30,1994,9,9,810,9.0,11,1.22,39,29,71.8,4,2,3,2,22.2,1,0,1,0,1534,es ESP,GK,es La Liga,30,1994,9.0,0,0,0,,0.0,0.0,,,0,0,1899,es ESP,GK,es La Liga,30,1994,9,810,90,23.7,9.0,9,90,9,0,,23,1.56,13,11,+2,0.22,-0.09,1534,es ESP,GK,es La Liga,30,1994,9.0,1,0,0,0,2,0,0,0,1,0
192009,2025-12-12,2500000,Rayo Vallecano,367,ES1,Unai López,1535,es ESP,MF,Rayo Vallecano,es La Liga,29.0,1995,28,19,1612,17.9,0,4,4,0,0,0,8,1,0.22,,,,,,,,,,,,,,,,,,,,,,,,,1535,es ESP,MF,es La Liga,29,1995,17.9,0,22,4,18.2,1.23,0.22,0.0,0.0,0,0,1900,es ESP,MF,es La Liga,29,1995,28,1612,58,47.1,17.9,19,75,4,9,20,4,1.46,20,13,+7,0.39,0.89,1535,es ESP,MF,es La Liga,29,1995,17.9,8,1,1,37,14,1,62,21,16,0
632741,2023-10-13,500000,Racing Ferrol,3368,ES1,Iker Losada,1538,es ESP,MF,Levante,es La Liga,23.0,2001,23,10,902,10.0,3,1,4,3,0,0,1,0,0.4,,,,,,,,,,,,,,,,,,,,,,,,,1538,es ESP,MF,es La Liga,23,2001,10.0,3,14,4,28.6,1.4,0.4,0.21,0.75,0,0,1903,es ESP,MF,es La Liga,23,2001,23,902,39,26.4,10.0,10,62,0,13,22,14,1.0,14,16,-2,-0.2,0.23,1538,es ESP,MF,es La Liga,23,2001,10.0,1,0,0,6,7,3,22,10,12,0
750904,2025-12-15,5000000,OGC Nice,417,FR1,Tom Louchet,1540,fr FRA,MF,Nice,fr Ligue 1,22.0,2003,27,14,1367,15.2,3,2,5,3,0,0,1,1,0.33,,,,,,,,,,,,,,,,,,,,,,,,,1540,fr FRA,MF,fr Ligue 1,22,2003,15.2,3,21,6,28.6,1.38,0.4,0.14,0.5,0,0,1906,fr FRA,MF,fr Ligue 1,22,2003,27,1367,51,44.7,15.2,14,79,4,13,20,4,1.07,15,28,-13,-0.86,-0.32,1540,fr FRA,MF,fr Ligue 1,22,2003,15.2,1,1,0,16,13,0,51,9,17,0
268429,2025-12-23,6000000,Udinese Calcio,276,IT1,Sandi Lovrić,1542,si SVN,MF,Udinese,it Serie A,27.0,1998,6,1,161,1.8,0,1,1,0,0,0,1,0,0.56,,,,,,,,,,,,,,,,,,,,,,,,,1542,si SVN,MF,it Serie A,27,1998,1.8,0,3,1,33.3,1.68,0.56,0.0,0.0,0,0,1908,si SVN,MF,it Serie A,27,1998,6,161,27,4.7,1.8,1,60,0,5,20,14,0.67,2,5,-3,-1.68,-1.68,1542,si SVN,MF,it Serie A,27,1998,1.8,1,0,0,4,1,0,16,4,4,0
268429,2025-12-23,6000000,Udinese Calcio,276,IT1,Sandi Lovrić,1543,si SVN,MF,Hellas Verona,it Serie A,27.0,1998,7,3,309,3.4,0,0,0,0,0,0,1,0,0.0,,,,,,,,,,,,,,,,,,,,,,,,,1543,si SVN,MF,it Serie A,27,1998,3.4,0,2,1,50.0,0.58,0.29,0.0,0.0,0,0,1909,si SVN,MF,it Serie A,27,1998,7,309,44,9.0,3.4,3,75,0,4,21,0,0.57,0,3,-3,-0.87,0.08,1543,si SVN,MF,it Serie A,27,1998,3.4,1,0,0,5,3,0,24,5,6,0
412045,2023-10-13,2000000,RCD Espanyol Barcelona,714,ES1,Pol Lozano,1545,es ESP,MF,Espanyol,es La Liga,25.0,1999,33,28,2157,24.0,2,1,3,2,0,0,12,1,0.13,,,,,,,,,,,,,,,,,,,,,,,,,1545,es ESP,MF,es La Liga,25,1999,24.0,2,17,5,29.4,0.71,0.21,0.12,0.4,0,0,1912,es ESP,MF,es La Liga,25,1999,33,2157,65,63.1,24.0,28,74,10,5,15,2,1.33,30,36,-6,-0.25,0.18,1545,es ESP,MF,es La Liga,25,1999,24.0,12,1,1,64,29,0,29,23,19,0
1384902,2025-12-30,25000,Rayo Vallecano B,15080,,Sergio Lozano,1546,es ESP,MF,Levante,es La Liga,26.0,1999,1,0,12,0.1,0,0,0,0,0,0,0,0,0.0,,,,,,,,,,,,,,,,,,,,,,,,,1546,es ESP,MF,es La Liga,26,1999,0.1,0,0,0,,0.0,0.0,,,0,0,1913,es ESP,MF,es La Liga,26,1999,1,12,12,0.4,0.1,0,,0,1,12,2,0.0,0,1,-1,-7.5,-7.16,1546,es ESP,MF,es La Liga,26,1999,0.1,0,0,0,0,0,0,0,0,1,0
190314,2023-06-16,400000,Portimonense SC,7378,PO1,Lucas,1547,br BRA,"MF,DF",Burnley,eng Premier League,24.0,2001,20,15,1409,15.7,0,0,0,0,0,0,1,1,0.0,,,,,,,,,,,,,,,,,,,,,,,,,1547,br BRA,"MF,DF",eng Premier League,24,2001,15.7,0,16,4,25.0,1.02,0.26,0.0,0.0,0,0,1914,br BRA,"MF,DF",eng Premier League,24,2001,20,1409,70,41.2,15.7,15,87,14,5,21,13,0.45,16,29,-13,-0.83,0.24,1547,br BRA,"MF,DF",eng Premier League,24,2001,15.7,1,1,0,15,4,5,56,19,22,0
572265,2025-12-23,25000000,SSC Napoli,703,GB1,Lorenzo Lucca,1548,it ITA,FW,Napoli,it Serie A,24.0,2000,16,4,408,4.5,1,0,1,1,0,0,1,0,0.22,,,,,,,,,,,,,,,,,,,,,,,,,1548,it ITA,FW,it Serie A,24,2000,4.5,1,15,5,33.3,3.31,1.1,0.07,0.2,0,0,1915,it ITA,FW,it Serie A,24,2000,16,408,26,11.9,4.5,4,72,0,12,10,4,1.88,4,3,+1,0.22,-0.41,1548,it ITA,FW,it Serie A,24,2000,4.5,1,0,0,17,12,4,0,0,0,0
572265,2025-12-23,25000000,SSC Napoli,703,GB1,Lorenzo Lucca,1549,it ITA,FW,Nottingham Forest,eng Premier League,24.0,2000,4,1,129,1.4,1,0,1,1,0,0,0,0,0.7,,,,,,,,,,,,,,,,,,,,,,,,,1549,it ITA,FW,eng Premier League,24,2000,1.4,1,4,1,25.0,2.79,0.7,0.25,1.0,0,0,1916,it ITA,FW,eng Premier League,24,2000,4,129,32,3.8,1.4,1,70,0,3,20,2,0.5,2,1,+1,0.7,0.81,1549,it ITA,FW,eng Premier League,24,2000,1.4,0,0,0,1,2,2,0,1,0,0
413565,2024-06-05,17000000,Bologna FC 1909,1025,IT1,Jhon Lucumí,1551,co COL,DF,Bologna,it Serie A,27.0,1998,29,26,2287,25.4,1,0,1,1,0,0,5,0,0.04,,,,,,,,,,,,,,,,,,,,,,,,,1551,co COL,DF,it Serie A,27,1998,25.4,1,8,2,25.0,0.31,0.08,0.13,0.5,0,0,1919,co COL,DF,it Serie A,27,1998,29,2287,79,66.9,25.4,26,85,23,3,22,4,1.48,33,28,+5,0.2,0.36,1551,co COL,DF,it Serie A,27,1998,25.4,5,0,0,23,19,1,1,30,22,0
252677,2024-06-07,1500000,Villarreal CF,3368,ES1,José Luis Morales,1555,es ESP,MF,Levante,es La Liga,38.0,1987,20,1,363,4.0,1,1,2,0,1,1,1,0,0.25,,,,,,,,,,,,,,,,,,,,,,,,,1555,es ESP,MF,es La Liga,38,1987,4.0,1,11,4,36.4,2.73,0.99,0.0,0.0,1,1,1926,es ESP,MF,es La Liga,38,1987,20,363,18,10.6,4.0,1,58,0,19,16,15,1.0,9,7,+2,0.5,0.97,1555,es ESP,MF,es La Liga,38,1987,4.0,1,0,0,3,4,4,11,3,5,0
447661,2025-12-09,25000000,Nottingham Forest,405,GB1,Douglas Luiz,1556,br BRA,MF,Aston Villa,eng Premier League,27.0,1998,13,7,604,6.7,1,0,1,1,0,0,1,0,0.15,,,,,,,,,,,,,,,,,,,,,,,,,1556,br BRA,MF,eng Premier League,27,1998,6.7,1,6,4,66.7,0.89,0.6,0.17,0.25,0,0,1927,br BRA,MF,eng Premier League,27,1998,13,604,46,17.7,6.7,7,75,1,6,13,2,1.23,5,8,-3,-0.45,-0.77,1556,br BRA,MF,eng Premier League,27,1998,6.7,1,0,0,9,10,0,28,7,11,0
447661,2025-12-09,25000000,Nottingham Forest,405,GB1,Douglas Luiz,1557,br BRA,MF,Nottingham Forest,eng Premier League,27.0,1998,8,5,315,3.5,0,0,0,0,0,0,2,0,0.0,,,,,,,,,,,,,,,,,,,,,,,,,1557,br BRA,MF,eng Premier League,27,1998,3.5,0,5,1,20.0,1.43,0.29,0.0,0.0,0,0,1928,br BRA,MF,eng Premier League,27,1998,8,315,39,9.2,3.5,5,51,0,3,19,6,0.63,1,7,-6,-1.71,-1.8,1557,br BRA,MF,eng Premier League,27,1998,3.5,2,0,0,4,5,0,15,7,3,0
96341,2025-12-23,15000000,SSC Napoli,6195,IT1,Romelu Lukaku,1558,be BEL,FW,Napoli,it Serie A,32.0,1993,5,0,44,0.5,1,0,1,1,0,0,1,0,2.05,,,,,,,,,,,,,,,,,,,,,,,,,1558,be BEL,FW,it Serie A,32,1993,0.5,1,2,1,50.0,4.09,2.05,0.5,1.0,0,0,1929,be BEL,FW,it Serie A,32,1993,5,44,9,1.3,0.5,0,,0,5,9,4,1.8,1,2,-1,-2.05,-2.66,1558,be BEL,FW,it Serie A,32,1993,0.5,1,0,0,2,0,0,0,0,0,0
618472,2025-12-19,45000000,RB Leipzig,23826,L1,Castello Lukeba,1559,fr FRA,DF,RB Leipzig,de Bundesliga,22.0,2002,26,24,2176,24.2,1,0,1,1,0,0,3,0,0.04,,,,,,,,,,,,,,,,,,,,,,,,,1559,fr FRA,DF,de Bundesliga,22,2002,24.2,1,8,2,25.0,0.33,0.08,0.13,0.5,0,0,1930,fr FRA,DF,de Bundesliga,22,2002,26,2176,84,71.1,24.2,24,88,22,2,27,2,1.88,50,33,+17,0.7,0.5,1559,fr FRA,DF,de Bundesliga,22,2002,24.2,3,0,0,11,12,1,3,31,14,0
245056,2025-12-09,12000000,Fulham FC,931,GB1,Saša Lukić,1561,rs SRB,MF,Fulham,eng Premier League,28.0,1996,26,20,1734,19.3,1,2,3,1,0,0,9,0,0.16,,,,,,,,,,,,,,,,,,,,,,,,,1561,rs SRB,MF,eng Premier League,28,1996,19.3,1,18,6,33.3,0.93,0.31,0.06,0.17,0,0,1932,rs SRB,MF,eng Premier League,28,1996,26,1734,67,50.7,19.3,20,80,12,6,24,3,1.19,16,22,-6,-0.31,-0.42,1561,rs SRB,MF,eng Premier League,28,1996,19.3,9,0,0,53,25,2,68,16,28,0
623773,2023-10-11,2200000,Palermo FC,3,L1,Kristoffer Lund,1562,us USA,"DF,MF",Köln,de Bundesliga,23.0,2002,33,26,2276,25.3,0,2,2,0,0,0,2,0,0.08,,,,,,,,,,,,,,,,,,,,,,,,,1562,us USA,"DF,MF",de Bundesliga,23,2002,25.3,0,20,3,15.0,0.79,0.12,0.0,0.0,0,0,1935,us USA,"DF,MF",de Bundesliga,23,2002,33,2276,69,74.4,25.3,26,81,12,7,24,1,0.97,35,47,-12,-0.47,-0.24,1562,us USA,"DF,MF",de Bundesliga,23,2002,25.3,2,0,0,13,40,3,83,28,26,0
404839,2024-06-07,25000000,Real Madrid,418,ES1,Andriy Lunin,1563,ua UKR,GK,Real Madrid,es La Liga,26.0,1999,6,6,540,6.0,0,0,0,0,0,0,0,1,0.0,94,ua UKR,GK,es La Liga,26,1999,6,6,540,6.0,7,1.17,23,16,69.6,3,2,1,1,16.7,0,0,0,0,1563,ua UKR,GK,es La Liga,26,1999,6.0,0,0,0,,0.0,0.0,,,0,0,1936,ua UKR,GK,es La Liga,26,1999,6,540,90,15.8,6.0,6,90,6,0,,27,2.0,12,8,+4,0.67,-0.52,1563,ua UKR,GK,es La Liga,26,1999,6.0,0,1,0,0,0,0,0,0,0,0
278531,2025-12-23,4000000,Cagliari Calcio,2239,IT1,Sebastiano Luperto,1564,it ITA,DF,Cremonese,it Serie A,28.0,1996,15,15,1307,14.5,0,1,1,0,0,0,1,0,0.07,,,,,,,,,,,,,,,,,,,,,,,,,1564,it ITA,DF,it Serie A,28,1996,14.5,0,5,2,40.0,0.34,0.14,0.0,0.0,0,0,1937,it ITA,DF,it Serie A,28,1996,15,1307,87,38.2,14.5,15,87,12,0,,0,0.73,11,26,-15,-1.03,-0.61,1564,it ITA,DF,it Serie A,28,1996,14.5,1,0,0,9,12,1,10,12,9,0
278531,2025-12-23,4000000,Cagliari Calcio,2239,IT1,Sebastiano Luperto,1565,it ITA,DF,Cagliari,it Serie A,28.0,1996,19,19,1706,19.0,1,0,1,1,0,0,3,0,0.05,,,,,,,,,,,,,,,,,,,,,,,,,1565,it ITA,DF,it Serie A,28,1996,19.0,1,7,3,42.9,0.37,0.16,0.14,0.33,0,0,1938,it ITA,DF,it Serie A,28,1996,19,1706,90,49.9,19.0,19,90,18,0,,4,1.32,22,24,-2,-0.11,0.47,1565,it ITA,DF,it Serie A,28,1996,19.0,3,0,0,23,17,0,1,19,12,0
1159022,2024-06-05,300000,Frosinone Calcio,8970,IT1,Mateus Lusuardi,1567,br BRA,DF,Pisa,it Serie A,21.0,2004,3,3,198,2.2,0,0,0,0,0,0,1,0,0.0,,,,,,,,,,,,,,,,,,,,,,,,,1567,br BRA,DF,it Serie A,21,2004,2.2,0,4,0,0.0,1.82,0.0,0.0,,0,0,1941,br BRA,DF,it Serie A,21,2004,3,198,66,5.8,2.2,3,66,1,0,,5,0.0,2,5,-3,-1.36,-0.19,1567,br BRA,DF,it Serie A,21,2004,2.2,1,0,0,4,0,0,1,0,2,0
666547,2024-06-05,7500000,Cagliari Calcio,237,ES1,Zito Luvumbo,1568,ao ANG,"FW,MF",Mallorca,es La Liga,23.0,2002,10,6,508,5.6,0,2,2,0,0,0,2,0,0.35,,,,,,,,,,,,,,,,,,,,,,,,,1568,ao ANG,"FW,MF",es La Liga,23,2002,5.6,0,9,7,77.8,1.59,1.24,0.0,0.0,0,0,1942,ao ANG,"FW,MF",es La Liga,23,2002,10,508,51,14.9,5.6,6,68,1,4,25,4,1.3,7,5,+2,0.35,0.73,1568,ao ANG,"FW,MF",es La Liga,23,2002,5.6,2,0,0,13,20,6,19,0,0,0
666547,2024-06-05,7500000,Cagliari Calcio,237,ES1,Zito Luvumbo,1569,ao ANG,"MF,FW",Cagliari,it Serie A,23.0,2002,12,2,329,3.7,0,0,0,0,0,0,0,0,0.0,,,,,,,,,,,,,,,,,,,,,,,,,1569,ao ANG,"MF,FW",it Serie A,23,2002,3.7,0,12,6,50.0,3.28,1.64,0.0,0.0,0,0,1943,ao ANG,"MF,FW",it Serie A,23,2002,12,329,27,9.6,3.7,2,58,0,10,21,6,0.5,4,8,-4,-1.09,-0.83,1569,ao ANG,"MF,FW",it Serie A,23,2002,3.7,0,0,0,4,18,0,7,1,1,0
338668,2025-12-19,10000000,SV Werder Bremen,86,L1,Senne Lynen,1571,be BEL,MF,Werder Bremen,de Bundesliga,26.0,1999,31,31,2752,30.6,0,0,0,0,0,0,4,0,0.0,,,,,,,,,,,,,,,,,,,,,,,,,1571,be BEL,MF,de Bundesliga,26,1999,30.6,0,25,4,16.0,0.82,0.13,0.0,0.0,0,0,1945,be BEL,MF,de Bundesliga,26,1999,31,2752,89,89.9,30.6,31,89,26,0,,0,0.9,33,54,-21,-0.69,-0.1,1571,be BEL,MF,de Bundesliga,26,1999,30.6,4,0,0,38,12,0,14,77,33,0
485585,2025-12-09,25000000,Aston Villa,405,GB1,Ian Maatsen,1573,nl NED,DF,Aston Villa,eng Premier League,23.0,2002,30,17,1605,17.8,0,1,1,0,0,0,2,0,0.06,,,,,,,,,,,,,,,,,,,,,,,,,1573,nl NED,DF,eng Premier League,23,2002,17.8,0,20,5,25.0,1.12,0.28,0.0,0.0,0,0,1948,nl NED,DF,eng Premier League,23,2002,30,1605,54,46.9,17.8,17,82,8,13,17,8,1.7,29,27,+2,0.11,-0.14,1573,nl NED,DF,eng Premier League,23,2002,17.8,2,0,0,17,19,1,54,18,31,0
534033,2025-12-09,85000000,Liverpool FC,31,GB1,Alexis Mac Allister,1574,ar ARG,MF,Liverpool,eng Premier League,26.0,1998,37,31,2658,29.5,2,4,6,2,0,0,7,0,0.2,,,,,,,,,,,,,,,,,,,,,,,,,1574,ar ARG,MF,eng Premier League,26,1998,29.5,2,52,12,23.1,1.76,0.41,0.04,0.17,0,0,1949,ar ARG,MF,eng Premier League,26,1998,37,2658,72,77.7,29.5,31,82,20,6,20,0,1.54,45,41,+4,0.14,-0.57,1574,ar ARG,MF,eng Premier League,26,1998,29.5,7,0,0,35,32,0,20,18,27,0
332560,2024-06-03,4000000,RC Lens,995,FR1,Deiver Machado,1576,co COL,"DF,MF",Nantes,fr Ligue 1,31.0,1993,14,12,907,10.1,0,1,1,0,0,0,2,0,0.1,,,,,,,,,,,,,,,,,,,,,,,,,1576,co COL,"DF,MF",fr Ligue 1,31,1993,10.1,0,7,1,14.3,0.69,0.1,0.0,0.0,0,0,1951,co COL,"DF,MF",fr Ligue 1,31,1993,14,907,65,29.6,10.1,12,70,6,2,37,1,0.86,8,13,-5,-0.5,0.26,1576,co COL,"DF,MF",fr Ligue 1,31,1993,10.1,2,0,0,21,20,4,22,8,16,0
332560,2024-06-03,4000000,RC Lens,995,FR1,Deiver Machado,1577,co COL,MF,Lens,fr Ligue 1,31.0,1993,5,4,273,3.0,0,0,0,0,0,0,1,0,0.0,,,,,,,,,,,,,,,,,,,,,,,,,1577,co COL,MF,fr Ligue 1,31,1993,3.0,0,6,1,16.7,1.98,0.33,0.0,0.0,0,0,1952,co COL,MF,fr Ligue 1,31,1993,5,273,55,8.9,3.0,4,68,1,1,1,3,1.8,2,3,-1,-0.33,-1.36,1577,co COL,MF,fr Ligue 1,31,1993,3.0,1,0,0,4,8,0,4,3,1,0
415035,2025-12-19,7000000,TSG 1899 Hoffenheim,533,L1,Koki Machida,1578,jp JPN,DF,Hoffenheim,de Bundesliga,27.0,1997,1,1,44,0.5,0,0,0,0,0,0,1,0,0.0,,,,,,,,,,,,,,,,,,,,,,,,,1578,jp JPN,DF,de Bundesliga,27,1997,0.5,0,0,0,,0.0,0.0,,,0,0,1953,jp JPN,DF,de Bundesliga,27,1997,1,44,44,1.4,0.5,1,44,0,0,,0,3.0,1,1,0,0.0,-0.39,1578,jp JPN,DF,de Bundesliga,27,1997,0.5,1,0,0,2,0,0,0,1,0,0
1096744,2025-12-15,700000,Angers SCO,1420,FR1,Lanroy Machine,1579,fr FRA,FW,Angers,fr Ligue 1,19.0,2005,22,3,519,5.8,1,0,1,1,0,0,1,0,0.17,,,,,,,,,,,,,,,,,,,,,,,,,1579,fr FRA,FW,fr Ligue 1,19,2005,5.8,1,15,4,26.7,2.6,0.69,0.07,0.25,0,0,1954,fr FRA,FW,fr Ligue 1,19,2005,22,519,24,17.0,5.8,3,66,0,19,17,4,0.91,7,7,0,0.0,0.67,1579,fr FRA,FW,fr Ligue 1,19,2005,5.8,1,0,0,9,5,4,5,0,4,0
550580,2025-12-19,7000000,Borussia Mönchengladbach,18,L1,Shuto Machino,1580,jp JPN,"FW,MF",Gladbach,de Bundesliga,25.0,1999,32,9,1076,12.0,3,1,4,3,0,0,2,0,0.33,,,,,,,,,,,,,,,,,,,,,,,,,1580,jp JPN,"FW,MF",de Bundesliga,25,1999,12.0,3,25,11,44.0,2.09,0.92,0.12,0.27,0,0,1955,jp JPN,"FW,MF",de Bundesliga,25,1999,32,1076,34,35.2,12.0,9,79,2,23,16,1,1.16,13,32,-19,-1.59,-1.95,1580,jp JPN,"FW,MF",de Bundesliga,25,1999,12.0,2,0,0,14,11,9,10,3,5,0
294057,2025-12-09,30000000,Tottenham Hotspur,148,GB1,James Maddison,1582,eng ENG,"FW,MF",Tottenham Hotspur,eng Premier League,28.0,1996,3,0,37,0.4,0,0,0,0,0,0,0,0,0.0,,,,,,,,,,,,,,,,,,,,,,,,,1582,eng ENG,"FW,MF",eng Premier League,28,1996,0.4,0,2,0,0.0,4.86,0.0,0.0,,0,0,1957,eng ENG,"FW,MF",eng Premier League,28,1996,3,37,12,1.1,0.4,0,,0,3,12,3,1.33,1,0,+1,2.43,2.7,1582,eng ENG,"FW,MF",eng Premier League,28,1996,0.4,0,0,0,1,1,0,6,0,1,0
503987,2025-12-09,50000000,Arsenal FC,11,GB1,Noni Madueke,1584,eng ENG,"FW,MF",Arsenal,eng Premier League,23.0,2002,26,16,1211,13.5,3,1,4,3,0,0,0,0,0.3,,,,,,,,,,,,,,,,,,,,,,,,,1584,eng ENG,"FW,MF",eng Premier League,23,2002,13.5,3,25,9,36.0,1.86,0.67,0.12,0.33,0,0,1959,eng ENG,"FW,MF",eng Premier League,23,2002,26,1211,47,35.4,13.5,16,64,0,10,18,6,1.96,24,9,+15,1.11,-0.07,1584,eng ENG,"FW,MF",eng Premier League,23,2002,13.5,0,0,0,15,15,4,80,5,10,0
251876,2025-12-12,5000000,RCD Mallorca,237,ES1,Pablo Maffeo,1585,es ESP,DF,Mallorca,es La Liga,28.0,1997,31,30,2662,29.6,1,2,3,1,0,0,11,0,0.1,,,,,,,,,,,,,,,,,,,,,,,,,1585,es ESP,DF,es La Liga,28,1997,29.6,1,7,1,14.3,0.24,0.03,0.14,1.0,0,0,1960,es ESP,DF,es La Liga,28,1997,31,2662,86,77.8,29.6,30,87,20,1,45,1,1.13,37,41,-4,-0.14,0.58,1585,es ESP,DF,es La Liga,28,1997,29.6,11,0,0,26,23,0,85,33,34,1
745181,2025-12-09,17000000,West Ham United,379,GB1,Soungoutou Magassa,1587,fr FRA,MF,West Ham United,eng Premier League,21.0,2003,22,11,981,10.9,1,0,1,1,0,0,4,0,0.09,,,,,,,,,,,,,,,,,,,,,,,,,1587,fr FRA,MF,eng Premier League,21,2003,10.9,1,7,2,28.6,0.64,0.18,0.14,0.5,0,0,1962,fr FRA,MF,eng Premier League,21,2003,22,981,45,28.7,10.9,11,74,2,11,15,12,0.73,11,23,-12,-1.1,-0.84,1587,fr FRA,MF,eng Premier League,21,2003,10.9,4,0,0,17,17,0,9,17,23,0
474662,2024-06-03,7000000,Stade Brestois 29,3911,FR1,Hugo Magnetti,1588,fr FRA,MF,Brest,fr Ligue 1,27.0,1998,33,31,2688,29.9,1,1,2,1,0,0,4,1,0.07,,,,,,,,,,,,,,,,,,,,,,,,,1588,fr FRA,MF,fr Ligue 1,27,1998,29.9,1,22,5,22.7,0.74,0.17,0.05,0.2,0,0,1963,fr FRA,MF,fr Ligue 1,27,1998,33,2688,81,87.8,29.9,31,85,20,2,19,0,1.18,39,46,-7,-0.23,0.98,1588,fr FRA,MF,fr Ligue 1,27,1998,29.9,4,1,0,31,33,0,26,44,45,0
807689,2025-12-15,4000000,FC Toulouse,415,FR1,Frank Magri,1589,cm CMR,"FW,MF",Toulouse,fr Ligue 1,25.0,1999,17,16,1253,13.9,5,1,6,5,0,1,3,0,0.43,,,,,,,,,,,,,,,,,,,,,,,,,1589,cm CMR,"FW,MF",fr Ligue 1,25,1999,13.9,5,33,12,36.4,2.37,0.86,0.15,0.42,0,1,1964,cm CMR,"FW,MF",fr Ligue 1,25,1999,17,1253,74,40.9,13.9,16,77,3,1,28,0,1.53,18,17,+1,0.07,0.07,1589,cm CMR,"FW,MF",fr Ligue 1,25,1999,13.9,3,0,0,28,22,3,15,3,3,0
177907,2024-05-27,18000000,Manchester United,985,GB1,Harry Maguire,1590,eng ENG,DF,Manchester Utd,eng Premier League,32.0,1993,23,19,1653,18.4,1,2,3,1,0,0,3,1,0.16,,,,,,,,,,,,,,,,,,,,,,,,,1590,eng ENG,DF,eng Premier League,32,1993,18.4,1,14,4,28.6,0.76,0.22,0.07,0.25,0,0,1965,eng ENG,DF,eng Premier League,32,1993,23,1653,72,48.3,18.4,19,84,13,4,13,3,2.04,36,19,+17,0.93,0.82,1590,eng ENG,DF,eng Premier League,32,1993,18.4,3,1,0,16,16,0,4,12,17,0
296397,2025-12-19,2000000,FC Augsburg,167,L1,Arne Maier,1591,de GER,MF,Augsburg,de Bundesliga,26.0,1999,1,0,4,0.0,0,0,0,0,0,0,0,0,0.0,,,,,,,,,,,,,,,,,,,,,,,,,1591,de GER,MF,de Bundesliga,26,1999,0.0,0,0,0,,0.0,0.0,,,0,0,1966,de GER,MF,de Bundesliga,26,1999,1,4,4,0.1,0.0,0,,0,1,4,10,3.0,0,0,0,0.0,0.47,1591,de GER,MF,de Bundesliga,26,1999,0.0,0,0,0,0,0,0,1,1,1,0
182906,2024-06-05,38000000,AC Milan,5,IT1,Mike Maignan,1592,fr FRA,GK,Milan,it Serie A,30.0,1995,37,37,3295,36.6,0,0,0,0,0,0,4,0,0.0,95,fr FRA,GK,it Serie A,30,1995,37,37,3295,36.6,35,0.96,134,106,77.6,19,10,8,14,37.8,8,5,2,1,1592,fr FRA,GK,it Serie A,30,1995,36.6,0,0,0,,0.0,0.0,,,0,0,1967,fr FRA,GK,it Serie A,30,1995,37,3295,89,96.3,36.6,37,89,36,0,,0,1.81,49,35,+14,0.38,-2.5,1592,fr FRA,GK,it Serie A,30,1995,36.6,4,0,0,0,6,0,0,1,0,0
335103,2024-05-29,3000000,1.FC Köln,3,L1,Linton Maina,1593,de GER,"MF,FW",Köln,de Bundesliga,26.0,1999,24,9,1023,11.4,2,0,2,2,0,0,0,0,0.18,,,,,,,,,,,,,,,,,,,,,,,,,1593,de GER,"MF,FW",de Bundesliga,26,1999,11.4,2,20,8,40.0,1.76,0.7,0.1,0.25,0,0,1968,de GER,"MF,FW",de Bundesliga,26,1999,24,1023,43,33.4,11.4,9,70,0,15,26,4,0.92,15,24,-9,-0.79,-0.57,1593,de GER,"MF,FW",de Bundesliga,26,1999,11.4,0,0,0,8,6,1,25,4,6,0
133731,2025-12-19,2500000,1.FC Heidenheim 1846,2036,L1,Patrick Mainka,1594,de GER,DF,Heidenheim,de Bundesliga,30.0,1994,34,34,3060,34.0,2,2,4,2,0,0,1,0,0.12,,,,,,,,,,,,,,,,,,,,,,,,,1594,de GER,DF,de Bundesliga,30,1994,34.0,2,37,9,24.3,1.09,0.26,0.05,0.22,0,0,1969,de GER,DF,de Bundesliga,30,1994,34,3060,90,100.0,34.0,34,90,34,0,,0,0.76,41,72,-31,-0.91,,1594,de GER,DF,de Bundesliga,30,1994,34.0,1,0,0,10,20,3,0,36,30,0
820374,2025-12-09,40000000,Manchester United,985,GB1,Kobbie Mainoo,1595,eng ENG,MF,Manchester Utd,eng Premier League,20.0,2005,28,16,1662,18.5,1,2,3,1,0,0,2,0,0.16,,,,,,,,,,,,,,,,,,,,,,,,,1595,eng ENG,MF,eng Premier League,20,2005,18.5,1,13,3,23.1,0.7,0.16,0.08,0.33,0,0,1970,eng ENG,MF,eng Premier League,20,2005,28,1662,59,48.6,18.5,16,89,14,12,20,4,2.21,38,22,+16,0.87,0.71,1595,eng ENG,MF,eng Premier League,20,2005,18.5,2,0,0,12,22,1,13,19,20,0
285845,2024-06-03,9000000,Olympique Lyon,1041,FR1,Ainsley Maitland-Niles,1596,eng ENG,"DF,MF",Lyon,fr Ligue 1,27.0,1997,30,28,2483,27.6,1,4,5,1,0,1,7,1,0.18,,,,,,,,,,,,,,,,,,,,,,,,,1596,eng ENG,"DF,MF",fr Ligue 1,27,1997,27.6,1,14,7,50.0,0.51,0.25,0.07,0.14,0,1,1971,eng ENG,"DF,MF",fr Ligue 1,27,1997,30,2483,83,81.1,27.6,28,85,22,2,48,0,1.83,48,35,+13,0.47,0.47,1596,eng ENG,"DF,MF",fr Ligue 1,27,1997,27.6,7,1,1,37,12,1,44,33,36,0
387106,2025-12-19,15000000,VfL Wolfsburg,82,L1,Lovro Majer,1598,hr CRO,MF,Wolfsburg,de Bundesliga,27.0,1998,28,16,1371,15.2,2,3,5,2,0,0,5,0,0.33,,,,,,,,,,,,,,,,,,,,,,,,,1598,hr CRO,MF,de Bundesliga,27,1998,15.2,2,27,6,22.2,1.77,0.39,0.07,0.33,0,0,1973,hr CRO,MF,de Bundesliga,27,1998,28,1371,49,44.8,15.2,16,70,1,12,21,4,0.75,20,30,-10,-0.66,0.09,1598,hr CRO,MF,de Bundesliga,27,1998,15.2,5,0,0,30,22,4,28,8,18,0
322305,2024-06-03,6000000,FC Lorient,1158,FR1,Jean-Victor Makengo,1600,fr FRA,MF,Lorient,fr Ligue 1,27.0,1998,31,23,1800,20.0,4,2,6,4,0,0,2,0,0.3,,,,,,,,,,,,,,,,,,,,,,,,,1600,fr FRA,MF,fr Ligue 1,27,1998,20.0,4,39,14,35.9,1.95,0.7,0.1,0.29,0,0,1975,fr FRA,MF,fr Ligue 1,27,1998,31,1800,58,58.8,20.0,23,70,2,8,23,3,1.35,27,26,+1,0.05,0.34,1600,fr FRA,MF,fr Ligue 1,27,1998,20.0,2,0,0,12,35,0,18,14,16,1
815078,2025-12-19,6000000,SC Freiburg,60,L1,Jordy Makengo,1601,fr FRA,DF,Freiburg,de Bundesliga,23.0,2001,20,12,1178,13.1,0,1,1,0,0,0,1,0,0.08,,,,,,,,,,,,,,,,,,,,,,,,,1601,fr FRA,DF,de Bundesliga,23,2001,13.1,0,0,0,,0.0,0.0,,,0,0,1976,fr FRA,DF,de Bundesliga,23,2001,20,1178,59,38.5,13.1,12,85,9,8,19,9,1.45,19,20,-1,-0.08,0.16,1601,fr FRA,DF,de Bundesliga,23,2001,13.1,1,0,0,10,9,2,32,14,10,0
339340,2025-12-09,5000000,Manchester United,985,GB1,Tyrell Malacia,1604,nl NED,DF,Manchester Utd,eng Premier League,25.0,1999,3,0,18,0.2,0,0,0,0,0,0,0,0,0.0,,,,,,,,,,,,,,,,,,,,,,,,,1604,nl NED,DF,eng Premier League,25,1999,0.2,0,0,0,,0.0,0.0,,,0,0,1979,nl NED,DF,eng Premier League,25,1999,3,18,6,0.5,0.2,0,,0,3,6,25,2.0,0,1,-1,-5.0,-5.53,1604,nl NED,DF,eng Premier League,25,1999,0.2,0,0,0,0,0,0,0,0,1,0
830108,2025-12-19,2000000,SV Werder Bremen,86,L1,Julián Malatini,1605,ar ARG,DF,Werder Bremen,de Bundesliga,24.0,2001,11,5,516,5.7,0,0,0,0,0,0,3,0,0.0,,,,,,,,,,,,,,,,,,,,,,,,,1605,ar ARG,DF,de Bundesliga,24,2001,5.7,0,2,0,0.0,0.35,0.0,0.0,,0,0,1980,ar ARG,DF,de Bundesliga,24,2001,11,516,47,16.9,5.7,5,71,1,6,27,7,1.0,4,12,-8,-1.4,-0.86,1605,ar ARG,DF,de Bundesliga,24,2001,5.7,3,0,0,7,1,0,5,6,6,0
539134,2024-06-05,4500000,AC Monza,398,IT1,Daniel Maldini,1606,it ITA,FW,Lazio,it Serie A,23.0,2001,12,9,687,7.6,2,1,3,2,0,0,0,0,0.39,,,,,,,,,,,,,,,,,,,,,,,,,1606,it ITA,FW,it Serie A,23,2001,7.6,2,15,5,33.3,1.97,0.66,0.13,0.4,0,0,1981,it ITA,FW,it Serie A,23,2001,12,687,57,20.1,7.6,9,69,2,3,21,2,1.83,8,11,-3,-0.39,-0.52,1606,it ITA,FW,it Serie A,23,2001,7.6,0,0,0,14,20,3,1,4,9,0
539134,2024-06-05,4500000,AC Monza,398,IT1,Daniel Maldini,1607,it ITA,MF,Atalanta,it Serie A,23.0,2001,9,3,264,2.9,0,0,0,0,0,0,1,0,0.0,,,,,,,,,,,,,,,,,,,,,,,,,1607,it ITA,MF,it Serie A,23,2001,2.9,0,8,2,25.0,2.73,0.68,0.0,0.0,0,0,1982,it ITA,MF,it Serie A,23,2001,9,264,29,7.7,2.9,3,63,0,6,13,12,1.78,1,2,-1,-0.34,-0.8,1607,it ITA,MF,it Serie A,23,2001,2.9,1,0,0,4,7,0,10,0,2,0
324377,2024-06-05,4500000,FC Empoli,2239,IT1,Youssef Maleh,1608,ma MAR,MF,Cremonese,it Serie A,26.0,1998,14,14,1100,12.2,1,0,1,1,0,0,2,1,0.08,,,,,,,,,,,,,,,,,,,,,,,,,1608,ma MAR,MF,it Serie A,26,1998,12.2,1,15,3,20.0,1.23,0.25,0.07,0.33,0,0,1983,ma MAR,MF,it Serie A,26,1998,14,1100,79,32.2,12.2,14,79,7,0,,0,0.71,9,22,-13,-1.06,-0.6,1608,ma MAR,MF,it Serie A,26,1998,12.2,2,1,0,27,10,0,41,9,11,0
324377,2024-06-05,4500000,FC Empoli,2239,IT1,Youssef Maleh,1609,ma MAR,MF,Lecce,it Serie A,26.0,1998,9,5,460,5.1,0,0,0,0,0,0,2,0,0.0,,,,,,,,,,,,,,,,,,,,,,,,,1609,ma MAR,MF,it Serie A,26,1998,5.1,0,7,1,14.3,1.37,0.2,0.0,0.0,0,0,1984,ma MAR,MF,it Serie A,26,1998,9,460,51,13.5,5.1,5,82,2,4,13,9,0.44,3,9,-6,-1.17,-0.69,1609,ma MAR,MF,it Serie A,26,1998,5.1,2,0,0,9,8,0,12,7,4,0
326029,2025-12-09,25000000,Aston Villa,12,IT1,Donyell Malen,1610,nl NED,"FW,MF",Aston Villa,eng Premier League,26.0,1999,21,5,656,7.3,4,1,5,4,0,0,0,0,0.69,,,,,,,,,,,,,,,,,,,,,,,,,1610,nl NED,"FW,MF",eng Premier League,26,1999,7.3,4,27,9,33.3,3.7,1.23,0.15,0.44,0,0,1985,nl NED,"FW,MF",eng Premier League,26,1999,21,656,31,19.2,7.3,5,71,0,16,19,0,2.05,11,10,+1,0.14,-0.06,1610,nl NED,"FW,MF",eng Premier League,26,1999,7.3,0,0,0,2,6,1,7,0,2,0
326029,2025-12-09,25000000,Aston Villa,12,IT1,Donyell Malen,1611,nl NED,FW,Roma,it Serie A,26.0,1999,18,18,1467,16.3,14,2,16,11,3,4,1,0,0.8,,,,,,,,,,,,,,,,,,,,,,,,,1611,nl NED,FW,it Serie A,26,1999,16.3,14,70,31,44.3,4.29,1.9,0.16,0.35,3,4,1986,nl NED,FW,it Serie A,26,1999,18,1467,82,42.9,16.3,18,82,7,0,,0,1.89,33,17,+16,0.98,0.43,1611,nl NED,FW,it Serie A,26,1999,16.3,1,0,0,12,17,14,6,3,3,0
207877,2024-06-05,8000000,Genoa CFC,252,IT1,Ruslan Malinovskyi,1612,ua UKR,MF,Genoa,it Serie A,32.0,1993,34,28,2235,24.8,6,3,9,3,3,3,10,0,0.24,,,,,,,,,,,,,,,,,,,,,,,,,1612,ua UKR,MF,it Serie A,32,1993,24.8,6,55,15,27.3,2.21,0.6,0.05,0.2,3,3,1988,ua UKR,MF,it Serie A,32,1993,34,2235,66,65.4,24.8,28,74,6,6,25,1,1.06,28,32,-4,-0.16,0.29,1612,ua UKR,MF,it Serie A,32,1993,24.8,10,0,0,36,26,1,68,16,19,0
392710,2025-12-19,3500000,1.FSV Mainz 05,39,L1,Lennard Maloney,1613,us USA,"DF,MF",Mainz 05,de Bundesliga,25.0,1999,21,4,485,5.4,0,0,0,0,0,0,1,0,0.0,,,,,,,,,,,,,,,,,,,,,,,,,1613,us USA,"DF,MF",de Bundesliga,25,1999,5.4,0,5,1,20.0,0.93,0.19,0.0,0.0,0,0,1989,us USA,"DF,MF",de Bundesliga,25,1999,21,485,23,15.8,5.4,4,78,2,17,10,11,1.52,3,12,-9,-1.67,-1.67,1613,us USA,"DF,MF",de Bundesliga,25,1999,5.4,1,0,0,13,3,1,2,8,8,0
502676,2025-12-09,28000000,Liverpool FC,31,GB1,Giorgi Mamardashvili,1615,ge GEO,GK,Liverpool,eng Premier League,24.0,2000,10,10,867,9.6,0,0,0,0,0,0,0,0,0.0,98,ge GEO,GK,eng Premier League,24,2000,10,10,867,9.6,18,1.87,49,33,65.3,3,1,6,2,20.0,2,1,1,0,1615,ge GEO,GK,eng Premier League,24,2000,9.6,0,0,0,,0.0,0.0,,,0,0,1992,ge GEO,GK,eng Premier League,24,2000,10,867,87,25.4,9.6,10,87,9,0,,26,1.0,13,18,-5,-0.52,-1.05,1615,ge GEO,GK,eng Premier League,24,2000,9.6,0,0,0,1,2,0,0,1,1,0
507496,2023-10-19,1200000,FC St. Gallen 1879,738,FR1,Felix Mambimbi,1616,ch SUI,"FW,MF",Le Havre,fr Ligue 1,24.0,2001,17,7,530,5.9,1,0,1,1,0,0,1,0,0.17,,,,,,,,,,,,,,,,,,,,,,,,,1616,ch SUI,"FW,MF",fr Ligue 1,24,2001,5.9,1,6,2,33.3,1.02,0.34,0.17,0.5,0,0,1993,ch SUI,"FW,MF",fr Ligue 1,24,2001,17,530,31,17.3,5.9,7,62,0,10,9,13,0.94,4,8,-4,-0.68,-0.39,1616,ch SUI,"FW,MF",fr Ligue 1,24,2001,5.9,1,0,0,16,4,5,5,4,10,0
256448,2025-12-23,15000000,AS Roma,12,IT1,Gianluca Mancini,1618,it ITA,DF,Roma,it Serie A,29.0,1996,36,36,3059,34.0,4,2,6,4,0,0,9,0,0.18,,,,,,,,,,,,,,,,,,,,,,,,,1618,it ITA,DF,it Serie A,29,1996,34.0,4,20,8,40.0,0.59,0.24,0.2,0.5,0,0,1995,it ITA,DF,it Serie A,29,1996,36,3059,85,89.4,34.0,36,85,27,0,,0,1.86,52,26,+26,0.76,0.27,1618,it ITA,DF,it Serie A,29,1996,34.0,9,0,0,71,42,5,29,47,28,0
240692,2025-12-09,5000000,Sunderland AFC,289,GB1,Reinildo Mandava,1619,mz MOZ,DF,Sunderland,eng Premier League,31.0,1994,25,23,1966,21.8,0,1,1,0,0,0,7,1,0.05,,,,,,,,,,,,,,,,,,,,,,,,,1619,mz MOZ,DF,eng Premier League,31,1994,21.8,0,4,0,0.0,0.18,0.0,0.0,,0,0,1998,mz MOZ,DF,eng Premier League,31,1994,25,1966,79,57.5,21.8,23,83,19,2,23,0,1.6,28,26,+2,0.09,0.59,1619,mz MOZ,DF,eng Premier League,31,1994,21.8,7,1,0,32,35,1,23,29,23,0
80293,2024-06-07,1800000,Villarreal CF,1082,FR1,Aïssa Mandi,1620,dz ALG,DF,Lille,fr Ligue 1,33.0,1991,29,28,2424,26.9,1,0,1,1,0,0,8,0,0.04,,,,,,,,,,,,,,,,,,,,,,,,,1620,dz ALG,DF,fr Ligue 1,33,1991,26.9,1,14,4,28.6,0.52,0.15,0.07,0.25,0,0,1999,dz ALG,DF,fr Ligue 1,33,1991,29,2424,84,79.2,26.9,28,86,24,1,6,2,1.83,37,28,+9,0.33,-0.51,1620,dz ALG,DF,fr Ligue 1,33,1991,26.9,8,0,0,17,17,1,10,44,21,0
308279,2024-06-05,8500000,ACF Fiorentina,430,IT1,Rolando Mandragora,1621,it ITA,MF,Fiorentina,it Serie A,28.0,1997,34,30,2421,26.9,7,3,10,6,1,1,7,0,0.33,,,,,,,,,,,,,,,,,,,,,,,,,1621,it ITA,MF,it Serie A,28,1997,26.9,7,64,18,28.1,2.38,0.67,0.09,0.33,1,1,2000,it ITA,MF,it Serie A,28,1997,34,2421,71,70.8,26.9,30,75,11,4,41,1,1.03,29,33,-4,-0.15,0.3,1621,it ITA,MF,it Serie A,28,1997,26.9,7,0,0,37,56,0,69,15,24,0
883007,2025-12-19,2500000,Borussia Dortmund,16,L1,Filippo Mane,1622,it ITA,DF,Dortmund,de Bundesliga,20.0,2005,4,2,131,1.5,0,0,0,0,0,0,0,1,0.0,,,,,,,,,,,,,,,,,,,,,,,,,1622,it ITA,DF,de Bundesliga,20,2005,1.5,0,0,0,,0.0,0.0,,,0,0,2001,it ITA,DF,de Bundesliga,20,2005,4,131,33,4.3,1.5,2,65,0,2,1,8,2.5,4,2,+2,1.37,0.33,1622,it ITA,DF,de Bundesliga,20,2005,1.5,0,1,0,1,2,0,1,2,0,0
289592,2024-06-03,20000000,Olympique Lyon,1041,FR1,Orel Mangala,1624,be BEL,MF,Lyon,fr Ligue 1,27.0,1998,9,5,414,4.6,0,0,0,0,0,0,0,0,0.0,,,,,,,,,,,,,,,,,,,,,,,,,1624,be BEL,MF,fr Ligue 1,27,1998,4.6,0,4,1,25.0,0.87,0.22,0.0,0.0,0,0,2003,be BEL,MF,fr Ligue 1,27,1998,9,414,46,13.5,4.6,5,67,0,4,20,2,2.11,6,7,-1,-0.22,-0.69,1624,be BEL,MF,fr Ligue 1,27,1998,4.6,0,0,0,8,5,0,3,5,5,0
1085591,2026-01-22,400000,Manchester United U21,9251,,Bendito Mantato,1625,eng ENG,MF,Manchester Utd,eng Premier League,17.0,2008,1,0,16,0.2,0,0,0,0,0,0,0,0,0.0,,,,,,,,,,,,,,,,,,,,,,,,,1625,eng ENG,MF,eng Premier League,17,2008,0.2,0,0,0,,0.0,0.0,,,0,0,2005,eng ENG,MF,eng Premier League,17,2008,1,16,16,0.5,0.2,0,,0,1,16,3,1.0,0,0,0,0.0,-0.5,1625,eng ENG,MF,eng Premier League,17,2008,0.2,0,0,0,0,0,0,1,0,0,0
927353,2025-12-19,30000000,SC Freiburg,60,L1,Johan Manzambi,1627,ch SUI,MF,Freiburg,de Bundesliga,19.0,2005,27,26,2077,23.1,5,4,9,5,0,0,4,2,0.39,,,,,,,,,,,,,,,,,,,,,,,,,1627,ch SUI,MF,de Bundesliga,19,2005,23.1,5,51,13,25.5,2.21,0.56,0.1,0.38,0,0,2007,ch SUI,MF,de Bundesliga,19,2005,27,2077,77,67.9,23.1,26,78,8,1,45,1,1.37,36,36,0,0.0,0.55,1627,ch SUI,MF,de Bundesliga,19,2005,23.1,4,2,0,22,78,2,35,27,14,0
818448,2025-12-23,2500000,Genoa CFC,252,IT1,Alessandro Marcandalli,1629,it ITA,DF,Genoa,it Serie A,22.0,2002,32,29,2597,28.9,0,2,2,0,0,0,4,0,0.07,,,,,,,,,,,,,,,,,,,,,,,,,1629,it ITA,DF,it Serie A,22,2002,28.9,0,5,2,40.0,0.17,0.07,0.0,0.0,0,0,2011,it ITA,DF,it Serie A,22,2002,32,2597,81,75.9,28.9,29,87,24,3,28,4,1.22,36,36,0,0.0,1.09,1629,it ITA,DF,it Serie A,22,2002,28.9,4,0,0,23,11,0,10,18,24,0
439022,2025-12-12,2500000,Sevilla FC,368,ES1,Marcão,1630,br BRA,DF,Sevilla,es La Liga,29.0,1996,13,11,938,10.4,1,0,1,1,0,0,5,1,0.1,,,,,,,,,,,,,,,,,,,,,,,,,1630,br BRA,DF,es La Liga,29,1996,10.4,1,10,2,20.0,0.96,0.19,0.1,0.5,0,0,2012,br BRA,DF,es La Liga,29,1996,13,938,72,27.4,10.4,11,84,9,2,8,2,1.23,13,15,-2,-0.19,0.24,1630,br BRA,DF,es La Liga,29,1996,10.4,5,1,1,22,21,1,1,4,4,0
209212,2025-12-09,3000000,Brighton & Hove Albion,1237,GB1,Solly March,1631,eng ENG,MF,Brighton,eng Premier League,31.0,1994,4,0,41,0.5,0,0,0,0,0,0,0,0,0.0,,,,,,,,,,,,,,,,,,,,,,,,,1631,eng ENG,MF,eng Premier League,31,1994,0.5,0,1,1,100.0,2.2,2.2,0.0,0.0,0,0,2013,eng ENG,MF,eng Premier League,31,1994,4,41,10,1.2,0.5,0,,0,4,10,2,1.5,0,1,-1,-2.2,-2.38,1631,eng ENG,MF,eng Premier League,31,1994,0.5,0,0,0,0,1,0,4,0,2,0
374040,2023-10-27,2000000,AC Ajaccio,10004,FR1,Vincent Marchetti,1632,fr FRA,MF,Paris FC,fr Ligue 1,28.0,1997,23,9,825,9.2,2,1,3,2,0,0,1,0,0.33,,,,,,,,,,,,,,,,,,,,,,,,,1632,fr FRA,MF,fr Ligue 1,28,1997,9.2,2,24,7,29.2,2.62,0.76,0.08,0.29,0,0,2015,fr FRA,MF,fr Ligue 1,28,1997,23,825,36,27.0,9.2,9,71,1,14,13,2,1.17,15,19,-4,-0.44,-0.48,1632,fr FRA,MF,fr Ligue 1,28,1997,9.2,1,0,0,12,4,1,1,5,13,0
210178,2025-12-23,2500000,ACF Fiorentina,1114,SA1,Pablo Marí,1633,es ESP,DF,Fiorentina,it Serie A,31.0,1993,11,9,808,9.0,0,0,0,0,0,0,3,0,0.0,,,,,,,,,,,,,,,,,,,,,,,,,1633,es ESP,DF,it Serie A,31,1993,9.0,0,2,0,0.0,0.22,0.0,0.0,,0,0,2017,es ESP,DF,it Serie A,31,1993,11,808,73,23.6,9.0,9,86,7,2,15,6,0.55,9,19,-10,-1.11,-1.15,1633,es ESP,DF,it Serie A,31,1993,9.0,3,0,0,17,8,0,0,19,8,0
250845,2024-06-07,22000000,Atlético de Madrid,13,ES1,José María Giménez,1634,uy URU,DF,Atlético Madrid,es La Liga,30.0,1995,16,13,1178,13.1,0,1,1,0,0,0,3,0,0.08,,,,,,,,,,,,,,,,,,,,,,,,,1634,uy URU,DF,es La Liga,30,1995,13.1,0,13,3,23.1,0.99,0.23,0.0,0.0,0,0,2018,uy URU,DF,es La Liga,30,1995,16,1178,74,34.4,13.1,13,85,12,3,26,4,1.88,20,14,+6,0.46,-0.02,1634,uy URU,DF,es La Liga,30,1995,13.1,3,0,0,20,10,1,0,15,12,0
54155,2023-07-25,300000,Clube Atlético Mineiro,141,TR1,Mariano,1635,do DOM,FW,Alavés,es La Liga,31.0,1993,10,3,288,3.2,0,0,0,0,0,0,1,0,0.0,,,,,,,,,,,,,,,,,,,,,,,,,1635,do DOM,FW,es La Liga,31,1993,3.2,0,6,3,50.0,1.87,0.94,0.0,0.0,0,0,2019,do DOM,FW,es La Liga,31,1993,10,288,29,8.4,3.2,3,56,0,7,17,17,0.8,2,4,-2,-0.62,-0.34,1635,do DOM,FW,es La Liga,31,1993,3.2,1,0,0,13,0,6,3,0,1,0
814446,2024-06-17,175000,Pro Sesto 1913,416,IT1,Luca Marianucci,1636,it ITA,DF,Torino,it Serie A,21.0,2004,10,6,575,6.4,0,0,0,0,0,0,2,0,0.0,,,,,,,,,,,,,,,,,,,,,,,,,1636,it ITA,DF,it Serie A,21,2004,6.4,0,1,0,0.0,0.16,0.0,0.0,,0,0,2020,it ITA,DF,it Serie A,21,2004,10,575,58,16.8,6.4,6,82,4,4,22,5,1.5,9,10,-1,-0.16,0.41,1636,it ITA,DF,it Serie A,21,2004,6.4,2,0,0,9,3,0,7,8,5,0
814446,2024-06-17,175000,Pro Sesto 1913,416,IT1,Luca Marianucci,1637,it ITA,DF,Napoli,it Serie A,21.0,2004,2,1,119,1.3,0,1,1,0,0,0,0,0,0.76,,,,,,,,,,,,,,,,,,,,,,,,,1637,it ITA,DF,it Serie A,21,2004,1.3,0,1,0,0.0,0.76,0.0,0.0,,0,0,2021,it ITA,DF,it Serie A,21,2004,2,119,60,3.5,1.3,1,90,1,1,29,19,0.5,2,2,0,0.0,-0.6,1637,it ITA,DF,it Serie A,21,2004,1.3,0,0,0,2,0,0,2,1,2,0
962145,2025-12-30,800000,Real Sociedad B,9899,,Arkaitz Mariezkurrena,1638,es ESP,FW,Real Sociedad,es La Liga,20.0,2005,1,0,1,0.0,0,0,0,0,0,0,0,0,0.0,,,,,,,,,,,,,,,,,,,,,,,,,1638,es ESP,FW,es La Liga,20,2005,0.0,0,0,0,,0.0,0.0,,,0,0,2022,es ESP,FW,es La Liga,20,2005,1,1,1,0.0,0.0,0,,0,1,1,0,1.0,0,1,-1,-90.0,-89.97,1638,es ESP,FW,es La Liga,20,2005,0.0,0,0,0,2,0,0,0,0,0,0
379163,2023-10-11,2000000,Pisa Sporting Club,4172,IT1,Marius Marin,1639,ro ROU,MF,Pisa,it Serie A,26.0,1998,23,18,1281,14.2,0,0,0,0,0,0,7,0,0.0,,,,,,,,,,,,,,,,,,,,,,,,,1639,ro ROU,MF,it Serie A,26,1998,14.2,0,3,0,0.0,0.21,0.0,0.0,,0,0,2023,ro ROU,MF,it Serie A,26,1998,23,1281,56,37.5,14.2,18,66,4,5,19,6,0.65,7,22,-15,-1.05,0.21,1639,ro ROU,MF,it Serie A,26,1998,14.2,7,0,0,36,20,0,18,14,26,0
907813,2024-06-24,1500000,Real Sociedad B,681,ES1,Pablo Marín,1640,es ESP,MF,Real Sociedad,es La Liga,22.0,2003,34,15,1502,16.7,0,1,1,0,0,0,2,0,0.06,,,,,,,,,,,,,,,,,,,,,,,,,1640,es ESP,MF,es La Liga,22,2003,16.7,0,13,4,30.8,0.78,0.24,0.0,0.0,0,0,2024,es ESP,MF,es La Liga,22,2003,34,1502,44,43.9,16.7,15,71,4,19,23,4,1.26,28,35,-7,-0.42,-0.65,1640,es ESP,MF,es La Liga,22,2003,16.7,2,0,0,22,23,5,17,9,18,0
662261,2025-12-12,12000000,Villarreal CF,1050,ES1,Rafa Marín,1641,es ESP,DF,Villarreal,es La Liga,23.0,2002,23,21,1979,22.0,1,0,1,1,0,0,1,0,0.05,,,,,,,,,,,,,,,,,,,,,,,,,1641,es ESP,DF,es La Liga,23,2002,22.0,1,5,1,20.0,0.23,0.05,0.2,1.0,0,0,2025,es ESP,DF,es La Liga,23,2002,23,1979,86,57.9,22.0,21,89,19,2,56,13,2.04,39,26,+13,0.59,-0.22,1641,es ESP,DF,es La Liga,23,2002,22.0,1,0,0,16,8,3,0,20,22,1
1041614,2025-12-15,500000,Paris Saint-Germain,583,FR1,Renato Marin,1642,it ITA,GK,Paris Saint-Germain,fr Ligue 1,19.0,2006,2,2,180,2.0,0,0,0,0,0,0,0,0,0.0,99,it ITA,GK,fr Ligue 1,19,2006,2,2,180,2.0,2,1.0,5,3,60.0,1,1,0,1,50.0,0,0,0,0,1642,it ITA,GK,fr Ligue 1,19,2006,2.0,0,0,0,,0.0,0.0,,,0,0,2026,it ITA,GK,fr Ligue 1,19,2006,2,180,90,5.9,2.0,2,90,2,0,,17,2.0,3,2,+1,0.5,-0.87,1642,it ITA,GK,fr Ligue 1,19,2006,2.0,0,0,0,0,1,0,0,0,0,0
249730,2025-12-23,4000000,Torino FC,416,IT1,Guillermo Maripán,1645,cl CHI,DF,Torino,it Serie A,31.0,1994,27,24,2145,23.8,2,0,2,2,0,0,4,0,0.08,,,,,,,,,,,,,,,,,,,,,,,,,1645,cl CHI,DF,it Serie A,31,1994,23.8,2,18,8,44.4,0.76,0.34,0.11,0.25,0,0,2030,cl CHI,DF,it Serie A,31,1994,27,2145,79,62.7,23.8,24,84,20,3,41,10,1.15,25,37,-12,-0.5,-0.01,1645,cl CHI,DF,it Serie A,31,1994,23.8,4,0,0,27,7,2,3,27,28,0
445939,2025-12-09,65000000,Manchester City,281,GB1,Omar Marmoush,1646,eg EGY,"FW,MF",Manchester City,eng Premier League,26.0,1999,21,8,700,7.8,3,3,6,3,0,0,3,0,0.77,,,,,,,,,,,,,,,,,,,,,,,,,1646,eg EGY,"FW,MF",eng Premier League,26,1999,7.8,3,30,9,30.0,3.86,1.16,0.1,0.33,0,0,2033,eg EGY,"FW,MF",eng Premier League,26,1999,21,700,33,20.5,7.8,8,65,0,13,14,7,2.05,15,5,+10,1.29,0.23,1646,eg EGY,"FW,MF",eng Premier League,26,1999,7.8,3,0,0,10,21,6,12,2,8,0
516722,2025-12-16,6000000,Spartak Moscow,232,RU1,Marquinhos,1648,br BRA,DF,Paris Saint-Germain,fr Ligue 1,31.0,1994,14,11,1052,11.7,0,0,0,0,0,0,0,0,0.0,,,,,,,,,,,,,,,,,,,,,,,,,1648,br BRA,DF,fr Ligue 1,31,1994,11.7,0,3,0,0.0,0.26,0.0,0.0,,0,0,2035,br BRA,DF,fr Ligue 1,31,1994,14,1052,75,34.4,11.7,11,90,11,3,21,15,2.21,24,6,+18,1.54,0.33,1648,br BRA,DF,fr Ligue 1,31,1994,11.7,0,0,0,8,2,0,3,7,9,1
625657,2025-12-12,600000,Real Sociedad,681,ES1,Unai Marrero,1649,es ESP,GK,Real Sociedad,es La Liga,23.0,2001,1,1,90,1.0,0,0,0,0,0,0,1,0,0.0,100,es ESP,GK,es La Liga,23,2001,1,1,90,1.0,1,1.0,8,7,87.5,0,1,0,0,0.0,0,0,0,0,1649,es ESP,GK,es La Liga,23,2001,1.0,0,0,0,,0.0,0.0,,,0,0,2036,es ESP,GK,es La Liga,23,2001,1,90,90,2.6,1.0,1,90,1,0,,35,1.0,1,1,0,0.0,0.05,1649,es ESP,GK,es La Liga,23,2001,1.0,1,0,0,0,0,0,0,0,0,0
953135,2024-05-24,2000000,West Bromwich Albion,80,L1,Callum Marshall,1650,nir NIR,FW,West Ham United,eng Premier League,20.0,2004,2,0,60,0.7,0,0,0,0,0,0,0,0,0.0,,,,,,,,,,,,,,,,,,,,,,,,,1650,nir NIR,FW,eng Premier League,20,2004,0.7,0,1,0,0.0,1.5,0.0,0.0,,0,0,2038,nir NIR,FW,eng Premier League,20,2004,2,60,30,1.8,0.7,0,,0,2,30,4,0.0,0,2,-2,-3.0,-2.54,1650,nir NIR,FW,eng Premier League,20,2004,0.7,0,0,0,0,0,1,0,2,0,0
597000,2024-05-29,7500000,1.FC Köln,3,L1,Eric Martel,1651,de GER,"MF,DF",Köln,de Bundesliga,23.0,2002,31,30,2559,28.4,2,2,4,2,0,0,12,1,0.14,,,,,,,,,,,,,,,,,,,,,,,,,1651,de GER,"MF,DF",de Bundesliga,23,2002,28.4,2,23,4,17.4,0.81,0.14,0.09,0.5,0,0,2039,de GER,"MF,DF",de Bundesliga,23,2002,31,2559,83,83.6,28.4,30,85,22,1,14,0,1.0,41,50,-9,-0.32,0.58,1651,de GER,"MF,DF",de Bundesliga,23,2002,28.4,12,1,1,42,51,0,11,35,32,0
251878,2024-06-05,5000000,Genoa CFC,252,IT1,Aarón Martín,1652,es ESP,"MF,DF",Genoa,it Serie A,28.0,1997,33,26,2156,24.0,1,5,6,1,0,1,2,0,0.25,,,,,,,,,,,,,,,,,,,,,,,,,1652,es ESP,"MF,DF",it Serie A,28,1997,24.0,1,11,4,36.4,0.46,0.17,0.09,0.25,0,1,2040,es ESP,"MF,DF",it Serie A,28,1997,33,2156,65,63.0,24.0,26,79,15,7,13,5,1.12,28,37,-9,-0.38,-0.3,1652,es ESP,"MF,DF",it Serie A,28,1997,24.0,2,0,0,31,27,0,194,10,28,0
618813,2025-12-12,2500000,Atlético de Madrid,367,ES1,Carlos Martín,1653,es ESP,"MF,FW",Rayo Vallecano,es La Liga,23.0,2002,11,7,450,5.0,0,0,0,0,0,0,1,0,0.0,,,,,,,,,,,,,,,,,,,,,,,,,1653,es ESP,"MF,FW",es La Liga,23,2002,5.0,0,9,4,44.4,1.8,0.8,0.0,0.0,0,0,2041,es ESP,"MF,FW",es La Liga,23,2002,11,450,41,13.2,5.0,7,57,0,4,12,8,1.36,5,11,-6,-1.2,-1.29,1653,es ESP,"MF,FW",es La Liga,23,2002,5.0,1,0,0,11,5,0,8,0,7,0
341278,2025-12-12,6000000,Girona FC,12321,ES1,Iván Martín,1655,es ESP,MF,Girona,es La Liga,26.0,1999,35,29,2532,28.1,0,1,1,0,0,0,5,1,0.04,,,,,,,,,,,,,,,,,,,,,,,,,1655,es ESP,MF,es La Liga,26,1999,28.1,0,13,5,38.5,0.46,0.18,0.0,0.0,0,0,2044,es ESP,MF,es La Liga,26,1999,35,2532,72,74.0,28.1,29,83,15,6,22,2,1.17,29,36,-7,-0.25,0.66,1655,es ESP,MF,es La Liga,26,1999,28.1,5,1,1,30,31,3,15,17,39,0
948273,2024-06-24,300000,Real Madrid Castilla,3709,ES1,Mario Martín,1657,es ESP,"MF,FW",Getafe,es La Liga,21.0,2004,35,26,2125,23.6,2,1,3,2,0,0,11,0,0.13,,,,,,,,,,,,,,,,,,,,,,,,,1657,es ESP,"MF,FW",es La Liga,21,2004,23.6,2,26,6,23.1,1.1,0.25,0.08,0.33,0,0,2046,es ESP,"MF,FW",es La Liga,21,2004,35,2125,61,62.1,23.6,26,71,6,9,32,0,1.29,19,27,-8,-0.34,-0.48,1657,es ESP,"MF,FW",es La Liga,21,2004,23.6,11,0,0,71,34,4,13,16,32,0
655488,2025-12-09,45000000,Arsenal FC,11,GB1,Gabriel Martinelli,1658,br BRA,"FW,MF",Arsenal,eng Premier League,24.0,2001,30,11,1081,12.0,1,4,5,1,0,0,3,0,0.42,,,,,,,,,,,,,,,,,,,,,,,,,1658,br BRA,"FW,MF",eng Premier League,24,2001,12.0,1,29,13,44.8,2.41,1.08,0.03,0.08,0,0,2047,br BRA,"FW,MF",eng Premier League,24,2001,30,1081,36,31.6,12.0,11,64,2,19,20,6,2.2,22,8,+14,1.17,0.01,1658,br BRA,"FW,MF",eng Premier League,24,2001,12.0,3,0,0,10,14,5,37,1,8,0
707447,2025-12-10,9000000,Sociedade Esportiva Palmeiras,1023,BRA1,Emiliano Martínez,1661,ar ARG,GK,Aston Villa,eng Premier League,32.0,1992,32,32,2835,31.5,0,1,1,0,0,0,2,0,0.03,101,ar ARG,GK,eng Premier League,32,1992,32,32,2835,31.5,39,1.24,133,95,70.7,16,6,10,8,25.0,1,0,1,0,1661,ar ARG,GK,eng Premier League,32,1992,31.5,0,0,0,,0.0,0.0,,,0,0,2052,ar ARG,GK,eng Premier League,32,1992,32,2835,89,82.9,31.5,32,89,31,0,,0,1.69,46,39,+7,0.22,0.22,1661,ar ARG,GK,eng Premier League,32,1992,31.5,2,0,0,0,17,0,0,0,0,0
406625,2025-12-23,85000000,Inter Milan,46,IT1,Lautaro Martínez,1664,ar ARG,FW,Inter,it Serie A,27.0,1997,30,27,2159,24.0,17,6,23,17,0,0,4,0,0.96,,,,,,,,,,,,,,,,,,,,,,,,,1664,ar ARG,FW,it Serie A,27,1997,24.0,17,92,39,42.4,3.84,1.63,0.18,0.44,0,0,2055,ar ARG,FW,it Serie A,27,1997,30,2159,72,63.1,24.0,27,77,4,3,24,3,2.4,60,21,+39,1.63,0.56,1664,ar ARG,FW,it Serie A,27,1997,24.0,4,0,0,47,47,8,17,6,13,0
480762,2024-07-19,50000000,Manchester United,985,GB1,Lisandro Martínez,1665,ar ARG,DF,Manchester Utd,eng Premier League,27.0,1998,18,13,1233,13.7,0,0,0,0,0,0,0,1,0.0,,,,,,,,,,,,,,,,,,,,,,,,,1665,ar ARG,DF,eng Premier League,27,1998,13.7,0,5,0,0.0,0.36,0.0,0.0,,0,0,2056,ar ARG,DF,eng Premier League,27,1998,18,1233,69,36.1,13.7,13,87,11,5,20,1,1.89,25,15,+10,0.73,0.36,1665,ar ARG,DF,eng Premier League,27,1998,13.7,0,1,0,9,2,0,2,12,11,1
282900,2023-06-30,250000,Deportivo de La Coruña,1160,FR1,Pablo Martínez,1666,es ESP,MF,Levante,es La Liga,27.0,1998,27,21,1857,20.6,1,5,6,1,0,0,3,0,0.29,,,,,,,,,,,,,,,,,,,,,,,,,1666,es ESP,MF,es La Liga,27,1998,20.6,1,28,4,14.3,1.36,0.19,0.04,0.25,0,0,2057,es ESP,MF,es La Liga,27,1998,27,1857,69,54.3,20.6,21,81,8,6,28,1,1.37,25,28,-3,-0.15,0.49,1666,es ESP,MF,es La Liga,27,1998,20.6,3,0,0,30,12,3,87,19,10,0
882710,2025-12-12,1000000,Sevilla FC,368,ES1,Ramón Martínez,1667,es ESP,DF,Sevilla,es La Liga,22.0,2002,2,0,102,1.1,0,0,0,0,0,0,0,0,0.0,,,,,,,,,,,,,,,,,,,,,,,,,1667,es ESP,DF,es La Liga,22,2002,1.1,0,0,0,,0.0,0.0,,,0,0,2058,es ESP,DF,es La Liga,22,2002,2,102,51,3.0,1.1,0,,0,2,51,9,1.5,2,3,-1,-0.88,-0.53,1667,es ESP,DF,es La Liga,22,2002,1.1,0,0,0,1,1,0,0,1,0,0
302371,2024-06-06,5000000,FC Porto,1108,ES1,Toni Martínez,1668,es ESP,FW,Alavés,es La Liga,28.0,1997,37,32,2714,30.2,14,3,17,13,1,1,2,0,0.53,,,,,,,,,,,,,,,,,,,,,,,,,1668,es ESP,FW,es La Liga,28,1997,30.2,14,93,36,38.7,3.08,1.19,0.14,0.36,1,1,2059,es ESP,FW,es La Liga,28,1997,37,2714,73,79.4,30.2,32,80,12,5,28,1,1.08,40,41,-1,-0.03,1.37,1668,es ESP,FW,es La Liga,28,1997,30.2,2,0,0,46,37,13,14,4,15,0
142031,2025-12-12,800000,RCD Mallorca,237,ES1,Omar Mascarell,1670,gq EQG,"MF,DF",Mallorca,es La Liga,32.0,1993,30,26,2239,24.9,2,2,4,2,0,0,5,0,0.16,,,,,,,,,,,,,,,,,,,,,,,,,1670,gq EQG,"MF,DF",es La Liga,32,1993,24.9,2,7,3,42.9,0.28,0.12,0.29,0.67,0,0,2062,gq EQG,"MF,DF",es La Liga,32,1993,30,2239,75,65.5,24.9,26,81,17,4,32,4,1.2,32,35,-3,-0.12,0.41,1670,gq EQG,"MF,DF",es La Liga,32,1993,24.9,5,0,0,38,14,0,6,35,28,0
286949,2025-12-23,1400000,Torino FC,515,,Adam Masina,1671,ma MAR,DF,Torino,it Serie A,31.0,1994,5,2,235,2.6,0,1,1,0,0,0,0,0,0.38,,,,,,,,,,,,,,,,,,,,,,,,,1671,ma MAR,DF,it Serie A,31,1994,2.6,0,0,0,,0.0,0.0,,,0,0,2063,ma MAR,DF,it Serie A,31,1994,5,235,47,6.9,2.6,2,90,2,3,18,8,0.2,3,11,-8,-3.06,-2.75,1671,ma MAR,DF,it Serie A,31,1994,2.6,0,0,0,6,2,0,0,5,4,0
536508,2024-05-27,4000000,Burnley FC,167,L1,Han-Noah Massengo,1673,fr FRA,MF,Augsburg,de Bundesliga,24.0,2001,33,29,2427,27.0,2,1,3,2,0,0,5,0,0.11,,,,,,,,,,,,,,,,,,,,,,,,,1673,fr FRA,MF,de Bundesliga,24,2001,27.0,2,20,6,30.0,0.74,0.22,0.1,0.33,0,0,2065,fr FRA,MF,de Bundesliga,24,2001,33,2427,74,79.3,27.0,29,80,14,4,26,0,1.27,31,52,-21,-0.78,-1.49,1673,fr FRA,MF,de Bundesliga,24,2001,27.0,5,0,0,25,23,0,17,36,18,0
181380,2025-12-09,2500000,Sunderland AFC,826,FR1,Arthur Masuaku,1675,cd COD,DF,Sunderland,eng Premier League,31.0,1993,3,2,126,1.4,0,0,0,0,0,0,1,0,0.0,,,,,,,,,,,,,,,,,,,,,,,,,1675,cd COD,DF,eng Premier League,31,1993,1.4,0,1,0,0.0,0.71,0.0,0.0,,0,0,2067,cd COD,DF,eng Premier League,31,1993,3,126,42,3.7,1.4,2,58,0,1,11,8,1.33,1,2,-1,-0.71,-0.58,1675,cd COD,DF,eng Premier League,31,1993,1.4,1,0,0,3,0,0,8,2,2,0
181380,2025-12-09,2500000,Sunderland AFC,826,FR1,Arthur Masuaku,1676,cd COD,"DF,MF",Lens,fr Ligue 1,31.0,1993,4,3,227,2.5,0,0,0,0,0,0,1,0,0.0,,,,,,,,,,,,,,,,,,,,,,,,,1676,cd COD,"DF,MF",fr Ligue 1,31,1993,2.5,0,1,1,100.0,0.4,0.4,0.0,0.0,0,0,2068,cd COD,"DF,MF",fr Ligue 1,31,1993,4,227,57,7.4,2.5,3,75,1,1,1,5,2.5,7,5,+2,0.79,-0.13,1676,cd COD,"DF,MF",fr Ligue 1,31,1993,2.5,1,0,0,2,1,0,7,1,3,0
187718,2024-06-03,4000000,Olympique Lyon,1041,FR1,Clinton Mata,1677,ao ANG,DF,Lyon,fr Ligue 1,32.0,1992,32,32,2833,31.5,0,0,0,0,0,0,5,0,0.0,,,,,,,,,,,,,,,,,,,,,,,,,1677,ao ANG,DF,fr Ligue 1,32,1992,31.5,0,5,0,0.0,0.16,0.0,0.0,,0,0,2069,ao ANG,DF,fr Ligue 1,32,1992,32,2833,89,92.6,31.5,32,89,29,0,,0,1.75,49,40,+9,0.29,-1.3,1677,ao ANG,DF,fr Ligue 1,32,1992,31.5,5,0,0,35,35,0,20,26,21,1
605268,2025-12-19,7000000,SC Freiburg,60,L1,Igor Matanovic,1678,hr CRO,FW,Freiburg,de Bundesliga,22.0,2003,31,14,1571,17.5,11,2,13,10,1,2,0,0,0.69,,,,,,,,,,,,,,,,,,,,,,,,,1678,hr CRO,FW,de Bundesliga,22,2003,17.5,11,51,19,37.3,2.92,1.09,0.2,0.53,1,2,2070,hr CRO,FW,de Bundesliga,22,2003,31,1571,51,51.3,17.5,14,84,8,17,23,1,1.52,27,27,0,0.0,0.36,1678,hr CRO,FW,de Bundesliga,22,2003,17.5,0,0,0,42,22,6,0,9,11,0
568693,2025-12-09,35000000,Tottenham Hotspur,148,GB1,Pape Matar Sarr,1679,sn SEN,MF,Tottenham Hotspur,eng Premier League,22.0,2002,26,13,1397,15.5,2,4,6,2,0,0,3,0,0.39,,,,,,,,,,,,,,,,,,,,,,,,,1679,sn SEN,MF,eng Premier League,22,2002,15.5,2,17,6,35.3,1.1,0.39,0.12,0.33,0,0,2071,sn SEN,MF,eng Premier League,22,2002,26,1397,54,40.8,15.5,13,89,11,13,19,3,1.12,21,23,-2,-0.13,0.18,1679,sn SEN,MF,eng Premier League,22,2002,15.5,3,0,0,29,13,3,8,14,21,0
420002,2025-12-09,40000000,Crystal Palace,873,GB1,Jean-Philippe Mateta,1680,fr FRA,FW,Crystal Palace,eng Premier League,28.0,1997,32,25,2218,24.6,12,0,12,8,4,4,2,0,0.32,,,,,,,,,,,,,,,,,,,,,,,,,1680,fr FRA,FW,eng Premier League,28,1997,24.6,12,63,32,50.8,2.56,1.3,0.13,0.25,4,4,2072,fr FRA,FW,eng Premier League,28,1997,32,2218,69,64.9,24.6,25,81,12,7,27,0,1.09,23,29,-6,-0.24,0.06,1680,fr FRA,FW,eng Premier League,28,1997,24.6,2,0,0,21,19,18,11,6,4,0
74683,2024-06-03,3000000,Olympique Lyon,6574,IT1,Nemanja Matić,1681,rs SRB,MF,Sassuolo,it Serie A,36.0,1988,34,31,2660,29.6,1,1,2,1,0,0,7,1,0.07,,,,,,,,,,,,,,,,,,,,,,,,,1681,rs SRB,MF,it Serie A,36,1988,29.6,1,11,4,36.4,0.37,0.14,0.09,0.25,0,0,2073,rs SRB,MF,it Serie A,36,1988,34,2660,78,77.8,29.6,31,82,19,3,35,0,1.24,35,39,-4,-0.14,-0.14,1681,rs SRB,MF,it Serie A,36,1988,29.6,7,1,0,24,39,0,11,27,28,0
569383,2025-12-19,22000000,FC Augsburg,167,L1,Chrislain Matsima,1684,fr FRA,DF,Augsburg,de Bundesliga,23.0,2002,18,17,1489,16.5,1,1,2,1,0,0,5,0,0.12,,,,,,,,,,,,,,,,,,,,,,,,,1684,fr FRA,DF,de Bundesliga,23,2002,16.5,1,7,1,14.3,0.42,0.06,0.14,1.0,0,0,2076,fr FRA,DF,de Bundesliga,23,2002,18,1489,83,48.7,16.5,17,87,15,1,5,0,1.11,23,33,-10,-0.6,-0.26,1684,fr FRA,DF,de Bundesliga,23,2002,16.5,5,0,0,10,4,0,4,30,11,0
861981,2024-06-05,4000000,Genoa CFC,3368,ES1,Alan Matturro,1686,uy URU,DF,Levante,es La Liga,20.0,2004,19,10,947,10.5,1,1,2,1,0,0,0,1,0.19,,,,,,,,,,,,,,,,,,,,,,,,,1686,uy URU,DF,es La Liga,20,2004,10.5,1,8,1,12.5,0.76,0.1,0.13,1.0,0,0,2079,uy URU,DF,es La Liga,20,2004,19,947,50,27.7,10.5,10,79,8,9,17,11,1.0,13,22,-9,-0.86,-0.67,1686,uy URU,DF,es La Liga,20,2004,10.5,0,1,0,7,10,0,0,6,13,0
217115,2024-05-27,12000000,Brentford FC,368,ES1,Neal Maupay,1687,fr FRA,"FW,MF",Marseille,fr Ligue 1,28.0,1996,1,0,2,0.0,0,0,0,0,0,0,0,0,0.0,,,,,,,,,,,,,,,,,,,,,,,,,1687,fr FRA,"FW,MF",fr Ligue 1,28,1996,0.0,0,0,0,,0.0,0.0,,,0,0,2081,fr FRA,"FW,MF",fr Ligue 1,28,1996,1,2,2,0.1,0.0,0,,0,1,2,2,3.0,0,0,0,0.0,-0.53,1687,fr FRA,"FW,MF",fr Ligue 1,28,1996,0.0,0,0,0,0,0,0,0,0,0,0
217115,2024-05-27,12000000,Brentford FC,368,ES1,Neal Maupay,1688,fr FRA,FW,Sevilla,es La Liga,28.0,1996,12,10,865,9.6,2,1,3,2,0,0,2,0,0.31,,,,,,,,,,,,,,,,,,,,,,,,,1688,fr FRA,FW,es La Liga,28,1996,9.6,2,17,7,41.2,1.77,0.73,0.12,0.29,0,0,2082,fr FRA,FW,es La Liga,28,1996,12,865,72,25.3,9.6,10,79,3,2,36,2,1.17,11,14,-3,-0.31,0.08,1688,fr FRA,FW,es La Liga,28,1996,9.6,2,0,0,15,16,3,4,1,1,0
415912,2025-12-09,15000000,West Ham United,379,GB1,Konstantinos Mavropanos,1689,gr GRE,DF,West Ham United,eng Premier League,27.0,1997,31,27,2534,28.2,3,0,3,3,0,0,2,0,0.11,,,,,,,,,,,,,,,,,,,,,,,,,1689,gr GRE,DF,eng Premier League,27,1997,28.2,3,23,8,34.8,0.82,0.28,0.13,0.38,0,0,2083,gr GRE,DF,eng Premier League,27,1997,31,2534,82,74.1,28.2,27,90,27,4,26,3,1.03,34,44,-10,-0.36,0.56,1689,gr GRE,DF,eng Premier League,27,1997,28.2,2,0,0,16,9,2,4,47,24,2
1005240,2025-12-15,15000000,AS Monaco,162,FR1,Christian Mawissa,1690,fr FRA,"DF,MF",Monaco,fr Ligue 1,20.0,2005,18,13,1191,13.2,0,0,0,0,0,0,4,0,0.0,,,,,,,,,,,,,,,,,,,,,,,,,1690,fr FRA,"DF,MF",fr Ligue 1,20,2005,13.2,0,2,1,50.0,0.15,0.08,0.0,0.0,0,0,2084,fr FRA,"DF,MF",fr Ligue 1,20,2005,18,1191,66,38.9,13.2,13,82,9,5,26,2,1.78,23,22,+1,0.08,-0.17,1690,fr FRA,"DF,MF",fr Ligue 1,20,2005,13.2,4,0,0,12,12,0,5,15,25,0
967346,2024-05-30,700000,Hibernian FC,289,GB1,Eliezer Mayenda,1691,es ESP,"FW,MF",Sunderland,eng Premier League,20.0,2005,20,8,759,8.4,2,0,2,2,0,0,0,0,0.24,,,,,,,,,,,,,,,,,,,,,,,,,1691,es ESP,"FW,MF",eng Premier League,20,2005,8.4,2,13,6,46.2,1.54,0.71,0.15,0.33,0,0,2086,es ESP,"FW,MF",eng Premier League,20,2005,20,759,38,22.2,8.4,8,74,1,12,14,18,1.25,8,9,-1,-0.12,0.05,1691,es ESP,"FW,MF",eng Premier League,20,2005,8.4,0,0,0,6,11,3,1,1,3,0
1107726,2026-01-22,500000,West Ham United U21,379,GB1,Ezra Mayers,1692,bb BRB,DF,West Ham United,eng Premier League,18.0,2007,6,0,117,1.3,0,0,0,0,0,0,0,0,0.0,,,,,,,,,,,,,,,,,,,,,,,,,1692,bb BRB,DF,eng Premier League,18,2007,1.3,0,1,0,0.0,0.77,0.0,0.0,,0,0,2087,bb BRB,DF,eng Premier League,18,2007,6,117,20,3.4,1.3,0,,0,6,20,8,0.33,0,3,-3,-2.31,-1.87,1692,bb BRB,DF,eng Premier League,18,2007,1.3,0,0,0,0,0,0,3,1,0,0
298976,2025-12-12,7500000,Getafe CF,3709,ES1,Borja Mayoral,1693,es ESP,FW,Getafe,es La Liga,28.0,1997,16,12,1058,11.8,4,1,5,4,0,1,0,0,0.43,,,,,,,,,,,,,,,,,,,,,,,,,1693,es ESP,FW,es La Liga,28,1997,11.8,4,15,7,46.7,1.28,0.6,0.27,0.57,0,1,2089,es ESP,FW,es La Liga,28,1997,16,1058,66,30.9,11.8,12,81,6,4,21,5,0.94,9,15,-6,-0.51,-0.51,1693,es ESP,FW,es La Liga,28,1997,11.8,0,0,0,6,7,11,6,4,5,0
903693,2025-12-15,40000000,Paris Saint-Germain,583,FR1,Senny Mayulu,1694,fr FRA,"MF,FW",Paris Saint-Germain,fr Ligue 1,19.0,2006,26,21,1672,18.6,4,4,8,4,0,0,2,0,0.43,,,,,,,,,,,,,,,,,,,,,,,,,1694,fr FRA,"MF,FW",fr Ligue 1,19,2006,18.6,4,35,11,31.4,1.88,0.59,0.11,0.36,0,0,2090,fr FRA,"MF,FW",fr Ligue 1,19,2006,26,1672,64,54.6,18.6,21,73,6,5,29,0,2.12,37,15,+22,1.18,-0.31,1694,fr FRA,"MF,FW",fr Ligue 1,19,2006,18.6,2,0,0,24,20,1,27,12,31,0
905011,2023-06-19,600000,Hertha BSC U19,15,L1,Ibrahim Maza,1695,dz ALG,MF,Leverkusen,de Bundesliga,19.0,2005,28,20,1849,20.5,3,4,7,3,0,0,2,0,0.34,,,,,,,,,,,,,,,,,,,,,,,,,1695,dz ALG,MF,de Bundesliga,19,2005,20.5,3,54,17,31.5,2.63,0.83,0.06,0.18,0,0,2091,dz ALG,MF,de Bundesliga,19,2005,28,1849,66,60.4,20.5,20,79,9,8,33,2,1.64,42,27,+15,0.73,0.28,1695,dz ALG,MF,de Bundesliga,19,2005,20.5,2,0,0,19,36,3,64,16,24,0
340456,2025-12-09,22000000,Manchester United,985,GB1,Noussair Mazraoui,1696,ma MAR,"DF,MF",Manchester Utd,eng Premier League,27.0,1997,20,11,985,10.9,0,0,0,0,0,0,3,0,0.0,,,,,,,,,,,,,,,,,,,,,,,,,1696,ma MAR,"DF,MF",eng Premier League,27,1997,10.9,0,5,0,0.0,0.46,0.0,0.0,,0,0,2092,ma MAR,"DF,MF",eng Premier League,27,1997,20,985,49,28.8,10.9,11,72,3,9,22,6,2.0,19,10,+9,0.82,0.45,1696,ma MAR,"DF,MF",eng Premier League,27,1997,10.9,3,0,0,12,14,0,13,11,15,0
226025,2025-12-23,1400000,Cagliari Calcio,1390,IT1,Luca Mazzitelli,1697,it ITA,MF,Cagliari,it Serie A,29.0,1995,18,9,767,8.5,2,2,4,2,0,0,3,0,0.47,,,,,,,,,,,,,,,,,,,,,,,,,1697,it ITA,MF,it Serie A,29,1995,8.5,2,15,5,33.3,1.76,0.59,0.13,0.4,0,0,2093,it ITA,MF,it Serie A,29,1995,18,767,43,22.4,8.5,9,65,1,9,20,10,1.33,12,9,+3,0.35,0.89,1697,it ITA,MF,it Serie A,29,1995,8.5,3,0,0,22,13,0,9,10,11,0
250153,2025-12-23,1700000,SSC Napoli,6195,IT1,Pasquale Mazzocchi,1698,it ITA,MF,Napoli,it Serie A,30.0,1995,16,2,310,3.4,0,1,1,0,0,0,0,1,0.29,,,,,,,,,,,,,,,,,,,,,,,,,1698,it ITA,MF,it Serie A,30,1995,3.4,0,2,1,50.0,0.58,0.29,0.0,0.0,0,0,2095,it ITA,MF,it Serie A,30,1995,16,310,19,9.1,3.4,2,60,0,14,14,17,2.06,3,3,0,0.0,-0.64,1698,it ITA,MF,it Serie A,30,1995,3.4,0,1,0,1,0,1,15,4,1,0
903666,2025-12-15,9000000,LOSC Lille,1082,FR1,Ethan Mbappé,1701,fr FRA,"MF,FW",Lille,fr Ligue 1,18.0,2006,18,4,567,6.3,3,1,4,3,0,0,1,0,0.63,,,,,,,,,,,,,,,,,,,,,,,,,1701,fr FRA,"MF,FW",fr Ligue 1,18,2006,6.3,3,14,7,50.0,2.22,1.11,0.21,0.43,0,0,2099,fr FRA,"MF,FW",fr Ligue 1,18,2006,18,567,32,18.5,6.3,4,78,0,14,18,0,1.83,11,10,+1,0.16,-0.35,1701,fr FRA,"MF,FW",fr Ligue 1,18,2006,6.3,1,0,0,7,9,1,34,2,7,0
342229,2024-06-03,180000000,Paris Saint-Germain,418,ES1,Kylian Mbappé,1702,fr FRA,FW,Real Madrid,es La Liga,26.0,1998,31,29,2599,28.9,25,5,30,17,8,9,4,0,0.76,,,,,,,,,,,,,,,,,,,,,,,,,1702,fr FRA,FW,es La Liga,26,1998,28.9,25,146,63,43.2,5.06,2.18,0.12,0.27,8,9,2100,fr FRA,FW,es La Liga,26,1998,31,2599,84,76.0,28.9,29,88,20,2,25,1,2.29,55,26,+29,1.0,-0.42,1702,fr FRA,FW,es La Liga,26,1998,28.9,4,0,0,13,36,39,26,3,1,0
1185888,2025-12-15,25000000,Paris Saint-Germain,583,FR1,Ibrahim Mbaye,1703,sn SEN,"FW,MF",Paris Saint-Germain,fr Ligue 1,17.0,2008,24,10,1006,11.2,3,2,5,3,0,0,0,0,0.45,,,,,,,,,,,,,,,,,,,,,,,,,1703,sn SEN,"FW,MF",fr Ligue 1,17,2008,11.2,3,24,10,41.7,2.15,0.89,0.13,0.3,0,0,2101,sn SEN,"FW,MF",fr Ligue 1,17,2008,24,1006,42,32.9,11.2,10,69,3,14,23,6,2.29,23,11,+12,1.07,-0.37,1703,sn SEN,"FW,MF",fr Ligue 1,17,2008,11.2,0,0,0,10,13,2,16,4,7,0
707063,2024-06-03,500000,FC Metz,3508,BE1,Malick Mbaye,1704,sn SEN,MF,Metz,fr Ligue 1,21.0,2004,5,3,300,3.3,0,0,0,0,0,0,1,0,0.0,,,,,,,,,,,,,,,,,,,,,,,,,1704,sn SEN,MF,fr Ligue 1,21,2004,3.3,0,2,1,50.0,0.6,0.3,0.0,0.0,0,0,2102,sn SEN,MF,fr Ligue 1,21,2004,5,300,60,9.8,3.3,3,87,1,2,19,3,0.2,4,7,-3,-0.9,0.44,1704,sn SEN,MF,fr Ligue 1,21,2004,3.3,1,0,0,2,3,0,8,3,8,0
203348,2025-12-15,2500000,LOSC Lille,1082,FR1,Chancel Mbemba,1705,cd COD,DF,Lille,fr Ligue 1,30.0,1994,13,9,954,10.6,0,0,0,0,0,0,3,0,0.0,,,,,,,,,,,,,,,,,,,,,,,,,1705,cd COD,DF,fr Ligue 1,30,1994,10.6,0,7,3,42.9,0.66,0.28,0.0,0.0,0,0,2103,cd COD,DF,fr Ligue 1,30,1994,13,954,73,31.2,10.6,9,90,9,4,36,16,2.23,22,15,+7,0.66,0.32,1705,cd COD,DF,fr Ligue 1,30,1994,10.6,3,0,0,10,6,0,0,13,8,1
413039,2024-05-27,40000000,Brentford FC,985,GB1,Bryan Mbeumo,1706,cm CMR,"MF,FW",Manchester Utd,eng Premier League,25.0,1999,33,31,2609,29.0,11,3,14,11,0,0,4,0,0.48,,,,,,,,,,,,,,,,,,,,,,,,,1706,cm CMR,"MF,FW",eng Premier League,25,1999,29.0,11,73,32,43.8,2.52,1.1,0.15,0.34,0,0,2104,cm CMR,"MF,FW",eng Premier League,25,1999,33,2609,79,76.3,29.0,31,83,13,2,19,0,1.97,57,36,+21,0.72,0.95,1706,cm CMR,"MF,FW",eng Premier League,25,1999,29.0,4,0,0,23,28,7,105,7,11,0
979551,2024-06-04,400000,RWD Molenbeek,3911,FR1,Pathé Mboup,1708,sn SEN,MF,Brest,fr Ligue 1,21.0,2003,28,9,1054,11.7,1,0,1,1,0,0,6,0,0.09,,,,,,,,,,,,,,,,,,,,,,,,,1708,sn SEN,MF,fr Ligue 1,21,2003,11.7,1,23,10,43.5,1.96,0.85,0.04,0.1,0,0,2107,sn SEN,MF,fr Ligue 1,21,2003,28,1054,38,34.4,11.7,9,71,1,19,22,3,1.14,12,18,-6,-0.51,-0.24,1708,sn SEN,MF,fr Ligue 1,21,2003,11.7,6,0,0,34,19,5,11,12,18,0
649026,2023-06-09,600000,RFC Seraing,10004,FR1,Moustapha Mbow,1709,sn SEN,DF,Paris FC,fr Ligue 1,25.0,2000,31,30,2717,30.2,0,1,1,0,0,0,5,0,0.03,,,,,,,,,,,,,,,,,,,,,,,,,1709,sn SEN,DF,fr Ligue 1,25,2000,30.2,0,10,3,30.0,0.33,0.1,0.0,0.0,0,0,2108,sn SEN,DF,fr Ligue 1,25,2000,31,2717,88,88.8,30.2,30,90,30,1,17,2,1.23,41,43,-2,-0.07,0.2,1709,sn SEN,DF,fr Ligue 1,25,2000,30.2,5,0,0,27,16,1,2,38,33,0
193116,2025-12-09,15000000,Aston Villa,405,GB1,John McGinn,1711,sct SCO,MF,Aston Villa,eng Premier League,30.0,1994,30,28,2137,23.7,5,4,9,5,0,0,5,0,0.38,,,,,,,,,,,,,,,,,,,,,,,,,1711,sct SCO,MF,eng Premier League,30,1994,23.7,5,28,12,42.9,1.18,0.51,0.18,0.42,0,0,2112,sct SCO,MF,eng Premier League,30,1994,30,2137,71,62.5,23.7,28,75,6,2,25,0,1.9,37,28,+9,0.38,0.52,1711,sct SCO,MF,eng Premier League,30,1994,23.7,5,0,0,31,48,0,82,12,17,0
332697,2025-12-23,22000000,Juventus FC,506,IT1,Weston McKennie,1712,us USA,MF,Juventus,it Serie A,26.0,1998,36,32,2835,31.5,5,5,10,5,0,0,5,0,0.32,,,,,,,,,,,,,,,,,,,,,,,,,1712,us USA,MF,it Serie A,26,1998,31.5,5,43,16,37.2,1.37,0.51,0.12,0.31,0,0,2113,us USA,MF,it Serie A,26,1998,36,2835,79,82.9,31.5,32,87,23,4,13,1,1.81,53,31,+22,0.7,-0.07,1712,us USA,MF,it Serie A,26,1998,31.5,5,0,0,44,11,7,36,26,24,0
429259,2024-06-04,6000000,KRC Genk,415,FR1,Mark McKenzie,1713,us USA,DF,Toulouse,fr Ligue 1,26.0,1999,30,28,2494,27.7,0,2,2,0,0,0,7,1,0.07,,,,,,,,,,,,,,,,,,,,,,,,,1713,us USA,DF,fr Ligue 1,26,1999,27.7,0,6,1,16.7,0.22,0.04,0.0,0.0,0,0,2114,us USA,DF,fr Ligue 1,26,1999,30,2494,83,81.5,27.7,28,88,25,2,19,0,1.3,37,38,-1,-0.04,-0.35,1713,us USA,DF,fr Ligue 1,26,1999,27.7,7,1,0,35,12,1,4,25,31,0
584769,2025-12-09,20000000,Everton FC,29,GB1,Dwight McNeil,1714,eng ENG,MF,Everton,eng Premier League,25.0,1999,22,14,1168,13.0,0,1,1,0,0,0,1,0,0.08,,,,,,,,,,,,,,,,,,,,,,,,,1714,eng ENG,MF,eng Premier League,25,1999,13.0,0,24,5,20.8,1.85,0.39,0.0,0.0,0,0,2118,eng ENG,MF,eng Premier League,25,1999,22,1168,53,34.2,13.0,14,76,3,8,13,14,1.45,14,9,+5,0.39,0.7,1714,eng ENG,MF,eng Premier League,25,1999,13.0,1,0,0,11,7,2,40,10,16,0
315969,2025-12-23,45000000,SSC Napoli,6195,IT1,Scott McTominay,1715,sct SCO,MF,Napoli,it Serie A,28.0,1996,33,31,2791,31.0,10,3,13,10,0,1,1,0,0.42,,,,,,,,,,,,,,,,,,,,,,,,,1715,sct SCO,MF,it Serie A,28,1996,31.0,10,101,34,33.7,3.26,1.1,0.1,0.29,0,1,2119,sct SCO,MF,it Serie A,28,1996,33,2791,85,81.6,31.0,31,88,27,2,38,0,2.09,49,27,+22,0.71,0.71,1715,sct SCO,MF,it Serie A,28,1996,31.0,1,0,0,24,73,5,10,23,13,0
474800,2025-12-15,20000000,Olympique Marseille,244,FR1,Facundo Medina,1716,ar ARG,DF,Marseille,fr Ligue 1,26.0,1999,17,16,1365,15.2,0,1,1,0,0,0,7,0,0.07,,,,,,,,,,,,,,,,,,,,,,,,,1716,ar ARG,DF,fr Ligue 1,26,1999,15.2,0,4,1,25.0,0.26,0.07,0.0,0.0,0,0,2120,ar ARG,DF,fr Ligue 1,26,1999,17,1365,80,44.6,15.2,16,85,13,1,6,3,1.76,26,23,+3,0.2,-0.6,1716,ar ARG,DF,fr Ligue 1,26,1999,15.2,7,0,0,24,9,0,13,24,16,1
107574,2023-06-28,1500000,Hamburger SV,60,L1,Jonas Meffert,1717,de GER,MF,Hamburger SV,de Bundesliga,30.0,1994,4,1,145,1.6,0,0,0,0,0,0,0,0,0.0,,,,,,,,,,,,,,,,,,,,,,,,,1717,de GER,MF,de Bundesliga,30,1994,1.6,0,0,0,,0.0,0.0,,,0,0,2121,de GER,MF,de Bundesliga,30,1994,4,145,36,4.7,1.6,1,66,0,3,26,9,1.0,0,4,-4,-2.48,-2.17,1717,de GER,MF,de Bundesliga,30,1994,1.6,0,0,0,1,0,0,0,1,3,0
914934,2025-12-23,5000000,Pisa Sporting Club,4172,IT1,Henrik Meister,1718,dk DEN,FW,Pisa,it Serie A,21.0,2003,28,15,1515,16.8,2,0,2,2,0,0,2,0,0.12,,,,,,,,,,,,,,,,,,,,,,,,,1718,dk DEN,FW,it Serie A,21,2003,16.8,2,20,8,40.0,1.19,0.48,0.1,0.25,0,0,2123,dk DEN,FW,it Serie A,21,2003,28,1515,54,44.3,16.8,15,75,6,13,29,8,0.46,13,28,-15,-0.89,0.53,1718,dk DEN,FW,it Serie A,21,2003,16.8,2,0,0,26,17,5,1,1,3,0
807165,2025-12-15,4000000,FC Lorient,1158,FR1,Bamo Meïté,1719,ci CIV,DF,Lorient,fr Ligue 1,23.0,2001,25,22,1979,22.0,0,3,3,0,0,0,5,0,0.14,,,,,,,,,,,,,,,,,,,,,,,,,1719,ci CIV,DF,fr Ligue 1,23,2001,22.0,0,8,1,12.5,0.36,0.05,0.0,0.0,0,0,2124,ci CIV,DF,fr Ligue 1,23,2001,25,1979,79,64.7,22.0,22,87,18,3,23,3,1.44,31,29,+2,0.09,0.51,1719,ci CIV,DF,fr Ligue 1,23,2001,22.0,5,0,0,30,25,2,12,13,15,0
1141560,2025-12-15,10000000,Stade Rennais FC,1114,SA1,Kader Meïté,1720,fr FRA,FW,Rennes,fr Ligue 1,17.0,2007,17,6,535,5.9,3,2,5,3,0,0,0,0,0.84,,,,,,,,,,,,,,,,,,,,,,,,,1720,fr FRA,FW,fr Ligue 1,17,2007,5.9,3,22,7,31.8,3.7,1.18,0.14,0.43,0,0,2125,fr FRA,FW,fr Ligue 1,17,2007,17,535,31,17.5,5.9,6,52,0,11,20,2,1.59,14,5,+9,1.51,1.51,1720,fr FRA,FW,fr Ligue 1,17,2007,5.9,0,0,0,12,4,8,3,1,2,0
616341,2025-12-15,75000000,Paris Saint-Germain,583,FR1,Nuno Mendes,1723,pt POR,DF,Paris Saint-Germain,fr Ligue 1,23.0,2002,20,13,1256,14.0,4,5,9,3,1,1,1,0,0.57,,,,,,,,,,,,,,,,,,,,,,,,,1723,pt POR,DF,fr Ligue 1,23,2002,14.0,4,30,15,50.0,2.15,1.07,0.1,0.2,1,1,2129,pt POR,DF,fr Ligue 1,23,2002,20,1256,63,41.0,14.0,13,85,10,7,22,4,2.25,29,12,+17,1.22,-0.18,1723,pt POR,DF,fr Ligue 1,23,2002,14.0,1,0,0,12,25,3,44,14,20,0
309110,2024-06-07,40000000,Real Sociedad,681,ES1,Brais Méndez,1724,es ESP,"MF,FW",Real Sociedad,es La Liga,28.0,1997,29,21,1660,18.4,6,2,8,5,1,2,4,1,0.38,,,,,,,,,,,,,,,,,,,,,,,,,1724,es ESP,"MF,FW",es La Liga,28,1997,18.4,6,36,16,44.4,1.95,0.87,0.14,0.31,1,2,2130,es ESP,"MF,FW",es La Liga,28,1997,29,1660,57,48.5,18.4,21,71,3,8,22,5,1.24,26,27,-1,-0.05,0.0,1724,es ESP,"MF,FW",es La Liga,28,1997,18.4,4,1,0,42,35,7,62,8,18,0
891998,2025-12-15,4000000,OGC Nice,417,FR1,Antoine Mendy,1727,sn SEN,DF,Nice,fr Ligue 1,21.0,2004,25,24,2097,23.3,1,0,1,1,0,0,5,0,0.04,,,,,,,,,,,,,,,,,,,,,,,,,1727,sn SEN,DF,fr Ligue 1,21,2004,23.3,1,17,7,41.2,0.73,0.3,0.06,0.14,0,0,2133,sn SEN,DF,fr Ligue 1,21,2004,25,2097,84,68.5,23.3,24,87,21,1,11,6,0.92,26,38,-12,-0.52,0.51,1727,sn SEN,DF,fr Ligue 1,21,2004,23.3,5,0,0,30,22,1,21,19,35,0
395234,2025-12-12,10000000,Sevilla FC,368,ES1,Batista Mendy,1728,fr FRA,MF,Sevilla,es La Liga,25.0,2000,27,19,1617,18.0,1,0,1,1,0,0,6,0,0.06,,,,,,,,,,,,,,,,,,,,,,,,,1728,fr FRA,MF,es La Liga,25,2000,18.0,1,17,5,29.4,0.95,0.28,0.06,0.2,0,0,2134,fr FRA,MF,es La Liga,25,2000,27,1617,60,47.3,18.0,19,78,10,8,17,5,1.15,16,26,-10,-0.56,-0.36,1728,fr FRA,MF,es La Liga,25,2000,18.0,6,0,0,37,27,0,5,18,23,0
291417,2024-06-07,22000000,Real Madrid,418,ES1,Ferland Mendy,1729,fr FRA,DF,Real Madrid,es La Liga,30.0,1995,5,3,207,2.3,0,0,0,0,0,0,0,0,0.0,,,,,,,,,,,,,,,,,,,,,,,,,1729,fr FRA,DF,es La Liga,30,1995,2.3,0,0,0,,0.0,0.0,,,0,0,2135,fr FRA,DF,es La Liga,30,1995,5,207,41,6.1,2.3,3,64,2,2,7,10,2.2,4,2,+2,0.87,-0.25,1729,fr FRA,DF,es La Liga,30,1995,2.3,0,0,0,2,1,0,0,2,1,0
649023,2024-06-03,4500000,FC Lorient,1158,FR1,Formose Mendy,1730,sn SEN,DF,Lorient,fr Ligue 1,24.0,2001,2,2,135,1.5,0,0,0,0,0,0,1,0,0.0,,,,,,,,,,,,,,,,,,,,,,,,,1730,sn SEN,DF,fr Ligue 1,24,2001,1.5,0,0,0,,0.0,0.0,,,0,0,2136,sn SEN,DF,fr Ligue 1,24,2001,2,135,68,4.4,1.5,2,68,1,0,,0,1.5,1,1,0,0.0,0.09,1730,sn SEN,DF,fr Ligue 1,24,2001,1.5,1,0,0,2,3,0,1,3,1,0
1034853,2024-06-24,1000000,Betis Deportivo Balompié,367,ES1,Nobel Mendy,1731,sn SEN,DF,Rayo Vallecano,es La Liga,20.0,2004,24,22,1797,20.0,2,0,2,2,0,0,9,2,0.1,,,,,,,,,,,,,,,,,,,,,,,,,1731,sn SEN,DF,es La Liga,20,2004,20.0,2,11,3,27.3,0.55,0.15,0.18,0.67,0,0,2137,sn SEN,DF,es La Liga,20,2004,24,1797,75,52.5,20.0,22,79,12,2,27,7,1.25,21,26,-5,-0.25,-0.36,1731,sn SEN,DF,es La Liga,20,2004,20.0,9,2,1,32,12,1,6,23,15,0
397171,2025-12-15,3500000,AJ Auxerre,290,FR1,Gideon Mensah,1733,gh GHA,DF,Auxerre,fr Ligue 1,27.0,1998,30,26,2327,25.9,0,2,2,0,0,0,8,0,0.08,,,,,,,,,,,,,,,,,,,,,,,,,1733,gh GHA,DF,fr Ligue 1,27,1998,25.9,0,1,0,0.0,0.04,0.0,0.0,,0,0,2141,gh GHA,DF,fr Ligue 1,27,1998,30,2327,78,76.0,25.9,26,86,16,4,22,2,1.03,27,28,-1,-0.04,1.07,1733,gh GHA,DF,fr Ligue 1,27,1998,25.9,8,0,0,37,34,1,64,23,37,0
240414,2025-12-23,14000000,SSC Napoli,6195,IT1,Alex Meret,1735,it ITA,GK,Napoli,it Serie A,28.0,1997,11,11,979,10.9,0,1,1,0,0,0,1,0,0.09,103,it ITA,GK,it Serie A,28,1997,11,11,979,10.9,12,1.1,31,21,67.7,9,0,2,4,36.4,2,2,0,0,1735,it ITA,GK,it Serie A,28,1997,10.9,0,0,0,,0.0,0.0,,,0,0,2145,it ITA,GK,it Serie A,28,1997,11,979,89,28.6,10.9,11,89,10,0,,15,2.45,20,12,+8,0.74,0.22,1735,it ITA,GK,it Serie A,28,1997,10.9,1,0,0,1,1,0,0,1,0,0
338424,2025-12-09,30000000,Arsenal FC,11,GB1,Mikel Merino,1736,es ESP,"MF,FW",Arsenal,eng Premier League,29.0,1996,22,10,1036,11.5,4,3,7,4,0,0,1,0,0.61,,,,,,,,,,,,,,,,,,,,,,,,,1736,es ESP,"MF,FW",eng Premier League,29,1996,11.5,4,22,8,36.4,1.91,0.69,0.18,0.5,0,0,2146,es ESP,"MF,FW",eng Premier League,29,1996,22,1036,47,30.3,11.5,10,77,5,12,22,2,2.23,22,10,+12,1.04,-0.17,1736,es ESP,"MF,FW",eng Premier League,29,1996,11.5,1,0,0,22,20,3,4,9,13,0
557613,2025-12-15,12000000,Stade Rennais FC,273,FR1,Quentin Merlin,1737,fr FRA,"DF,MF",Rennes,fr Ligue 1,23.0,2002,33,27,2533,28.1,1,5,6,1,0,0,2,0,0.21,,,,,,,,,,,,,,,,,,,,,,,,,1737,fr FRA,"DF,MF",fr Ligue 1,23,2002,28.1,1,26,7,26.9,0.92,0.25,0.04,0.14,0,0,2147,fr FRA,"DF,MF",fr Ligue 1,23,2002,33,2533,77,82.8,28.1,27,87,23,6,32,1,1.76,45,43,+2,0.07,-1.12,1737,fr FRA,"DF,MF",fr Ligue 1,23,2002,28.1,2,0,0,22,30,5,156,29,38,0
883865,2025-12-15,800000,FC Toulouse,415,FR1,Rafik Messali,1738,fr FRA,MF,Toulouse,fr Ligue 1,22.0,2003,12,5,502,5.6,0,0,0,0,0,0,2,0,0.0,,,,,,,,,,,,,,,,,,,,,,,,,1738,fr FRA,MF,fr Ligue 1,22,2003,5.6,0,0,0,,0.0,0.0,,,0,0,2151,fr FRA,MF,fr Ligue 1,22,2003,12,502,42,16.4,5.6,5,70,2,7,22,1,1.25,8,2,+6,1.08,1.25,1738,fr FRA,MF,fr Ligue 1,22,2003,5.6,2,0,0,11,9,0,9,12,6,0
449151,2024-06-05,2500000,Genoa CFC,252,IT1,Junior Messias,1739,br BRA,MF,Genoa,it Serie A,34.0,1991,20,5,685,7.6,3,1,4,2,1,1,1,0,0.39,,,,,,,,,,,,,,,,,,,,,,,,,1739,br BRA,MF,it Serie A,34,1991,7.6,3,19,7,36.8,2.5,0.92,0.11,0.29,1,1,2152,br BRA,MF,it Serie A,34,1991,20,685,34,20.0,7.6,5,64,0,15,24,5,1.6,11,7,+4,0.53,0.99,1739,br BRA,MF,it Serie A,34,1991,7.6,1,0,0,10,22,0,16,5,10,0
1191444,2025-12-15,8000000,FC Toulouse,415,FR1,Dayann Methalie,1742,fr FRA,MF,Toulouse,fr Ligue 1,19.0,2006,28,23,1961,21.8,2,1,3,2,0,0,9,0,0.14,,,,,,,,,,,,,,,,,,,,,,,,,1742,fr FRA,MF,fr Ligue 1,19,2006,21.8,2,15,7,46.7,0.69,0.32,0.13,0.29,0,0,2156,fr FRA,MF,fr Ligue 1,19,2006,28,1961,70,64.1,21.8,23,79,7,5,27,0,1.11,21,29,-8,-0.37,-1.1,1742,fr FRA,MF,fr Ligue 1,19,2006,21.8,9,0,0,57,12,1,43,23,31,0
139304,2023-10-20,1000000,FC St. Pauli,35,L1,Karol Mets,1743,ee EST,DF,St Pauli,de Bundesliga,32.0,1993,23,22,1932,21.5,1,0,1,1,0,0,3,0,0.05,,,,,,,,,,,,,,,,,,,,,,,,,1743,ee EST,DF,de Bundesliga,32,1993,21.5,1,7,1,14.3,0.33,0.05,0.14,1.0,0,0,2157,ee EST,DF,de Bundesliga,32,1993,23,1932,84,63.1,21.5,22,87,18,1,16,3,0.78,17,40,-23,-1.07,-0.43,1743,ee EST,DF,de Bundesliga,32,1993,21.5,3,0,0,13,11,1,6,22,22,0
100986,2025-12-15,1800000,LOSC Lille,1082,FR1,Thomas Meunier,1744,be BEL,DF,Lille,fr Ligue 1,33.0,1991,25,21,1909,21.2,2,2,4,2,0,0,3,0,0.19,,,,,,,,,,,,,,,,,,,,,,,,,1744,be BEL,DF,fr Ligue 1,33,1991,21.2,2,19,5,26.3,0.9,0.24,0.11,0.4,0,0,2158,be BEL,DF,fr Ligue 1,33,1991,25,1909,76,62.4,21.2,21,87,16,4,18,0,2.08,36,19,+17,0.8,0.96,1744,be BEL,DF,fr Ligue 1,33,1991,21.2,3,0,0,29,3,2,51,17,18,0
982097,2025-12-17,800000,Chelsea FC U21,9250,,Shumaira Mheuka,1745,eng ENG,FW,Chelsea,eng Premier League,17.0,2007,1,0,2,0.0,0,0,0,0,0,0,0,0,0.0,,,,,,,,,,,,,,,,,,,,,,,,,1745,eng ENG,FW,eng Premier League,17,2007,0.0,0,0,0,,0.0,0.0,,,0,0,2162,eng ENG,FW,eng Premier League,17,2007,1,2,2,0.1,0.0,0,,0,1,2,0,3.0,0,0,0,0.0,-0.16,1745,eng ENG,FW,eng Premier League,17,2007,0.0,0,0,0,0,0,0,0,0,0,0
810909,2025-12-15,2500000,AS Monaco,347,FR1,Lucas Michal,1746,fr FRA,MF,Metz,fr Ligue 1,20.0,2005,9,2,212,2.4,0,0,0,0,0,0,1,0,0.0,,,,,,,,,,,,,,,,,,,,,,,,,1746,fr FRA,MF,fr Ligue 1,20,2005,2.4,0,7,2,28.6,2.97,0.85,0.0,0.0,0,0,2163,fr FRA,MF,fr Ligue 1,20,2005,9,212,24,6.9,2.4,2,63,0,7,12,1,0.33,2,7,-5,-2.12,-0.89,1746,fr FRA,MF,fr Ligue 1,20,2005,2.4,1,0,0,3,2,1,1,0,0,0
810909,2025-12-15,2500000,AS Monaco,347,FR1,Lucas Michal,1747,fr FRA,FW,Monaco,fr Ligue 1,20.0,2005,2,0,59,0.7,0,0,0,0,0,0,0,0,0.0,,,,,,,,,,,,,,,,,,,,,,,,,1747,fr FRA,FW,fr Ligue 1,20,2005,0.7,0,1,0,0.0,1.53,0.0,0.0,,0,0,2164,fr FRA,FW,fr Ligue 1,20,2005,2,59,30,1.9,0.7,0,,0,2,30,6,0.0,0,1,-1,-1.53,-1.74,1747,fr FRA,FW,fr Ligue 1,20,2005,0.7,0,0,0,2,1,0,3,0,0,0
729814,2025-12-12,28000000,Villarreal CF,1050,ES1,Georges Mikautadze,1748,ge GEO,FW,Villarreal,es La Liga,24.0,2000,32,23,2109,23.4,13,6,19,13,0,0,1,0,0.81,,,,,,,,,,,,,,,,,,,,,,,,,1748,ge GEO,FW,es La Liga,24,2000,23.4,13,65,32,49.2,2.77,1.37,0.2,0.41,0,0,2166,ge GEO,FW,es La Liga,24,2000,32,2109,66,61.7,23.4,23,80,7,9,29,2,1.91,44,30,+14,0.6,-0.23,1748,ge GEO,FW,es La Liga,24,2000,23.4,1,0,0,13,45,3,21,5,4,0
729814,2025-12-12,28000000,Villarreal CF,1050,ES1,Georges Mikautadze,1749,ge GEO,FW,Lyon,fr Ligue 1,24.0,2000,2,2,179,2.0,1,0,1,1,0,0,0,0,0.5,,,,,,,,,,,,,,,,,,,,,,,,,1749,ge GEO,FW,fr Ligue 1,24,2000,2.0,1,10,4,40.0,5.03,2.01,0.1,0.25,0,0,2167,ge GEO,FW,fr Ligue 1,24,2000,2,179,90,5.8,2.0,2,90,1,0,,0,3.0,4,0,+4,2.01,1.73,1749,ge GEO,FW,fr Ligue 1,24,2000,2.0,0,0,0,0,1,1,0,1,0,0
1084539,2025-12-19,5000000,FC Bayern Munich U19 ,1462,,Wisdom Mike,1750,de GER,FW,Bayern Munich,de Bundesliga,16.0,2008,4,0,30,0.3,0,0,0,0,0,0,0,0,0.0,,,,,,,,,,,,,,,,,,,,,,,,,1750,de GER,FW,de Bundesliga,16,2008,0.3,0,2,1,50.0,6.0,3.0,0.0,0.0,0,0,2168,de GER,FW,de Bundesliga,16,2008,4,30,8,1.0,0.3,0,,0,4,8,9,3.0,4,0,+4,12.0,9.56,1750,de GER,FW,de Bundesliga,16,2008,0.3,0,0,0,0,0,0,1,1,0,0
743500,2023-06-28,1000000,Hamburger SV,41,L1,William Mikelbrencis,1751,fr FRA,"MF,DF",Hamburger SV,de Bundesliga,21.0,2004,26,15,1372,15.2,0,4,4,0,0,0,3,0,0.26,,,,,,,,,,,,,,,,,,,,,,,,,1751,fr FRA,"MF,DF",de Bundesliga,21,2004,15.2,0,12,6,50.0,0.79,0.39,0.0,0.0,0,0,2169,fr FRA,"MF,DF",de Bundesliga,21,2004,26,1372,53,44.8,15.2,15,81,5,11,15,6,1.04,17,34,-17,-1.12,-1.28,1751,fr FRA,"MF,DF",de Bundesliga,21,2004,15.2,3,0,0,18,5,5,54,6,22,0
683620,2024-05-31,6000000,Feyenoord Rotterdam,1148,GB1,Antoni Milambo,1753,nl NED,MF,Brentford,eng Premier League,20.0,2005,1,1,45,0.5,0,0,0,0,0,0,0,0,0.0,,,,,,,,,,,,,,,,,,,,,,,,,1753,nl NED,MF,eng Premier League,20,2005,0.5,0,0,0,,0.0,0.0,,,0,0,2171,nl NED,MF,eng Premier League,20,2005,1,45,45,1.3,0.5,1,45,0,0,,3,0.0,0,3,-3,-6.0,-6.16,1753,nl NED,MF,eng Premier League,20,2005,0.5,0,0,0,0,0,0,0,0,1,0
413507,2025-12-09,30000000,Nottingham Forest,703,GB1,Nikola Milenković,1754,rs SRB,DF,Nottingham Forest,eng Premier League,27.0,1997,38,37,3375,37.5,0,0,0,0,0,0,6,0,0.0,,,,,,,,,,,,,,,,,,,,,,,,,1754,rs SRB,DF,eng Premier League,27,1997,37.5,0,16,1,6.3,0.43,0.03,0.0,0.0,0,0,2172,rs SRB,DF,eng Premier League,27,1997,38,3375,89,98.7,37.5,37,90,37,1,45,0,1.16,46,51,-5,-0.13,-4.13,1754,rs SRB,DF,eng Premier League,27,1997,37.5,6,0,0,21,20,1,2,29,19,1
922769,2025-12-09,20000000,Newcastle United,762,GB1,Lewis Miley,1755,eng ENG,"MF,DF",Newcastle United,eng Premier League,19.0,2006,23,15,1496,16.6,1,4,5,1,0,0,0,0,0.3,,,,,,,,,,,,,,,,,,,,,,,,,1755,eng ENG,"MF,DF",eng Premier League,19,2006,16.6,1,12,4,33.3,0.72,0.24,0.08,0.25,0,0,2173,eng ENG,"MF,DF",eng Premier League,19,2006,23,1496,65,43.7,16.6,15,88,13,8,22,5,1.3,25,22,+3,0.18,0.41,1755,eng ENG,"MF,DF",eng Premier League,19,2006,16.6,0,0,0,5,4,2,42,20,18,0
191891,2024-06-05,6000000,Juventus FC,506,IT1,Arkadiusz Milik,1756,pl POL,FW,Juventus,it Serie A,31.0,1994,2,0,36,0.4,0,0,0,0,0,0,0,0,0.0,,,,,,,,,,,,,,,,,,,,,,,,,1756,pl POL,FW,it Serie A,31,1994,0.4,0,2,2,100.0,5.0,5.0,0.0,0.0,0,0,2174,pl POL,FW,it Serie A,31,1994,2,36,18,1.1,0.4,0,,0,2,18,6,2.0,0,0,0,0.0,-0.72,1756,pl POL,FW,it Serie A,31,1994,0.4,0,0,0,1,0,0,0,0,0,0
257474,2024-06-05,5000000,Torino FC,6195,IT1,Vanja Milinković-Savić,1757,rs SRB,GK,Napoli,it Serie A,28.0,1997,27,27,2430,27.0,0,1,1,0,0,0,0,0,0.04,104,rs SRB,GK,it Serie A,28,1997,27,27,2430,27.0,24,0.89,69,52,72.5,14,7,6,11,40.7,8,5,3,0,1757,rs SRB,GK,it Serie A,28,1997,27.0,0,0,0,,0.0,0.0,,,0,0,2175,rs SRB,GK,it Serie A,28,1997,27,2430,90,71.1,27.0,27,90,27,0,,9,1.81,38,24,+14,0.52,-0.21,1757,rs SRB,GK,it Serie A,28,1997,27.0,0,0,0,1,6,0,0,0,0,0
401530,2024-06-07,60000000,Real Madrid,418,ES1,Éder Militão,1758,br BRA,DF,Real Madrid,es La Liga,27.0,1998,16,14,1139,12.7,2,1,3,2,0,0,2,0,0.24,,,,,,,,,,,,,,,,,,,,,,,,,1758,br BRA,DF,es La Liga,27,1998,12.7,2,21,9,42.9,1.66,0.71,0.1,0.22,0,0,2176,br BRA,DF,es La Liga,27,1998,16,1139,71,33.3,12.7,14,76,9,2,39,2,2.06,26,9,+17,1.34,0.36,1758,br BRA,DF,es La Liga,27,1998,12.7,2,0,0,15,13,0,1,10,16,0
281989,2025-12-12,3500000,Getafe CF,3709,ES1,Luis Milla,1759,es ESP,MF,Getafe,es La Liga,30.0,1994,37,37,3271,36.3,1,10,11,1,0,0,5,1,0.3,,,,,,,,,,,,,,,,,,,,,,,,,1759,es ESP,MF,es La Liga,30,1994,36.3,1,27,4,14.8,0.74,0.11,0.04,0.25,0,0,2177,es ESP,MF,es La Liga,30,1994,37,3271,88,95.6,36.3,37,88,31,0,,0,1.38,32,35,-3,-0.08,1.73,1759,es ESP,MF,es La Liga,30,1994,36.3,5,1,0,32,43,3,225,42,33,0
225593,2025-12-12,1200000,RCD Espanyol Barcelona,714,ES1,Pere Milla,1760,es ESP,"MF,FW",Espanyol,es La Liga,32.0,1992,33,24,1973,21.9,7,1,8,7,0,0,6,1,0.36,,,,,,,,,,,,,,,,,,,,,,,,,1760,es ESP,"MF,FW",es La Liga,32,1992,21.9,7,59,21,35.6,2.69,0.96,0.12,0.33,0,0,2178,es ESP,"MF,FW",es La Liga,32,1992,33,1973,60,57.7,21.9,24,73,1,9,26,2,1.33,27,23,+4,0.18,1.18,1760,es ESP,"MF,FW",es La Liga,32,1992,21.9,6,1,0,24,38,10,36,18,24,0
924857,2025-12-23,8000000,Udinese Calcio,410,IT1,Lennon Miller,1761,sct SCO,MF,Udinese,it Serie A,18.0,2006,24,9,996,11.1,0,2,2,0,0,0,4,0,0.18,,,,,,,,,,,,,,,,,,,,,,,,,1761,sct SCO,MF,it Serie A,18,2006,11.1,0,9,1,11.1,0.81,0.09,0.0,0.0,0,0,2179,sct SCO,MF,it Serie A,18,2006,24,996,42,29.1,11.1,9,74,1,15,22,13,1.25,19,14,+5,0.45,0.75,1761,sct SCO,MF,it Serie A,18,2006,11.1,4,0,0,14,17,1,32,9,12,0
3333,2025-12-09,750000,Brighton & Hove Albion,1237,GB1,James Milner,1762,eng ENG,MF,Brighton,eng Premier League,39.0,1986,20,7,784,8.7,1,1,2,0,1,1,2,0,0.11,,,,,,,,,,,,,,,,,,,,,,,,,1762,eng ENG,MF,eng Premier League,39,1986,8.7,1,8,2,25.0,0.92,0.23,0.0,0.0,1,1,2180,eng ENG,MF,eng Premier League,39,1986,20,784,39,22.9,8.7,7,76,1,13,19,8,1.4,16,17,-1,-0.11,-0.35,1762,eng ENG,MF,eng Premier League,39,1986,8.7,2,0,0,15,3,1,14,5,9,0
289446,2025-12-23,3000000,Cagliari Calcio,1390,IT1,Yerry Mina,1766,co COL,DF,Cagliari,it Serie A,30.0,1994,26,26,2150,23.9,2,0,2,2,0,0,5,1,0.08,,,,,,,,,,,,,,,,,,,,,,,,,1766,co COL,DF,it Serie A,30,1994,23.9,2,10,3,30.0,0.42,0.13,0.2,0.67,0,0,2184,co COL,DF,it Serie A,30,1994,26,2150,83,62.9,23.9,26,83,21,0,,3,1.35,26,29,-3,-0.13,0.58,1766,co COL,DF,it Serie A,30,1994,23.9,5,1,1,26,37,3,1,26,18,0
165793,2025-12-15,12000000,AS Monaco,162,FR1,Takumi Minamino,1767,jp JPN,MF,Monaco,fr Ligue 1,30.0,1995,15,11,944,10.5,3,2,5,3,0,0,4,0,0.48,,,,,,,,,,,,,,,,,,,,,,,,,1767,jp JPN,MF,fr Ligue 1,30,1995,10.5,3,21,7,33.3,2.0,0.67,0.14,0.43,0,0,2185,jp JPN,MF,fr Ligue 1,30,1995,15,944,63,30.8,10.5,11,78,1,4,22,1,1.53,17,14,+3,0.29,0.16,1767,jp JPN,MF,fr Ligue 1,30,1995,10.5,4,0,0,10,8,3,8,3,3,0
253677,2025-12-09,4000000,Aston Villa,405,GB1,Tyrone Mings,1768,eng ENG,DF,Aston Villa,eng Premier League,32.0,1993,17,15,1324,14.7,0,0,0,0,0,0,1,0,0.0,,,,,,,,,,,,,,,,,,,,,,,,,1768,eng ENG,DF,eng Premier League,32,1993,14.7,0,9,1,11.1,0.61,0.07,0.0,0.0,0,0,2186,eng ENG,DF,eng Premier League,32,1993,17,1324,78,38.7,14.7,15,86,14,2,17,6,1.24,16,23,-7,-0.48,-1.08,1768,eng ENG,DF,eng Premier League,32,1993,14.7,1,0,0,10,8,0,4,11,2,0
331505,2024-06-07,8000000,Celta de Vigo,940,ES1,Óscar Mingueza,1769,es ESP,MF,Celta Vigo,es La Liga,26.0,1999,34,21,1968,21.9,1,4,5,1,0,0,4,0,0.23,,,,,,,,,,,,,,,,,,,,,,,,,1769,es ESP,MF,es La Liga,26,1999,21.9,1,14,5,35.7,0.64,0.23,0.07,0.2,0,0,2187,es ESP,MF,es La Liga,26,1999,34,1968,58,57.5,21.9,21,78,9,13,25,4,1.44,37,26,+11,0.5,0.87,1769,es ESP,MF,es La Liga,26,1999,21.9,4,0,0,15,28,1,68,9,20,0
1012534,2025-12-09,40000000,Brighton & Hove Albion,1237,GB1,Yankuba Minteh,1770,gm GAM,MF,Brighton,eng Premier League,21.0,2004,34,26,2391,26.6,3,4,7,3,0,0,3,0,0.26,,,,,,,,,,,,,,,,,,,,,,,,,1770,gm GAM,MF,eng Premier League,21,2004,26.6,3,41,11,26.8,1.54,0.41,0.07,0.27,0,0,2188,gm GAM,MF,eng Premier League,21,2004,34,2391,70,69.9,26.6,26,83,11,8,29,2,1.26,39,33,+6,0.23,0.23,1770,gm GAM,MF,eng Premier League,21,2004,26.6,3,0,0,32,22,10,159,15,37,0
476219,2025-12-10,2500000,Rangers FC,124,SC1,Bojan Miovski,1771,mk MKD,FW,Girona,es La Liga,26.0,1999,1,1,44,0.5,0,0,0,0,0,0,0,0,0.0,,,,,,,,,,,,,,,,,,,,,,,,,1771,mk MKD,FW,es La Liga,26,1999,0.5,0,0,0,,0.0,0.0,,,0,0,2189,mk MKD,FW,es La Liga,26,1999,1,44,44,1.3,0.5,1,44,0,0,,0,0.0,0,3,-3,-6.14,-5.79,1771,mk MKD,FW,es La Liga,26,1999,0.5,0,0,0,0,0,0,0,0,0,0
361254,2024-06-07,2500000,Sevilla FC,1531,ES1,Rafa Mir,1772,es ESP,"FW,MF",Elche,es La Liga,28.0,1997,27,21,1803,20.0,8,0,8,7,1,2,4,0,0.35,,,,,,,,,,,,,,,,,,,,,,,,,1772,es ESP,"FW,MF",es La Liga,28,1997,20.0,8,69,36,52.2,3.44,1.8,0.1,0.19,1,2,2190,es ESP,"FW,MF",es La Liga,28,1997,27,1803,67,52.7,20.0,21,80,7,6,21,3,1.22,30,24,+6,0.3,1.08,1772,es ESP,"FW,MF",es La Liga,28,1997,20.0,4,0,0,39,16,7,19,4,7,0
341227,2025-12-23,15000000,Bologna FC 1909,1025,IT1,Juan Miranda,1773,es ESP,DF,Bologna,it Serie A,25.0,2000,32,29,2573,28.6,1,3,4,1,0,0,6,0,0.14,,,,,,,,,,,,,,,,,,,,,,,,,1773,es ESP,DF,it Serie A,25,2000,28.6,1,13,5,38.5,0.45,0.17,0.08,0.2,0,0,2191,es ESP,DF,it Serie A,25,2000,32,2573,80,75.2,28.6,29,87,25,3,20,2,1.63,42,36,+6,0.21,0.53,1773,es ESP,DF,it Serie A,25,2000,28.6,6,0,0,25,35,3,171,33,31,0
571607,2025-12-23,14000000,Juventus FC,506,IT1,Fabio Miretti,1774,it ITA,MF,Juventus,it Serie A,21.0,2003,23,5,617,6.9,1,2,3,1,0,0,1,0,0.44,,,,,,,,,,,,,,,,,,,,,,,,,1774,it ITA,MF,it Serie A,21,2003,6.9,1,18,5,27.8,2.63,0.73,0.06,0.2,0,0,2193,it ITA,MF,it Serie A,21,2003,23,617,27,18.0,6.9,5,68,0,18,15,8,1.83,17,6,+11,1.6,1.09,1774,it ITA,MF,it Serie A,21,2003,6.9,1,0,0,15,7,0,17,4,9,0
730893,2025-12-09,25000000,Crystal Palace,873,GB1,Tyrick Mitchell,1775,eng ENG,MF,Crystal Palace,eng Premier League,25.0,1999,38,36,3251,36.1,1,2,3,1,0,0,6,0,0.08,,,,,,,,,,,,,,,,,,,,,,,,,1775,eng ENG,MF,eng Premier League,25,1999,36.1,1,19,7,36.8,0.53,0.19,0.05,0.14,0,0,2196,eng ENG,MF,eng Premier League,25,1999,38,3251,86,95.1,36.1,36,88,31,2,45,0,1.18,38,47,-9,-0.25,0.28,1775,eng ENG,MF,eng Premier League,25,1999,36.1,6,0,0,24,28,5,104,33,65,0
504849,2025-12-09,30000000,Brighton & Hove Albion,1237,GB1,Kaoru Mitoma,1776,jp JPN,"MF,FW",Brighton,eng Premier League,28.0,1997,25,19,1721,19.1,3,1,4,3,0,0,5,0,0.21,,,,,,,,,,,,,,,,,,,,,,,,,1776,jp JPN,"MF,FW",eng Premier League,28,1997,19.1,3,32,13,40.6,1.67,0.68,0.09,0.23,0,0,2197,jp JPN,"MF,FW",eng Premier League,28,1997,25,1721,69,50.3,19.1,19,82,10,6,28,0,1.4,24,20,+4,0.21,0.1,1776,jp JPN,"MF,FW",eng Premier League,28,1997,19.1,5,0,0,31,21,4,46,8,12,0
282660,2025-12-19,18000000,VfB Stuttgart,79,L1,Maximilian Mittelstädt,1777,de GER,"DF,MF",Stuttgart,de Bundesliga,28.0,1997,32,24,2186,24.3,6,4,10,2,4,4,4,0,0.25,,,,,,,,,,,,,,,,,,,,,,,,,1777,de GER,"DF,MF",de Bundesliga,28,1997,24.3,6,31,16,51.6,1.28,0.66,0.06,0.13,4,4,2199,de GER,"DF,MF",de Bundesliga,28,1997,32,2186,68,71.4,24.3,24,84,12,8,22,1,1.75,49,29,+20,0.82,0.62,1777,de GER,"DF,MF",de Bundesliga,28,1997,24.3,4,0,0,11,26,2,122,35,42,0
55735,2025-12-23,3500000,Inter Milan,46,IT1,Henrikh Mkhitaryan,1778,am ARM,MF,Inter,it Serie A,36.0,1989,30,16,1560,17.3,4,1,5,4,0,0,5,0,0.29,,,,,,,,,,,,,,,,,,,,,,,,,1778,am ARM,MF,it Serie A,36,1989,17.3,4,43,14,32.6,2.48,0.81,0.09,0.29,0,0,2200,am ARM,MF,it Serie A,36,1989,30,1560,52,45.6,17.3,16,76,7,14,24,3,2.27,44,12,+32,1.85,0.78,1778,am ARM,MF,it Serie A,36,1989,17.3,5,0,0,28,17,3,42,15,27,0
671799,2025-12-23,1800000,Udinese Calcio,410,IT1,Rui Modesto,1781,ao ANG,MF,Udinese,it Serie A,25.0,1999,3,0,119,1.3,0,1,1,0,0,0,0,0,0.76,,,,,,,,,,,,,,,,,,,,,,,,,1781,ao ANG,MF,it Serie A,25,1999,1.3,0,1,1,100.0,0.76,0.76,0.0,0.0,0,0,2203,ao ANG,MF,it Serie A,25,1999,3,119,40,3.5,1.3,0,,0,3,40,14,1.0,1,2,-1,-0.76,-0.7,1781,ao ANG,MF,it Serie A,25,1999,1.3,0,0,0,0,0,0,5,1,4,0
27992,2025-12-23,4000000,AC Milan,5,IT1,Luka Modrić,1782,hr CRO,MF,Milan,it Serie A,39.0,1985,34,32,2811,31.2,2,3,5,2,0,0,4,0,0.16,,,,,,,,,,,,,,,,,,,,,,,,,1782,hr CRO,MF,it Serie A,39,1985,31.2,2,20,8,40.0,0.64,0.26,0.1,0.25,0,0,2204,hr CRO,MF,it Serie A,39,1985,34,2811,83,82.2,31.2,32,87,25,2,17,2,1.94,45,26,+19,0.61,0.76,1782,hr CRO,MF,it Serie A,39,1985,31.2,4,0,0,23,33,0,111,35,27,0
923595,2025-12-19,7000000,TSG 1899 Hoffenheim,533,L1,Max Moerstedt,1783,de GER,FW,Hoffenheim,de Bundesliga,19.0,2006,22,1,420,4.7,2,0,2,2,0,0,2,0,0.43,,,,,,,,,,,,,,,,,,,,,,,,,1783,de GER,FW,de Bundesliga,19,2006,4.7,2,6,4,66.7,1.29,0.86,0.33,0.5,0,0,2205,de GER,FW,de Bundesliga,19,2006,22,420,19,13.7,4.7,1,75,0,21,16,9,1.91,9,7,+2,0.43,0.05,1783,de GER,FW,de Bundesliga,19,2006,4.7,2,0,0,14,10,3,4,0,3,0
538874,2024-06-03,25000000,OGC Nice,720,PO1,Terem Moffi,1784,ng NGA,FW,Nice,fr Ligue 1,26.0,1999,10,6,488,5.4,2,0,2,2,0,0,0,0,0.37,,,,,,,,,,,,,,,,,,,,,,,,,1784,ng NGA,FW,fr Ligue 1,26,1999,5.4,2,16,8,50.0,2.95,1.48,0.13,0.25,0,0,2206,ng NGA,FW,fr Ligue 1,26,1999,10,488,49,15.9,5.4,6,68,1,4,21,0,0.8,6,11,-5,-0.92,-0.29,1784,ng NGA,FW,fr Ligue 1,26,1999,5.4,0,0,0,2,2,7,0,0,1,0
462348,2025-12-15,4000000,FC Nantes,995,FR1,Mostafa Mohamed,1785,eg EGY,FW,Nantes,fr Ligue 1,27.0,1997,24,13,1152,12.8,4,0,4,4,0,0,1,0,0.31,,,,,,,,,,,,,,,,,,,,,,,,,1785,eg EGY,FW,fr Ligue 1,27,1997,12.8,4,35,8,22.9,2.73,0.62,0.11,0.5,0,0,2207,eg EGY,FW,fr Ligue 1,27,1997,24,1152,48,37.6,12.8,13,74,2,11,17,8,0.5,7,24,-17,-1.33,-1.05,1785,eg EGY,FW,fr Ligue 1,27,1997,12.8,1,0,0,18,27,4,9,7,7,0
262939,2025-12-12,1800000,RCD Mallorca,237,ES1,Johan Mojica,1787,co COL,DF,Mallorca,es La Liga,32.0,1992,35,30,2724,30.3,0,4,4,0,0,0,6,1,0.13,,,,,,,,,,,,,,,,,,,,,,,,,1787,co COL,DF,es La Liga,32,1992,30.3,0,17,2,11.8,0.56,0.07,0.0,0.0,0,0,2209,co COL,DF,es La Liga,32,1992,35,2724,78,79.6,30.3,30,88,23,5,17,1,1.11,37,44,-7,-0.23,0.16,1787,co COL,DF,es La Liga,32,1992,30.3,6,1,0,29,30,2,133,24,30,0
1106860,2025-12-15,200000,Olympique Lyon,1041,FR1,Enzo Molebe,1789,fr FRA,FW,Lyon,fr Ligue 1,17.0,2007,1,0,10,0.1,0,0,0,0,0,0,0,0,0.0,,,,,,,,,,,,,,,,,,,,,,,,,1789,fr FRA,FW,fr Ligue 1,17,2007,0.1,0,0,0,,0.0,0.0,,,0,0,2212,fr FRA,FW,fr Ligue 1,17,2007,1,10,10,0.3,0.1,0,,0,1,10,7,3.0,0,0,0,0.0,-0.38,1789,fr FRA,FW,fr Ligue 1,17,2007,0.1,0,0,0,0,0,0,0,0,0,0
733576,2025-12-12,30000000,Villarreal CF,1050,ES1,Alberto Moleiro,1790,es ESP,MF,Villarreal,es La Liga,21.0,2003,37,30,2478,27.5,10,5,15,10,0,0,4,0,0.54,,,,,,,,,,,,,,,,,,,,,,,,,1790,es ESP,MF,es La Liga,21,2003,27.5,10,46,20,43.5,1.67,0.73,0.22,0.5,0,0,2213,es ESP,MF,es La Liga,21,2003,37,2478,67,72.5,27.5,30,77,9,7,23,1,1.95,54,31,+23,0.84,0.55,1790,es ESP,MF,es La Liga,21,2003,27.5,4,0,0,33,27,3,31,14,21,0
424042,2025-12-12,15000000,Atlético de Madrid,13,ES1,Nahuel Molina,1791,ar ARG,"DF,MF",Atlético Madrid,es La Liga,27.0,1998,26,13,1331,14.8,2,2,4,2,0,0,4,0,0.27,,,,,,,,,,,,,,,,,,,,,,,,,1791,ar ARG,"DF,MF",es La Liga,27,1998,14.8,2,14,4,28.6,0.95,0.27,0.14,0.5,0,0,2215,ar ARG,"DF,MF",es La Liga,27,1998,26,1331,51,38.9,14.8,13,84,11,13,19,9,1.88,20,18,+2,0.14,-0.55,1791,ar ARG,"DF,MF",es La Liga,27,1998,14.8,4,0,0,14,5,5,49,14,24,0
552425,2025-12-12,7000000,CA Osasuna,331,ES1,Jon Moncayola,1792,es ESP,MF,Osasuna,es La Liga,27.0,1998,36,35,3016,33.5,0,4,4,0,0,0,9,0,0.12,,,,,,,,,,,,,,,,,,,,,,,,,1792,es ESP,MF,es La Liga,27,1998,33.5,0,23,5,21.7,0.69,0.15,0.0,0.0,0,0,2216,es ESP,MF,es La Liga,27,1998,36,3016,84,88.2,33.5,35,85,21,1,25,0,1.0,34,45,-11,-0.33,-1.44,1792,es ESP,MF,es La Liga,27,1998,33.5,9,0,0,41,13,0,142,27,26,0
241923,2025-12-23,2000000,Hellas Verona,276,IT1,Lorenzo Montipò,1795,it ITA,GK,Hellas Verona,it Serie A,29.0,1996,35,35,3150,35.0,0,1,1,0,0,0,0,0,0.03,106,it ITA,GK,it Serie A,29,1996,35,35,3150,35.0,54,1.54,137,87,62.0,3,11,21,5,14.3,5,2,3,0,1795,it ITA,GK,it Serie A,29,1996,35.0,0,0,0,,0.0,0.0,,,0,0,2224,it ITA,GK,it Serie A,29,1996,35,3150,90,92.1,35.0,35,90,35,0,,3,0.57,24,54,-30,-0.86,1.14,1795,it ITA,GK,it Serie A,29,1996,35.0,0,0,0,0,8,0,0,0,0,0
128223,2024-06-07,16000000,Atlético de Madrid,1047,IT1,Álvaro Morata,1796,es ESP,FW,Como,it Serie A,32.0,1992,26,9,930,10.3,0,1,1,0,0,1,4,1,0.1,,,,,,,,,,,,,,,,,,,,,,,,,1796,es ESP,FW,it Serie A,32,1992,10.3,0,23,8,34.8,2.23,0.77,0.0,0.0,0,1,2227,es ESP,FW,it Serie A,32,1992,26,930,36,27.2,10.3,9,69,1,17,18,3,1.73,14,6,+8,0.77,-0.24,1796,es ESP,FW,it Serie A,32,1992,10.3,4,1,1,16,33,9,9,1,11,0
673492,2025-12-09,14000000,Nottingham Forest,703,GB1,Morato,1797,br BRA,DF,Nottingham Forest,eng Premier League,24.0,2001,21,14,1345,14.9,1,0,1,1,0,0,5,0,0.07,,,,,,,,,,,,,,,,,,,,,,,,,1797,br BRA,DF,eng Premier League,24,2001,14.9,1,5,2,40.0,0.33,0.13,0.2,0.5,0,0,2228,br BRA,DF,eng Premier League,24,2001,21,1345,64,39.3,14.9,14,89,13,7,14,16,1.29,13,23,-10,-0.67,-0.97,1797,br BRA,DF,eng Premier League,24,2001,14.9,5,0,0,16,7,1,2,11,18,0
952282,2025-12-15,5000000,Olympique Lyon,1041,FR1,Afonso Moreira,1800,pt POR,"MF,FW",Lyon,fr Ligue 1,20.0,2005,27,18,1722,19.1,4,7,11,4,0,0,3,0,0.57,,,,,,,,,,,,,,,,,,,,,,,,,1800,pt POR,"MF,FW",fr Ligue 1,20,2005,19.1,4,40,14,35.0,2.09,0.73,0.1,0.29,0,0,2231,pt POR,"MF,FW",fr Ligue 1,20,2005,27,1722,64,56.3,19.1,18,88,13,9,15,2,1.93,35,23,+12,0.63,0.56,1800,pt POR,"MF,FW",fr Ligue 1,20,2005,19.1,3,0,0,27,57,4,119,12,22,0
655006,2025-12-15,18000000,RC Strasbourg Alsace,667,FR1,Diego Moreira,1801,be BEL,MF,Strasbourg,fr Ligue 1,20.0,2004,27,23,2034,22.6,4,6,10,4,0,0,4,0,0.44,,,,,,,,,,,,,,,,,,,,,,,,,1801,be BEL,MF,fr Ligue 1,20,2004,22.6,4,29,11,37.9,1.28,0.49,0.14,0.36,0,0,2232,be BEL,MF,fr Ligue 1,20,2004,27,2034,75,66.5,22.6,23,84,8,4,26,0,1.52,43,31,+12,0.53,0.62,1801,be BEL,MF,fr Ligue 1,20,2004,22.6,4,0,0,17,27,8,89,20,25,0
207917,2025-12-23,1000000,Como 1907,1047,IT1,Alberto Moreno,1802,es ESP,DF,Como,it Serie A,33.0,1992,19,13,1233,13.7,2,1,3,2,0,0,4,0,0.22,,,,,,,,,,,,,,,,,,,,,,,,,1802,es ESP,DF,it Serie A,33,1992,13.7,2,11,4,36.4,0.8,0.29,0.18,0.5,0,0,2233,es ESP,DF,it Serie A,33,1992,19,1233,65,36.1,13.7,13,84,7,6,24,19,2.05,27,9,+18,1.31,0.57,1802,es ESP,DF,it Serie A,33,1992,13.7,4,0,0,17,12,3,34,7,12,0
193098,2025-12-12,3500000,Girona FC,12321,ES1,Álex Moreno,1803,es ESP,DF,Girona,es La Liga,32.0,1993,31,28,2559,28.4,0,3,3,0,0,0,5,0,0.11,,,,,,,,,,,,,,,,,,,,,,,,,1803,es ESP,DF,es La Liga,32,1993,28.4,0,17,5,29.4,0.6,0.18,0.0,0.0,0,0,2234,es ESP,DF,es La Liga,32,1993,31,2559,83,74.8,28.4,28,89,27,3,23,0,1.13,28,40,-12,-0.42,0.0,1803,es ESP,DF,es La Liga,32,1993,28.4,5,0,0,32,20,9,66,29,28,0
177467,2024-06-07,10000000,Villarreal CF,1050,ES1,Gerard Moreno,1805,es ESP,FW,Villarreal,es La Liga,33.0,1992,22,16,1343,14.9,10,0,10,7,3,3,0,0,0.47,,,,,,,,,,,,,,,,,,,,,,,,,1805,es ESP,FW,es La Liga,33,1992,14.9,10,39,16,41.0,2.61,1.07,0.18,0.44,3,3,2237,es ESP,FW,es La Liga,33,1992,22,1343,61,39.3,14.9,16,73,4,6,29,2,1.95,32,16,+16,1.07,0.64,1805,es ESP,FW,es La Liga,33,1992,14.9,0,0,0,14,16,6,11,3,8,0
339816,2025-12-23,1800000,US Lecce,1531,ES1,Tete Morente,1807,es ESP,MF,Elche,es La Liga,28.0,1996,13,11,929,10.3,1,1,2,1,0,0,1,0,0.19,,,,,,,,,,,,,,,,,,,,,,,,,1807,es ESP,MF,es La Liga,28,1996,10.3,1,8,1,12.5,0.78,0.1,0.13,1.0,0,0,2239,es ESP,MF,es La Liga,28,1996,13,929,71,27.2,10.3,11,79,5,2,28,3,1.46,9,13,-4,-0.39,-0.24,1807,es ESP,MF,es La Liga,28,1996,10.3,1,0,0,20,10,2,46,11,11,0
339816,2025-12-23,1800000,US Lecce,1531,ES1,Tete Morente,1808,es ESP,"FW,MF",Lecce,it Serie A,28.0,1996,16,9,859,9.5,0,0,0,0,0,0,2,0,0.0,,,,,,,,,,,,,,,,,,,,,,,,,1808,es ESP,"FW,MF",it Serie A,28,1996,9.5,0,14,2,14.3,1.47,0.21,0.0,0.0,0,0,2240,es ESP,"FW,MF",it Serie A,28,1996,16,859,54,25.1,9.5,9,77,2,7,24,1,0.88,3,14,-11,-1.15,-0.77,1808,es ESP,"FW,MF",it Serie A,28,1996,9.5,2,0,0,13,12,1,29,3,9,0
388513,2025-12-12,1500000,RCD Mallorca,237,ES1,Mateu Morey,1810,es ESP,"DF,MF",Mallorca,es La Liga,25.0,2000,18,9,704,7.8,1,0,1,1,0,0,2,0,0.13,,,,,,,,,,,,,,,,,,,,,,,,,1810,es ESP,"DF,MF",es La Liga,25,2000,7.8,1,4,2,50.0,0.51,0.26,0.25,0.5,0,0,2242,es ESP,"DF,MF",es La Liga,25,2000,18,704,39,20.6,7.8,9,69,2,9,9,19,0.94,8,18,-10,-1.28,-1.28,1810,es ESP,"DF,MF",es La Liga,25,2000,7.8,2,0,0,15,10,1,14,6,8,0
617074,2024-06-07,3000000,Getafe CF,940,ES1,Ilaix Moriba,1811,gn GUI,MF,Celta Vigo,es La Liga,22.0,2003,36,26,2495,27.7,2,3,5,2,0,0,8,0,0.18,,,,,,,,,,,,,,,,,,,,,,,,,1811,gn GUI,MF,es La Liga,22,2003,27.7,2,18,5,27.8,0.65,0.18,0.11,0.4,0,0,2243,gn GUI,MF,es La Liga,22,2003,36,2495,69,73.0,27.7,26,86,22,10,25,0,1.5,40,30,+10,0.36,0.85,1811,gn GUI,MF,es La Liga,22,2003,27.7,8,0,0,40,58,0,2,24,42,0
335225,2025-12-12,2400000,RCD Mallorca,237,ES1,Manu Morlanes,1812,es ESP,MF,Mallorca,es La Liga,26.0,1999,32,22,1765,19.6,3,0,3,3,0,0,5,1,0.15,,,,,,,,,,,,,,,,,,,,,,,,,1812,es ESP,MF,es La Liga,26,1999,19.6,3,13,4,30.8,0.66,0.2,0.23,0.75,0,0,2244,es ESP,MF,es La Liga,26,1999,32,1765,55,51.6,19.6,22,72,2,10,18,2,1.16,26,29,-3,-0.15,0.23,1812,es ESP,MF,es La Liga,26,1999,19.6,5,1,1,28,12,0,11,19,30,0
600936,2023-06-12,2800000,Frosinone Calcio,6574,IT1,Luca Moro,1813,it ITA,FW,Sassuolo,it Serie A,24.0,2001,14,1,211,2.3,0,0,0,0,0,0,1,0,0.0,,,,,,,,,,,,,,,,,,,,,,,,,1813,it ITA,FW,it Serie A,24,2001,2.3,0,6,1,16.7,2.56,0.43,0.0,0.0,0,0,2245,it ITA,FW,it Serie A,24,2001,14,211,15,6.2,2.3,1,70,0,13,11,24,0.86,1,3,-2,-0.85,-0.8,1813,it ITA,FW,it Serie A,24,2001,2.3,1,0,0,7,9,2,0,2,4,0
316934,2025-12-23,6500000,Bologna FC 1909,1025,IT1,Nikola Moro,1814,hr CRO,MF,Bologna,it Serie A,27.0,1998,30,19,1799,20.0,2,0,2,2,0,0,1,0,0.1,,,,,,,,,,,,,,,,,,,,,,,,,1814,hr CRO,MF,it Serie A,27,1998,20.0,2,21,2,9.5,1.05,0.1,0.1,1.0,0,0,2246,hr CRO,MF,it Serie A,27,1998,30,1799,60,52.6,20.0,19,80,10,11,26,8,1.7,27,17,+10,0.5,0.89,1814,hr CRO,MF,it Serie A,27,1998,20.0,1,0,0,18,17,1,49,19,8,0
624942,2023-06-14,2500000,Real Oviedo,331,ES1,Raúl Moro,1815,es ESP,MF,Osasuna,es La Liga,22.0,2002,14,7,625,6.9,0,2,2,0,0,0,0,0,0.29,,,,,,,,,,,,,,,,,,,,,,,,,1815,es ESP,MF,es La Liga,22,2002,6.9,0,6,0,0.0,0.86,0.0,0.0,,0,0,2247,es ESP,MF,es La Liga,22,2002,14,625,45,18.3,6.9,7,69,1,7,21,3,0.93,12,12,0,0.0,0.19,1815,es ESP,MF,es La Liga,22,2002,6.9,0,0,0,2,6,5,28,1,0,0
618494,2023-06-01,7000000,Liverpool FC U21,1041,FR1,Tyler Morton,1816,eng ENG,MF,Lyon,fr Ligue 1,22.0,2002,29,29,2517,28.0,2,2,4,2,0,0,6,1,0.14,,,,,,,,,,,,,,,,,,,,,,,,,1816,eng ENG,MF,fr Ligue 1,22,2002,28.0,2,28,8,28.6,1.0,0.29,0.07,0.25,0,0,2249,eng ENG,MF,fr Ligue 1,22,2002,29,2517,87,82.3,28.0,29,87,22,0,,0,1.83,47,30,+17,0.61,1.27,1816,eng ENG,MF,fr Ligue 1,22,2002,28.0,6,1,0,29,19,0,83,24,29,0
646750,2025-12-09,35000000,Arsenal FC,11,GB1,Cristhian Mosquera,1819,es ESP,DF,Arsenal,eng Premier League,21.0,2004,20,9,994,11.0,0,0,0,0,0,0,4,0,0.0,,,,,,,,,,,,,,,,,,,,,,,,,1819,es ESP,DF,eng Premier League,21,2004,11.0,0,1,0,0.0,0.09,0.0,0.0,,0,0,2252,es ESP,DF,eng Premier League,21,2004,20,994,50,29.1,11.0,9,75,5,11,29,11,2.15,17,8,+9,0.81,-0.48,1819,es ESP,DF,eng Premier League,21,2004,11.0,4,0,0,17,7,1,3,8,21,0
716276,2025-12-09,10000000,Wolverhampton Wanderers,543,GB1,Yerson Mosquera,1821,co COL,DF,Wolves,eng Premier League,24.0,2001,27,24,2136,23.7,0,0,0,0,0,0,12,0,0.0,,,,,,,,,,,,,,,,,,,,,,,,,1821,co COL,DF,eng Premier League,24,2001,23.7,0,30,6,20.0,1.26,0.25,0.0,0.0,0,0,2254,co COL,DF,eng Premier League,24,2001,27,2136,79,62.5,23.7,24,86,17,3,26,6,0.7,21,40,-19,-0.8,0.74,1821,co COL,DF,eng Premier League,24,2001,23.7,12,0,0,34,44,1,18,25,36,2
346483,2025-12-09,32000000,Manchester United,985,GB1,Mason Mount,1824,eng ENG,MF,Manchester Utd,eng Premier League,26.0,1999,23,12,1017,11.3,3,0,3,3,0,0,2,0,0.27,,,,,,,,,,,,,,,,,,,,,,,,,1824,eng ENG,MF,eng Premier League,26,1999,11.3,3,19,5,26.3,1.68,0.44,0.16,0.6,0,0,2258,eng ENG,MF,eng Premier League,26,1999,23,1017,44,29.7,11.3,12,70,3,11,16,6,1.87,19,15,+4,0.35,-0.21,1824,eng ENG,MF,eng Premier League,26,1999,11.3,2,0,0,17,12,0,22,9,13,0
1130514,2025-12-15,8000000,RC Strasbourg Alsace,667,FR1,Samir El Mourabet,1825,ma MAR,MF,Strasbourg,fr Ligue 1,19.0,2005,33,25,2128,23.6,1,2,3,1,0,0,4,0,0.13,,,,,,,,,,,,,,,,,,,,,,,,,1825,ma MAR,MF,fr Ligue 1,19,2005,23.6,1,12,1,8.3,0.51,0.04,0.08,1.0,0,0,2259,ma MAR,MF,fr Ligue 1,19,2005,33,2128,64,69.5,23.6,25,76,10,8,27,0,1.58,41,28,+13,0.55,0.74,1825,ma MAR,MF,fr Ligue 1,19,2005,23.6,4,0,0,23,26,3,18,27,37,0
953901,2025-12-12,10000000,Villarreal CF,1050,ES1,Santiago Mouriño,1826,uy URU,DF,Villarreal,es La Liga,23.0,2002,28,27,2377,26.4,1,2,3,1,0,0,11,1,0.11,,,,,,,,,,,,,,,,,,,,,,,,,1826,uy URU,DF,es La Liga,23,2002,26.4,1,15,3,20.0,0.57,0.11,0.07,0.33,0,0,2260,uy URU,DF,es La Liga,23,2002,28,2377,85,69.5,26.4,27,86,20,1,45,4,1.89,51,31,+20,0.76,0.24,1826,uy URU,DF,es La Liga,23,2002,26.4,11,1,1,54,36,1,6,29,64,0
904662,2023-10-27,500000,Pau FC,1420,FR1,Louis Mouton,1827,fr FRA,MF,Angers,fr Ligue 1,23.0,2002,32,24,1891,21.0,2,1,3,2,0,0,2,1,0.14,,,,,,,,,,,,,,,,,,,,,,,,,1827,fr FRA,MF,fr Ligue 1,23,2002,21.0,2,36,8,22.2,1.71,0.38,0.06,0.25,0,0,2261,fr FRA,MF,fr Ligue 1,23,2002,32,1891,59,61.8,21.0,24,73,2,8,17,0,1.09,15,28,-13,-0.62,-0.16,1827,fr FRA,MF,fr Ligue 1,23,2002,21.0,2,1,0,20,16,4,31,12,26,0
348026,2025-12-09,15000000,Sunderland AFC,289,GB1,Nordi Mukiele,1834,fr FRA,DF,Sunderland,eng Premier League,27.0,1997,32,32,2784,30.9,3,3,6,3,0,0,5,0,0.19,,,,,,,,,,,,,,,,,,,,,,,,,1834,fr FRA,DF,eng Premier League,27,1997,30.9,3,26,4,15.4,0.84,0.13,0.12,0.75,0,0,2268,fr FRA,DF,eng Premier League,27,1997,32,2784,87,81.4,30.9,32,87,29,0,,1,1.38,34,40,-6,-0.19,-0.19,1834,fr FRA,DF,eng Premier League,27,1997,30.9,5,0,0,35,26,3,85,37,45,1
451801,2024-06-07,2500000,Rayo Vallecano,367,ES1,Abdul Mumin,1835,gh GHA,DF,Rayo Vallecano,es La Liga,27.0,1998,3,1,79,0.9,0,0,0,0,0,0,0,0,0.0,,,,,,,,,,,,,,,,,,,,,,,,,1835,gh GHA,DF,es La Liga,27,1998,0.9,0,0,0,,0.0,0.0,,,0,0,2273,gh GHA,DF,es La Liga,27,1998,3,79,26,2.3,0.9,1,60,0,2,10,7,3.0,1,1,0,0.0,0.08,1835,gh GHA,DF,es La Liga,27,1998,0.9,0,0,0,2,1,0,0,2,0,0
696181,2024-05-24,1500000,Sunderland AFC,289,GB1,Romaine Mundle,1836,eng ENG,MF,Sunderland,eng Premier League,22.0,2003,14,2,411,4.6,0,0,0,0,0,0,1,0,0.0,,,,,,,,,,,,,,,,,,,,,,,,,1836,eng ENG,MF,eng Premier League,22,2003,4.6,0,7,2,28.6,1.53,0.44,0.0,0.0,0,0,2274,eng ENG,MF,eng Premier League,22,2003,14,411,29,12.0,4.6,2,66,0,12,23,1,1.14,5,11,-6,-1.31,-1.31,1836,eng ENG,MF,eng Premier League,22,2003,4.6,1,0,0,7,8,0,11,1,4,0
414908,2024-06-03,10000000,Stade Reims,10004,FR1,Marshall Munetsi,1837,zw ZIM,MF,Paris FC,fr Ligue 1,29.0,1996,15,11,975,10.8,4,1,5,4,0,0,0,0,0.46,,,,,,,,,,,,,,,,,,,,,,,,,1837,zw ZIM,MF,fr Ligue 1,29,1996,10.8,4,19,9,47.4,1.75,0.83,0.21,0.44,0,0,2275,zw ZIM,MF,fr Ligue 1,29,1996,15,975,65,31.9,10.8,11,80,5,4,25,2,1.67,17,10,+7,0.65,1.08,1837,zw ZIM,MF,fr Ligue 1,29,1996,10.8,0,0,0,12,9,1,0,3,8,0
414908,2024-06-03,10000000,Stade Reims,10004,FR1,Marshall Munetsi,1838,zw ZIM,"MF,FW",Wolves,eng Premier League,29.0,1996,13,9,875,9.7,1,1,2,1,0,0,2,0,0.21,,,,,,,,,,,,,,,,,,,,,,,,,1838,zw ZIM,"MF,FW",eng Premier League,29,1996,9.7,1,14,6,42.9,1.44,0.62,0.07,0.17,0,0,2276,zw ZIM,"MF,FW",eng Premier League,29,1996,13,875,67,25.6,9.7,9,86,6,4,24,1,0.15,6,19,-13,-1.34,-0.35,1838,zw ZIM,"MF,FW",eng Premier League,29,1996,9.7,2,0,0,19,10,4,14,5,13,0
735571,2024-05-27,20000000,Fulham FC,931,GB1,Rodrigo Muniz,1839,br BRA,FW,Fulham,eng Premier League,24.0,2001,21,10,1000,11.1,1,1,2,1,0,0,2,0,0.18,,,,,,,,,,,,,,,,,,,,,,,,,1839,br BRA,FW,eng Premier League,24,2001,11.1,1,32,5,15.6,2.88,0.45,0.03,0.2,0,0,2277,br BRA,FW,eng Premier League,24,2001,21,1000,48,29.2,11.1,10,74,1,11,23,0,1.38,10,12,-2,-0.18,-0.11,1839,br BRA,FW,eng Premier League,24,2001,11.1,2,0,0,21,18,5,2,2,3,1
517842,2024-06-07,8000000,Real Sociedad,681,ES1,Aihen Muñoz,1841,es ESP,DF,Real Sociedad,es La Liga,27.0,1997,21,9,848,9.4,1,0,1,1,0,0,1,0,0.11,,,,,,,,,,,,,,,,,,,,,,,,,1841,es ESP,DF,es La Liga,27,1997,9.4,1,6,2,33.3,0.64,0.21,0.17,0.5,0,0,2279,es ESP,DF,es La Liga,27,1997,21,848,40,24.8,9.4,9,77,3,12,13,15,1.38,13,19,-6,-0.64,-0.78,1841,es ESP,DF,es La Liga,27,1997,9.4,1,0,0,7,3,0,24,5,18,0
493003,2025-12-09,27000000,Crystal Palace,873,GB1,Daniel Muñoz,1842,co COL,MF,Crystal Palace,eng Premier League,29.0,1996,29,29,2399,26.7,4,3,7,4,0,0,7,0,0.26,,,,,,,,,,,,,,,,,,,,,,,,,1842,co COL,MF,eng Premier League,29,1996,26.7,4,26,12,46.2,0.98,0.45,0.15,0.33,0,0,2280,co COL,MF,eng Premier League,29,1996,29,2399,83,70.1,26.7,29,83,22,0,,0,1.34,31,33,-2,-0.08,0.63,1842,co COL,MF,eng Premier League,29,1996,26.7,7,0,0,34,18,8,62,24,48,0
710677,2025-12-12,2000000,CA Osasuna,331,ES1,Iker Muñoz,1843,es ESP,MF,Osasuna,es La Liga,22.0,2002,19,8,952,10.6,0,0,0,0,0,0,5,0,0.0,,,,,,,,,,,,,,,,,,,,,,,,,1843,es ESP,MF,es La Liga,22,2002,10.6,0,9,4,44.4,0.85,0.38,0.0,0.0,0,0,2282,es ESP,MF,es La Liga,22,2002,19,952,50,27.8,10.6,8,77,2,11,31,18,1.32,12,12,0,0.0,0.22,1843,es ESP,MF,es La Liga,22,2002,10.6,5,0,0,18,21,1,6,12,7,0
1005649,2025-12-09,55000000,Nottingham Forest,703,GB1,Murillo,1847,br BRA,DF,Nottingham Forest,eng Premier League,23.0,2002,25,25,2130,23.7,1,0,1,1,0,0,5,0,0.04,,,,,,,,,,,,,,,,,,,,,,,,,1847,br BRA,DF,eng Premier League,23,2002,23.7,1,11,4,36.4,0.46,0.17,0.09,0.25,0,0,2287,br BRA,DF,eng Premier League,23,2002,25,2130,85,62.3,23.7,25,85,22,0,,1,1.24,29,29,0,0.0,0.21,1847,br BRA,DF,eng Premier League,23,2002,23.7,5,0,0,23,7,0,2,29,23,2
256267,2025-12-12,4500000,RCD Mallorca,237,ES1,Vedat Muriqi,1848,xk KVX,FW,Mallorca,es La Liga,31.0,1994,37,36,3128,34.8,23,1,24,18,5,7,4,1,0.55,,,,,,,,,,,,,,,,,,,,,,,,,1848,xk KVX,FW,es La Liga,31,1994,34.8,23,114,50,43.9,3.28,1.44,0.16,0.36,5,7,2288,xk KVX,FW,es La Liga,31,1994,37,3128,85,91.5,34.8,36,86,26,1,17,0,1.11,44,51,-7,-0.2,0.72,1848,xk KVX,FW,es La Liga,31,1994,34.8,4,1,0,42,64,15,6,3,3,0
900601,2025-12-09,300000,Newcastle United,762,GB1,Alex Murphy,1849,ie IRL,DF,Newcastle United,eng Premier League,21.0,2004,2,0,9,0.1,0,0,0,0,0,0,0,0,0.0,,,,,,,,,,,,,,,,,,,,,,,,,1849,ie IRL,DF,eng Premier League,21,2004,0.1,0,0,0,,0.0,0.0,,,0,0,2289,ie IRL,DF,eng Premier League,21,2004,2,9,5,0.3,0.1,0,,0,2,5,23,0.0,0,1,-1,-10.0,-9.97,1849,ie IRL,DF,eng Premier League,21,2004,0.1,0,0,0,0,0,0,0,1,0,0
199527,2025-12-09,15000000,Newcastle United,762,GB1,Jacob Murphy,1850,eng ENG,"FW,MF",Newcastle United,eng Premier League,30.0,1995,33,19,1617,18.0,3,2,5,3,0,0,2,0,0.28,,,,,,,,,,,,,,,,,,,,,,,,,1850,eng ENG,"FW,MF",eng Premier League,30,1995,18.0,3,42,13,31.0,2.34,0.72,0.07,0.23,0,0,2290,eng ENG,"FW,MF",eng Premier League,30,1995,33,1617,49,47.3,18.0,19,69,1,14,21,3,1.27,24,19,+5,0.28,0.63,1850,eng ENG,"FW,MF",eng Premier League,30,1995,18.0,2,0,0,9,13,5,125,6,12,0
503991,2024-06-05,22000000,AC Milan,800,IT1,Yunus Musah,1852,us USA,MF,Atalanta,it Serie A,22.0,2002,19,4,574,6.4,1,0,1,1,0,0,1,0,0.16,,,,,,,,,,,,,,,,,,,,,,,,,1852,us USA,MF,it Serie A,22,2002,6.4,1,7,2,28.6,1.1,0.31,0.14,0.5,0,0,2292,us USA,MF,it Serie A,22,2002,19,574,30,16.8,6.4,4,70,2,15,20,17,1.79,5,9,-4,-0.63,-1.23,1852,us USA,MF,it Serie A,22,2002,6.4,1,0,0,7,16,2,10,5,5,0
503991,2024-06-05,22000000,AC Milan,800,IT1,Yunus Musah,1853,us USA,MF,Milan,it Serie A,22.0,2002,1,1,90,1.0,0,0,0,0,0,0,0,0,0.0,,,,,,,,,,,,,,,,,,,,,,,,,1853,us USA,MF,it Serie A,22,2002,1.0,0,0,0,,0.0,0.0,,,0,0,2293,us USA,MF,it Serie A,22,2002,1,90,90,2.6,1.0,1,90,1,0,,1,3.0,2,0,+2,2.0,1.57,1853,us USA,MF,it Serie A,22,2002,1.0,0,0,0,2,2,1,1,0,1,0
580195,2025-12-19,130000000,Bayern Munich,27,L1,Jamal Musiala,1854,de GER,"MF,FW",Bayern Munich,de Bundesliga,22.0,2003,15,7,683,7.6,3,4,7,2,1,1,1,0,0.79,,,,,,,,,,,,,,,,,,,,,,,,,1854,de GER,"MF,FW",de Bundesliga,22,2003,7.6,3,30,9,30.0,3.95,1.19,0.07,0.22,1,1,2294,de GER,"MF,FW",de Bundesliga,22,2003,15,683,46,22.3,7.6,7,69,1,8,25,0,2.53,31,10,+21,2.77,0.31,1854,de GER,"MF,FW",de Bundesliga,22,2003,7.6,1,0,0,5,18,0,4,3,5,0
242359,2024-06-05,5000000,Atalanta BC,13,ES1,Juan Musso,1855,ar ARG,GK,Atlético Madrid,es La Liga,31.0,1994,8,8,720,8.0,0,0,0,0,0,0,2,0,0.0,110,ar ARG,GK,es La Liga,31,1994,8,8,720,8.0,13,1.62,32,22,68.8,4,0,4,3,37.5,3,3,0,0,1855,ar ARG,GK,es La Liga,31,1994,8.0,0,0,0,,0.0,0.0,,,0,0,2295,ar ARG,GK,es La Liga,31,1994,8,720,90,21.1,8.0,8,90,8,0,,28,1.5,11,13,-2,-0.25,-0.92,1855,ar ARG,GK,es La Liga,31,1994,8.0,2,0,0,1,3,0,0,0,0,0
147051,2024-06-03,3000000,FC Lorient,1158,FR1,Yvon Mvogo,1857,ch SUI,GK,Lorient,fr Ligue 1,31.0,1994,31,31,2790,31.0,0,0,0,0,0,0,0,0,0.0,111,ch SUI,GK,fr Ligue 1,31,1994,31,31,2790,31.0,43,1.39,115,76,66.1,10,12,9,6,19.4,5,4,0,1,1857,ch SUI,GK,fr Ligue 1,31,1994,31.0,0,0,0,,0.0,0.0,,,0,0,2297,ch SUI,GK,fr Ligue 1,31,1994,31,2790,90,91.2,31.0,31,90,31,0,,0,1.35,43,43,0,0.0,1.0,1857,ch SUI,GK,fr Ligue 1,31,1994,31.0,0,0,0,0,4,0,0,1,1,0
700078,2024-05-31,3500000,BSC Young Boys,371,SC1,Joel Mvuka,1858,no NOR,"MF,DF",Lorient,fr Ligue 1,22.0,2002,15,5,560,6.2,0,0,0,0,0,0,0,0,0.0,,,,,,,,,,,,,,,,,,,,,,,,,1858,no NOR,"MF,DF",fr Ligue 1,22,2002,6.2,0,8,1,12.5,1.29,0.16,0.0,0.0,0,0,2298,no NOR,"MF,DF",fr Ligue 1,22,2002,15,560,37,18.3,6.2,5,76,1,10,18,5,1.2,5,18,-13,-2.09,-2.45,1858,no NOR,"MF,DF",fr Ligue 1,22,2002,6.2,0,0,0,4,11,1,12,6,13,0
1011200,2025-12-15,7000000,FC Nantes,667,FR1,Junior Mwanga,1859,fr FRA,"DF,MF",Strasbourg,fr Ligue 1,22.0,2003,5,5,377,4.2,0,0,0,0,0,0,0,0,0.0,,,,,,,,,,,,,,,,,,,,,,,,,1859,fr FRA,"DF,MF",fr Ligue 1,22,2003,4.2,0,1,0,0.0,0.24,0.0,0.0,,0,0,2299,fr FRA,"DF,MF",fr Ligue 1,22,2003,5,377,75,12.3,4.2,5,75,3,0,,4,1.8,3,6,-3,-0.72,-1.19,1859,fr FRA,"DF,MF",fr Ligue 1,22,2003,4.2,0,0,0,9,2,0,4,1,8,0
1011200,2025-12-15,7000000,FC Nantes,667,FR1,Junior Mwanga,1860,fr FRA,MF,Nantes,fr Ligue 1,22.0,2003,15,15,1260,14.0,1,1,2,1,0,0,2,1,0.14,,,,,,,,,,,,,,,,,,,,,,,,,1860,fr FRA,MF,fr Ligue 1,22,2003,14.0,1,9,3,33.3,0.64,0.21,0.11,0.33,0,0,2300,fr FRA,MF,fr Ligue 1,22,2003,15,1260,84,41.2,14.0,15,84,12,0,,0,0.73,15,27,-12,-0.86,-0.31,1860,fr FRA,MF,fr Ligue 1,22,2003,14.0,2,1,0,15,14,0,5,8,14,0
127573,2025-12-19,1500000,1.FSV Mainz 05,39,L1,Phillipp Mwene,1861,at AUT,MF,Mainz 05,de Bundesliga,31.0,1994,29,24,2069,23.0,1,2,3,1,0,0,4,0,0.13,,,,,,,,,,,,,,,,,,,,,,,,,1861,at AUT,MF,de Bundesliga,31,1994,23.0,1,10,2,20.0,0.43,0.09,0.1,0.5,0,0,2301,at AUT,MF,de Bundesliga,31,1994,29,2069,71,67.6,23.0,24,82,14,5,20,0,1.17,31,36,-5,-0.22,0.15,1861,at AUT,MF,de Bundesliga,31,1994,23.0,4,0,0,22,32,3,75,14,20,0
404842,2025-12-09,25000000,Everton FC,29,GB1,Vitaliy Mykolenko,1862,ua UKR,DF,Everton,eng Premier League,26.0,1999,33,33,2958,32.9,0,1,1,0,0,0,6,0,0.03,,,,,,,,,,,,,,,,,,,,,,,,,1862,ua UKR,DF,eng Premier League,26,1999,32.9,0,9,2,22.2,0.27,0.06,0.0,0.0,0,0,2302,ua UKR,DF,eng Premier League,26,1999,33,2958,90,86.5,32.9,33,90,30,0,,1,1.33,44,47,-3,-0.09,-0.09,1862,ua UKR,DF,eng Premier League,26,1999,32.9,6,0,0,29,28,0,93,27,25,1
661427,2024-05-31,4500000,AZ Alkmaar,543,GB1,David Møller Wolfe,1864,no NOR,"MF,DF",Wolves,eng Premier League,23.0,2002,22,11,1049,11.7,0,2,2,0,0,0,1,0,0.17,,,,,,,,,,,,,,,,,,,,,,,,,1864,no NOR,"MF,DF",eng Premier League,23,2002,11.7,0,3,0,0.0,0.26,0.0,0.0,,0,0,2304,no NOR,"MF,DF",eng Premier League,23,2002,22,1049,48,30.7,11.7,11,79,4,11,16,15,0.5,6,23,-17,-1.46,-0.55,1864,no NOR,"MF,DF",eng Premier League,23,2002,11.7,1,0,0,10,4,0,32,7,5,0
659520,2025-12-15,9000000,Olympique Marseille,244,FR1,Bilal Nadir,1868,ma MAR,MF,Marseille,fr Ligue 1,21.0,2003,20,5,598,6.6,0,4,4,0,0,0,6,1,0.6,,,,,,,,,,,,,,,,,,,,,,,,,1868,ma MAR,MF,fr Ligue 1,21,2003,6.6,0,7,1,14.3,1.05,0.15,0.0,0.0,0,0,2308,ma MAR,MF,fr Ligue 1,21,2003,20,598,30,19.5,6.6,5,70,1,15,17,5,1.4,22,5,+17,2.56,2.52,1868,ma MAR,MF,fr Ligue 1,21,2003,6.6,6,1,1,24,4,1,10,6,9,0
1176345,2025-12-15,1500000,Stade Rennais FC,273,FR1,Mahamadou Nagida,1869,cm CMR,DF,Rennes,fr Ligue 1,20.0,2005,19,7,805,8.9,0,0,0,0,0,0,2,0,0.0,,,,,,,,,,,,,,,,,,,,,,,,,1869,cm CMR,DF,fr Ligue 1,20,2005,8.9,0,13,3,23.1,1.45,0.34,0.0,0.0,0,0,2309,cm CMR,DF,fr Ligue 1,20,2005,19,805,42,26.3,8.9,7,84,4,12,18,14,1.89,16,14,+2,0.22,-0.06,1869,cm CMR,DF,fr Ligue 1,20,2005,8.9,2,0,0,14,11,0,20,20,12,0
227039,2024-05-31,1600000,PEC Zwolle,1269,NL1,Younes Namli,1870,dk DEN,"FW,MF",Le Havre,fr Ligue 1,31.0,1994,12,3,327,3.6,0,1,1,0,0,0,2,0,0.28,,,,,,,,,,,,,,,,,,,,,,,,,1870,dk DEN,"FW,MF",fr Ligue 1,31,1994,3.6,0,4,0,0.0,1.1,0.0,0.0,,0,0,2312,dk DEN,"FW,MF",fr Ligue 1,31,1994,12,327,27,10.7,3.6,3,65,0,9,15,3,0.92,4,7,-3,-0.83,-0.53,1870,dk DEN,"FW,MF",fr Ligue 1,31,1994,3.6,2,0,0,8,4,2,21,5,5,0
579928,2025-12-15,15000000,RC Strasbourg Alsace,667,FR1,Sebastian Nanasi,1871,se SWE,MF,Strasbourg,fr Ligue 1,23.0,2002,19,11,1050,11.7,7,2,9,7,0,0,0,0,0.77,,,,,,,,,,,,,,,,,,,,,,,,,1871,se SWE,MF,fr Ligue 1,23,2002,11.7,7,19,11,57.9,1.63,0.94,0.37,0.64,0,0,2313,se SWE,MF,fr Ligue 1,23,2002,19,1050,55,34.3,11.7,11,80,5,8,21,9,1.63,24,17,+7,0.6,0.42,1871,se SWE,MF,fr Ligue 1,23,2002,11.7,0,0,0,8,3,1,24,5,4,0
400546,2025-12-19,2000000,VfB Stuttgart,79,L1,Nikolas Nartey,1873,dk DEN,MF,Stuttgart,de Bundesliga,25.0,2000,28,14,1256,14.0,4,3,7,4,0,0,2,0,0.5,,,,,,,,,,,,,,,,,,,,,,,,,1873,dk DEN,MF,de Bundesliga,25,2000,14.0,4,22,12,54.5,1.58,0.86,0.18,0.33,0,0,2315,dk DEN,MF,de Bundesliga,25,2000,28,1256,45,41.0,14.0,14,74,2,14,16,4,2.07,34,13,+21,1.5,1.45,1873,dk DEN,MF,de Bundesliga,25,2000,14.0,2,0,0,18,23,1,14,10,12,0
802515,2025-12-15,8000000,Bröndby IF,1041,FR1,Noah Nartey,1874,dk DEN,"MF,FW",Lyon,fr Ligue 1,19.0,2005,11,5,545,6.1,2,0,2,2,0,0,0,0,0.33,,,,,,,,,,,,,,,,,,,,,,,,,1874,dk DEN,"MF,FW",fr Ligue 1,19,2005,6.1,2,5,2,40.0,0.83,0.33,0.4,1.0,0,0,2316,dk DEN,"MF,FW",fr Ligue 1,19,2005,11,545,50,17.8,6.1,5,81,4,6,23,4,1.55,8,7,+1,0.17,-0.26,1874,dk DEN,"MF,FW",fr Ligue 1,19,2005,6.1,0,0,0,6,7,1,5,2,6,0
735568,2024-06-05,12000000,SSC Napoli,150,ES1,Natan,1875,br BRA,DF,Real Betis,es La Liga,24.0,2001,33,32,2807,31.2,0,0,0,0,0,0,8,0,0.0,,,,,,,,,,,,,,,,,,,,,,,,,1875,br BRA,DF,es La Liga,24,2001,31.2,0,10,1,10.0,0.32,0.03,0.0,0.0,0,0,2319,br BRA,DF,es La Liga,24,2001,33,2807,85,82.1,31.2,32,87,28,1,25,4,1.64,50,41,+9,0.29,-0.01,1875,br BRA,DF,es La Liga,24,2001,31.2,8,0,0,28,11,0,1,37,17,0
1061336,2025-12-12,5000000,Villarreal CF,1050,ES1,Pau Navarro,1876,es ESP,DF,Villarreal,es La Liga,20.0,2005,23,23,1921,21.3,0,0,0,0,0,0,4,0,0.0,,,,,,,,,,,,,,,,,,,,,,,,,1876,es ESP,DF,es La Liga,20,2005,21.3,0,2,2,100.0,0.09,0.09,0.0,0.0,0,0,2324,es ESP,DF,es La Liga,20,2005,23,1921,84,56.2,21.3,23,84,18,0,,12,1.83,39,26,+13,0.61,-0.17,1876,es ESP,DF,es La Liga,20,2005,21.3,4,0,0,34,11,1,2,18,35,1
433329,2024-05-30,350000,Kilmarnock FC,1005,IT1,Corrie Ndaba,1878,ie IRL,DF,Lecce,it Serie A,25.0,1999,14,6,543,6.0,0,0,0,0,0,0,0,0,0.0,,,,,,,,,,,,,,,,,,,,,,,,,1878,ie IRL,DF,it Serie A,25,1999,6.0,0,2,0,0.0,0.33,0.0,0.0,,0,0,2326,ie IRL,DF,it Serie A,25,1999,14,543,39,15.9,6.0,6,70,2,8,15,24,1.07,4,12,-8,-1.33,-0.89,1878,ie IRL,DF,it Serie A,25,1999,6.0,0,0,0,2,0,0,4,3,4,0
674612,2025-12-15,8000000,OGC Nice,417,FR1,Youssouf Ndayishimiye,1880,bi BDI,MF,Nice,fr Ligue 1,26.0,1998,2,1,72,0.8,0,0,0,0,0,0,0,1,0.0,,,,,,,,,,,,,,,,,,,,,,,,,1880,bi BDI,MF,fr Ligue 1,26,1998,0.8,0,0,0,,0.0,0.0,,,0,0,2328,bi BDI,MF,fr Ligue 1,26,1998,2,72,36,2.4,0.8,1,60,0,1,12,2,1.5,1,2,-1,-1.25,-0.59,1880,bi BDI,MF,fr Ligue 1,26,1998,0.8,0,1,0,2,0,0,0,2,0,0
673514,2023-10-27,3000000,ESTAC Troyes,130,IT1,Abdoulaye Ndiaye,1881,sn SEN,DF,Parma,it Serie A,23.0,2002,11,9,780,8.7,0,0,0,0,0,0,5,1,0.0,,,,,,,,,,,,,,,,,,,,,,,,,1881,sn SEN,DF,it Serie A,23,2002,8.7,0,6,0,0.0,0.69,0.0,0.0,,0,0,2329,sn SEN,DF,it Serie A,23,2002,11,780,71,22.8,8.7,9,78,6,2,40,9,1.36,6,10,-4,-0.46,0.02,1881,sn SEN,DF,it Serie A,23,2002,8.7,5,1,1,13,12,0,0,11,10,0
623570,2025-12-09,45000000,Everton FC,29,GB1,Iliman Ndiaye,1883,sn SEN,MF,Everton,eng Premier League,25.0,2000,32,32,2778,30.9,6,3,9,4,2,2,2,0,0.23,,,,,,,,,,,,,,,,,,,,,,,,,1883,sn SEN,MF,eng Premier League,25,2000,30.9,6,43,22,51.2,1.39,0.71,0.09,0.18,2,2,2332,sn SEN,MF,eng Premier League,25,2000,32,2778,87,81.2,30.9,32,87,21,0,,0,1.28,40,44,-4,-0.13,-0.27,1883,sn SEN,MF,eng Premier League,25,2000,30.9,2,0,0,30,37,12,55,17,40,0
662242,2025-12-15,5000000,Le Havre AC,738,FR1,Rassoul Ndiaye,1884,sn SEN,MF,Le Havre,fr Ligue 1,23.0,2001,33,30,2566,28.5,4,4,8,4,0,0,2,0,0.28,,,,,,,,,,,,,,,,,,,,,,,,,1884,sn SEN,MF,fr Ligue 1,23,2001,28.5,4,34,9,26.5,1.19,0.32,0.12,0.44,0,0,2333,sn SEN,MF,fr Ligue 1,23,2001,33,2566,78,83.9,28.5,30,83,15,3,26,0,1.03,25,32,-7,-0.25,0.67,1884,sn SEN,MF,fr Ligue 1,23,2001,28.5,2,0,0,22,37,5,92,17,32,0
651005,2025-12-23,5000000,ACF Fiorentina,430,IT1,Cher Ndour,1887,it ITA,MF,Fiorentina,it Serie A,21.0,2004,33,20,1876,20.8,3,0,3,3,0,0,2,0,0.14,,,,,,,,,,,,,,,,,,,,,,,,,1887,it ITA,MF,it Serie A,21,2004,20.8,3,24,8,33.3,1.15,0.38,0.13,0.38,0,0,2336,it ITA,MF,it Serie A,21,2004,33,1876,57,54.9,20.8,20,79,9,13,23,5,1.24,18,22,-4,-0.19,0.1,1887,it ITA,MF,it Serie A,21,2004,20.8,2,0,0,26,23,1,20,15,17,0
365108,2025-12-09,40000000,Nottingham Forest,703,GB1,Dan Ndoye,1888,ch SUI,MF,Nottingham Forest,eng Premier League,24.0,2000,24,14,1173,13.0,1,1,2,1,0,0,1,0,0.15,,,,,,,,,,,,,,,,,,,,,,,,,1888,ch SUI,MF,eng Premier League,24,2000,13.0,1,15,4,26.7,1.15,0.31,0.07,0.25,0,0,2337,ch SUI,MF,eng Premier League,24,2000,24,1173,49,34.3,13.0,14,71,3,10,18,5,1.08,15,17,-2,-0.15,-0.11,1888,ch SUI,MF,eng Premier League,24,2000,13.0,1,0,0,16,22,9,41,10,11,0
919620,2024-06-03,800000,FC Metz,347,FR1,Joseph Nduquidi,1889,fr FRA,MF,Metz,fr Ligue 1,20.0,2004,1,0,7,0.1,0,0,0,0,0,0,0,0,0.0,,,,,,,,,,,,,,,,,,,,,,,,,1889,fr FRA,MF,fr Ligue 1,20,2004,0.1,0,0,0,,0.0,0.0,,,0,0,2339,fr FRA,MF,fr Ligue 1,20,2004,1,7,7,0.2,0.1,0,,0,1,7,2,0.0,0,1,-1,-12.86,-11.59,1889,fr FRA,MF,fr Ligue 1,20,2004,0.1,0,0,0,0,0,0,1,0,0,0
503160,2025-12-19,18000000,1.FSV Mainz 05,39,L1,Paul Nebel,1891,de GER,MF,Mainz 05,de Bundesliga,22.0,2002,30,24,2073,23.0,5,2,7,5,0,0,2,2,0.3,,,,,,,,,,,,,,,,,,,,,,,,,1891,de GER,MF,de Bundesliga,22,2002,23.0,5,32,8,25.0,1.39,0.35,0.16,0.63,0,0,2341,de GER,MF,de Bundesliga,22,2002,30,2073,69,67.7,23.0,24,82,13,6,17,0,1.27,27,37,-10,-0.43,-0.53,1891,de GER,MF,de Bundesliga,22,2002,23.0,2,2,0,29,20,3,129,12,30,0
122840,2025-12-15,600000,Le Havre AC,738,FR1,Loïc Nego,1893,hu HUN,"DF,MF",Le Havre,fr Ligue 1,34.0,1991,30,26,2339,26.0,0,0,0,0,0,0,3,0,0.0,,,,,,,,,,,,,,,,,,,,,,,,,1893,hu HUN,"DF,MF",fr Ligue 1,34,1991,26.0,0,16,3,18.8,0.62,0.12,0.0,0.0,0,0,2343,hu HUN,"DF,MF",fr Ligue 1,34,1991,30,2339,78,76.4,26.0,26,87,21,4,18,1,1.17,25,34,-9,-0.35,0.03,1893,hu HUN,"DF,MF",fr Ligue 1,34,1991,26.0,3,0,0,18,18,4,78,32,36,0
340325,2024-05-27,15000000,Arsenal FC,1148,GB1,Reiss Nelson,1895,eng ENG,"FW,MF",Brentford,eng Premier League,25.0,1999,10,0,126,1.4,0,1,1,0,0,0,0,0,0.71,,,,,,,,,,,,,,,,,,,,,,,,,1895,eng ENG,"FW,MF",eng Premier League,25,1999,1.4,0,5,1,20.0,3.57,0.71,0.0,0.0,0,0,2347,eng ENG,"FW,MF",eng Premier League,25,1999,10,126,13,3.7,1.4,0,,0,10,13,14,1.6,7,2,+5,3.57,3.63,1895,eng ENG,"FW,MF",eng Premier League,25,1999,1.4,0,0,0,0,2,0,2,0,3,0
422951,2025-12-23,7500000,Hellas Verona,276,IT1,Victor Nelsson,1896,dk DEN,DF,Hellas Verona,it Serie A,26.0,1998,38,37,3315,36.8,0,0,0,0,0,0,4,0,0.0,,,,,,,,,,,,,,,,,,,,,,,,,1896,dk DEN,DF,it Serie A,26,1998,36.8,0,8,1,12.5,0.22,0.03,0.0,0.0,0,0,2348,dk DEN,DF,it Serie A,26,1998,38,3315,87,96.9,36.8,37,89,35,1,13,0,0.55,22,59,-37,-1.0,-1.86,1896,dk DEN,DF,it Serie A,26,1998,36.8,4,0,0,44,20,0,5,75,45,1
469822,2025-12-23,28000000,SSC Napoli,6195,IT1,David Neres,1897,br BRA,"FW,MF",Napoli,it Serie A,28.0,1997,16,10,922,10.2,3,3,6,3,0,0,3,0,0.59,,,,,,,,,,,,,,,,,,,,,,,,,1897,br BRA,"FW,MF",it Serie A,28,1997,10.2,3,17,4,23.5,1.66,0.39,0.18,0.75,0,0,2350,br BRA,"FW,MF",it Serie A,28,1997,16,922,58,27.0,10.2,10,77,1,6,26,1,2.0,16,7,+9,0.88,0.41,1897,br BRA,"FW,MF",it Serie A,28,1997,10.2,3,0,0,19,7,0,53,1,5,0
549027,2025-12-12,5000000,Elche CF,1531,ES1,Martim Neto,1898,pt POR,MF,Elche,es La Liga,22.0,2003,25,15,1347,15.0,2,5,7,2,0,0,3,0,0.47,,,,,,,,,,,,,,,,,,,,,,,,,1898,pt POR,MF,es La Liga,22,2003,15.0,2,12,4,33.3,0.8,0.27,0.17,0.5,0,0,2351,pt POR,MF,es La Liga,22,2003,25,1347,54,39.4,15.0,15,68,1,10,32,9,1.0,20,23,-3,-0.2,0.02,1898,pt POR,MF,es La Liga,22,2003,15.0,3,0,0,19,11,0,33,2,12,0
487465,2025-12-09,60000000,Chelsea FC,631,GB1,Pedro Neto,1899,pt POR,"MF,FW",Chelsea,eng Premier League,25.0,2000,34,30,2631,29.2,5,6,11,5,0,0,4,1,0.38,,,,,,,,,,,,,,,,,,,,,,,,,1899,pt POR,"MF,FW",eng Premier League,25,2000,29.2,5,46,13,28.3,1.57,0.44,0.11,0.38,0,0,2352,pt POR,"MF,FW",eng Premier League,25,2000,34,2631,77,76.9,29.2,30,82,16,4,46,0,1.41,45,33,+12,0.41,1.09,1899,pt POR,"MF,FW",eng Premier League,25,2000,29.2,4,1,1,17,25,6,184,6,11,0
524285,2025-12-19,6000000,Borussia Mönchengladbach,703,GB1,Luca Netz,1900,de GER,"MF,DF",Gladbach,de Bundesliga,22.0,2003,15,10,940,10.4,0,2,2,0,0,0,1,0,0.19,,,,,,,,,,,,,,,,,,,,,,,,,1900,de GER,"MF,DF",de Bundesliga,22,2003,10.4,0,2,0,0.0,0.19,0.0,0.0,,0,0,2353,de GER,"MF,DF",de Bundesliga,22,2003,15,940,63,30.7,10.4,10,86,7,5,17,5,0.93,14,10,+4,0.38,1.02,1900,de GER,"MF,DF",de Bundesliga,22,2003,10.4,1,0,0,8,2,0,26,7,10,0
524285,2025-12-19,6000000,Borussia Mönchengladbach,703,GB1,Luca Netz,1901,de GER,"DF,MF",Nottingham Forest,eng Premier League,22.0,2003,7,3,357,4.0,0,0,0,0,0,0,0,0,0.0,,,,,,,,,,,,,,,,,,,,,,,,,1901,de GER,"DF,MF",eng Premier League,22,2003,4.0,0,0,0,,0.0,0.0,,,0,0,2354,de GER,"DF,MF",eng Premier League,22,2003,7,357,51,10.4,4.0,3,85,1,4,26,6,1.14,7,5,+2,0.5,0.65,1901,de GER,"DF,MF",eng Premier League,22,2003,4.0,0,0,0,5,2,0,2,1,8,0
17259,2025-12-19,4000000,Bayern Munich,27,L1,Manuel Neuer,1902,de GER,GK,Bayern Munich,de Bundesliga,39.0,1986,22,22,1859,20.7,0,0,0,0,0,0,0,0,0.0,112,de GER,GK,de Bundesliga,39,1986,22,22,1859,20.7,20,0.97,50,31,62.0,19,3,0,7,31.8,1,1,0,0,1902,de GER,GK,de Bundesliga,39,1986,20.7,0,0,0,,0.0,0.0,,,0,0,2355,de GER,GK,de Bundesliga,39,1986,22,1859,85,60.8,20.7,22,85,19,0,,7,2.73,81,20,+61,2.95,1.08,1902,de GER,GK,de Bundesliga,39,1986,20.7,0,0,0,0,2,0,0,0,0,0
278332,2025-12-19,3500000,Borussia Mönchengladbach,18,L1,Florian Neuhaus,1903,de GER,"MF,FW",Gladbach,de Bundesliga,28.0,1997,17,11,930,10.3,0,1,1,0,0,0,0,0,0.1,,,,,,,,,,,,,,,,,,,,,,,,,1903,de GER,"MF,FW",de Bundesliga,28,1997,10.3,0,22,6,27.3,2.13,0.58,0.0,0.0,0,0,2356,de GER,"MF,FW",de Bundesliga,28,1997,17,930,55,30.4,10.3,11,71,0,6,25,13,1.29,19,9,+10,0.97,1.86,1903,de GER,"MF,FW",de Bundesliga,28,1997,10.3,0,0,0,9,9,0,9,9,7,0
670681,2025-12-15,110000000,Paris Saint-Germain,583,FR1,João Neves,1905,pt POR,MF,Paris Saint-Germain,fr Ligue 1,20.0,2004,21,13,1287,14.3,5,1,6,5,0,0,0,0,0.42,,,,,,,,,,,,,,,,,,,,,,,,,1905,pt POR,MF,fr Ligue 1,20,2004,14.3,5,27,6,22.2,1.89,0.42,0.19,0.83,0,0,2358,pt POR,MF,fr Ligue 1,20,2004,21,1287,61,42.1,14.3,13,80,7,8,31,2,2.38,35,14,+21,1.47,0.25,1905,pt POR,MF,fr Ligue 1,20,2004,14.3,0,0,0,13,13,0,4,6,14,0
469669,2025-12-12,2500000,Getafe CF,71665,SA1,Yvan Neyou,1906,cm CMR,MF,Getafe,es La Liga,28.0,1997,5,0,67,0.7,0,0,0,0,0,0,2,0,0.0,,,,,,,,,,,,,,,,,,,,,,,,,1906,cm CMR,MF,es La Liga,28,1997,0.7,0,0,0,,0.0,0.0,,,0,0,2359,cm CMR,MF,es La Liga,28,1997,5,67,13,2.0,0.7,0,,0,5,13,10,2.0,0,2,-2,-2.69,-2.58,1906,cm CMR,MF,es La Liga,28,1997,0.7,2,0,0,4,2,0,0,0,0,0
448177,2024-05-29,1500000,1.FSV Mainz 05,4441,A1,Jessic Ngankam,1907,de GER,FW,Eintracht Frankfurt,de Bundesliga,25.0,2000,3,0,62,0.7,0,0,0,0,0,0,0,0,0.0,,,,,,,,,,,,,,,,,,,,,,,,,1907,de GER,FW,de Bundesliga,25,2000,0.7,0,0,0,,0.0,0.0,,,0,0,2360,de GER,FW,de Bundesliga,25,2000,3,62,21,2.0,0.7,0,,0,3,21,2,0.67,1,4,-3,-4.35,-4.32,1907,de GER,FW,de Bundesliga,25,2000,0.7,0,0,0,4,2,0,0,0,0,0
358032,2025-12-23,8000000,Torino FC,714,ES1,Cyril Ngonge,1909,be BEL,FW,Torino,it Serie A,25.0,2000,20,11,994,11.0,1,1,2,1,0,0,2,0,0.18,,,,,,,,,,,,,,,,,,,,,,,,,1909,be BEL,FW,it Serie A,25,2000,11.0,1,24,12,50.0,2.17,1.09,0.04,0.08,0,0,2362,be BEL,FW,it Serie A,25,2000,20,994,50,29.1,11.0,11,72,2,9,22,1,1.0,9,20,-11,-1.0,-0.7,1909,be BEL,FW,it Serie A,25,2000,11.0,2,0,0,20,18,6,19,2,4,0
358032,2025-12-23,8000000,Torino FC,714,ES1,Cyril Ngonge,1910,be BEL,MF,Espanyol,es La Liga,25.0,2000,9,6,424,4.7,0,2,2,0,0,0,4,0,0.42,,,,,,,,,,,,,,,,,,,,,,,,,1910,be BEL,MF,es La Liga,25,2000,4.7,0,11,4,36.4,2.33,0.85,0.0,0.0,0,0,2363,be BEL,MF,es La Liga,25,2000,9,424,47,12.4,4.7,6,60,0,3,22,2,0.44,4,8,-4,-0.85,-0.61,1910,be BEL,MF,es La Liga,25,2000,4.7,4,0,0,9,12,5,26,4,3,0
548254,2024-06-04,3500000,Standard Liège,1082,FR1,Nathan Ngoy,1913,be BEL,DF,Lille,fr Ligue 1,22.0,2003,29,27,2405,26.7,1,2,3,1,0,0,10,1,0.11,,,,,,,,,,,,,,,,,,,,,,,,,1913,be BEL,DF,fr Ligue 1,22,2003,26.7,1,22,6,27.3,0.82,0.22,0.05,0.17,0,0,2366,be BEL,DF,fr Ligue 1,22,2003,29,2405,83,78.6,26.7,27,88,26,2,14,2,1.79,38,31,+7,0.26,-0.84,1913,be BEL,DF,fr Ligue 1,22,2003,26.7,10,1,0,20,11,0,6,38,21,0
1108466,2025-12-09,15000000,Liverpool FC,31,GB1,Rio Ngumoha,1915,eng ENG,MF,Liverpool,eng Premier League,16.0,2008,19,5,560,6.2,2,1,3,2,0,0,0,0,0.48,,,,,,,,,,,,,,,,,,,,,,,,,1915,eng ENG,MF,eng Premier League,16,2008,6.2,2,16,6,37.5,2.57,0.96,0.13,0.33,0,0,2368,eng ENG,MF,eng Premier League,16,2008,19,560,29,16.4,6.2,5,72,1,14,14,18,1.21,16,11,+5,0.8,0.65,1915,eng ENG,MF,eng Premier League,16,2008,6.2,0,0,0,4,12,0,22,3,2,0
538996,2025-12-12,1400000,Sevilla FC,368,ES1,Tanguy Nianzou,1918,fr FRA,DF,Sevilla,es La Liga,23.0,2002,12,8,655,7.3,0,0,0,0,0,0,5,1,0.0,,,,,,,,,,,,,,,,,,,,,,,,,1918,fr FRA,DF,es La Liga,23,2002,7.3,0,9,0,0.0,1.24,0.0,0.0,,0,0,2371,fr FRA,DF,es La Liga,23,2002,12,655,55,19.2,7.3,8,68,2,4,28,9,1.08,7,16,-9,-1.24,-1.07,1918,fr FRA,DF,es La Liga,23,2002,7.3,5,1,0,15,6,0,0,4,10,0
644032,2023-10-19,2800000,BSC Young Boys,276,IT1,Cheikh Niasse,1919,sn SEN,MF,Hellas Verona,it Serie A,25.0,2000,19,11,970,10.8,0,1,1,0,0,0,1,0,0.09,,,,,,,,,,,,,,,,,,,,,,,,,1919,sn SEN,MF,it Serie A,25,2000,10.8,0,6,1,16.7,0.56,0.09,0.0,0.0,0,0,2372,sn SEN,MF,it Serie A,25,2000,19,970,51,28.4,10.8,11,77,2,8,15,15,0.63,10,20,-10,-0.93,0.03,1919,sn SEN,MF,it Serie A,25,2000,10.8,1,0,0,20,15,2,14,15,14,0
283227,2025-12-15,5000000,FC Toulouse,415,FR1,Rasmus Nicolaisen,1921,dk DEN,DF,Toulouse,fr Ligue 1,28.0,1997,33,31,2654,29.5,1,0,1,1,0,0,4,0,0.03,,,,,,,,,,,,,,,,,,,,,,,,,1921,dk DEN,DF,fr Ligue 1,28,1997,29.5,1,15,5,33.3,0.51,0.17,0.07,0.2,0,0,2374,dk DEN,DF,fr Ligue 1,28,1997,33,2654,80,86.7,29.5,31,85,25,2,15,0,1.33,43,41,+2,0.07,0.29,1921,dk DEN,DF,fr Ligue 1,28,1997,29.5,4,0,0,29,21,1,2,40,16,0
284270,2025-12-19,5000000,Borussia Mönchengladbach,18,L1,Moritz Nicolas,1922,de GER,GK,Gladbach,de Bundesliga,27.0,1997,34,34,3060,34.0,0,0,0,0,0,0,1,0,0.0,113,de GER,GK,de Bundesliga,27,1997,34,34,3060,34.0,53,1.56,184,136,73.9,9,11,14,13,38.2,5,5,0,0,1922,de GER,GK,de Bundesliga,27,1997,34.0,0,0,0,,0.0,0.0,,,0,0,2375,de GER,GK,de Bundesliga,27,1997,34,3060,90,100.0,34.0,34,90,34,0,,0,1.12,42,53,-11,-0.32,,1922,de GER,GK,de Bundesliga,27,1997,34.0,1,0,0,0,3,0,0,0,1,0
430280,2024-06-05,3000000,Juventus FC,130,IT1,Hans Nicolussi Caviglia,1923,it ITA,MF,Fiorentina,it Serie A,25.0,2000,11,7,585,6.5,0,1,1,0,0,0,4,0,0.15,,,,,,,,,,,,,,,,,,,,,,,,,1923,it ITA,MF,it Serie A,25,2000,6.5,0,4,1,25.0,0.62,0.15,0.0,0.0,0,0,2376,it ITA,MF,it Serie A,25,2000,11,585,53,17.1,6.5,7,78,3,4,11,10,0.91,7,12,-5,-0.77,-0.64,1923,it ITA,MF,it Serie A,25,2000,6.5,4,0,0,15,15,0,30,3,7,0
430280,2024-06-05,3000000,Juventus FC,130,IT1,Hans Nicolussi Caviglia,1924,it ITA,MF,Parma,it Serie A,25.0,2000,15,10,869,9.7,0,3,3,0,0,0,0,0,0.31,,,,,,,,,,,,,,,,,,,,,,,,,1924,it ITA,MF,it Serie A,25,2000,9.7,0,16,2,12.5,1.66,0.21,0.0,0.0,0,0,2377,it ITA,MF,it Serie A,25,2000,15,869,58,25.4,9.7,10,73,2,5,28,1,1.47,10,11,-1,-0.1,0.5,1924,it ITA,MF,it Serie A,25,2000,9.7,0,0,0,8,9,0,23,3,8,0
530173,2025-12-19,1500000,1.FC Heidenheim 1846,2036,L1,Julian Niehues,1925,de GER,MF,Heidenheim,de Bundesliga,24.0,2001,24,17,1383,15.4,3,0,3,3,0,0,1,0,0.2,,,,,,,,,,,,,,,,,,,,,,,,,1925,de GER,MF,de Bundesliga,24,2001,15.4,3,18,5,27.8,1.17,0.33,0.17,0.6,0,0,2379,de GER,MF,de Bundesliga,24,2001,24,1383,58,45.2,15.4,17,71,4,7,25,10,0.88,24,30,-6,-0.39,0.95,1925,de GER,MF,de Bundesliga,24,2001,15.4,1,0,0,10,9,2,3,23,10,0
934527,2024-06-25,300000,Torino Primavera,416,IT1,Alieu Njie,1927,se SWE,"MF,FW",Torino,it Serie A,20.0,2005,15,2,299,3.3,1,1,2,1,0,0,2,0,0.6,,,,,,,,,,,,,,,,,,,,,,,,,1927,se SWE,"MF,FW",it Serie A,20,2005,3.3,1,6,3,50.0,1.81,0.9,0.17,0.33,0,0,2381,se SWE,"MF,FW",it Serie A,20,2005,15,299,20,8.7,3.3,2,52,0,13,15,21,0.8,5,5,0,0.0,0.55,1927,se SWE,"MF,FW",it Serie A,20,2005,3.3,2,0,0,8,8,0,4,0,2,0
596153,2025-12-19,7000000,SV Werder Bremen,86,L1,Justin Njinmah,1928,de GER,"FW,MF",Werder Bremen,de Bundesliga,24.0,2000,33,22,1947,21.6,5,0,5,5,0,0,2,0,0.23,,,,,,,,,,,,,,,,,,,,,,,,,1928,de GER,"FW,MF",de Bundesliga,24,2000,21.6,5,62,23,37.1,2.87,1.06,0.08,0.22,0,0,2382,de GER,"FW,MF",de Bundesliga,24,2000,33,1947,59,63.6,21.6,22,77,6,11,23,1,0.94,18,45,-27,-1.25,-1.57,1928,de GER,"FW,MF",de Bundesliga,24,2000,21.6,2,0,0,8,25,20,34,6,14,0
340324,2025-12-09,16000000,Crystal Palace,873,GB1,Eddie Nketiah,1930,eng ENG,MF,Crystal Palace,eng Premier League,26.0,1999,12,2,424,4.7,2,0,2,2,0,0,2,0,0.42,,,,,,,,,,,,,,,,,,,,,,,,,1930,eng ENG,MF,eng Premier League,26,1999,4.7,2,15,6,40.0,3.18,1.27,0.13,0.33,0,0,2384,eng ENG,MF,eng Premier League,26,1999,12,424,35,12.4,4.7,2,70,0,10,28,0,1.33,6,12,-6,-1.27,-1.15,1930,eng ENG,MF,eng Premier League,26,1999,4.7,2,0,0,7,7,3,0,2,6,0
591193,2025-12-23,3500000,Torino FC,416,IT1,Niels Nkounkou,1931,fr FRA,"MF,DF",Torino,it Serie A,24.0,2000,11,3,355,3.9,0,1,1,0,0,0,3,0,0.25,,,,,,,,,,,,,,,,,,,,,,,,,1931,fr FRA,"MF,DF",it Serie A,24,2000,3.9,0,4,1,25.0,1.01,0.25,0.0,0.0,0,0,2385,fr FRA,"MF,DF",it Serie A,24,2000,11,355,32,10.4,3.9,3,71,0,8,18,14,1.0,6,7,-1,-0.25,0.28,1931,fr FRA,"MF,DF",it Serie A,24,2000,3.9,3,0,0,4,3,0,20,8,11,0
344381,2024-05-27,65000000,Chelsea FC,5,IT1,Christopher Nkunku,1932,fr FRA,FW,Milan,it Serie A,27.0,1997,32,15,1356,15.1,7,3,10,2,5,5,0,0,0.33,,,,,,,,,,,,,,,,,,,,,,,,,1932,fr FRA,FW,it Serie A,27,1997,15.1,7,29,16,55.2,1.92,1.06,0.07,0.13,5,5,2387,fr FRA,FW,it Serie A,27,1997,32,1356,42,39.6,15.1,15,70,3,17,18,1,1.78,27,13,+14,0.93,0.75,1932,fr FRA,FW,it Serie A,27,1997,15.1,0,0,0,9,22,8,17,2,2,0
406640,2025-12-19,45000000,Borussia Dortmund,16,L1,Felix Nmecha,1933,de GER,MF,Dortmund,de Bundesliga,24.0,2000,29,25,2176,24.2,2,3,5,2,0,1,0,0,0.21,,,,,,,,,,,,,,,,,,,,,,,,,1933,de GER,MF,de Bundesliga,24,2000,24.2,2,33,7,21.2,1.36,0.29,0.06,0.29,0,1,2388,de GER,MF,de Bundesliga,24,2000,29,2176,75,71.1,24.2,25,83,8,4,23,0,2.31,51,28,+23,0.95,-0.37,1933,de GER,MF,de Bundesliga,24,2000,24.2,0,0,0,28,22,2,7,25,23,0
314288,2025-12-09,8000000,Leeds United,399,GB1,Lukas Nmecha,1934,de GER,FW,Leeds United,eng Premier League,26.0,1998,31,10,1083,12.0,6,1,7,4,2,3,0,0,0.42,,,,,,,,,,,,,,,,,,,,,,,,,1934,de GER,FW,eng Premier League,26,1998,12.0,6,30,16,53.3,2.49,1.33,0.13,0.25,2,3,2389,de GER,FW,eng Premier League,26,1998,31,1083,35,31.7,12.0,10,71,1,21,18,3,1.13,14,23,-9,-0.75,-0.82,1934,de GER,FW,eng Premier League,26,1998,12.0,0,0,0,18,18,3,10,3,7,0
324811,2025-12-19,4000000,1.FSV Mainz 05,273,FR1,Arnaud Nordin,1937,fr FRA,"MF,FW",Mainz 05,de Bundesliga,27.0,1998,13,5,469,5.2,0,0,0,0,0,0,0,0,0.0,,,,,,,,,,,,,,,,,,,,,,,,,1937,fr FRA,"MF,FW",de Bundesliga,27,1998,5.2,0,13,2,15.4,2.49,0.38,0.0,0.0,0,0,2392,fr FRA,"MF,FW",de Bundesliga,27,1998,13,469,36,15.3,5.2,5,71,1,8,15,5,0.69,5,11,-6,-1.15,-1.05,1937,fr FRA,"MF,FW",de Bundesliga,27,1998,5.2,0,0,0,4,13,1,15,3,6,0
324811,2025-12-19,4000000,1.FSV Mainz 05,273,FR1,Arnaud Nordin,1938,fr FRA,"FW,MF",Rennes,fr Ligue 1,27.0,1998,10,7,570,6.3,1,3,4,1,0,0,1,0,0.63,,,,,,,,,,,,,,,,,,,,,,,,,1938,fr FRA,"FW,MF",fr Ligue 1,27,1998,6.3,1,20,5,25.0,3.16,0.79,0.05,0.2,0,0,2393,fr FRA,"FW,MF",fr Ligue 1,27,1998,10,570,57,18.6,6.3,7,71,0,3,24,0,1.9,12,4,+8,1.26,1.23,1938,fr FRA,"FW,MF",fr Ligue 1,27,1998,6.3,1,0,0,8,17,1,18,0,6,0
457736,2025-12-23,6500000,SS Lazio,398,IT1,Tijjani Noslin,1940,nl NED,FW,Lazio,it Serie A,26.0,1999,29,9,1148,12.8,4,2,6,4,0,0,6,1,0.47,,,,,,,,,,,,,,,,,,,,,,,,,1940,nl NED,FW,it Serie A,26,1999,12.8,4,35,13,37.1,2.74,1.02,0.11,0.31,0,0,2395,nl NED,FW,it Serie A,26,1999,29,1148,40,33.6,12.8,9,77,3,20,23,8,1.34,15,14,+1,0.08,0.08,1940,nl NED,FW,it Serie A,26,1999,12.8,6,1,1,19,23,5,10,3,6,0
560483,2025-12-12,1200000,Rayo Vallecano,367,ES1,Randy Nteka,1943,ao ANG,FW,Rayo Vallecano,es La Liga,27.0,1997,13,3,374,4.2,3,0,3,3,0,1,3,0,0.72,,,,,,,,,,,,,,,,,,,,,,,,,1943,ao ANG,FW,es La Liga,27,1997,4.2,3,13,6,46.2,3.13,1.44,0.23,0.5,0,1,2398,ao ANG,FW,es La Liga,27,1997,13,374,29,10.9,4.2,3,76,1,10,15,11,1.77,7,6,+1,0.24,0.36,1943,ao ANG,FW,es La Liga,27,1997,4.2,3,0,0,11,7,5,0,0,4,0
955070,2025-12-15,12000000,Olympique Lyon,1041,FR1,Ernest Nuamah,1944,gh GHA,"FW,MF",Lyon,fr Ligue 1,21.0,2003,3,0,35,0.4,0,0,0,0,0,0,0,0,0.0,,,,,,,,,,,,,,,,,,,,,,,,,1944,gh GHA,"FW,MF",fr Ligue 1,21,2003,0.4,0,2,0,0.0,5.14,0.0,0.0,,0,0,2399,gh GHA,"FW,MF",fr Ligue 1,21,2003,3,35,12,1.1,0.4,0,,0,3,12,0,1.0,0,0,0,0.0,-0.39,1944,gh GHA,"FW,MF",fr Ligue 1,21,2003,0.4,0,0,0,0,0,0,2,0,0,0
195778,2025-12-19,12000000,VfB Stuttgart,79,L1,Alexander Nübel,1945,de GER,GK,Stuttgart,de Bundesliga,28.0,1996,34,34,3060,34.0,0,1,1,0,0,0,0,0,0.03,115,de GER,GK,de Bundesliga,28,1996,34,34,3060,34.0,49,1.44,147,107,72.8,18,8,8,11,32.4,10,9,1,0,1945,de GER,GK,de Bundesliga,28,1996,34.0,0,0,0,,0.0,0.0,,,0,0,2400,de GER,GK,de Bundesliga,28,1996,34,3060,90,100.0,34.0,34,90,34,0,,0,1.82,71,49,+22,0.65,,1945,de GER,GK,de Bundesliga,28,1996,34.0,0,0,0,1,7,0,0,1,0,0
601883,2025-12-09,38000000,Manchester City,281,GB1,Matheus Nunes,1946,pt POR,DF,Manchester City,eng Premier League,26.0,1998,34,32,2862,31.8,1,5,6,1,0,0,5,0,0.19,,,,,,,,,,,,,,,,,,,,,,,,,1946,pt POR,DF,eng Premier League,26,1998,31.8,1,7,2,28.6,0.22,0.06,0.14,0.5,0,0,2402,pt POR,DF,eng Premier League,26,1998,34,2862,84,83.7,31.8,32,87,28,2,35,3,2.21,68,28,+40,1.26,0.94,1946,pt POR,DF,eng Premier League,26,1998,31.8,5,0,0,17,30,4,67,29,41,0
338285,2024-06-07,7000000,Celta de Vigo,1049,ES1,Unai Núñez,1949,es ESP,DF,Hellas Verona,it Serie A,28.0,1997,17,15,1265,14.1,0,0,0,0,0,0,6,0,0.0,,,,,,,,,,,,,,,,,,,,,,,,,1949,es ESP,DF,it Serie A,28,1997,14.1,0,7,1,14.3,0.5,0.07,0.0,0.0,0,0,2406,es ESP,DF,it Serie A,28,1997,17,1265,74,37.0,14.1,15,82,12,2,21,1,0.71,12,26,-14,-1.0,-0.08,1949,es ESP,DF,it Serie A,28,1997,14.1,6,0,0,27,10,0,11,23,18,1
338285,2024-06-07,7000000,Celta de Vigo,1049,ES1,Unai Núñez,1950,es ESP,DF,Valencia,es La Liga,28.0,1997,13,10,911,10.1,0,0,0,0,0,0,3,0,0.0,,,,,,,,,,,,,,,,,,,,,,,,,1950,es ESP,DF,es La Liga,28,1997,10.1,0,9,1,11.1,0.89,0.1,0.0,0.0,0,0,2407,es ESP,DF,es La Liga,28,1997,13,911,70,26.6,10.1,10,82,6,3,29,2,1.92,16,12,+4,0.4,0.86,1950,es ESP,DF,es La Liga,28,1997,10.1,3,0,0,12,7,0,4,11,11,0
894914,2025-12-19,32000000,RB Leipzig,23826,L1,Antonio Nusa,1952,no NOR,"FW,MF",RB Leipzig,de Bundesliga,20.0,2005,31,24,2027,22.5,4,3,7,4,0,0,0,0,0.31,,,,,,,,,,,,,,,,,,,,,,,,,1952,no NOR,"FW,MF",de Bundesliga,20,2005,22.5,4,61,20,32.8,2.71,0.89,0.07,0.2,0,0,2410,no NOR,"FW,MF",de Bundesliga,20,2005,31,2027,65,66.2,22.5,24,77,4,7,26,0,2.0,42,29,+13,0.58,0.05,1952,no NOR,"FW,MF",de Bundesliga,20,2005,22.5,0,0,0,9,64,1,68,7,14,0
890719,2025-12-09,40000000,Arsenal FC,244,FR1,Ethan Nwaneri,1953,eng ENG,MF,Arsenal,eng Premier League,18.0,2007,6,0,171,1.9,0,0,0,0,0,0,0,0,0.0,,,,,,,,,,,,,,,,,,,,,,,,,1953,eng ENG,MF,eng Premier League,18,2007,1.9,0,6,0,0.0,3.16,0.0,0.0,,0,0,2411,eng ENG,MF,eng Premier League,18,2007,6,171,29,5.0,1.9,0,,0,6,29,11,2.67,8,0,+8,4.21,3.21,1953,eng ENG,MF,eng Premier League,18,2007,1.9,0,0,0,2,0,0,2,0,0,0
890719,2025-12-09,40000000,Arsenal FC,244,FR1,Ethan Nwaneri,1954,eng ENG,MF,Marseille,fr Ligue 1,18.0,2007,9,3,324,3.6,2,1,3,2,0,0,1,0,0.83,,,,,,,,,,,,,,,,,,,,,,,,,1954,eng ENG,MF,fr Ligue 1,18,2007,3.6,2,9,3,33.3,2.5,0.83,0.22,0.67,0,0,2412,eng ENG,MF,fr Ligue 1,18,2007,9,324,36,10.6,3.6,3,56,0,6,26,7,1.11,8,5,+3,0.83,0.34,1954,eng ENG,MF,fr Ligue 1,18,2007,3.6,1,0,0,4,1,0,9,3,1,0
73517,2025-12-12,900000,Sevilla FC,368,ES1,Ørjan Nyland,1955,no NOR,GK,Sevilla,es La Liga,34.0,1990,5,5,450,5.0,0,0,0,0,0,0,1,0,0.0,116,no NOR,GK,es La Liga,34,1990,5,5,450,5.0,8,1.6,18,11,61.1,1,1,3,1,20.0,1,1,0,0,1955,no NOR,GK,es La Liga,34,1990,5.0,0,0,0,,0.0,0.0,,,0,0,2414,no NOR,GK,es La Liga,34,1990,5,450,90,13.2,5.0,5,90,5,0,,32,0.8,7,8,-1,-0.2,0.19,1955,no NOR,GK,es La Liga,34,1990,5.0,1,0,0,0,0,0,0,0,0,0
111508,2025-12-12,200000,Getafe CF,3709,ES1,Allan Nyom,1956,cm CMR,DF,Getafe,es La Liga,37.0,1988,15,7,523,5.8,0,1,1,0,0,0,6,1,0.17,,,,,,,,,,,,,,,,,,,,,,,,,1956,cm CMR,DF,es La Liga,37,1988,5.8,0,3,1,33.3,0.52,0.17,0.0,0.0,0,0,2415,cm CMR,DF,es La Liga,37,1988,15,523,35,15.3,5.8,7,68,2,8,6,15,1.63,8,8,0,0.0,0.19,1956,cm CMR,DF,es La Liga,37,1988,5.8,6,1,0,13,8,1,8,1,6,0
1045123,2025-12-09,6000000,Liverpool FC,31,GB1,Trey Nyoni,1957,eng ENG,MF,Liverpool,eng Premier League,18.0,2007,6,0,24,0.3,0,0,0,0,0,0,0,0,0.0,,,,,,,,,,,,,,,,,,,,,,,,,1957,eng ENG,MF,eng Premier League,18,2007,0.3,0,1,0,0.0,3.75,0.0,0.0,,0,0,2416,eng ENG,MF,eng Premier League,18,2007,6,24,4,0.7,0.3,0,,0,6,4,23,2.33,0,1,-1,-3.75,-4.04,1957,eng ENG,MF,eng Premier League,18,2007,0.3,0,0,0,1,0,1,0,0,0,0
1068110,2025-12-15,2000000,RC Strasbourg Alsace,667,FR1,Rabby Nzingoula,1958,fr FRA,MF,Strasbourg,fr Ligue 1,19.0,2005,4,0,51,0.6,0,0,0,0,0,0,0,1,0.0,,,,,,,,,,,,,,,,,,,,,,,,,1958,fr FRA,MF,fr Ligue 1,19,2005,0.6,0,1,0,0.0,1.76,0.0,0.0,,0,0,2418,fr FRA,MF,fr Ligue 1,19,2005,4,51,13,1.7,0.6,0,,0,4,13,6,0.75,1,0,+1,1.76,1.47,1958,fr FRA,MF,fr Ligue 1,19,2005,0.6,0,1,0,3,2,0,2,1,1,0
354814,2025-12-23,6000000,Pisa Sporting Club,6574,IT1,M'Bala Nzola,1959,ao ANG,FW,Pisa,it Serie A,28.0,1996,16,11,1052,11.7,3,0,3,1,2,3,1,1,0.09,,,,,,,,,,,,,,,,,,,,,,,,,1959,ao ANG,FW,it Serie A,28,1996,11.7,3,28,7,25.0,2.4,0.6,0.04,0.14,2,3,2419,ao ANG,FW,it Serie A,28,1996,16,1052,66,30.8,11.7,11,82,4,5,30,0,0.69,5,15,-10,-0.86,0.47,1959,ao ANG,FW,it Serie A,28,1996,11.7,1,1,0,18,17,11,7,1,2,0
354814,2025-12-23,6000000,Pisa Sporting Club,6574,IT1,M'Bala Nzola,1960,ao ANG,FW,Sassuolo,it Serie A,28.0,1996,14,4,473,5.3,1,1,2,1,0,0,1,0,0.38,,,,,,,,,,,,,,,,,,,,,,,,,1960,ao ANG,FW,it Serie A,28,1996,5.3,1,11,4,36.4,2.09,0.76,0.09,0.25,0,0,2420,ao ANG,FW,it Serie A,28,1996,14,473,34,13.8,5.3,4,72,0,10,19,1,1.43,6,7,-1,-0.19,-0.1,1960,ao ANG,FW,it Serie A,28,1996,5.3,1,0,0,11,9,4,0,1,2,0
148367,2024-05-27,18000000,Brentford FC,11,GB1,Christian Nørgaard,1961,dk DEN,MF,Arsenal,eng Premier League,31.0,1994,7,1,106,1.2,0,0,0,0,0,0,0,0,0.0,,,,,,,,,,,,,,,,,,,,,,,,,1961,dk DEN,MF,eng Premier League,31,1994,1.2,0,2,1,50.0,1.7,0.85,0.0,0.0,0,0,2421,dk DEN,MF,eng Premier League,31,1994,7,106,15,3.1,1.2,1,45,0,6,10,21,3.0,3,1,+2,1.7,0.56,1961,dk DEN,MF,eng Premier League,31,1994,1.2,0,0,0,3,0,0,1,1,2,0
711544,2025-12-09,16000000,Everton FC,29,GB1,Jake O'Brien,1962,ie IRL,DF,Everton,eng Premier League,24.0,2001,37,35,3120,34.7,1,1,2,1,0,0,6,1,0.06,,,,,,,,,,,,,,,,,,,,,,,,,1962,ie IRL,DF,eng Premier League,24,2001,34.7,1,13,6,46.2,0.37,0.17,0.08,0.17,0,0,2422,ie IRL,DF,eng Premier League,24,2001,37,3120,84,91.2,34.7,35,87,29,2,42,0,1.32,44,46,-2,-0.06,0.24,1962,ie IRL,DF,eng Premier League,24,2001,34.7,6,1,0,23,17,4,49,13,32,0
406634,2025-12-15,20000000,Olympique Marseille,1237,GB1,Matt O'Riley,1964,dk DEN,MF,Marseille,fr Ligue 1,24.0,2000,15,6,741,8.2,1,2,3,1,0,0,2,0,0.36,,,,,,,,,,,,,,,,,,,,,,,,,1964,dk DEN,MF,fr Ligue 1,24,2000,8.2,1,7,3,42.9,0.85,0.36,0.14,0.33,0,0,2424,dk DEN,MF,fr Ligue 1,24,2000,15,741,49,24.2,8.2,6,81,2,9,28,2,2.33,16,9,+7,0.85,0.42,1964,dk DEN,MF,fr Ligue 1,24,2000,8.2,2,0,0,15,1,1,7,6,8,0
406634,2025-12-15,20000000,Olympique Marseille,1237,GB1,Matt O'Riley,1965,dk DEN,MF,Brighton,eng Premier League,24.0,2000,6,2,204,2.3,1,0,1,0,1,1,0,0,0.0,,,,,,,,,,,,,,,,,,,,,,,,,1965,dk DEN,MF,eng Premier League,24,2000,2.3,1,4,2,50.0,1.76,0.88,0.0,0.0,1,1,2425,dk DEN,MF,eng Premier League,24,2000,6,204,34,6.0,2.3,2,89,1,4,7,7,1.33,2,3,-1,-0.44,-0.64,1965,dk DEN,MF,eng Premier League,24,2000,2.3,0,0,0,2,1,1,6,0,2,0
568333,2025-12-23,4000000,Cagliari Calcio,1390,IT1,Adam Obert,1966,sk SVK,"DF,MF",Cagliari,it Serie A,22.0,2002,35,33,2771,30.8,0,3,3,0,0,0,10,1,0.1,,,,,,,,,,,,,,,,,,,,,,,,,1966,sk SVK,"DF,MF",it Serie A,22,2002,30.8,0,10,3,30.0,0.32,0.1,0.0,0.0,0,0,2426,sk SVK,"DF,MF",it Serie A,22,2002,35,2771,79,81.0,30.8,33,83,19,2,21,1,1.2,28,40,-12,-0.39,-0.25,1966,sk SVK,"DF,MF",it Serie A,22,2002,30.8,10,1,1,40,13,0,69,44,32,0
121483,2025-12-12,17000000,Atlético de Madrid,13,ES1,Jan Oblak,1967,si SVN,GK,Atlético Madrid,es La Liga,32.0,1993,30,30,2700,30.0,0,0,0,0,0,0,0,0,0.0,117,si SVN,GK,es La Liga,32,1993,30,30,2700,30.0,31,1.03,104,75,72.1,17,6,7,11,36.7,3,2,0,1,1967,si SVN,GK,es La Liga,32,1993,30.0,0,0,0,,0.0,0.0,,,0,0,2428,si SVN,GK,es La Liga,32,1993,30,2700,90,78.9,30.0,30,90,30,0,,3,1.9,51,31,+20,0.67,0.92,1967,si SVN,GK,es La Liga,32,1993,30.0,0,0,0,0,4,0,0,0,0,0
406632,2023-10-11,1500000,Como 1907,467,NL1,Cas Odenthal,1971,nl NED,DF,Sassuolo,it Serie A,24.0,2000,1,0,1,0.0,0,0,0,0,0,0,0,0,0.0,,,,,,,,,,,,,,,,,,,,,,,,,1971,nl NED,DF,it Serie A,24,2000,0.0,0,0,0,,0.0,0.0,,,0,0,2433,nl NED,DF,it Serie A,24,2000,1,1,1,0.0,0.0,0,,0,1,1,17,0.0,0,0,0,0.0,0.11,1971,nl NED,DF,it Serie A,24,2000,0.0,0,0,0,0,0,0,0,0,0,0
345590,2025-12-23,15000000,Bologna FC 1909,1025,IT1,Jens Odgaard,1972,dk DEN,MF,Bologna,it Serie A,26.0,1999,26,16,1378,15.3,5,1,6,5,0,0,1,0,0.39,,,,,,,,,,,,,,,,,,,,,,,,,1972,dk DEN,MF,it Serie A,26,1999,15.3,5,35,13,37.1,2.29,0.85,0.14,0.38,0,0,2434,dk DEN,MF,it Serie A,26,1999,26,1378,53,40.3,15.3,16,74,4,10,19,9,1.5,22,21,+1,0.07,-0.02,1972,dk DEN,MF,it Serie A,26,1999,15.3,1,0,0,28,28,5,15,4,12,0
743498,2025-12-09,22000000,Tottenham Hotspur,148,GB1,Wilson Odobert,1973,fr FRA,"MF,FW",Tottenham Hotspur,eng Premier League,20.0,2004,24,10,985,10.9,0,2,2,0,0,0,0,0,0.18,,,,,,,,,,,,,,,,,,,,,,,,,1973,fr FRA,"MF,FW",eng Premier League,20,2004,10.9,0,21,8,38.1,1.92,0.73,0.0,0.0,0,0,2435,fr FRA,"MF,FW",eng Premier League,20,2004,24,985,41,28.8,10.9,10,68,1,14,22,2,1.08,16,13,+3,0.27,0.72,1973,fr FRA,"MF,FW",eng Premier League,20,2004,10.9,0,0,0,2,10,2,28,0,8,0
897423,2025-12-23,5000000,AC Milan,5,IT1,David Odogu,1974,de GER,DF,Milan,it Serie A,19.0,2006,2,0,6,0.1,0,0,0,0,0,0,0,0,0.0,,,,,,,,,,,,,,,,,,,,,,,,,1974,de GER,DF,it Serie A,19,2006,0.1,0,0,0,,0.0,0.0,,,0,0,2437,de GER,DF,it Serie A,19,2006,2,6,3,0.2,0.1,0,,0,2,3,33,3.0,0,0,0,0.0,-0.47,1974,de GER,DF,it Serie A,19,2006,0.1,0,0,0,0,0,0,0,0,0,0
280730,2025-12-12,800000,Real Sociedad,681,ES1,Álvaro Odriozola,1975,es ESP,DF,Real Sociedad,es La Liga,29.0,1995,5,2,201,2.2,1,0,1,1,0,0,0,0,0.45,,,,,,,,,,,,,,,,,,,,,,,,,1975,es ESP,DF,es La Liga,29,1995,2.2,1,1,1,100.0,0.45,0.45,1.0,1.0,0,0,2438,es ESP,DF,es La Liga,29,1995,5,201,40,5.9,2.2,2,60,0,3,27,17,2.0,6,4,+2,0.9,1.01,1975,es ESP,DF,es La Liga,29,1995,2.2,0,0,0,1,3,0,3,1,1,0
696164,2025-12-22,4000000,SK Sturm Graz,15,L1,Tim Oermann,1976,de GER,DF,Leverkusen,de Bundesliga,21.0,2003,2,0,18,0.2,0,0,0,0,0,0,0,0,0.0,,,,,,,,,,,,,,,,,,,,,,,,,1976,de GER,DF,de Bundesliga,21,2003,0.2,0,0,0,,0.0,0.0,,,0,0,2439,de GER,DF,de Bundesliga,21,2003,2,18,9,0.6,0.2,0,,0,2,9,10,1.0,0,2,-2,-10.0,-10.68,1976,de GER,DF,de Bundesliga,21,2003,0.2,0,0,0,0,1,0,0,0,1,0
346890,2025-12-09,18000000,Leeds United,399,GB1,Noah Okafor,1980,ch SUI,"FW,MF",Leeds United,eng Premier League,25.0,2000,28,19,1561,17.3,8,1,9,8,0,0,3,0,0.52,,,,,,,,,,,,,,,,,,,,,,,,,1980,ch SUI,"FW,MF",eng Premier League,25,2000,17.3,8,35,15,42.9,2.02,0.86,0.23,0.53,0,0,2446,ch SUI,"FW,MF",eng Premier League,25,2000,28,1561,56,45.6,17.3,19,72,1,9,22,1,1.32,29,26,+3,0.17,0.66,1980,ch SUI,"FW,MF",eng Premier League,25,2000,17.3,3,0,0,18,14,0,36,12,15,0
413605,2024-06-05,2400000,Torino FC,2239,IT1,David Okereke,1981,ng NGA,"FW,MF",Cremonese,it Serie A,27.0,1997,10,3,403,4.5,2,0,2,2,0,0,0,1,0.45,,,,,,,,,,,,,,,,,,,,,,,,,1981,ng NGA,"FW,MF",it Serie A,27,1997,4.5,2,8,5,62.5,1.79,1.12,0.25,0.4,0,0,2447,ng NGA,"FW,MF",it Serie A,27,1997,10,403,40,11.8,4.5,3,62,0,7,31,2,1.18,7,9,-2,-0.45,0.24,1981,ng NGA,"FW,MF",it Serie A,27,1997,4.5,0,1,0,1,4,2,5,1,0,0
340353,2025-12-23,8000000,Udinese Calcio,410,IT1,Maduka Okoye,1983,ng NGA,GK,Udinese,it Serie A,25.0,1999,30,30,2616,29.1,0,0,0,0,0,0,1,1,0.0,118,ng NGA,GK,it Serie A,25,1999,30,30,2616,29.1,37,1.27,111,80,71.2,12,5,13,10,33.3,6,5,1,0,1983,ng NGA,GK,it Serie A,25,1999,29.1,0,0,0,,0.0,0.0,,,0,0,2449,ng NGA,GK,it Serie A,25,1999,30,2616,87,76.5,29.1,30,87,29,0,,1,1.37,37,32,+5,0.17,1.07,1983,ng NGA,GK,it Serie A,25,1999,29.1,1,1,0,2,4,0,0,0,0,0
566723,2025-12-19,130000000,Bayern Munich,27,L1,Michael Olise,1986,fr FRA,MF,Bayern Munich,de Bundesliga,23.0,2001,32,23,2316,25.7,15,19,34,15,0,0,8,0,1.32,,,,,,,,,,,,,,,,,,,,,,,,,1986,fr FRA,MF,de Bundesliga,23,2001,25.7,15,102,50,49.0,3.96,1.94,0.15,0.3,0,0,2454,fr FRA,MF,de Bundesliga,23,2001,32,2316,72,75.7,25.7,23,86,14,9,38,1,2.59,94,25,+69,2.68,0.62,1986,fr FRA,MF,de Bundesliga,23,2001,25.7,8,0,0,32,58,7,146,14,11,0
376514,2025-12-23,18000000,SSC Napoli,6195,IT1,Mathías Olivera,1987,uy URU,"DF,MF",Napoli,it Serie A,27.0,1997,25,15,1370,15.2,0,0,0,0,0,0,3,0,0.0,,,,,,,,,,,,,,,,,,,,,,,,,1987,uy URU,"DF,MF",it Serie A,27,1997,15.2,0,8,3,37.5,0.53,0.2,0.0,0.0,0,0,2455,uy URU,"DF,MF",it Serie A,27,1997,25,1370,55,40.1,15.2,15,74,6,10,27,10,2.16,23,13,+10,0.66,0.13,1987,uy URU,"DF,MF",it Serie A,27,1997,15.2,3,0,0,17,10,0,6,16,22,0
293385,2024-07-18,60000000,RB Leipzig,131,ES1,Dani Olmo,1989,es ESP,MF,Barcelona,es La Liga,27.0,1998,33,24,2067,23.0,7,8,15,7,0,0,1,0,0.65,,,,,,,,,,,,,,,,,,,,,,,,,1989,es ESP,MF,es La Liga,27,1998,23.0,7,70,21,30.0,3.05,0.91,0.1,0.33,0,0,2457,es ESP,MF,es La Liga,27,1998,33,2067,63,60.4,23.0,24,75,8,9,30,0,2.48,56,17,+39,1.7,0.37,1989,es ESP,MF,es La Liga,27,1998,23.0,1,0,0,27,42,6,28,14,23,0
985546,2025-12-17,500000,Tottenham Hotspur U21,9254,,Callum Olusesi,1990,eng ENG,MF,Tottenham Hotspur,eng Premier League,18.0,2007,1,0,15,0.2,0,0,0,0,0,0,0,0,0.0,,,,,,,,,,,,,,,,,,,,,,,,,1990,eng ENG,MF,eng Premier League,18,2007,0.2,0,0,0,,0.0,0.0,,,0,0,2459,eng ENG,MF,eng Premier League,18,2007,1,15,15,0.4,0.2,0,,0,1,15,7,1.0,1,0,+1,6.0,6.26,1990,eng ENG,MF,eng Premier League,18,2007,0.2,0,0,0,0,0,0,0,0,0,0
711996,2025-12-19,3000000,Hamburger SV,41,L1,Warmed Omari,1992,km COM,DF,Hamburger SV,de Bundesliga,25.0,2000,20,17,1605,17.8,0,1,1,0,0,0,0,0,0.06,,,,,,,,,,,,,,,,,,,,,,,,,1992,km COM,DF,de Bundesliga,25,2000,17.8,0,3,1,33.3,0.17,0.06,0.0,0.0,0,0,2461,km COM,DF,de Bundesliga,25,2000,20,1605,80,52.5,17.8,17,87,12,3,45,0,1.1,19,28,-9,-0.5,-0.2,1992,km COM,DF,de Bundesliga,25,2000,17.8,0,0,0,16,11,0,4,28,19,0
621993,2025-12-15,7000000,RC Strasbourg Alsace,667,FR1,Andrew Omobamidele,1993,ie IRL,DF,Strasbourg,fr Ligue 1,23.0,2002,25,13,1357,15.1,1,0,1,1,0,0,4,0,0.07,,,,,,,,,,,,,,,,,,,,,,,,,1993,ie IRL,DF,fr Ligue 1,23,2002,15.1,1,4,3,75.0,0.27,0.2,0.25,0.33,0,0,2464,ie IRL,DF,fr Ligue 1,23,2002,25,1357,54,44.3,15.1,13,82,8,12,25,2,1.56,25,21,+4,0.27,-0.1,1993,ie IRL,DF,fr Ligue 1,23,2002,15.1,4,0,0,13,10,0,0,16,4,0
485706,2025-12-09,42000000,Aston Villa,405,GB1,Amadou Onana,1994,be BEL,MF,Aston Villa,eng Premier League,23.0,2001,25,21,1758,19.5,2,0,2,2,0,0,3,0,0.1,,,,,,,,,,,,,,,,,,,,,,,,,1994,be BEL,MF,eng Premier League,23,2001,19.5,2,19,7,36.8,0.97,0.36,0.11,0.29,0,0,2467,be BEL,MF,eng Premier League,23,2001,25,1758,70,51.4,19.5,21,81,11,4,17,1,1.96,28,26,+2,0.1,-0.17,1994,be BEL,MF,eng Premier League,23,2001,19.5,3,0,0,20,25,0,0,19,30,0
656441,2025-12-23,1300000,Genoa CFC,252,IT1,Jean Onana,1995,cm CMR,MF,Genoa,it Serie A,25.0,2000,3,0,45,0.5,0,0,0,0,0,0,0,0,0.0,,,,,,,,,,,,,,,,,,,,,,,,,1995,cm CMR,MF,it Serie A,25,2000,0.5,0,1,0,0.0,2.0,0.0,0.0,,0,0,2469,cm CMR,MF,it Serie A,25,2000,3,45,15,1.3,0.5,0,,0,3,15,18,2.0,0,1,-1,-2.0,-1.76,1995,cm CMR,MF,it Serie A,25,2000,0.5,0,0,0,4,0,0,1,1,3,0
663237,2025-12-23,8000000,Parma Calcio 1913,130,IT1,Jacob Ondrejka,1996,se SWE,"FW,MF",Parma,it Serie A,22.0,2002,16,9,773,8.6,0,0,0,0,0,0,2,0,0.0,,,,,,,,,,,,,,,,,,,,,,,,,1996,se SWE,"FW,MF",it Serie A,22,2002,8.6,0,21,7,33.3,2.45,0.82,0.0,0.0,0,0,2470,se SWE,"FW,MF",it Serie A,22,2002,16,773,48,22.6,8.6,9,65,0,7,27,9,1.31,8,14,-6,-0.7,-0.29,1996,se SWE,"FW,MF",it Serie A,22,2002,8.6,2,0,0,8,14,1,12,2,2,0
421637,2025-12-09,7000000,Brentford FC,990,,Frank Onyeka,1997,ng NGA,MF,Brentford,eng Premier League,27.0,1998,6,0,92,1.0,0,1,1,0,0,0,0,0,0.98,,,,,,,,,,,,,,,,,,,,,,,,,1997,ng NGA,MF,eng Premier League,27,1998,1.0,0,0,0,,0.0,0.0,,,0,0,2472,ng NGA,MF,eng Premier League,27,1998,6,92,15,2.7,1.0,0,,0,6,15,10,1.5,3,2,+1,0.98,0.92,1997,ng NGA,MF,eng Premier League,27,1998,1.0,0,0,0,3,3,0,0,0,0,0
368887,2024-05-29,60000000,RB Leipzig,506,IT1,Loïs Openda,1998,be BEL,FW,RB Leipzig,de Bundesliga,25.0,2000,2,1,51,0.6,0,0,0,0,0,0,0,0,0.0,,,,,,,,,,,,,,,,,,,,,,,,,1998,be BEL,FW,de Bundesliga,25,2000,0.6,0,3,0,0.0,5.29,0.0,0.0,,0,0,2473,be BEL,FW,de Bundesliga,25,2000,2,51,26,1.7,0.6,1,45,0,1,6,0,1.5,0,3,-3,-5.29,-5.95,1998,be BEL,FW,de Bundesliga,25,2000,0.6,0,0,0,0,3,0,1,0,0,0
368887,2024-05-29,60000000,RB Leipzig,506,IT1,Loïs Openda,1999,be BEL,"FW,MF",Juventus,it Serie A,25.0,2000,24,6,666,7.4,1,0,1,1,0,0,0,0,0.14,,,,,,,,,,,,,,,,,,,,,,,,,1999,be BEL,"FW,MF",it Serie A,25,2000,7.4,1,26,6,23.1,3.51,0.81,0.04,0.17,0,0,2474,be BEL,"FW,MF",it Serie A,25,2000,24,666,28,19.5,7.4,6,69,0,18,14,12,1.71,11,8,+3,0.41,-0.38,1999,be BEL,"FW,MF",it Serie A,25,2000,7.4,0,0,0,8,21,11,7,1,4,0
1018259,2025-12-23,8500000,Hellas Verona,276,IT1,Gift Orban,2002,ng NGA,FW,Hellas Verona,it Serie A,23.0,2002,28,23,2027,22.5,7,2,9,5,2,2,4,1,0.31,,,,,,,,,,,,,,,,,,,,,,,,,2002,ng NGA,FW,it Serie A,23,2002,22.5,7,85,28,32.9,3.77,1.24,0.06,0.18,2,2,2478,ng NGA,FW,it Serie A,23,2002,28,2027,72,59.3,22.5,23,79,9,5,40,1,0.5,14,33,-19,-0.84,0.25,2002,ng NGA,FW,it Serie A,23,2002,22.5,4,1,0,22,20,20,14,3,3,0
331057,2023-07-25,1000000,Ceará Sporting Club,9961,COL1,Luis Orejuela,2005,,DF,Mallorca,es La Liga,,,1,1,90,1.0,0,0,0,0,0,0,0,0,0.0,,,,,,,,,,,,,,,,,,,,,,,,,2005,,DF,es La Liga,,,1.0,0,1,0,0.0,1.0,0.0,0.0,,0,0,2481,,DF,es La Liga,,,1,90,90,2.6,1.0,1,90,1,0,,3,0.0,1,3,-2,-2.0,-1.78,2005,,DF,es La Liga,,,1.0,0,0,0,1,4,0,2,1,0,0
613393,2024-06-05,4000000,Cagliari Calcio,130,IT1,Gaetano Oristanio,2007,it ITA,"FW,MF",Parma,it Serie A,22.0,2002,20,8,859,9.5,1,0,1,1,0,0,1,0,0.1,,,,,,,,,,,,,,,,,,,,,,,,,2007,it ITA,"FW,MF",it Serie A,22,2002,9.5,1,24,4,16.7,2.51,0.42,0.04,0.25,0,0,2483,it ITA,"FW,MF",it Serie A,22,2002,20,859,43,25.1,9.5,8,65,0,12,28,8,1.25,7,13,-6,-0.63,-0.21,2007,it ITA,"FW,MF",it Serie A,22,2002,9.5,1,0,0,13,20,4,16,2,6,0
634131,2025-12-12,9000000,CA Osasuna,331,ES1,Aimar Oroz,2008,es ESP,"MF,FW",Osasuna,es La Liga,23.0,2001,31,26,2139,23.8,0,2,2,0,0,0,6,0,0.08,,,,,,,,,,,,,,,,,,,,,,,,,2008,es ESP,"MF,FW",es La Liga,23,2001,23.8,0,29,4,13.8,1.22,0.17,0.0,0.0,0,0,2484,es ESP,"MF,FW",es La Liga,23,2001,31,2139,69,62.5,23.8,26,77,6,5,25,0,1.23,25,29,-4,-0.17,-0.03,2008,es ESP,"MF,FW",es La Liga,23,2001,23.8,6,0,0,33,67,1,32,8,18,0
368482,2025-12-23,25000000,Bologna FC 1909,1025,IT1,Riccardo Orsolini,2009,it ITA,"MF,FW",Bologna,it Serie A,28.0,1997,35,26,2111,23.5,10,1,11,6,4,6,2,0,0.3,,,,,,,,,,,,,,,,,,,,,,,,,2009,it ITA,"MF,FW",it Serie A,28,1997,23.5,10,82,31,37.8,3.5,1.32,0.07,0.19,4,6,2485,it ITA,"MF,FW",it Serie A,28,1997,35,2111,60,61.7,23.5,26,74,8,9,22,2,1.54,32,31,+1,0.04,-0.09,2009,it ITA,"MF,FW",it Serie A,28,1997,23.5,2,0,0,21,44,18,41,7,15,0
85941,2025-12-09,5000000,Manchester City,703,GB1,Stefan Ortega,2010,de GER,GK,Nottingham Forest,eng Premier League,32.0,1992,3,3,270,3.0,0,0,0,0,0,0,0,0,0.0,119,de GER,GK,eng Premier League,32,1992,3,3,270,3.0,4,1.33,12,8,66.7,0,1,2,1,33.3,0,0,0,0,2010,de GER,GK,eng Premier League,32,1992,3.0,0,0,0,,0.0,0.0,,,0,0,2487,de GER,GK,eng Premier League,32,1992,3,270,90,7.9,3.0,3,90,3,0,,8,0.33,1,4,-3,-1.0,-1.0,2010,de GER,GK,eng Premier League,32,1992,3.0,0,0,0,0,0,0,0,0,0,0
1038512,2025-12-12,1000000,CA Osasuna,331,ES1,Asier Osambela,2012,es ESP,DF,Osasuna,es La Liga,21.0,2004,17,2,343,3.8,1,0,1,1,0,0,1,1,0.26,,,,,,,,,,,,,,,,,,,,,,,,,2012,es ESP,DF,es La Liga,21,2004,3.8,1,6,3,50.0,1.57,0.79,0.17,0.33,0,0,2490,es ESP,DF,es La Liga,21,2004,17,343,20,10.0,3.8,2,76,0,15,13,18,1.17,10,9,+1,0.26,0.47,2012,es ESP,DF,es La Liga,21,2004,3.8,1,1,0,15,1,0,4,4,2,0
364409,2024-05-27,3000000,Luton Town,1031,GB1,Gabriel Osho,2013,ng NGA,DF,Auxerre,fr Ligue 1,26.0,1998,2,2,134,1.5,0,0,0,0,0,0,0,0,0.0,,,,,,,,,,,,,,,,,,,,,,,,,2013,ng NGA,DF,fr Ligue 1,26,1998,1.5,0,0,0,,0.0,0.0,,,0,0,2491,ng NGA,DF,fr Ligue 1,26,1998,2,134,67,4.4,1.5,2,67,1,0,,0,1.5,2,2,0,0.0,0.31,2013,ng NGA,DF,fr Ligue 1,26,1998,1.5,0,0,0,2,1,0,2,0,3,0
1110406,2024-06-10,12000000,FC Nordsjaelland,2778,DK1,Ibrahim Osman,2014,gh GHA,"MF,FW",Auxerre,fr Ligue 1,20.0,2004,14,7,625,6.9,0,2,2,0,0,0,0,0,0.29,,,,,,,,,,,,,,,,,,,,,,,,,2014,gh GHA,"MF,FW",fr Ligue 1,20,2004,6.9,0,18,6,33.3,2.59,0.86,0.0,0.0,0,0,2492,gh GHA,"MF,FW",fr Ligue 1,20,2004,14,625,45,20.4,6.9,7,72,2,7,17,2,0.43,3,11,-8,-1.15,-1.08,2014,gh GHA,"MF,FW",fr Ligue 1,20,2004,6.9,0,0,0,7,14,3,10,6,7,0
443331,2025-12-19,12000000,SC Freiburg,60,L1,Patrick Osterhage,2016,de GER,MF,Freiburg,de Bundesliga,25.0,2000,20,13,1189,13.2,1,0,1,1,0,0,4,0,0.08,,,,,,,,,,,,,,,,,,,,,,,,,2016,de GER,MF,de Bundesliga,25,2000,13.2,1,7,2,28.6,0.53,0.15,0.14,0.5,0,0,2494,de GER,MF,de Bundesliga,25,2000,20,1189,59,38.9,13.2,13,82,6,7,18,2,1.7,15,17,-2,-0.15,0.04,2016,de GER,MF,de Bundesliga,25,2000,13.2,4,0,0,13,13,2,9,15,7,0
609556,2024-05-27,3000000,Sheffield United,762,GB1,William Osula,2017,dk DEN,FW,Newcastle United,eng Premier League,21.0,2003,24,8,819,9.1,7,0,7,7,0,0,0,0,0.77,,,,,,,,,,,,,,,,,,,,,,,,,2017,dk DEN,FW,eng Premier League,21,2003,9.1,7,23,12,52.2,2.53,1.32,0.3,0.58,0,0,2495,dk DEN,FW,eng Premier League,21,2003,24,819,34,23.9,9.1,8,77,2,16,13,2,1.04,11,14,-3,-0.33,-0.36,2017,dk DEN,FW,eng Premier League,21,2003,9.1,0,0,0,24,16,2,3,1,5,0
890385,2025-12-23,2500000,Genoa CFC,252,IT1,Sebastian Otoa,2019,dk DEN,DF,Genoa,it Serie A,21.0,2004,13,9,829,9.2,0,0,0,0,0,0,1,0,0.0,,,,,,,,,,,,,,,,,,,,,,,,,2019,dk DEN,DF,it Serie A,21,2004,9.2,0,3,2,66.7,0.33,0.22,0.0,0.0,0,0,2497,dk DEN,DF,it Serie A,21,2004,13,829,64,24.2,9.2,9,85,6,4,16,17,1.08,9,17,-8,-0.87,-0.8,2019,dk DEN,DF,it Serie A,21,2004,9.2,1,0,0,5,13,2,1,9,10,1
991487,2025-12-15,9000000,RC Strasbourg Alsace,667,FR1,Abdoul Ouattara,2020,fr FRA,"MF,DF",Strasbourg,fr Ligue 1,19.0,2005,28,19,1768,19.6,2,0,2,2,0,0,2,0,0.1,,,,,,,,,,,,,,,,,,,,,,,,,2020,fr FRA,"MF,DF",fr Ligue 1,19,2005,19.6,2,27,11,40.7,1.37,0.56,0.07,0.18,0,0,2500,fr FRA,"MF,DF",fr Ligue 1,19,2005,28,1768,63,57.8,19.6,19,79,13,9,29,0,1.79,37,27,+10,0.51,0.44,2020,fr FRA,"MF,DF",fr Ligue 1,19,2005,19.6,2,0,0,12,11,1,19,20,13,0
823231,2025-12-09,35000000,Brentford FC,1148,GB1,Dango Ouattara,2021,bf BFA,MF,Brentford,eng Premier League,23.0,2002,32,25,2276,25.3,7,3,10,7,0,0,5,0,0.4,,,,,,,,,,,,,,,,,,,,,,,,,2021,bf BFA,MF,eng Premier League,23,2002,25.3,7,56,20,35.7,2.21,0.79,0.13,0.35,0,0,2501,bf BFA,MF,eng Premier League,23,2002,32,2276,71,66.5,25.3,25,84,12,7,25,0,1.25,35,35,0,0.0,-0.24,2021,bf BFA,MF,eng Premier League,23,2002,25.3,5,0,0,27,39,8,107,24,14,0
947360,2025-12-15,9000000,AS Monaco,162,FR1,Kassoum Ouattara,2022,fr FRA,"MF,DF",Monaco,fr Ligue 1,20.0,2004,15,12,967,10.7,0,3,3,0,0,0,3,0,0.28,,,,,,,,,,,,,,,,,,,,,,,,,2022,fr FRA,"MF,DF",fr Ligue 1,20,2004,10.7,0,12,0,0.0,1.12,0.0,0.0,,0,0,2502,fr FRA,"MF,DF",fr Ligue 1,20,2004,15,967,64,31.6,10.7,12,75,5,3,23,7,1.4,18,20,-2,-0.19,-0.53,2022,fr FRA,"MF,DF",fr Ligue 1,20,2004,10.7,3,0,0,22,10,1,50,19,19,0
593482,2025-12-12,10000000,Girona FC,12321,ES1,Azzedine Ounahi,2025,ma MAR,MF,Girona,es La Liga,25.0,2000,24,20,1760,19.6,5,2,7,4,1,1,6,0,0.31,,,,,,,,,,,,,,,,,,,,,,,,,2025,ma MAR,MF,es La Liga,25,2000,19.6,5,51,19,37.3,2.61,0.97,0.08,0.21,1,1,2505,ma MAR,MF,es La Liga,25,2000,24,1760,73,51.5,19.6,20,83,10,4,28,0,1.0,22,23,-1,-0.05,0.76,2025,ma MAR,MF,es La Liga,25,2000,19.6,6,0,0,18,63,1,41,16,15,0
395695,2023-10-27,2500000,AJ Auxerre,290,FR1,Elisha Owusu,2026,gh GHA,MF,Auxerre,fr Ligue 1,27.0,1997,29,27,2344,26.0,0,0,0,0,0,0,7,0,0.0,,,,,,,,,,,,,,,,,,,,,,,,,2026,gh GHA,MF,fr Ligue 1,27,1997,26.0,0,7,0,0.0,0.27,0.0,0.0,,0,0,2508,gh GHA,MF,fr Ligue 1,27,1997,29,2344,81,76.6,26.0,27,86,19,2,15,0,1.0,26,31,-5,-0.19,0.44,2026,gh GHA,MF,fr Ligue 1,27,1997,26.0,7,0,0,48,22,0,1,21,51,0
351478,2025-12-12,25000000,Real Sociedad,681,ES1,Mikel Oyarzabal,2027,es ESP,FW,Real Sociedad,es La Liga,28.0,1997,34,30,2710,30.1,15,4,19,8,7,7,3,0,0.4,,,,,,,,,,,,,,,,,,,,,,,,,2027,es ESP,FW,es La Liga,28,1997,30.1,15,79,36,45.6,2.62,1.2,0.1,0.22,7,7,2509,es ESP,FW,es La Liga,28,1997,34,2710,80,79.2,30.1,30,86,21,4,30,1,1.32,48,45,+3,0.1,0.73,2027,es ESP,FW,es La Liga,28,1997,30.1,3,0,0,28,42,14,21,5,20,0
586984,2025-12-23,500000,Hellas Verona,276,IT1,Daniel Oyegoke,2029,eng ENG,"MF,DF",Hellas Verona,it Serie A,22.0,2003,15,8,594,6.6,0,0,0,0,0,0,2,0,0.0,,,,,,,,,,,,,,,,,,,,,,,,,2029,eng ENG,"MF,DF",it Serie A,22,2003,6.6,0,3,1,33.3,0.45,0.15,0.0,0.0,0,0,2511,eng ENG,"MF,DF",it Serie A,22,2003,15,594,40,17.4,6.6,8,62,1,7,14,10,0.53,4,8,-4,-0.61,0.41,2029,eng ENG,"MF,DF",it Serie A,22,2003,6.6,2,0,0,13,5,1,32,7,9,0
244940,2025-12-19,3500000,Borussia Dortmund,16,L1,Salih Özcan,2030,tr TUR,MF,Dortmund,de Bundesliga,27.0,1998,11,0,81,0.9,0,0,0,0,0,0,0,0,0.0,,,,,,,,,,,,,,,,,,,,,,,,,2030,tr TUR,MF,de Bundesliga,27,1998,0.9,0,1,0,0.0,1.11,0.0,0.0,,0,0,2512,tr TUR,MF,de Bundesliga,27,1998,11,81,7,2.6,0.9,0,,0,11,7,18,2.27,1,3,-2,-2.22,-3.37,2030,tr TUR,MF,de Bundesliga,27,1998,0.9,0,0,0,1,1,0,2,0,2,0
361256,2025-12-15,10000000,LOSC Lille,1082,FR1,Berke Özer,2031,tr TUR,GK,Lille,fr Ligue 1,25.0,2000,32,32,2834,31.5,0,1,1,0,0,0,5,0,0.03,120,tr TUR,GK,fr Ligue 1,25,2000,32,32,2834,31.5,34,1.08,103,70,68.0,18,7,7,13,40.6,3,1,1,1,2031,tr TUR,GK,fr Ligue 1,25,2000,31.5,0,0,0,,0.0,0.0,,,0,0,2513,tr TUR,GK,fr Ligue 1,25,2000,32,2834,89,92.6,31.5,32,89,31,0,,0,1.91,50,34,+16,0.51,0.91,2031,tr TUR,GK,fr Ligue 1,25,2000,31.5,5,0,0,0,13,0,0,0,2,0
615350,2025-12-19,2000000,1.FC Köln,3,L1,Cenk Özkacar,2032,tr TUR,DF,Köln,de Bundesliga,24.0,2000,25,20,1791,19.9,0,0,0,0,0,0,2,0,0.0,,,,,,,,,,,,,,,,,,,,,,,,,2032,tr TUR,DF,de Bundesliga,24,2000,19.9,0,11,4,36.4,0.55,0.2,0.0,0.0,0,0,2514,tr TUR,DF,de Bundesliga,24,2000,25,1791,72,58.5,19.9,20,83,14,5,28,9,1.0,26,40,-14,-0.7,-0.7,2032,tr TUR,DF,de Bundesliga,24,2000,19.9,2,0,0,11,5,1,3,24,26,0
817665,2025-12-18,5000000,Gil Vicente FC,379,GB1,Pablo,2034,br BRA,"MF,FW",West Ham United,eng Premier League,21.0,2004,14,10,823,9.1,0,1,1,0,0,0,0,0,0.11,,,,,,,,,,,,,,,,,,,,,,,,,2034,br BRA,"MF,FW",eng Premier League,21,2004,9.1,0,12,3,25.0,1.31,0.33,0.0,0.0,0,0,2516,br BRA,"MF,FW",eng Premier League,21,2004,14,823,59,24.1,9.1,10,73,2,4,23,1,1.43,12,12,0,0.0,0.66,2034,br BRA,"MF,FW",eng Premier League,21,2004,9.1,0,0,0,23,8,0,5,5,14,0
580560,2025-12-12,5000000,Deportivo Alavés,1108,ES1,Jon Pacheco,2035,es ESP,DF,Alavés,es La Liga,24.0,2001,22,20,1735,19.3,0,0,0,0,0,0,5,1,0.0,,,,,,,,,,,,,,,,,,,,,,,,,2035,es ESP,DF,es La Liga,24,2001,19.3,0,4,1,25.0,0.21,0.05,0.0,0.0,0,0,2517,es ESP,DF,es La Liga,24,2001,22,1735,79,50.7,19.3,20,85,17,2,13,11,1.14,17,29,-12,-0.62,-0.62,2035,es ESP,DF,es La Liga,24,2001,19.3,5,1,1,14,7,1,4,11,16,0
661171,2025-12-15,70000000,Paris Saint-Germain,583,FR1,Willian Pacho,2036,ec ECU,DF,Paris Saint-Germain,fr Ligue 1,23.0,2001,23,21,1914,21.3,0,0,0,0,0,0,0,0,0.0,,,,,,,,,,,,,,,,,,,,,,,,,2036,ec ECU,DF,fr Ligue 1,23,2001,21.3,0,8,1,12.5,0.38,0.05,0.0,0.0,0,0,2519,ec ECU,DF,fr Ligue 1,23,2001,23,1914,83,62.5,21.3,21,88,19,2,38,8,2.09,47,22,+25,1.18,-0.4,2036,ec ECU,DF,fr Ligue 1,23,2001,21.3,0,0,0,6,7,2,0,26,26,0
27807,2025-12-23,150000,Udinese Calcio,410,IT1,Daniele Padelli,2037,it ITA,GK,Udinese,it Serie A,39.0,1985,2,2,180,2.0,0,0,0,0,0,0,0,0,0.0,121,it ITA,GK,it Serie A,39,1985,2,2,180,2.0,2,1.0,4,3,75.0,0,1,1,0,0.0,1,1,0,0,2037,it ITA,GK,it Serie A,39,1985,2.0,0,0,0,,0.0,0.0,,,0,0,2520,it ITA,GK,it Serie A,39,1985,2,180,90,5.3,2.0,2,90,2,0,,33,0.5,1,2,-1,-0.5,-0.44,2037,it ITA,GK,it Serie A,39,1985,2.0,0,0,0,0,0,0,0,0,0,0
810411,2024-06-11,1000000,Stade Lavallois,1158,FR1,Pablo Pagis,2040,fr FRA,"MF,FW",Lorient,fr Ligue 1,22.0,2002,28,22,1756,19.5,10,5,15,8,2,2,1,0,0.67,,,,,,,,,,,,,,,,,,,,,,,,,2040,fr FRA,"MF,FW",fr Ligue 1,22,2002,19.5,10,59,19,32.2,3.02,0.97,0.14,0.42,2,2,2523,fr FRA,"MF,FW",fr Ligue 1,22,2002,28,1756,63,57.4,19.5,22,72,2,6,28,1,1.43,31,29,+2,0.1,0.45,2040,fr FRA,"MF,FW",fr Ligue 1,22,2002,19.5,1,0,0,23,29,2,99,18,17,0
653610,2024-05-31,14000000,Feyenoord Rotterdam,244,FR1,Igor Paixão,2041,br BRA,MF,Marseille,fr Ligue 1,25.0,2000,30,22,1975,21.9,6,5,11,6,0,0,3,0,0.5,,,,,,,,,,,,,,,,,,,,,,,,,2041,br BRA,MF,fr Ligue 1,25,2000,21.9,6,57,23,40.4,2.6,1.05,0.11,0.26,0,0,2524,br BRA,MF,fr Ligue 1,25,2000,30,1975,66,64.5,21.9,22,77,7,8,35,0,1.83,40,28,+12,0.55,0.05,2041,br BRA,MF,fr Ligue 1,25,2000,21.9,3,0,0,21,34,9,57,17,12,0
401578,2025-12-19,30000000,Bayer 04 Leverkusen,15,L1,Exequiel Palacios,2043,ar ARG,MF,Leverkusen,de Bundesliga,26.0,1998,18,12,1099,12.2,0,1,1,0,0,0,3,0,0.08,,,,,,,,,,,,,,,,,,,,,,,,,2043,ar ARG,MF,de Bundesliga,26,1998,12.2,0,10,2,20.0,0.82,0.16,0.0,0.0,0,0,2526,ar ARG,MF,de Bundesliga,26,1998,18,1099,61,35.9,12.2,12,81,8,6,21,1,1.89,27,17,+10,0.82,0.31,2043,ar ARG,MF,de Bundesliga,26,1998,12.2,3,0,0,6,18,0,2,10,9,0
163048,2025-12-23,1000000,Torino FC,416,IT1,Alberto Paleari,2045,it ITA,GK,Torino,it Serie A,32.0,1992,29,29,2610,29.0,0,0,0,0,0,0,1,0,0.0,123,it ITA,GK,it Serie A,32,1992,29,29,2610,29.0,45,1.55,125,82,65.6,10,7,12,9,31.0,2,2,0,0,2045,it ITA,GK,it Serie A,32,1992,29.0,0,0,0,,0.0,0.0,,,0,0,2529,it ITA,GK,it Serie A,32,1992,29,2610,90,76.3,29.0,29,90,29,0,,9,1.28,35,45,-10,-0.34,0.66,2045,it ITA,GK,it Serie A,32,1992,29.0,1,0,0,0,7,0,0,1,0,0
895937,2024-06-17,1000000,Atalanta U23,1390,IT1,Marco Palestra,2046,it ITA,"MF,DF",Cagliari,it Serie A,20.0,2005,37,34,3081,34.2,1,4,5,1,0,0,3,0,0.15,,,,,,,,,,,,,,,,,,,,,,,,,2046,it ITA,"MF,DF",it Serie A,20,2005,34.2,1,29,7,24.1,0.85,0.2,0.03,0.14,0,0,2530,it ITA,"MF,DF",it Serie A,20,2005,37,3081,83,90.1,34.2,34,88,27,3,33,0,1.14,31,46,-15,-0.44,-0.97,2046,it ITA,"MF,DF",it Serie A,20,2005,34.2,3,0,0,41,108,8,106,19,35,0
257455,2025-12-09,25000000,Tottenham Hotspur,148,GB1,João Palhinha,2047,pt POR,MF,Tottenham Hotspur,eng Premier League,30.0,1995,33,23,2199,24.4,5,2,7,5,0,0,8,0,0.29,,,,,,,,,,,,,,,,,,,,,,,,,2047,pt POR,MF,eng Premier League,30,1995,24.4,5,33,9,27.3,1.35,0.37,0.15,0.56,0,0,2531,pt POR,MF,eng Premier League,30,1995,33,2199,67,64.3,24.4,23,84,15,10,26,2,1.15,31,37,-6,-0.25,-0.02,2047,pt POR,MF,eng Premier League,30,1995,24.4,8,0,0,28,36,0,4,28,61,0
1058354,2025-12-23,5000000,Udinese Calcio,410,IT1,Matteo Palma,2048,de GER,DF,Udinese,it Serie A,17.0,2008,5,1,120,1.3,0,0,0,0,0,0,0,0,0.0,,,,,,,,,,,,,,,,,,,,,,,,,2048,de GER,DF,it Serie A,17,2008,1.3,0,0,0,,0.0,0.0,,,0,0,2532,de GER,DF,it Serie A,17,2008,5,120,24,3.5,1.3,1,45,0,4,19,12,1.0,1,3,-2,-1.5,-1.47,2048,de GER,DF,it Serie A,17,2008,1.3,0,0,0,3,0,0,1,3,0,0
568177,2025-12-09,120000000,Chelsea FC,631,GB1,Cole Palmer,2049,eng ENG,MF,Chelsea,eng Premier League,23.0,2002,26,24,1955,21.7,10,1,11,5,5,6,5,0,0.28,,,,,,,,,,,,,,,,,,,,,,,,,2049,eng ENG,MF,eng Premier League,23,2002,21.7,10,64,25,39.1,2.95,1.15,0.08,0.2,5,6,2533,eng ENG,MF,eng Premier League,23,2002,26,1955,75,57.2,21.7,24,79,12,2,33,1,1.04,32,33,-1,-0.05,-0.48,2049,eng ENG,MF,eng Premier League,23,2002,21.7,5,0,0,13,37,2,35,13,12,0
505493,2023-10-13,700000,FC Andorra,3368,ES1,Diego Pampín,2051,es ESP,DF,Levante,es La Liga,25.0,2000,8,6,534,5.9,0,0,0,0,0,0,3,0,0.0,,,,,,,,,,,,,,,,,,,,,,,,,2051,es ESP,DF,es La Liga,25,2000,5.9,0,3,0,0.0,0.51,0.0,0.0,,0,0,2535,es ESP,DF,es La Liga,25,2000,8,534,67,15.6,5.9,6,84,4,2,14,24,0.88,7,15,-8,-1.35,-1.16,2051,es ESP,DF,es La Liga,25,2000,5.9,3,0,0,8,7,0,14,5,5,0
1064871,2024-06-07,300000,Deportivo Alavés B,667,FR1,Joaquín Panichelli,2053,ar ARG,FW,Strasbourg,fr Ligue 1,22.0,2002,27,24,2193,24.4,16,1,17,11,5,6,3,0,0.49,,,,,,,,,,,,,,,,,,,,,,,,,2053,ar ARG,FW,fr Ligue 1,22,2002,24.4,16,58,31,53.4,2.38,1.27,0.19,0.35,5,6,2538,ar ARG,FW,fr Ligue 1,22,2002,27,2193,81,71.7,24.4,24,87,19,3,34,0,1.48,39,29,+10,0.41,0.31,2053,ar ARG,FW,fr Ligue 1,22,2002,24.4,3,0,0,43,44,14,0,13,10,0
444523,2025-12-09,35000000,West Ham United,614,BRA1,Lucas Paquetá,2055,br BRA,"MF,FW",West Ham United,eng Premier League,27.0,1997,18,18,1511,16.8,4,1,5,2,2,2,7,1,0.18,,,,,,,,,,,,,,,,,,,,,,,,,2055,br BRA,"MF,FW",eng Premier League,27,1997,16.8,4,23,11,47.8,1.37,0.66,0.09,0.18,2,2,2541,br BRA,"MF,FW",eng Premier League,27,1997,18,1511,84,44.2,16.8,18,84,8,0,,0,0.67,18,32,-14,-0.83,-0.6,2055,br BRA,"MF,FW",eng Premier League,27,1997,16.8,7,1,1,27,30,5,36,7,22,0
591957,2024-06-24,200000,Deportivo Alavés B,1108,ES1,Victor Parada,2056,es ESP,DF,Alavés,es La Liga,23.0,2002,30,25,2146,23.8,0,3,3,0,0,0,9,1,0.13,,,,,,,,,,,,,,,,,,,,,,,,,2056,es ESP,DF,es La Liga,23,2002,23.8,0,12,3,25.0,0.5,0.13,0.0,0.0,0,0,2542,es ESP,DF,es La Liga,23,2002,30,2146,72,62.7,23.8,25,82,15,5,18,6,1.23,30,38,-8,-0.34,-0.05,2056,es ESP,DF,es La Liga,23,2002,23.8,9,1,1,29,15,4,31,9,14,0
591916,2024-06-07,22000000,Athletic Bilbao,621,ES1,Aitor Paredes,2057,es ESP,DF,Athletic Club,es La Liga,25.0,2000,19,18,1630,18.1,2,0,2,2,0,0,4,0,0.11,,,,,,,,,,,,,,,,,,,,,,,,,2057,es ESP,DF,es La Liga,25,2000,18.1,2,13,4,30.8,0.72,0.22,0.15,0.5,0,0,2544,es ESP,DF,es La Liga,25,2000,19,1630,86,47.7,18.1,18,90,18,1,10,15,1.32,26,28,-2,-0.11,0.54,2057,es ESP,DF,es La Liga,25,2000,18.1,4,0,0,19,7,0,1,26,12,0
711517,2025-12-19,5000000,VfL Wolfsburg,82,L1,Kevin Paredes,2058,us USA,MF,Wolfsburg,de Bundesliga,22.0,2003,6,1,164,1.8,0,0,0,0,0,0,1,0,0.0,,,,,,,,,,,,,,,,,,,,,,,,,2058,us USA,MF,de Bundesliga,22,2003,1.8,0,2,1,50.0,1.1,0.55,0.0,0.0,0,0,2545,us USA,MF,de Bundesliga,22,2003,6,164,27,5.4,1.8,1,63,0,5,20,2,0.83,4,4,0,0.0,0.75,2058,us USA,MF,de Bundesliga,22,2003,1.8,1,0,0,2,6,0,7,2,3,0
547985,2024-06-05,9500000,ACF Fiorentina,430,IT1,Fabiano Parisi,2060,it ITA,"MF,FW",Fiorentina,it Serie A,24.0,2000,23,18,1520,16.9,1,1,2,1,0,0,6,0,0.12,,,,,,,,,,,,,,,,,,,,,,,,,2060,it ITA,"MF,FW",it Serie A,24,2000,16.9,1,24,7,29.2,1.42,0.41,0.04,0.14,0,0,2547,it ITA,"MF,FW",it Serie A,24,2000,23,1520,66,44.4,16.9,18,77,6,5,25,8,1.26,22,21,+1,0.06,0.53,2060,it ITA,"MF,FW",it Serie A,24,2000,16.9,6,0,0,14,66,1,39,17,14,1
230784,2025-12-12,5000000,Villarreal CF,1050,ES1,Thomas Partey,2061,gh GHA,MF,Villarreal,es La Liga,32.0,1993,25,8,934,10.4,0,0,0,0,0,0,1,0,0.0,,,,,,,,,,,,,,,,,,,,,,,,,2061,gh GHA,MF,es La Liga,32,1993,10.4,0,11,2,18.2,1.06,0.19,0.0,0.0,0,0,2548,gh GHA,MF,es La Liga,32,1993,25,934,37,27.3,10.4,8,77,4,17,19,4,2.08,15,13,+2,0.19,-0.68,2061,gh GHA,MF,es La Liga,32,1993,10.4,1,0,0,11,6,0,3,13,6,0
205938,2025-12-23,7000000,Atalanta BC,800,IT1,Mario Pašalić,2062,hr CRO,MF,Atalanta,it Serie A,30.0,1995,33,21,1936,21.5,3,4,7,3,0,0,3,0,0.33,,,,,,,,,,,,,,,,,,,,,,,,,2062,hr CRO,MF,it Serie A,30,1995,21.5,3,24,6,25.0,1.12,0.28,0.13,0.5,0,0,2549,hr CRO,MF,it Serie A,30,1995,33,1936,59,56.6,21.5,21,80,13,12,21,4,1.39,26,28,-2,-0.09,-1.12,2062,hr CRO,MF,it Serie A,30,1995,21.5,3,0,0,22,6,1,11,13,18,0
126729,2025-12-23,1500000,SS Lazio,398,IT1,Patric,2063,es ESP,"MF,DF",Lazio,it Serie A,32.0,1993,14,6,667,7.4,0,0,0,0,0,0,2,0,0.0,,,,,,,,,,,,,,,,,,,,,,,,,2063,es ESP,"MF,DF",it Serie A,32,1993,7.4,0,5,0,0.0,0.67,0.0,0.0,,0,0,2550,es ESP,"MF,DF",it Serie A,32,1993,14,667,48,19.5,7.4,6,79,4,8,24,13,1.93,8,8,0,0.0,-0.03,2063,es ESP,"MF,DF",it Serie A,32,1993,7.4,2,0,0,4,2,0,0,3,0,0
424015,2025-12-09,10000000,Everton FC,29,GB1,Nathan Patterson,2064,sct SCO,DF,Everton,eng Premier League,23.0,2001,7,3,241,2.7,0,0,0,0,0,0,0,0,0.0,,,,,,,,,,,,,,,,,,,,,,,,,2064,sct SCO,DF,eng Premier League,23,2001,2.7,0,1,1,100.0,0.37,0.37,0.0,0.0,0,0,2552,sct SCO,DF,eng Premier League,23,2001,7,241,34,7.0,2.7,3,77,1,4,3,21,1.57,3,2,+1,0.37,0.49,2064,sct SCO,DF,eng Premier League,23,2001,2.7,0,0,0,2,2,1,6,2,4,0
353366,2025-12-15,20000000,Olympique Marseille,244,FR1,Benjamin Pavard,2065,fr FRA,DF,Marseille,fr Ligue 1,29.0,1996,27,22,1928,21.4,1,2,3,1,0,0,6,0,0.14,,,,,,,,,,,,,,,,,,,,,,,,,2065,fr FRA,DF,fr Ligue 1,29,1996,21.4,1,11,3,27.3,0.51,0.14,0.09,0.33,0,0,2554,fr FRA,DF,fr Ligue 1,29,1996,27,1928,71,63.0,21.4,22,84,17,5,16,2,1.93,40,24,+16,0.75,0.59,2065,fr FRA,DF,fr Ligue 1,29,1996,21.4,6,0,0,22,15,4,17,24,12,1
353366,2025-12-15,20000000,Olympique Marseille,244,FR1,Benjamin Pavard,2066,fr FRA,DF,Inter,it Serie A,29.0,1996,1,1,90,1.0,0,0,0,0,0,0,0,0,0.0,,,,,,,,,,,,,,,,,,,,,,,,,2066,fr FRA,DF,it Serie A,29,1996,1.0,0,1,1,100.0,1.0,1.0,0.0,0.0,0,0,2555,fr FRA,DF,it Serie A,29,1996,1,90,90,2.6,1.0,1,90,1,0,,1,3.0,5,0,+5,5.0,3.68,2066,fr FRA,DF,it Serie A,29,1996,1.0,0,0,0,1,0,0,0,2,1,0
792380,2025-12-19,65000000,Bayern Munich,27,L1,Aleksandar Pavlovic,2067,de GER,MF,Bayern Munich,de Bundesliga,21.0,2004,24,16,1462,16.2,3,1,4,3,0,0,2,0,0.25,,,,,,,,,,,,,,,,,,,,,,,,,2067,de GER,MF,de Bundesliga,21,2004,16.2,3,10,5,50.0,0.62,0.31,0.3,0.6,0,0,2558,de GER,MF,de Bundesliga,21,2004,24,1462,61,47.8,16.2,16,79,8,8,26,8,2.46,56,26,+30,1.85,-1.31,2067,de GER,MF,de Bundesliga,21,2004,16.2,2,0,0,19,10,0,15,13,15,0
574671,2025-12-23,28000000,AC Milan,5,IT1,Strahinja Pavlović,2068,rs SRB,DF,Milan,it Serie A,24.0,2001,34,33,2869,31.9,5,1,6,5,0,0,4,0,0.19,,,,,,,,,,,,,,,,,,,,,,,,,2068,rs SRB,DF,it Serie A,24,2001,31.9,5,26,6,23.1,0.82,0.19,0.19,0.83,0,0,2559,rs SRB,DF,it Serie A,24,2001,34,2869,84,83.9,31.9,33,86,29,1,29,3,1.76,44,33,+11,0.35,-0.8,2068,rs SRB,DF,it Serie A,24,2001,31.9,4,0,0,30,27,4,15,20,26,0
64793,2025-12-23,700000,Cagliari Calcio,1390,IT1,Leonardo Pavoletti,2069,it ITA,FW,Cagliari,it Serie A,36.0,1988,13,1,227,2.5,1,1,2,1,0,0,1,0,0.79,,,,,,,,,,,,,,,,,,,,,,,,,2069,it ITA,FW,it Serie A,36,1988,2.5,1,6,1,16.7,2.38,0.4,0.17,1.0,0,0,2560,it ITA,FW,it Serie A,36,1988,13,227,17,6.6,2.5,1,56,0,12,14,14,0.54,4,4,0,0.0,0.37,2069,it ITA,FW,it Serie A,36,1988,2.5,1,0,0,10,0,2,0,1,2,0
555820,2025-12-23,6000000,US Cremonese,2239,IT1,Martín Payero,2070,ar ARG,MF,Cremonese,it Serie A,26.0,1998,25,16,1457,16.2,1,0,1,1,0,0,8,0,0.06,,,,,,,,,,,,,,,,,,,,,,,,,2070,ar ARG,MF,it Serie A,26,1998,16.2,1,23,8,34.8,1.42,0.49,0.04,0.13,0,0,2561,ar ARG,MF,it Serie A,26,1998,25,1457,58,42.6,16.2,16,75,5,9,29,4,0.96,17,17,0,0.0,1.15,2070,ar ARG,MF,it Serie A,26,1998,16.2,8,0,0,37,34,2,34,10,9,0
587002,2025-12-09,900000,Brentford FC,1148,GB1,Myles Peart-Harris,2072,eng ENG,MF,Brentford,eng Premier League,22.0,2002,1,0,1,0.0,0,0,0,0,0,0,0,0,0.0,,,,,,,,,,,,,,,,,,,,,,,,,2072,eng ENG,MF,eng Premier League,22,2002,0.0,0,0,0,,0.0,0.0,,,0,0,2564,eng ENG,MF,eng Premier League,22,2002,1,1,1,0.0,0.0,0,,0,1,1,4,3.0,0,0,0,0.0,-0.08,2072,eng ENG,MF,eng Premier League,22,2002,0.0,0,0,0,1,0,0,0,0,0,0
288429,2025-12-19,1000000,FC Augsburg,167,L1,Mads Pedersen,2073,dk DEN,MF,Augsburg,de Bundesliga,28.0,1996,7,1,210,2.3,0,0,0,0,0,0,0,0,0.0,,,,,,,,,,,,,,,,,,,,,,,,,2073,dk DEN,MF,de Bundesliga,28,1996,2.3,0,3,0,0.0,1.29,0.0,0.0,,0,0,2567,dk DEN,MF,de Bundesliga,28,1996,7,210,30,6.9,2.3,1,61,0,6,25,11,1.14,0,5,-5,-2.14,-1.8,2073,dk DEN,MF,de Bundesliga,28,1996,2.3,0,0,0,5,3,1,11,1,2,0
583404,2025-12-23,3500000,Torino FC,416,IT1,Marcus Pedersen,2074,no NOR,"MF,DF",Torino,it Serie A,25.0,2000,29,23,2134,23.7,1,2,3,1,0,0,3,0,0.13,,,,,,,,,,,,,,,,,,,,,,,,,2074,no NOR,"MF,DF",it Serie A,25,2000,23.7,1,15,3,20.0,0.63,0.13,0.07,0.33,0,0,2568,no NOR,"MF,DF",it Serie A,25,2000,29,2134,74,62.4,23.7,23,85,15,6,32,4,1.21,31,35,-4,-0.17,0.88,2074,no NOR,"MF,DF",it Serie A,25,2000,23.7,3,0,0,31,6,3,110,10,14,0
356197,2025-12-12,2500000,Villarreal CF,1050,ES1,Alfonso Pedraza,2075,es ESP,DF,Villarreal,es La Liga,29.0,1996,27,19,1689,18.8,1,3,4,1,0,0,8,0,0.21,,,,,,,,,,,,,,,,,,,,,,,,,2075,es ESP,DF,es La Liga,29,1996,18.8,1,11,3,27.3,0.59,0.16,0.09,0.33,0,0,2569,es ESP,DF,es La Liga,29,1996,27,1689,63,49.4,18.8,19,80,10,8,21,9,1.89,39,24,+15,0.8,0.23,2075,es ESP,DF,es La Liga,29,1996,18.8,8,0,0,27,23,4,84,29,31,0
683840,2024-06-07,80000000,FC Barcelona,131,ES1,Pedri,2076,es ESP,MF,Barcelona,es La Liga,22.0,2002,29,23,2104,23.4,2,9,11,2,0,0,2,1,0.47,,,,,,,,,,,,,,,,,,,,,,,,,2076,es ESP,MF,es La Liga,22,2002,23.4,2,21,10,47.6,0.9,0.43,0.1,0.2,0,0,2570,es ESP,MF,es La Liga,22,2002,29,2104,73,61.5,23.4,23,83,11,6,32,1,2.52,60,21,+39,1.67,0.3,2076,es ESP,MF,es La Liga,22,2002,23.4,2,1,1,9,43,1,12,24,33,0
65278,2025-12-23,1000000,SS Lazio,398,IT1,Pedro,2077,es ESP,"FW,MF",Lazio,it Serie A,38.0,1987,29,9,982,10.9,5,2,7,3,2,2,4,0,0.46,,,,,,,,,,,,,,,,,,,,,,,,,2077,es ESP,"FW,MF",it Serie A,38,1987,10.9,5,22,11,50.0,2.02,1.01,0.14,0.27,2,2,2571,es ESP,"FW,MF",it Serie A,38,1987,29,982,34,28.7,10.9,9,63,0,20,21,6,1.52,18,13,+5,0.46,0.61,2077,es ESP,"FW,MF",it Serie A,38,1987,10.9,4,0,0,10,26,0,31,4,6,0
501418,2025-12-12,4000000,Elche CF,1531,ES1,Adrià Pedrosa,2079,es ESP,"DF,MF",Elche,es La Liga,27.0,1998,26,8,1090,12.1,1,1,2,1,0,0,4,0,0.17,,,,,,,,,,,,,,,,,,,,,,,,,2079,es ESP,"DF,MF",es La Liga,27,1998,12.1,1,12,3,25.0,0.99,0.25,0.08,0.33,0,0,2573,es ESP,"DF,MF",es La Liga,27,1998,26,1090,42,31.9,12.1,8,82,3,18,24,7,1.04,17,27,-10,-0.83,-0.9,2079,es ESP,"DF,MF",es La Liga,27,1998,12.1,4,0,0,18,8,1,51,16,19,0
501418,2025-12-12,4000000,Elche CF,1531,ES1,Adrià Pedrosa,2080,es ESP,"DF,MF",Sevilla,es La Liga,27.0,1998,1,0,6,0.1,0,0,0,0,0,0,0,0,0.0,,,,,,,,,,,,,,,,,,,,,,,,,2080,es ESP,"DF,MF",es La Liga,27,1998,0.1,0,0,0,,0.0,0.0,,,0,0,2574,es ESP,"DF,MF",es La Liga,27,1998,1,6,6,0.2,0.1,0,,0,1,6,1,0.0,0,0,0,0.0,0.37,2080,es ESP,"DF,MF",es La Liga,27,1998,0.1,0,0,0,0,1,0,3,0,0,0
286297,2025-12-23,9000000,AS Roma,12,IT1,Lorenzo Pellegrini,2082,it ITA,MF,Roma,it Serie A,29.0,1996,24,20,1463,16.3,4,2,6,2,2,2,2,0,0.25,,,,,,,,,,,,,,,,,,,,,,,,,2082,it ITA,MF,it Serie A,29,1996,16.3,4,32,12,37.5,1.97,0.74,0.06,0.17,2,2,2577,it ITA,MF,it Serie A,29,1996,24,1463,61,42.8,16.3,20,67,2,4,30,3,1.63,22,14,+8,0.49,-0.43,2082,it ITA,MF,it Serie A,29,1996,16.3,2,0,0,20,39,5,89,15,5,0
346567,2024-06-05,3500000,SS Lazio,398,IT1,Luca Pellegrini,2083,it ITA,DF,Lazio,it Serie A,26.0,1999,24,17,1469,16.3,1,0,1,1,0,0,8,0,0.06,,,,,,,,,,,,,,,,,,,,,,,,,2083,it ITA,DF,it Serie A,26,1999,16.3,1,7,5,71.4,0.43,0.31,0.14,0.2,0,0,2578,it ITA,DF,it Serie A,26,1999,24,1469,61,43.0,16.3,17,75,3,7,27,9,1.42,16,18,-2,-0.12,-0.26,2083,it ITA,DF,it Serie A,26,1999,16.3,8,0,0,26,12,0,51,17,15,0
283170,2024-06-07,8000000,FC Barcelona,1531,ES1,Iñaki Peña,2087,es ESP,GK,Elche,es La Liga,26.0,1999,16,16,1440,16.0,0,0,0,0,0,0,0,0,0.0,124,es ESP,GK,es La Liga,26,1999,16,16,1440,16.0,28,1.75,81,55,67.9,3,4,9,4,25.0,2,2,0,0,2087,es ESP,GK,es La Liga,26,1999,16.0,0,0,0,,0.0,0.0,,,0,0,2584,es ESP,GK,es La Liga,26,1999,16,1440,90,42.1,16.0,16,90,16,0,,20,0.81,21,28,-7,-0.44,-0.39,2087,es ESP,GK,es La Liga,26,1999,16.0,0,0,0,0,1,0,0,0,0,0
834397,2024-06-04,1000000,KRC Genk,667,FR1,Mike Penders,2088,be BEL,GK,Strasbourg,fr Ligue 1,20.0,2005,33,33,2970,33.0,0,0,0,0,0,0,3,0,0.0,125,be BEL,GK,fr Ligue 1,20,2005,33,33,2970,33.0,47,1.42,149,107,71.1,14,8,11,8,24.2,5,4,1,0,2088,be BEL,GK,fr Ligue 1,20,2005,33.0,0,0,0,,0.0,0.0,,,0,0,2585,be BEL,GK,fr Ligue 1,20,2005,33,2970,90,97.1,33.0,33,90,33,0,,0,1.52,57,47,+10,0.3,-0.7,2088,be BEL,GK,fr Ligue 1,20,2005,33.0,3,0,0,1,2,0,0,0,0,0
343052,2024-05-31,8500000,Trabzonspor,1050,ES1,Nicolas Pépé,2089,ci CIV,"MF,FW",Villarreal,es La Liga,30.0,1995,36,26,2393,26.6,8,8,16,7,1,1,4,0,0.56,,,,,,,,,,,,,,,,,,,,,,,,,2089,ci CIV,"MF,FW",es La Liga,30,1995,26.6,8,63,25,39.7,2.37,0.94,0.11,0.28,1,1,2587,ci CIV,"MF,FW",es La Liga,30,1995,36,2393,66,70.0,26.6,26,82,13,10,26,2,1.92,56,35,+21,0.79,0.35,2089,ci CIV,"MF,FW",es La Liga,30,1995,26.6,4,0,0,23,43,14,71,15,21,0
424072,2025-12-19,3500000,FC St. Pauli,35,L1,Mathias Pereira Lage,2093,pt POR,"MF,FW",St Pauli,de Bundesliga,28.0,1996,28,25,2018,22.4,2,2,4,2,0,0,3,0,0.18,,,,,,,,,,,,,,,,,,,,,,,,,2093,pt POR,"MF,FW",de Bundesliga,28,1996,22.4,2,43,15,34.9,1.92,0.67,0.05,0.13,0,0,2593,pt POR,"MF,FW",de Bundesliga,28,1996,28,2018,72,65.9,22.4,25,77,6,3,27,0,0.82,21,37,-16,-0.71,0.58,2093,pt POR,"MF,FW",de Bundesliga,28,1996,22.4,3,0,0,32,32,15,58,16,23,0
246968,2025-12-12,6000000,Villarreal CF,1050,ES1,Ayoze Pérez,2095,es ESP,FW,Villarreal,es La Liga,32.0,1993,25,12,1124,12.5,5,4,9,4,1,1,4,0,0.64,,,,,,,,,,,,,,,,,,,,,,,,,2095,es ESP,FW,es La Liga,32,1993,12.5,5,24,11,45.8,1.92,0.88,0.17,0.36,1,1,2596,es ESP,FW,es La Liga,32,1993,25,1124,45,32.9,12.5,12,69,1,13,23,2,1.8,22,20,+2,0.16,-0.78,2095,es ESP,FW,es La Liga,32,1993,12.5,4,0,0,17,23,5,9,3,11,0
1000135,2024-06-24,100000,Valencia Mestalla,6182,,Joselu Pérez,2097,es ESP,DF,Getafe,es La Liga,21.0,2004,2,0,22,0.2,0,0,0,0,0,0,0,0,0.0,,,,,,,,,,,,,,,,,,,,,,,,,2097,es ESP,DF,es La Liga,21,2004,0.2,0,1,0,0.0,4.09,0.0,0.0,,0,0,2598,es ESP,DF,es La Liga,21,2004,2,22,11,0.6,0.2,0,,0,2,11,11,0.5,2,1,+1,4.09,4.28,2097,es ESP,DF,es La Liga,21,2004,0.2,0,0,0,1,2,0,0,0,0,0
744416,2024-06-04,3000000,FC Orenburg,14589,RU1,Matías Pérez,2098,cl CHI,DF,Lecce,it Serie A,20.0,2005,1,1,31,0.3,0,0,0,0,0,0,0,0,0.0,,,,,,,,,,,,,,,,,,,,,,,,,2098,cl CHI,DF,it Serie A,20,2005,0.3,0,0,0,,0.0,0.0,,,0,0,2599,cl CHI,DF,it Serie A,20,2005,1,31,31,0.9,0.3,1,31,0,0,,26,1.0,0,0,0,0.0,0.58,2098,cl CHI,DF,it Serie A,20,2005,0.3,0,0,0,0,0,0,1,0,0,0
240675,2024-06-05,200000,Hellas Verona,276,IT1,Simone Perilli,2100,it ITA,GK,Hellas Verona,it Serie A,30.0,1995,3,3,270,3.0,0,0,0,0,0,0,0,0,0.0,126,it ITA,GK,it Serie A,30,1995,3,3,270,3.0,7,2.33,15,8,53.3,0,1,2,1,33.3,0,0,0,0,2100,it ITA,GK,it Serie A,30,1995,3.0,0,0,0,,0.0,0.0,,,0,0,2601,it ITA,GK,it Serie A,30,1995,3,270,90,7.9,3.0,3,90,3,0,,35,0.33,1,7,-6,-2.0,-1.14,2100,it ITA,GK,it Serie A,30,1995,3.0,0,0,0,0,0,0,0,0,0,0
110923,2025-12-23,2000000,Juventus FC,506,IT1,Mattia Perin,2101,it ITA,GK,Juventus,it Serie A,32.0,1992,9,9,765,8.5,0,0,0,0,0,0,0,0,0.0,127,it ITA,GK,it Serie A,32,1992,9,9,765,8.5,9,1.06,22,13,59.1,4,3,2,3,33.3,0,0,0,0,2101,it ITA,GK,it Serie A,32,1992,8.5,0,0,0,,0.0,0.0,,,0,0,2602,it ITA,GK,it Serie A,32,1992,9,765,85,22.4,8.5,9,85,8,0,,25,1.67,15,9,+6,0.71,-0.01,2101,it ITA,GK,it Serie A,32,1992,8.5,0,0,0,0,2,0,0,0,0,0
318523,2024-06-03,5000000,OGC Nice,1082,FR1,Romain Perraud,2102,fr FRA,DF,Lille,fr Ligue 1,27.0,1997,30,27,2241,24.9,3,4,7,3,0,0,4,1,0.28,,,,,,,,,,,,,,,,,,,,,,,,,2102,fr FRA,DF,fr Ligue 1,27,1997,24.9,3,33,12,36.4,1.33,0.48,0.09,0.25,0,0,2603,fr FRA,DF,fr Ligue 1,27,1997,30,2241,75,73.2,24.9,27,82,14,3,12,2,1.83,43,26,+17,0.68,0.9,2102,fr FRA,DF,fr Ligue 1,27,1997,24.9,4,1,0,21,44,2,127,23,31,0
352041,2024-06-03,6000000,Olympique Lyon,399,GB1,Lucas Perri,2103,br BRA,GK,Leeds United,eng Premier League,27.0,1997,16,16,1440,16.0,0,0,0,0,0,0,2,0,0.0,128,br BRA,GK,eng Premier League,27,1997,16,16,1440,16.0,29,1.81,63,38,60.3,4,6,6,3,18.8,4,4,0,0,2103,br BRA,GK,eng Premier League,27,1997,16.0,0,0,0,,0.0,0.0,,,0,0,2604,br BRA,GK,eng Premier League,27,1997,16,1440,90,42.1,16.0,16,90,16,0,,18,1.13,23,29,-6,-0.37,-0.33,2103,br BRA,GK,eng Premier League,27,1997,16.0,2,0,0,1,3,0,0,0,0,0
353404,2023-10-27,2000000,AJ Auxerre,1082,FR1,Gaëtan Perrin,2104,fr FRA,"MF,FW",Lille,fr Ligue 1,29.0,1996,12,3,338,3.8,1,0,1,1,0,0,2,0,0.27,,,,,,,,,,,,,,,,,,,,,,,,,2104,fr FRA,"MF,FW",fr Ligue 1,29,1996,3.8,1,7,4,57.1,1.86,1.07,0.14,0.25,0,0,2605,fr FRA,"MF,FW",fr Ligue 1,29,1996,12,338,28,11.0,3.8,3,72,0,9,13,0,1.92,5,1,+4,1.07,0.7,2104,fr FRA,"MF,FW",fr Ligue 1,29,1996,3.8,2,0,0,8,1,0,35,2,8,0
668547,2025-12-23,25000000,Como 1907,1047,IT1,Máximo Perrone,2105,ar ARG,MF,Como,it Serie A,22.0,2003,36,33,2742,30.5,3,4,7,3,0,0,8,0,0.23,,,,,,,,,,,,,,,,,,,,,,,,,2105,ar ARG,MF,it Serie A,22,2003,30.5,3,18,9,50.0,0.59,0.3,0.17,0.33,0,0,2606,ar ARG,MF,it Serie A,22,2003,36,2742,76,80.2,30.5,33,80,21,3,32,1,1.89,53,21,+32,1.05,0.52,2105,ar ARG,MF,it Serie A,22,2003,30.5,8,0,0,43,23,1,11,21,38,0
1103958,2025-12-15,5000000,Angers SCO,1420,FR1,Prosper Peter,2107,ng NGA,FW,Angers,fr Ligue 1,17.0,2007,29,14,1273,14.1,5,0,5,5,0,0,0,0,0.35,,,,,,,,,,,,,,,,,,,,,,,,,2107,ng NGA,FW,fr Ligue 1,17,2007,14.1,5,23,14,60.9,1.63,0.99,0.22,0.36,0,0,2609,ng NGA,FW,fr Ligue 1,17,2007,29,1273,44,41.6,14.1,14,70,5,15,19,1,1.07,12,28,-16,-1.13,-0.98,2107,ng NGA,FW,fr Ligue 1,17,2007,14.1,0,0,0,30,30,15,0,4,3,0
412829,2025-12-12,1500000,Elche CF,1531,ES1,Léo Pétrot,2108,fr FRA,DF,Elche,es La Liga,28.0,1997,32,18,1572,17.5,0,0,0,0,0,0,2,1,0.0,,,,,,,,,,,,,,,,,,,,,,,,,2108,fr FRA,DF,es La Liga,28,1997,17.5,0,8,0,0.0,0.46,0.0,0.0,,0,0,2611,fr FRA,DF,es La Liga,28,1997,32,1572,49,46.0,17.5,18,79,10,14,10,5,1.22,19,26,-7,-0.4,-0.35,2108,fr FRA,DF,es La Liga,28,1997,17.5,2,1,0,19,6,2,16,17,22,0
336960,2024-06-05,2200000,FC Empoli,2239,IT1,Giuseppe Pezzella,2110,it ITA,"MF,DF",Cremonese,it Serie A,27.0,1997,31,30,2585,28.7,0,1,1,0,0,0,8,1,0.03,,,,,,,,,,,,,,,,,,,,,,,,,2110,it ITA,"MF,DF",it Serie A,27,1997,28.7,0,6,0,0.0,0.21,0.0,0.0,,0,0,2613,it ITA,"MF,DF",it Serie A,27,1997,31,2585,83,75.6,28.7,30,85,23,1,34,0,0.84,25,47,-22,-0.77,-0.44,2110,it ITA,"MF,DF",it Serie A,27,1997,28.7,8,1,0,49,32,8,128,11,32,0
412935,2023-06-28,2500000,Eintracht Braunschweig,16,L1,Immanuel Pherai,2111,sr SUR,"FW,MF",Hamburger SV,de Bundesliga,24.0,2001,6,0,35,0.4,0,0,0,0,0,0,2,1,0.0,,,,,,,,,,,,,,,,,,,,,,,,,2111,sr SUR,"FW,MF",de Bundesliga,24,2001,0.4,0,1,0,0.0,2.57,0.0,0.0,,0,0,2614,sr SUR,"FW,MF",de Bundesliga,24,2001,6,35,6,1.1,0.4,0,,0,6,6,4,0.33,0,0,0,0.0,0.42,2111,sr SUR,"FW,MF",de Bundesliga,24,2001,0.4,2,1,1,4,2,0,4,0,1,0
143891,2025-12-19,600000,SC Freiburg,60,L1,Maximilian Philipp,2112,de GER,"FW,MF",Freiburg,de Bundesliga,31.0,1994,2,0,29,0.3,0,0,0,0,0,0,0,0,0.0,,,,,,,,,,,,,,,,,,,,,,,,,2112,de GER,"FW,MF",de Bundesliga,31,1994,0.3,0,0,0,,0.0,0.0,,,0,0,2616,de GER,"FW,MF",de Bundesliga,31,1994,2,29,15,0.9,0.3,0,,0,2,15,7,1.5,0,1,-1,-3.1,-2.95,2112,de GER,"FW,MF",de Bundesliga,31,1994,0.3,0,0,0,2,0,0,0,0,1,0
694507,2023-06-12,400000,Swift Hesperange,41,L1,Rayan Philippe,2113,fr FRA,"FW,MF",Hamburger SV,de Bundesliga,24.0,2000,28,13,1285,14.3,5,0,5,5,0,1,2,0,0.35,,,,,,,,,,,,,,,,,,,,,,,,,2113,fr FRA,"FW,MF",de Bundesliga,24,2000,14.3,5,39,16,41.0,2.73,1.12,0.13,0.31,0,1,2617,fr FRA,"FW,MF",de Bundesliga,24,2000,28,1285,46,42.0,14.3,13,73,1,15,22,4,1.0,15,17,-2,-0.14,0.47,2113,fr FRA,"FW,MF",de Bundesliga,24,2000,14.3,2,0,0,24,9,2,31,3,13,0
432092,2025-12-23,18000000,ACF Fiorentina,430,IT1,Roberto Piccoli,2115,it ITA,FW,Fiorentina,it Serie A,24.0,2001,32,16,1672,18.6,4,1,5,4,0,0,1,0,0.27,,,,,,,,,,,,,,,,,,,,,,,,,2115,it ITA,FW,it Serie A,24,2001,18.6,4,47,15,31.9,2.53,0.81,0.09,0.27,0,0,2619,it ITA,FW,it Serie A,24,2001,32,1672,52,48.9,18.6,16,83,10,16,21,3,1.22,22,20,+2,0.11,0.67,2115,it ITA,FW,it Serie A,24,2001,18.6,1,0,0,34,40,14,4,4,1,0
243879,2023-10-11,3200000,US Cremonese,714,ES1,Charles Pickel,2116,cd COD,MF,Espanyol,es La Liga,28.0,1997,24,4,707,7.9,1,0,1,1,0,0,4,2,0.13,,,,,,,,,,,,,,,,,,,,,,,,,2116,cd COD,MF,es La Liga,28,1997,7.9,1,10,4,40.0,1.27,0.51,0.1,0.25,0,0,2620,cd COD,MF,es La Liga,28,1997,24,707,29,20.7,7.9,4,64,1,20,23,7,1.25,7,12,-5,-0.64,-0.4,2116,cd COD,MF,es La Liga,28,1997,7.9,4,2,1,14,2,0,2,6,6,0
130164,2025-12-09,15000000,Everton FC,29,GB1,Jordan Pickford,2117,eng ENG,GK,Everton,eng Premier League,31.0,1994,38,38,3420,38.0,0,0,0,0,0,0,4,0,0.0,131,eng ENG,GK,eng Premier League,31,1994,38,38,3420,38.0,50,1.32,145,99,67.6,13,10,15,11,28.9,4,3,1,0,2117,eng ENG,GK,eng Premier League,31,1994,38.0,0,0,0,,0.0,0.0,,,0,0,2621,eng ENG,GK,eng Premier League,31,1994,38,3420,90,100.0,38.0,38,90,38,0,,0,1.29,47,50,-3,-0.08,,2117,eng ENG,GK,eng Premier League,31,1994,38.0,4,0,0,1,6,0,0,0,1,0
334221,2025-12-19,4000000,SV Werder Bremen,86,L1,Amos Pieper,2118,de GER,DF,Werder Bremen,de Bundesliga,27.0,1998,19,19,1502,16.7,0,0,0,0,0,0,4,0,0.0,,,,,,,,,,,,,,,,,,,,,,,,,2118,de GER,DF,de Bundesliga,27,1998,16.7,0,8,2,25.0,0.48,0.12,0.0,0.0,0,0,2622,de GER,DF,de Bundesliga,27,1998,19,1502,79,49.1,16.7,19,79,15,0,,3,0.79,18,29,-11,-0.66,0.03,2118,de GER,DF,de Bundesliga,27,1998,16.7,4,0,0,10,14,2,8,26,24,0
471055,2025-12-19,4500000,1.FC Heidenheim 1846,2036,L1,Marvin Pieringer,2119,de GER,"FW,MF",Heidenheim,de Bundesliga,25.0,1999,27,20,1650,18.3,4,1,5,3,1,1,2,0,0.22,,,,,,,,,,,,,,,,,,,,,,,,,2119,de GER,"FW,MF",de Bundesliga,25,1999,18.3,4,32,8,25.0,1.75,0.44,0.09,0.38,1,1,2625,de GER,"FW,MF",de Bundesliga,25,1999,27,1650,61,53.9,18.3,20,75,5,7,21,0,0.85,28,38,-10,-0.55,0.79,2119,de GER,"FW,MF",de Bundesliga,25,1999,18.3,2,0,0,37,27,11,20,11,14,0
372720,2023-10-11,750000,Venezia FC,607,IT1,Nicholas Pierini,2120,it ITA,"FW,MF",Sassuolo,it Serie A,26.0,1998,11,0,142,1.6,0,0,0,0,0,0,1,0,0.0,,,,,,,,,,,,,,,,,,,,,,,,,2120,it ITA,"FW,MF",it Serie A,26,1998,1.6,0,5,2,40.0,3.17,1.27,0.0,0.0,0,0,2626,it ITA,"FW,MF",it Serie A,26,1998,11,142,13,4.2,1.6,0,,0,11,13,11,1.27,1,0,+1,0.63,0.77,2120,it ITA,"FW,MF",it Serie A,26,1998,1.6,1,0,0,1,3,0,9,2,4,0
674806,2024-06-05,2500000,US Lecce,1005,IT1,Santiago Pierotti,2121,ar ARG,"MF,FW",Lecce,it Serie A,24.0,2001,37,31,2597,28.9,1,2,3,1,0,0,4,0,0.1,,,,,,,,,,,,,,,,,,,,,,,,,2121,ar ARG,"MF,FW",it Serie A,24,2001,28.9,1,33,8,24.2,1.14,0.28,0.03,0.13,0,0,2627,ar ARG,"MF,FW",it Serie A,24,2001,37,2597,70,75.9,28.9,31,78,6,6,31,0,1.0,22,34,-12,-0.42,0.68,2121,ar ARG,"MF,FW",it Serie A,24,2001,28.9,4,0,0,67,23,7,21,21,51,0
642002,2023-06-16,900000,Quevilly Rouen Métropole,1005,IT1,Balthazar Pierret,2122,fr FRA,MF,Lecce,it Serie A,25.0,2000,3,0,27,0.3,0,0,0,0,0,0,0,0,0.0,,,,,,,,,,,,,,,,,,,,,,,,,2122,fr FRA,MF,it Serie A,25,2000,0.3,0,0,0,,0.0,0.0,,,0,0,2628,fr FRA,MF,it Serie A,25,2000,3,27,9,0.8,0.3,0,,0,3,9,1,0.67,0,0,0,0.0,0.58,2122,fr FRA,MF,it Serie A,25,2000,0.3,0,0,0,0,2,0,0,0,1,0
315865,2024-06-05,15000000,US Sassuolo,6574,IT1,Andrea Pinamonti,2123,it ITA,FW,Sassuolo,it Serie A,26.0,1999,36,32,2552,28.4,9,3,12,9,0,1,2,1,0.42,,,,,,,,,,,,,,,,,,,,,,,,,2123,it ITA,FW,it Serie A,26,1999,28.4,9,73,30,41.1,2.57,1.06,0.12,0.3,0,1,2630,it ITA,FW,it Serie A,26,1999,36,2552,71,74.6,28.4,32,78,6,4,18,0,1.36,35,39,-4,-0.14,-0.14,2123,it ITA,FW,it Serie A,26,1999,28.4,2,1,0,14,33,13,9,2,5,0
442248,2025-12-09,4000000,Brentford FC,1148,GB1,Ethan Pinnock,2126,jm JAM,DF,Brentford,eng Premier League,32.0,1993,4,4,318,3.5,0,0,0,0,0,0,1,0,0.0,,,,,,,,,,,,,,,,,,,,,,,,,2126,jm JAM,DF,eng Premier League,32,1993,3.5,0,1,1,100.0,0.28,0.28,0.0,0.0,0,0,2634,jm JAM,DF,eng Premier League,32,1993,4,318,80,9.3,3.5,4,80,1,0,,32,0.5,2,5,-3,-0.85,-1.02,2126,jm JAM,DF,eng Premier League,32,1993,3.5,1,0,0,0,2,0,0,5,5,1
377243,2023-09-15,2000000,Ludogorets Razgrad,410,IT1,Jakub Piotrowski,2129,pl POL,MF,Udinese,it Serie A,27.0,1997,33,20,1696,18.8,1,1,2,1,0,0,2,0,0.11,,,,,,,,,,,,,,,,,,,,,,,,,2129,pl POL,MF,it Serie A,27,1997,18.8,1,36,9,25.0,1.91,0.48,0.03,0.11,0,0,2639,pl POL,MF,it Serie A,27,1997,33,1696,51,49.6,18.8,20,70,4,13,23,2,1.33,21,23,-2,-0.11,-0.05,2129,pl POL,MF,it Serie A,27,1997,18.8,2,0,0,29,29,2,25,15,25,0
369962,2023-10-27,12000000,Leeds United,399,GB1,Joël Piroe,2130,sr SUR,FW,Leeds United,eng Premier League,25.0,1999,16,2,258,2.9,0,0,0,0,0,0,0,0,0.0,,,,,,,,,,,,,,,,,,,,,,,,,2130,sr SUR,FW,eng Premier League,25,1999,2.9,0,14,3,21.4,4.88,1.05,0.0,0.0,0,0,2640,sr SUR,FW,eng Premier League,25,1999,16,258,16,7.5,2.9,2,67,0,14,9,21,0.94,4,9,-5,-1.74,-1.69,2130,sr SUR,FW,eng Premier League,25,1999,2.9,0,0,0,4,0,1,4,1,1,0
813137,2025-12-23,12000000,AS Roma,12,IT1,Niccolò Pisilli,2131,it ITA,MF,Roma,it Serie A,20.0,2004,25,13,1295,14.4,2,4,6,2,0,0,3,0,0.42,,,,,,,,,,,,,,,,,,,,,,,,,2131,it ITA,MF,it Serie A,20,2004,14.4,2,19,5,26.3,1.32,0.35,0.11,0.4,0,0,2643,it ITA,MF,it Serie A,20,2004,25,1295,52,37.9,14.4,13,81,9,12,20,13,1.96,29,16,+13,0.9,0.27,2131,it ITA,MF,it Serie A,20,2004,14.4,3,0,0,20,4,2,15,24,13,0
950593,2025-12-15,2500000,Le Havre AC,1444,ARG1,Damián Pizarro,2132,cl CHI,FW,Le Havre,fr Ligue 1,20.0,2005,2,0,28,0.3,0,0,0,0,0,0,0,0,0.0,,,,,,,,,,,,,,,,,,,,,,,,,2132,cl CHI,FW,fr Ligue 1,20,2005,0.3,0,0,0,,0.0,0.0,,,0,0,2645,cl CHI,FW,fr Ligue 1,20,2005,2,28,14,0.9,0.3,0,,0,2,14,3,1.0,1,0,+1,3.21,3.6,2132,cl CHI,FW,fr Ligue 1,20,2005,0.3,0,0,0,1,1,1,0,0,0,0
392538,2025-12-23,9000000,Bologna FC 1909,1025,IT1,Tommaso Pobega,2133,it ITA,MF,Bologna,it Serie A,26.0,1999,26,17,1434,15.9,3,1,4,3,0,0,2,1,0.25,,,,,,,,,,,,,,,,,,,,,,,,,2133,it ITA,MF,it Serie A,26,1999,15.9,3,25,10,40.0,1.57,0.63,0.12,0.3,0,0,2647,it ITA,MF,it Serie A,26,1999,26,1434,55,41.9,15.9,17,75,7,9,18,8,1.69,23,21,+2,0.13,0.08,2133,it ITA,MF,it Serie A,26,1999,15.9,2,1,0,34,12,0,2,19,19,0
122153,2023-06-15,15000000,Juventus FC,162,FR1,Paul Pogba,2134,fr FRA,MF,Monaco,fr Ligue 1,32.0,1993,6,1,119,1.3,0,0,0,0,0,0,0,0,0.0,,,,,,,,,,,,,,,,,,,,,,,,,2134,fr FRA,MF,fr Ligue 1,32,1993,1.3,0,2,0,0.0,1.51,0.0,0.0,,0,0,2648,fr FRA,MF,fr Ligue 1,32,1993,6,119,20,3.9,1.3,1,57,0,5,12,3,1.17,1,3,-2,-1.51,-1.76,2134,fr FRA,MF,fr Ligue 1,32,1993,1.3,0,0,0,2,1,0,1,1,3,0
718303,2024-05-31,1300000,AZ Alkmaar,15,L1,Ernest Poku,2135,nl NED,MF,Leverkusen,de Bundesliga,21.0,2004,29,16,1482,16.5,5,5,10,5,0,0,0,0,0.61,,,,,,,,,,,,,,,,,,,,,,,,,2135,nl NED,MF,de Bundesliga,21,2004,16.5,5,27,9,33.3,1.64,0.55,0.19,0.56,0,0,2649,nl NED,MF,de Bundesliga,21,2004,29,1482,51,48.4,16.5,16,73,2,13,25,4,1.69,33,19,+14,0.85,0.45,2135,nl NED,MF,de Bundesliga,21,2004,16.5,0,0,0,4,17,3,13,8,9,0
165895,2025-12-23,8000000,SSC Napoli,6195,IT1,Matteo Politano,2136,it ITA,"MF,FW",Napoli,it Serie A,31.0,1993,34,26,2200,24.4,2,5,7,2,0,0,4,0,0.29,,,,,,,,,,,,,,,,,,,,,,,,,2136,it ITA,"MF,FW",it Serie A,31,1993,24.4,2,49,13,26.5,2.0,0.53,0.04,0.15,0,0,2650,it ITA,"MF,FW",it Serie A,31,1993,34,2200,65,64.3,24.4,26,78,5,8,23,0,1.97,38,23,+15,0.61,0.1,2136,it ITA,"MF,FW",it Serie A,31,1993,24.4,4,0,0,19,28,0,173,5,10,0
192080,2025-12-09,7000000,Newcastle United,762,GB1,Nick Pope,2139,eng ENG,GK,Newcastle United,eng Premier League,33.0,1992,27,27,2416,26.8,0,0,0,0,0,0,2,0,0.0,133,eng ENG,GK,eng Premier League,33,1992,27,27,2416,26.8,38,1.42,125,89,71.2,10,5,12,7,25.9,2,2,0,0,2139,eng ENG,GK,eng Premier League,33,1992,26.8,0,1,1,100.0,0.04,0.04,0.0,0.0,0,0,2655,eng ENG,GK,eng Premier League,33,1992,27,2416,89,70.6,26.8,27,89,26,0,,6,1.3,37,38,-1,-0.04,0.05,2139,eng ENG,GK,eng Premier League,33,1992,26.8,2,0,0,1,2,0,0,0,1,0
553875,2025-12-09,40000000,Tottenham Hotspur,148,GB1,Pedro Porro,2140,es ESP,DF,Tottenham Hotspur,eng Premier League,25.0,1999,34,32,2796,31.1,1,2,3,1,0,0,10,0,0.1,,,,,,,,,,,,,,,,,,,,,,,,,2140,es ESP,DF,eng Premier League,25,1999,31.1,1,32,8,25.0,1.03,0.26,0.03,0.13,0,0,2657,es ESP,DF,eng Premier League,25,1999,34,2796,82,81.8,31.1,32,86,26,2,21,0,1.18,40,40,0,0.0,1.3,2140,es ESP,DF,eng Premier League,25,1999,31.1,10,0,0,32,26,1,232,31,50,0
99353,2025-12-12,1500000,Girona FC,12321,ES1,Portu,2141,es ESP,"FW,MF",Girona,es La Liga,33.0,1992,10,4,474,5.3,0,0,0,0,0,0,2,0,0.0,,,,,,,,,,,,,,,,,,,,,,,,,2141,es ESP,"FW,MF",es La Liga,33,1992,5.3,0,9,5,55.6,1.71,0.95,0.0,0.0,0,0,2658,es ESP,"FW,MF",es La Liga,33,1992,10,474,47,13.9,5.3,4,64,0,6,36,2,0.7,6,11,-5,-0.95,-0.61,2141,es ESP,"FW,MF",es La Liga,33,1992,5.3,2,0,0,6,4,3,18,2,1,0
223974,2024-06-05,14000000,Bologna FC 1909,39,L1,Stefan Posch,2142,at AUT,DF,Como,it Serie A,28.0,1997,14,3,393,4.4,1,0,1,1,0,0,1,0,0.23,,,,,,,,,,,,,,,,,,,,,,,,,2142,at AUT,DF,it Serie A,28,1997,4.4,1,8,3,37.5,1.83,0.69,0.13,0.33,0,0,2660,at AUT,DF,it Serie A,28,1997,14,393,28,11.5,4.4,3,71,1,11,16,5,2.0,8,3,+5,1.15,0.22,2142,at AUT,DF,it Serie A,28,1997,4.4,1,0,0,9,6,0,10,4,3,0
223974,2024-06-05,14000000,Bologna FC 1909,39,L1,Stefan Posch,2143,at AUT,DF,Mainz 05,de Bundesliga,28.0,1997,16,16,1395,15.5,0,0,0,0,0,0,4,0,0.0,,,,,,,,,,,,,,,,,,,,,,,,,2143,at AUT,DF,de Bundesliga,28,1997,15.5,0,11,3,27.3,0.71,0.19,0.0,0.0,0,0,2661,at AUT,DF,de Bundesliga,28,1997,16,1395,87,45.6,15.5,16,87,15,0,,0,1.75,26,22,+4,0.26,0.96,2143,at AUT,DF,de Bundesliga,28,1997,15.5,4,0,0,8,12,1,11,21,22,0
698164,2022-11-03,250000,West Ham United U21,379,GB1,Freddie Potts,2144,eng ENG,MF,West Ham United,eng Premier League,21.0,2003,22,12,1171,13.0,0,1,1,0,0,0,1,0,0.08,,,,,,,,,,,,,,,,,,,,,,,,,2144,eng ENG,MF,eng Premier League,21,2003,13.0,0,3,1,33.3,0.23,0.08,0.0,0.0,0,0,2662,eng ENG,MF,eng Premier League,21,2003,22,1171,53,34.2,13.0,12,77,4,10,25,11,1.09,17,25,-8,-0.61,-0.17,2144,eng ENG,MF,eng Premier League,21,2003,13.0,1,0,0,15,14,0,34,16,18,0
157635,2024-05-29,6000000,RB Leipzig,41,L1,Yussuf Poulsen,2146,dk DEN,FW,Hamburger SV,de Bundesliga,31.0,1994,15,1,334,3.7,1,0,1,1,0,0,4,0,0.27,,,,,,,,,,,,,,,,,,,,,,,,,2146,dk DEN,FW,de Bundesliga,31,1994,3.7,1,7,3,42.9,1.89,0.81,0.14,0.33,0,0,2664,dk DEN,FW,de Bundesliga,31,1994,15,334,22,10.9,3.7,1,61,0,14,20,1,1.27,4,6,-2,-0.54,-0.14,2146,dk DEN,FW,de Bundesliga,31,1994,3.7,4,0,0,13,3,2,2,2,2,0
625047,2024-06-07,15000000,Athletic Bilbao,621,ES1,Beñat Prados,2147,es ESP,MF,Athletic Club,es La Liga,24.0,2001,2,1,85,0.9,0,0,0,0,0,0,1,0,0.0,,,,,,,,,,,,,,,,,,,,,,,,,2147,es ESP,MF,es La Liga,24,2001,0.9,0,1,0,0.0,1.06,0.0,0.0,,0,0,2665,es ESP,MF,es La Liga,24,2001,2,85,43,2.5,0.9,1,61,0,1,24,1,3.0,1,0,+1,1.06,1.49,2147,es ESP,MF,es La Liga,24,2001,0.9,1,0,0,5,0,0,0,2,2,0
434116,2025-12-19,5000000,TSG 1899 Hoffenheim,533,L1,Alexander Prass,2148,at AUT,MF,Hoffenheim,de Bundesliga,24.0,2001,32,12,1308,14.5,3,2,5,3,0,0,4,0,0.34,,,,,,,,,,,,,,,,,,,,,,,,,2148,at AUT,MF,de Bundesliga,24,2001,14.5,3,18,11,61.1,1.24,0.76,0.17,0.27,0,0,2666,at AUT,MF,de Bundesliga,24,2001,32,1308,41,42.7,14.5,12,80,4,20,18,2,1.88,25,25,0,0.0,-0.67,2148,at AUT,MF,de Bundesliga,24,2001,14.5,4,0,0,26,21,2,47,6,22,0
876298,2025-12-23,6000000,Cagliari Calcio,416,IT1,Matteo Prati,2149,it ITA,MF,Torino,it Serie A,21.0,2003,13,7,614,6.8,0,1,1,0,0,0,2,0,0.15,,,,,,,,,,,,,,,,,,,,,,,,,2149,it ITA,MF,it Serie A,21,2003,6.8,0,12,0,0.0,1.76,0.0,0.0,,0,0,2667,it ITA,MF,it Serie A,21,2003,13,614,47,18.0,6.8,7,66,0,6,26,2,1.46,7,10,-3,-0.44,0.07,2149,it ITA,MF,it Serie A,21,2003,6.8,2,0,0,12,7,0,2,5,3,0
876298,2025-12-23,6000000,Cagliari Calcio,416,IT1,Matteo Prati,2150,it ITA,MF,Cagliari,it Serie A,21.0,2003,20,15,1268,14.1,1,0,1,1,0,0,4,0,0.07,,,,,,,,,,,,,,,,,,,,,,,,,2150,it ITA,MF,it Serie A,21,2003,14.1,1,19,1,5.3,1.35,0.07,0.05,1.0,0,0,2668,it ITA,MF,it Serie A,21,2003,20,1268,63,37.1,14.1,15,74,5,5,30,2,1.05,13,20,-7,-0.5,-0.25,2150,it ITA,MF,it Serie A,21,2003,14.1,4,0,0,17,3,0,13,15,12,0
177452,2025-12-12,900000,RCD Mallorca,237,ES1,Abdón Prats,2151,es ESP,FW,Mallorca,es La Liga,32.0,1992,15,0,143,1.6,0,0,0,0,0,0,0,0,0.0,,,,,,,,,,,,,,,,,,,,,,,,,2151,es ESP,FW,es La Liga,32,1992,1.6,0,5,2,40.0,3.15,1.26,0.0,0.0,0,0,2669,es ESP,FW,es La Liga,32,1992,15,143,10,4.2,1.6,0,,0,15,10,21,1.33,4,2,+2,1.26,1.59,2151,es ESP,FW,es La Liga,32,1992,1.6,0,0,0,2,3,0,1,0,0,0
234029,2025-12-19,3000000,TSG 1899 Hoffenheim,533,L1,Grischa Prömel,2152,de GER,MF,Hoffenheim,de Bundesliga,30.0,1995,33,16,1758,19.5,7,2,9,7,0,0,5,0,0.46,,,,,,,,,,,,,,,,,,,,,,,,,2152,de GER,MF,de Bundesliga,30,1995,19.5,7,43,14,32.6,2.2,0.72,0.16,0.5,0,0,2675,de GER,MF,de Bundesliga,30,1995,33,1758,53,57.5,19.5,16,86,11,17,22,0,1.82,36,33,+3,0.15,-0.54,2152,de GER,MF,de Bundesliga,30,1995,19.5,5,0,0,23,28,1,11,15,16,0
197929,2025-12-23,3000000,SS Lazio,398,IT1,Ivan Provedel,2153,it ITA,GK,Lazio,it Serie A,31.0,1994,27,27,2430,27.0,0,0,0,0,0,0,1,0,0.0,134,it ITA,GK,it Serie A,31,1994,27,27,2430,27.0,27,1.0,112,87,78.6,8,10,9,12,44.4,4,3,1,0,2153,it ITA,GK,it Serie A,31,1994,27.0,0,0,0,,0.0,0.0,,,0,0,2677,it ITA,GK,it Serie A,31,1994,27,2430,90,71.1,27.0,27,90,27,0,,0,1.26,26,27,-1,-0.04,-0.22,2153,it ITA,GK,it Serie A,31,1994,27.0,1,0,0,0,2,0,0,0,0,0
408471,2025-12-12,10000000,RCD Espanyol Barcelona,714,ES1,Javi Puado,2155,es ESP,"MF,FW",Espanyol,es La Liga,27.0,1998,10,8,674,7.5,2,0,2,1,1,2,2,0,0.13,,,,,,,,,,,,,,,,,,,,,,,,,2155,es ESP,"MF,FW",es La Liga,27,1998,7.5,2,15,9,60.0,2.0,1.2,0.07,0.11,1,2,2679,es ESP,"MF,FW",es La Liga,27,1998,10,674,67,19.7,7.5,8,83,3,2,7,0,1.3,10,13,-3,-0.4,-0.11,2155,es ESP,"MF,FW",es La Liga,27,1998,7.5,2,0,0,11,7,0,21,3,2,0
844637,2024-06-07,4000000,UD Almería,13,ES1,Marc Pubill,2156,es ESP,DF,Atlético Madrid,es La Liga,22.0,2003,19,15,1381,15.3,1,1,2,1,0,0,2,0,0.13,,,,,,,,,,,,,,,,,,,,,,,,,2156,es ESP,DF,es La Liga,22,2003,15.3,1,11,4,36.4,0.72,0.26,0.09,0.25,0,0,2680,es ESP,DF,es La Liga,22,2003,19,1381,73,40.4,15.3,15,85,13,4,25,16,2.0,26,16,+10,0.65,0.3,2156,es ESP,DF,es La Liga,22,2003,15.3,2,0,0,16,14,1,8,18,15,0
449592,2025-12-19,10000000,SV Werder Bremen,86,L1,Cameron Puertas,2157,ch SUI,MF,Werder Bremen,de Bundesliga,26.0,1998,28,22,1846,20.5,1,2,3,1,0,0,6,0,0.15,,,,,,,,,,,,,,,,,,,,,,,,,2157,ch SUI,MF,de Bundesliga,26,1998,20.5,1,37,8,21.6,1.8,0.39,0.03,0.13,0,0,2681,ch SUI,MF,de Bundesliga,26,1998,28,1846,66,60.3,20.5,22,80,10,6,15,3,1.04,24,30,-6,-0.29,0.97,2157,ch SUI,MF,de Bundesliga,26,1998,20.5,6,0,0,37,22,2,77,19,37,0
315779,2025-12-23,60000000,AC Milan,5,IT1,Christian Pulisic,2158,us USA,FW,Milan,it Serie A,26.0,1998,30,18,1609,17.9,8,4,12,8,0,1,0,0,0.67,,,,,,,,,,,,,,,,,,,,,,,,,2158,us USA,FW,it Serie A,26,1998,17.9,8,54,25,46.3,3.02,1.4,0.15,0.32,0,1,2682,us USA,FW,it Serie A,26,1998,30,1609,54,47.0,17.9,18,75,4,12,21,1,1.77,24,14,+10,0.56,0.16,2158,us USA,FW,it Serie A,26,1998,17.9,0,0,0,11,23,3,37,3,8,0
632349,2025-12-19,40000000,Bayer 04 Leverkusen,15,L1,Jarell Quansah,2161,eng ENG,DF,Leverkusen,de Bundesliga,22.0,2003,28,25,2299,25.5,4,0,4,4,0,0,9,0,0.16,,,,,,,,,,,,,,,,,,,,,,,,,2161,eng ENG,DF,de Bundesliga,22,2003,25.5,4,18,8,44.4,0.7,0.31,0.22,0.5,0,0,2686,eng ENG,DF,de Bundesliga,22,2003,28,2299,82,75.1,25.5,25,88,21,3,31,2,1.57,44,34,+10,0.39,-0.91,2161,eng ENG,DF,de Bundesliga,22,2003,25.5,9,0,0,18,21,1,22,26,22,0
597432,2025-12-19,18000000,1.FC Union Berlin,89,L1,Leopold Querfeld,2162,at AUT,DF,Union Berlin,de Bundesliga,21.0,2003,31,30,2705,30.1,3,0,3,1,2,3,7,0,0.03,,,,,,,,,,,,,,,,,,,,,,,,,2162,at AUT,DF,de Bundesliga,21,2003,30.1,3,29,10,34.5,0.96,0.33,0.03,0.1,2,3,2687,at AUT,DF,de Bundesliga,21,2003,31,2705,87,88.4,30.1,30,90,30,1,5,2,1.03,35,55,-20,-0.67,-2.19,2162,at AUT,DF,de Bundesliga,21,2003,30.1,7,0,0,46,28,0,3,35,27,0
413262,2025-12-12,2400000,Valencia CF,1049,ES1,Dani Raba,2165,es ESP,FW,Valencia,es La Liga,29.0,1995,13,3,270,3.0,0,1,1,0,0,0,0,0,0.33,,,,,,,,,,,,,,,,,,,,,,,,,2165,es ESP,FW,es La Liga,29,1995,3.0,0,9,1,11.1,3.0,0.33,0.0,0.0,0,0,2690,es ESP,FW,es La Liga,29,1995,13,270,21,7.9,3.0,3,51,0,10,12,23,1.23,5,4,+1,0.33,0.62,2165,es ESP,FW,es La Liga,29,1995,3.0,0,0,0,6,2,0,14,4,4,0
182913,2025-12-23,20000000,AC Milan,5,IT1,Adrien Rabiot,2166,fr FRA,MF,Marseille,fr Ligue 1,30.0,1995,1,1,90,1.0,0,0,0,0,0,0,1,0,0.0,,,,,,,,,,,,,,,,,,,,,,,,,2166,fr FRA,MF,fr Ligue 1,30,1995,1.0,0,1,0,0.0,1.0,0.0,0.0,,0,0,2691,fr FRA,MF,fr Ligue 1,30,1995,1,90,90,2.9,1.0,1,90,1,0,,0,0.0,0,1,-1,-1.0,-1.58,2166,fr FRA,MF,fr Ligue 1,30,1995,1.0,1,0,0,2,1,0,9,0,0,0
182913,2025-12-23,20000000,AC Milan,5,IT1,Adrien Rabiot,2167,fr FRA,MF,Milan,it Serie A,30.0,1995,29,28,2550,28.3,6,4,10,6,0,0,6,1,0.35,,,,,,,,,,,,,,,,,,,,,,,,,2167,fr FRA,MF,it Serie A,30,1995,28.3,6,46,12,26.1,1.62,0.42,0.13,0.5,0,0,2692,fr FRA,MF,it Serie A,30,1995,29,2550,88,74.6,28.3,28,90,27,1,31,0,1.97,41,25,+16,0.56,0.36,2167,fr FRA,MF,it Serie A,30,1995,28.3,6,1,1,35,55,7,58,20,31,0
303657,2025-12-12,5000000,Celta de Vigo,940,ES1,Ionuț Radu,2169,ro ROU,GK,Celta Vigo,es La Liga,28.0,1997,38,38,3420,38.0,0,0,0,0,0,0,2,0,0.0,136,ro ROU,GK,es La Liga,28,1997,38,38,3420,38.0,48,1.26,151,111,72.2,14,12,12,10,26.3,11,6,2,3,2169,ro ROU,GK,es La Liga,28,1997,38.0,0,0,0,,0.0,0.0,,,0,0,2694,ro ROU,GK,es La Liga,28,1997,38,3420,90,100.0,38.0,38,90,38,0,,0,1.42,53,48,+5,0.13,,2169,ro ROU,GK,es La Liga,28,1997,38.0,2,0,0,0,8,0,0,1,0,0
707230,2025-12-15,3000000,LOSC Lille,3368,ES1,Ugo Raghouber,2170,fr FRA,MF,Levante,es La Liga,22.0,2003,16,8,706,7.8,0,0,0,0,0,0,1,0,0.0,,,,,,,,,,,,,,,,,,,,,,,,,2170,fr FRA,MF,es La Liga,22,2003,7.8,0,3,0,0.0,0.38,0.0,0.0,,0,0,2699,fr FRA,MF,es La Liga,22,2003,16,706,44,20.6,7.8,8,71,2,8,18,2,1.5,7,9,-2,-0.25,0.14,2170,fr FRA,MF,es La Liga,22,2003,7.8,1,0,0,10,14,1,2,15,10,0
707230,2025-12-15,3000000,LOSC Lille,3368,ES1,Ugo Raghouber,2171,fr FRA,MF,Lille,fr Ligue 1,22.0,2003,1,0,3,0.0,0,0,0,0,0,0,0,0,0.0,,,,,,,,,,,,,,,,,,,,,,,,,2171,fr FRA,MF,fr Ligue 1,22,2003,0.0,0,0,0,,0.0,0.0,,,0,0,2700,fr FRA,MF,fr Ligue 1,22,2003,1,3,3,0.1,0.0,0,,0,1,3,8,3.0,2,0,+2,60.0,59.62,2171,fr FRA,MF,fr Ligue 1,22,2003,0.0,0,0,0,0,0,0,0,0,0,0
442703,2025-12-23,1800000,US Lecce,1005,IT1,Ylber Ramadani,2173,al ALB,MF,Lecce,it Serie A,29.0,1996,37,37,3203,35.6,1,0,1,1,0,0,10,0,0.03,,,,,,,,,,,,,,,,,,,,,,,,,2173,al ALB,MF,it Serie A,29,1996,35.6,1,34,5,14.7,0.96,0.14,0.03,0.2,0,0,2703,al ALB,MF,it Serie A,29,1996,37,3203,87,93.7,35.6,37,87,25,0,,0,1.03,27,45,-18,-0.51,1.15,2173,al ALB,MF,it Serie A,29,1996,35.6,10,0,0,43,59,0,16,44,50,0
448705,2025-12-19,7000000,1.FC Heidenheim 1846,2036,L1,Diant Ramaj,2174,de GER,GK,Heidenheim,de Bundesliga,23.0,2001,31,31,2790,31.0,0,1,1,0,0,0,2,0,0.03,137,de GER,GK,de Bundesliga,23,2001,31,31,2790,31.0,67,2.16,162,100,61.7,5,8,18,1,3.2,6,5,0,1,2174,de GER,GK,de Bundesliga,23,2001,31.0,0,0,0,,0.0,0.0,,,0,0,2704,de GER,GK,de Bundesliga,23,2001,31,2790,90,91.2,31.0,31,90,31,0,,2,0.74,38,67,-29,-0.94,-0.27,2174,de GER,GK,de Bundesliga,23,2001,31.0,2,0,0,2,2,0,0,0,0,0
518644,2024-06-07,5000000,UD Almería,1049,ES1,Largie Ramazani,2175,be BEL,"MF,FW",Valencia,es La Liga,24.0,2001,27,11,1234,13.7,6,1,7,3,3,3,4,0,0.29,,,,,,,,,,,,,,,,,,,,,,,,,2175,be BEL,"MF,FW",es La Liga,24,2001,13.7,6,51,19,37.3,3.72,1.39,0.06,0.16,3,3,2706,be BEL,"MF,FW",es La Liga,24,2001,27,1234,46,36.1,13.7,11,84,4,16,19,3,1.41,25,20,+5,0.36,0.94,2175,be BEL,"MF,FW",es La Liga,24,2001,13.7,4,0,0,17,20,2,27,14,12,0
948278,2023-12-20,100000,Real Madrid U19,1047,IT1,Jacobo Ramón,2176,es ESP,DF,Como,it Serie A,20.0,2005,32,30,2742,30.5,2,0,2,2,0,0,11,1,0.07,,,,,,,,,,,,,,,,,,,,,,,,,2176,es ESP,DF,it Serie A,20,2005,30.5,2,39,9,23.1,1.28,0.3,0.05,0.22,0,0,2707,es ESP,DF,it Serie A,20,2005,32,2742,86,80.2,30.5,30,88,28,2,45,1,1.84,53,24,+29,0.95,0.02,2176,es ESP,DF,it Serie A,20,2005,30.5,11,1,0,33,12,0,11,38,32,0
550550,2025-12-15,35000000,Paris Saint-Germain,583,FR1,Gonçalo Ramos,2177,pt POR,FW,Paris Saint-Germain,fr Ligue 1,24.0,2001,30,13,1318,14.6,6,1,7,5,1,2,4,1,0.41,,,,,,,,,,,,,,,,,,,,,,,,,2177,pt POR,FW,fr Ligue 1,24,2001,14.6,6,58,25,43.1,3.96,1.71,0.09,0.2,1,2,2709,pt POR,FW,fr Ligue 1,24,2001,30,1318,44,43.1,14.6,13,77,5,17,19,3,2.2,31,13,+18,1.23,-0.17,2177,pt POR,FW,fr Ligue 1,24,2001,14.6,4,1,1,24,23,6,1,5,14,0
427568,2025-12-09,12000000,Newcastle United,762,GB1,Aaron Ramsdale,2179,eng ENG,GK,Newcastle United,eng Premier League,27.0,1998,12,11,1004,11.2,0,0,0,0,0,0,2,0,0.0,138,eng ENG,GK,eng Premier League,27,1998,12,11,1004,11.2,17,1.52,38,24,63.2,4,2,5,1,9.1,3,3,0,0,2179,eng ENG,GK,eng Premier League,27,1998,11.2,0,0,0,,0.0,0.0,,,0,0,2712,eng ENG,GK,eng Premier League,27,1998,12,1004,84,29.4,11.2,11,90,11,1,14,26,1.17,16,17,-1,-0.09,-0.05,2179,eng ENG,GK,eng Premier League,27,1998,11.2,2,0,0,0,1,0,0,0,0,0
503749,2025-12-09,35000000,Newcastle United,762,GB1,Jacob Ramsey,2180,eng ENG,MF,Newcastle United,eng Premier League,24.0,2001,28,15,1450,16.1,2,3,5,2,0,0,5,1,0.31,,,,,,,,,,,,,,,,,,,,,,,,,2180,eng ENG,MF,eng Premier League,24,2001,16.1,2,16,4,25.0,0.99,0.25,0.13,0.5,0,0,2714,eng ENG,MF,eng Premier League,24,2001,28,1450,52,42.4,16.1,15,76,7,13,24,5,1.18,24,29,-5,-0.31,-0.45,2180,eng ENG,MF,eng Premier League,24,2001,16.1,5,1,1,16,14,2,8,9,21,0
346561,2025-12-23,7000000,ACF Fiorentina,430,IT1,Luca Ranieri,2181,it ITA,DF,Fiorentina,it Serie A,26.0,1999,34,29,2458,27.3,1,0,1,1,0,0,8,1,0.04,,,,,,,,,,,,,,,,,,,,,,,,,2181,it ITA,DF,it Serie A,26,1999,27.3,1,18,3,16.7,0.66,0.11,0.06,0.33,0,0,2715,it ITA,DF,it Serie A,26,1999,34,2458,72,71.9,27.3,29,83,19,5,12,2,1.21,28,34,-6,-0.22,0.06,2181,it ITA,DF,it Serie A,26,1999,27.3,8,1,0,22,27,3,27,24,24,0
829874,2023-10-27,600000,Angers SCO,1420,FR1,Lilian Raolisoa,2183,fr FRA,"MF,DF",Angers,fr Ligue 1,25.0,2000,32,21,1966,21.8,2,4,6,2,0,0,3,0,0.27,,,,,,,,,,,,,,,,,,,,,,,,,2183,fr FRA,"MF,DF",fr Ligue 1,25,2000,21.8,2,16,5,31.3,0.73,0.23,0.13,0.4,0,0,2717,fr FRA,"MF,DF",fr Ligue 1,25,2000,32,1966,61,64.2,21.8,21,81,8,11,24,0,1.13,18,31,-13,-0.6,-0.1,2183,fr FRA,"MF,DF",fr Ligue 1,25,2000,21.8,3,0,0,27,17,1,99,14,31,0
411295,2024-06-07,50000000,FC Barcelona,131,ES1,Raphinha,2184,br BRA,"MF,FW",Barcelona,es La Liga,28.0,1996,22,18,1380,15.3,13,3,16,10,3,3,5,0,0.85,,,,,,,,,,,,,,,,,,,,,,,,,2184,br BRA,"MF,FW",es La Liga,28,1996,15.3,13,65,24,36.9,4.24,1.57,0.15,0.42,3,3,2718,br BRA,"MF,FW",es La Liga,28,1996,22,1380,63,40.4,15.3,18,71,4,4,28,2,2.77,43,9,+34,2.22,1.11,2184,br BRA,"MF,FW",es La Liga,28,1996,15.3,5,0,0,10,10,4,72,6,6,0
258923,2025-12-12,40000000,FC Barcelona,131,ES1,Marcus Rashford,2185,eng ENG,"MF,FW",Barcelona,es La Liga,27.0,1997,32,18,1763,19.6,8,7,15,8,0,0,3,0,0.77,,,,,,,,,,,,,,,,,,,,,,,,,2185,eng ENG,"MF,FW",es La Liga,27,1997,19.6,8,76,29,38.2,3.88,1.48,0.11,0.28,0,0,2719,eng ENG,"MF,FW",es La Liga,27,1997,32,1763,55,51.5,19.6,18,76,6,14,29,4,2.47,44,25,+19,0.97,-1.2,2185,eng ENG,"MF,FW",es La Liga,27,1997,19.6,3,0,0,10,25,10,121,2,8,0
268327,2025-12-10,2500000,Union Saint-Gilloise,35,L1,Mathias Rasmussen,2186,no NOR,MF,St Pauli,de Bundesliga,27.0,1997,13,8,694,7.7,0,0,0,0,0,0,0,0,0.0,,,,,,,,,,,,,,,,,,,,,,,,,2186,no NOR,MF,de Bundesliga,27,1997,7.7,0,6,2,33.3,0.78,0.26,0.0,0.0,0,0,2720,no NOR,MF,de Bundesliga,27,1997,13,694,53,22.7,7.7,8,83,5,5,6,1,0.69,8,17,-9,-1.17,-0.33,2186,no NOR,MF,de Bundesliga,27,1997,7.7,0,0,0,6,7,1,6,8,6,0
405885,2025-12-12,22000000,Atlético de Madrid,800,IT1,Giacomo Raspadori,2187,it ITA,"MF,FW",Atalanta,it Serie A,25.0,2000,13,7,796,8.8,3,1,4,3,0,0,0,0,0.45,,,,,,,,,,,,,,,,,,,,,,,,,2187,it ITA,"MF,FW",it Serie A,25,2000,8.8,3,28,11,39.3,3.17,1.24,0.11,0.27,0,0,2721,it ITA,"MF,FW",it Serie A,25,2000,13,796,61,23.3,8.8,7,84,5,6,34,1,1.69,16,8,+8,0.9,0.66,2187,it ITA,"MF,FW",it Serie A,25,2000,8.8,0,0,0,7,6,1,44,1,3,0
405885,2025-12-12,22000000,Atlético de Madrid,800,IT1,Giacomo Raspadori,2188,it ITA,FW,Atlético Madrid,es La Liga,25.0,2000,12,1,236,2.6,0,1,1,0,0,0,1,0,0.38,,,,,,,,,,,,,,,,,,,,,,,,,2188,it ITA,FW,es La Liga,25,2000,2.6,0,7,3,42.9,2.67,1.14,0.0,0.0,0,0,2722,it ITA,FW,es La Liga,25,2000,12,236,20,6.9,2.6,1,61,0,11,16,7,1.83,5,4,+1,0.38,-0.1,2188,it ITA,FW,es La Liga,25,2000,2.6,1,0,0,3,7,2,9,0,1,0
318204,2024-05-29,20000000,RB Leipzig,23826,L1,David Raum,2193,de GER,DF,RB Leipzig,de Bundesliga,27.0,1998,30,29,2553,28.4,3,7,10,2,1,1,6,0,0.32,,,,,,,,,,,,,,,,,,,,,,,,,2193,de GER,DF,de Bundesliga,27,1998,28.4,3,24,8,33.3,0.85,0.28,0.08,0.25,1,1,2727,de GER,DF,de Bundesliga,27,1998,30,2553,85,83.4,28.4,29,88,25,1,12,1,2.03,57,34,+23,0.81,1.52,2193,de GER,DF,de Bundesliga,27,1998,28.4,6,0,0,29,17,6,250,33,35,0
390304,2024-06-05,1000000,Bologna FC 1909,1025,IT1,Federico Ravaglia,2194,it ITA,GK,Bologna,it Serie A,25.0,1999,17,16,1470,16.3,0,0,0,0,0,0,4,0,0.0,139,it ITA,GK,it Serie A,25,1999,17,16,1470,16.3,29,1.78,79,52,65.8,4,3,9,2,12.5,2,2,0,0,2194,it ITA,GK,it Serie A,25,1999,16.3,0,0,0,,0.0,0.0,,,0,0,2728,it ITA,GK,it Serie A,25,1999,17,1470,86,43.0,16.3,16,90,16,1,30,20,0.88,16,29,-13,-0.8,-1.53,2194,it ITA,GK,it Serie A,25,1999,16.3,4,0,0,2,3,0,0,0,1,0
262749,2025-12-09,35000000,Arsenal FC,11,GB1,David Raya,2195,es ESP,GK,Arsenal,eng Premier League,29.0,1995,37,37,3330,37.0,0,0,0,0,0,0,1,0,0.0,140,es ESP,GK,eng Premier League,29,1995,37,37,3330,37.0,26,0.7,86,59,69.8,25,7,5,19,51.4,0,0,0,0,2195,es ESP,GK,eng Premier League,29,1995,37.0,0,0,0,,0.0,0.0,,,0,0,2730,es ESP,GK,eng Premier League,29,1995,37,3330,90,97.4,37.0,37,90,37,0,,0,2.22,69,26,+43,1.16,0.16,2195,es ESP,GK,eng Premier League,29,1995,37.0,1,0,0,0,14,0,1,1,1,0
718034,2025-12-12,1500000,Deportivo Alavés,1108,ES1,Abde Rebbach,2197,dz ALG,"MF,DF",Alavés,es La Liga,26.0,1998,30,15,1496,16.6,1,4,5,1,0,0,8,0,0.3,,,,,,,,,,,,,,,,,,,,,,,,,2197,dz ALG,"MF,DF",es La Liga,26,1998,16.6,1,34,12,35.3,2.05,0.72,0.03,0.08,0,0,2732,dz ALG,"MF,DF",es La Liga,26,1998,30,1496,50,43.7,16.6,15,76,7,15,24,7,1.13,21,21,0,0.0,0.56,2197,dz ALG,"MF,DF",es La Liga,26,1998,16.6,8,0,0,40,30,5,109,16,21,0
226973,2025-12-09,3000000,Fulham FC,931,GB1,Harrison Reed,2199,eng ENG,MF,Fulham,eng Premier League,30.0,1995,7,1,94,1.0,1,0,1,1,0,0,0,0,0.96,,,,,,,,,,,,,,,,,,,,,,,,,2199,eng ENG,MF,eng Premier League,30,1995,1.0,1,2,1,50.0,1.91,0.96,0.5,1.0,0,0,2734,eng ENG,MF,eng Premier League,30,1995,7,94,13,2.7,1.0,1,63,0,6,5,22,1.57,2,4,-2,-1.91,-1.86,2199,eng ENG,MF,eng Premier League,30,1995,1.0,0,0,0,2,1,0,4,0,0,0
834491,2025-12-12,3000000,Athletic Bilbao,621,ES1,Alejandro Rego,2201,es ESP,MF,Athletic Club,es La Liga,22.0,2003,29,11,1279,14.2,1,1,2,1,0,0,6,0,0.14,,,,,,,,,,,,,,,,,,,,,,,,,2201,es ESP,MF,es La Liga,22,2003,14.2,1,12,3,25.0,0.84,0.21,0.08,0.33,0,0,2737,es ESP,MF,es La Liga,22,2003,29,1279,44,37.4,14.2,11,76,5,18,25,7,1.31,20,23,-3,-0.21,0.29,2201,es ESP,MF,es La Liga,22,2003,14.2,6,0,0,40,6,0,6,21,20,0
460939,2025-12-09,65000000,Manchester City,281,GB1,Tijjani Reijnders,2202,nl NED,MF,Manchester City,eng Premier League,27.0,1998,28,19,1631,18.1,5,2,7,5,0,0,2,0,0.39,,,,,,,,,,,,,,,,,,,,,,,,,2202,nl NED,MF,eng Premier League,27,1998,18.1,5,49,16,32.7,2.7,0.88,0.1,0.31,0,0,2738,nl NED,MF,eng Premier League,27,1998,28,1631,58,47.7,18.1,19,77,6,9,18,10,1.93,32,17,+15,0.83,-0.53,2202,nl NED,MF,eng Premier League,27,1998,18.1,2,0,0,19,15,4,43,11,4,0
1005575,2025-12-12,30000000,Girona FC,12321,ES1,Vitor Reis,2204,br BRA,DF,Girona,es La Liga,19.0,2006,36,35,3138,34.9,1,1,2,1,0,0,9,1,0.06,,,,,,,,,,,,,,,,,,,,,,,,,2204,br BRA,DF,es La Liga,19,2006,34.9,1,19,4,21.1,0.54,0.11,0.05,0.25,0,0,2740,br BRA,DF,es La Liga,19,2006,36,3138,87,91.8,34.9,35,89,34,1,33,0,1.03,34,48,-14,-0.4,0.24,2204,br BRA,DF,es La Liga,19,2006,34.9,9,1,0,40,24,1,0,35,32,1
467434,2025-12-19,17000000,Borussia Mönchengladbach,18,L1,Rocco Reitz,2205,de GER,MF,Gladbach,de Bundesliga,23.0,2002,31,31,2627,29.2,0,4,4,0,0,0,8,1,0.14,,,,,,,,,,,,,,,,,,,,,,,,,2205,de GER,MF,de Bundesliga,23,2002,29.2,0,47,14,29.8,1.61,0.48,0.0,0.0,0,0,2741,de GER,MF,de Bundesliga,23,2002,31,2627,85,85.8,29.2,31,85,19,0,,0,1.03,27,46,-19,-0.65,-2.31,2205,de GER,MF,de Bundesliga,23,2002,29.2,8,1,0,35,55,6,86,49,42,0
592534,2025-12-19,5000000,Hamburger SV,41,L1,Nicolai Remberg,2206,de GER,MF,Hamburger SV,de Bundesliga,25.0,2000,32,32,2880,32.0,0,2,2,0,0,0,11,0,0.06,,,,,,,,,,,,,,,,,,,,,,,,,2206,de GER,MF,de Bundesliga,25,2000,32.0,0,17,8,47.1,0.53,0.25,0.0,0.0,0,0,2742,de GER,MF,de Bundesliga,25,2000,32,2880,90,94.1,32.0,32,90,32,0,,0,1.16,38,49,-11,-0.34,1.16,2206,de GER,MF,de Bundesliga,25,2000,32.0,11,0,0,44,48,1,5,43,27,0
212862,2025-12-12,14000000,Real Sociedad,681,ES1,Álex Remiro,2207,es ESP,GK,Real Sociedad,es La Liga,30.0,1995,37,37,3330,37.0,0,0,0,0,0,0,1,0,0.0,141,es ESP,GK,es La Liga,30,1995,37,37,3330,37.0,60,1.62,154,99,64.3,11,12,14,3,8.1,5,5,0,0,2207,es ESP,GK,es La Liga,30,1995,37.0,0,0,0,,0.0,0.0,,,0,0,2743,es ESP,GK,es La Liga,30,1995,37,3330,90,97.4,37.0,37,90,37,0,,0,1.22,58,60,-2,-0.05,-0.05,2207,es ESP,GK,es La Liga,30,1995,37.0,1,0,0,0,7,1,0,1,1,1
557407,2025-12-23,8500000,AS Roma,12,IT1,Devyne Rensch,2208,nl NED,MF,Roma,it Serie A,22.0,2003,24,12,1184,13.2,1,4,5,1,0,0,1,0,0.38,,,,,,,,,,,,,,,,,,,,,,,,,2208,nl NED,MF,it Serie A,22,2003,13.2,1,6,2,33.3,0.46,0.15,0.17,0.5,0,0,2744,nl NED,MF,it Serie A,22,2003,24,1184,49,34.6,13.2,12,79,5,12,20,12,2.08,21,15,+6,0.46,-0.43,2208,nl NED,MF,it Serie A,22,2003,13.2,1,0,0,6,18,3,22,16,15,0
912902,2025-12-15,20000000,FC Toulouse,415,FR1,Guillaume Restes,2209,fr FRA,GK,Toulouse,fr Ligue 1,20.0,2005,34,34,3029,33.7,0,0,0,0,0,0,3,0,0.0,142,fr FRA,GK,fr Ligue 1,20,2005,34,34,3029,33.7,45,1.34,125,85,68.0,12,8,13,10,29.4,5,5,0,0,2209,fr FRA,GK,fr Ligue 1,20,2005,33.7,0,0,0,,0.0,0.0,,,0,0,2745,fr FRA,GK,fr Ligue 1,20,2005,34,3029,89,99.0,33.7,34,89,33,0,,0,1.29,46,45,+1,0.03,0.03,2209,fr FRA,GK,fr Ligue 1,20,2005,33.7,3,0,0,0,8,0,0,1,0,0
293388,2023-10-13,1200000,Levante UD,3368,ES1,Oriol Rey,2211,es ESP,MF,Levante,es La Liga,27.0,1998,20,14,1319,14.7,0,1,1,0,0,0,4,0,0.07,,,,,,,,,,,,,,,,,,,,,,,,,2211,es ESP,MF,es La Liga,27,1998,14.7,0,8,1,12.5,0.55,0.07,0.0,0.0,0,0,2747,es ESP,MF,es La Liga,27,1998,20,1319,66,38.6,14.7,14,84,9,6,25,12,1.1,23,25,-2,-0.14,0.38,2211,es ESP,MF,es La Liga,27,1998,14.7,4,0,0,23,14,0,8,12,12,0
689637,2025-12-09,12000000,Crystal Palace,873,GB1,Chadi Riad,2213,ma MAR,DF,Crystal Palace,eng Premier League,22.0,2003,9,6,552,6.1,0,1,1,0,0,0,2,0,0.16,,,,,,,,,,,,,,,,,,,,,,,,,2213,ma MAR,DF,eng Premier League,22,2003,6.1,0,4,2,50.0,0.65,0.33,0.0,0.0,0,0,2749,ma MAR,DF,eng Premier League,22,2003,9,552,61,16.1,6.1,6,77,2,3,31,8,0.89,8,8,0,0.0,0.31,2213,ma MAR,DF,eng Premier League,22,2003,6.1,2,0,0,5,3,0,6,4,5,0
726701,2025-12-18,2500000,Sporting CP B,167,L1,Rodrigo Ribeiro,2215,pt POR,FW,Augsburg,de Bundesliga,20.0,2005,14,6,636,7.1,2,0,2,2,0,0,1,0,0.28,,,,,,,,,,,,,,,,,,,,,,,,,2215,pt POR,FW,de Bundesliga,20,2005,7.1,2,26,7,26.9,3.68,0.99,0.08,0.29,0,0,2752,pt POR,FW,de Bundesliga,20,2005,14,636,45,20.8,7.1,6,71,0,8,26,3,1.5,6,13,-7,-0.99,-0.66,2215,pt POR,FW,de Bundesliga,20,2005,7.1,1,0,0,10,3,9,3,4,3,0
467992,2024-06-05,22000000,Torino FC,5,IT1,Samuele Ricci,2216,it ITA,MF,Milan,it Serie A,23.0,2001,31,11,1312,14.6,1,4,5,1,0,0,3,0,0.34,,,,,,,,,,,,,,,,,,,,,,,,,2216,it ITA,MF,it Serie A,23,2001,14.6,1,18,6,33.3,1.23,0.41,0.06,0.17,0,0,2753,it ITA,MF,it Serie A,23,2001,31,1312,42,38.4,14.6,11,79,6,20,22,7,2.1,20,17,+3,0.21,-0.43,2216,it ITA,MF,it Serie A,23,2001,14.6,3,0,0,17,33,1,28,9,9,0
357662,2025-12-09,120000000,Arsenal FC,11,GB1,Declan Rice,2217,eng ENG,MF,Arsenal,eng Premier League,26.0,1999,36,35,3094,34.4,4,5,9,4,0,0,3,0,0.26,,,,,,,,,,,,,,,,,,,,,,,,,2217,eng ENG,MF,eng Premier League,26,1999,34.4,4,40,13,32.5,1.16,0.38,0.1,0.31,0,0,2754,eng ENG,MF,eng Premier League,26,1999,36,3094,86,90.5,34.4,35,88,29,1,23,1,2.19,62,25,+37,1.08,-0.86,2217,eng ENG,MF,eng Premier League,26,1999,34.4,3,0,0,26,11,1,177,33,33,0
578539,2025-12-09,25000000,Crystal Palace,873,GB1,Chris Richards,2218,us USA,DF,Crystal Palace,eng Premier League,25.0,2000,33,31,2827,31.4,1,0,1,1,0,0,4,0,0.03,,,,,,,,,,,,,,,,,,,,,,,,,2218,us USA,DF,eng Premier League,25,2000,31.4,1,15,2,13.3,0.48,0.06,0.07,0.5,0,0,2755,us USA,DF,eng Premier League,25,2000,33,2827,86,82.7,31.4,31,90,30,2,23,1,1.3,37,42,-5,-0.16,0.6,2218,us USA,DF,eng Premier League,25,2000,31.4,4,0,0,17,5,0,14,43,35,0
893675,2025-12-23,4500000,ACF Fiorentina,190,DK1,Amir Richardson,2219,ma MAR,MF,Fiorentina,it Serie A,23.0,2002,2,0,42,0.5,0,0,0,0,0,0,0,0,0.0,,,,,,,,,,,,,,,,,,,,,,,,,2219,ma MAR,MF,it Serie A,23,2002,0.5,0,1,0,0.0,2.14,0.0,0.0,,0,0,2756,ma MAR,MF,it Serie A,23,2002,2,42,21,1.2,0.5,0,,0,2,21,12,0.0,1,1,0,0.0,0.24,2219,ma MAR,MF,it Serie A,23,2002,0.5,0,0,0,1,3,0,1,0,1,0
378710,2025-12-09,28000000,Tottenham Hotspur,148,GB1,Richarlison,2220,br BRA,"FW,MF",Tottenham Hotspur,eng Premier League,28.0,1997,32,20,1964,21.8,11,4,15,11,0,0,5,0,0.69,,,,,,,,,,,,,,,,,,,,,,,,,2220,br BRA,"FW,MF",eng Premier League,28,1997,21.8,11,61,26,42.6,2.8,1.19,0.18,0.42,0,0,2757,br BRA,"FW,MF",eng Premier League,28,1997,32,1964,61,57.4,21.8,20,83,12,12,25,1,1.19,29,27,+2,0.09,0.77,2220,br BRA,"FW,MF",eng Premier League,28,1997,21.8,5,0,0,23,33,10,18,7,16,0
249513,2025-12-12,1200000,Getafe CF,3709,ES1,Diego Rico,2221,es ESP,DF,Getafe,es La Liga,32.0,1993,28,18,1758,19.5,0,0,0,0,0,0,4,0,0.0,,,,,,,,,,,,,,,,,,,,,,,,,2221,es ESP,DF,es La Liga,32,1993,19.5,0,11,1,9.1,0.56,0.05,0.0,0.0,0,0,2758,es ESP,DF,es La Liga,32,1993,28,1758,63,51.4,19.5,18,86,15,10,21,9,1.41,17,23,-6,-0.31,-0.31,2221,es ESP,DF,es La Liga,32,1993,19.5,4,0,0,22,35,1,66,33,29,0
692070,2024-05-29,2000000,SV Darmstadt 98,714,ES1,Clemens Riedel,2222,de GER,DF,Espanyol,es La Liga,22.0,2003,20,16,1396,15.5,0,1,1,0,0,0,5,0,0.06,,,,,,,,,,,,,,,,,,,,,,,,,2222,de GER,DF,es La Liga,22,2003,15.5,0,3,1,33.3,0.19,0.06,0.0,0.0,0,0,2760,de GER,DF,es La Liga,22,2003,20,1396,70,40.8,15.5,16,82,11,4,20,14,1.2,21,22,-1,-0.06,0.42,2222,de GER,DF,es La Liga,22,2003,15.5,5,0,0,23,8,2,3,11,14,0
507341,2025-12-19,8000000,FC Augsburg,167,L1,Fabian Rieder,2223,ch SUI,MF,Augsburg,de Bundesliga,23.0,2002,32,28,2343,26.0,6,3,9,4,2,2,4,0,0.27,,,,,,,,,,,,,,,,,,,,,,,,,2223,ch SUI,MF,de Bundesliga,23,2002,26.0,6,38,13,34.2,1.46,0.5,0.11,0.31,2,2,2761,ch SUI,MF,de Bundesliga,23,2002,32,2343,73,76.6,26.0,28,82,16,4,13,0,1.25,36,53,-17,-0.65,-0.78,2223,ch SUI,MF,de Bundesliga,23,2002,26.0,4,0,0,45,38,2,116,13,20,0
507341,2025-12-19,8000000,FC Augsburg,167,L1,Fabian Rieder,2224,ch SUI,MF,Rennes,fr Ligue 1,23.0,2002,3,2,133,1.5,0,0,0,0,0,0,0,0,0.0,,,,,,,,,,,,,,,,,,,,,,,,,2224,ch SUI,MF,fr Ligue 1,23,2002,1.5,0,1,0,0.0,0.68,0.0,0.0,,0,0,2762,ch SUI,MF,fr Ligue 1,23,2002,3,133,44,4.3,1.5,2,63,0,1,8,0,1.33,0,2,-2,-1.35,-1.69,2224,ch SUI,MF,fr Ligue 1,23,2002,1.5,0,0,0,2,1,0,1,2,2,0
490609,2025-12-19,700000,1.FSV Mainz 05,39,L1,Lasse Rieß,2225,de GER,GK,Mainz 05,de Bundesliga,24.0,2001,4,3,292,3.2,0,0,0,0,0,0,0,0,0.0,143,de GER,GK,de Bundesliga,24,2001,4,3,292,3.2,12,3.7,26,15,57.7,0,0,3,0,0.0,1,1,0,0,2225,de GER,GK,de Bundesliga,24,2001,3.2,0,0,0,,0.0,0.0,,,0,0,2763,de GER,GK,de Bundesliga,24,2001,4,292,73,9.5,3.2,3,90,3,1,22,26,0.0,3,12,-9,-2.77,-2.77,2225,de GER,GK,de Bundesliga,24,2001,3.2,0,0,0,0,1,0,0,0,0,0
604207,2023-06-19,150000,Piacenza Calcio 1919,130,IT1,Filippo Rinaldi,2227,it ITA,GK,Parma,it Serie A,22.0,2002,1,1,90,1.0,0,0,0,0,0,0,1,0,0.0,144,it ITA,GK,it Serie A,22,2002,1,1,90,1.0,0,0.0,4,4,100.0,0,1,0,1,100.0,0,0,0,0,2227,it ITA,GK,it Serie A,22,2002,1.0,0,0,0,,0.0,0.0,,,0,0,2765,it ITA,GK,it Serie A,22,2002,1,90,90,2.6,1.0,1,90,1,0,,35,1.0,0,0,0,0.0,0.49,2227,it ITA,GK,it Serie A,22,2002,1.0,1,0,0,0,0,0,0,0,0,0
834487,2024-06-24,250000,Bilbao Athletic,12321,ES1,Hugo Rincón,2228,es ESP,DF,Girona,es La Liga,22.0,2003,33,16,1750,19.4,1,1,2,1,0,0,4,0,0.1,,,,,,,,,,,,,,,,,,,,,,,,,2228,es ESP,DF,es La Liga,22,2003,19.4,1,7,2,28.6,0.36,0.1,0.14,0.5,0,0,2766,es ESP,DF,es La Liga,22,2003,33,1750,53,51.2,19.4,16,83,9,17,25,5,1.0,22,28,-6,-0.31,0.23,2228,es ESP,DF,es La Liga,22,2003,19.4,4,0,0,32,53,1,35,5,33,0
278837,2025-12-12,2000000,Valencia CF,1049,ES1,Luis Rioja,2229,es ESP,MF,Valencia,es La Liga,31.0,1993,37,31,2624,29.2,3,6,9,3,0,0,1,0,0.31,,,,,,,,,,,,,,,,,,,,,,,,,2229,es ESP,MF,es La Liga,31,1993,29.2,3,44,5,11.4,1.51,0.17,0.07,0.6,0,0,2767,es ESP,MF,es La Liga,31,1993,37,2624,71,76.7,29.2,31,79,13,6,29,0,1.32,35,38,-3,-0.1,0.58,2229,es ESP,MF,es La Liga,31,1993,29.2,1,0,0,13,29,9,152,17,25,0
461617,2025-12-12,8000000,Real Betis Balompié,150,ES1,Rodrigo Riquelme,2230,es ESP,MF,Real Betis,es La Liga,25.0,2000,25,7,821,9.1,1,1,2,1,0,0,2,0,0.22,,,,,,,,,,,,,,,,,,,,,,,,,2230,es ESP,MF,es La Liga,25,2000,9.1,1,24,7,29.2,2.63,0.77,0.04,0.14,0,0,2770,es ESP,MF,es La Liga,25,2000,25,821,33,24.0,9.1,7,65,0,18,20,11,1.72,8,11,-3,-0.33,-0.81,2230,es ESP,MF,es La Liga,25,2000,9.1,2,0,0,8,11,1,22,5,11,0
743515,2025-12-15,10000000,RC Lens,826,FR1,Robin Risser,2231,fr FRA,GK,Lens,fr Ligue 1,20.0,2004,33,33,2970,33.0,0,1,1,0,0,0,2,0,0.03,145,fr FRA,GK,fr Ligue 1,20,2004,33,33,2970,33.0,35,1.06,106,76,69.8,21,4,8,11,33.3,6,3,2,1,2231,fr FRA,GK,fr Ligue 1,20,2004,33.0,0,0,0,,0.0,0.0,,,0,0,2772,fr FRA,GK,fr Ligue 1,20,2004,33,2970,90,97.1,33.0,33,90,33,0,,1,2.03,62,35,+27,0.82,-3.18,2231,fr FRA,GK,fr Ligue 1,20,2004,33.0,2,0,0,0,5,0,0,0,0,0
85370,2025-12-23,1500000,Como 1907,1047,IT1,Sergi Roberto,2234,es ESP,MF,Como,it Serie A,33.0,1992,20,5,544,6.0,0,0,0,0,0,0,3,0,0.0,,,,,,,,,,,,,,,,,,,,,,,,,2234,es ESP,MF,it Serie A,33,1992,6.0,0,7,2,28.6,1.16,0.33,0.0,0.0,0,0,2777,es ESP,MF,it Serie A,33,1992,20,544,27,15.9,6.0,5,55,0,15,18,6,1.95,8,7,+1,0.17,-0.93,2234,es ESP,MF,it Serie A,33,1992,6.0,3,0,0,9,9,0,2,5,7,0
225452,2023-06-01,3200000,Sunderland AFC,1095,FR1,Patrick Roberts,2235,eng ENG,"FW,MF",Sunderland,eng Premier League,28.0,1997,1,0,28,0.3,0,0,0,0,0,0,0,0,0.0,,,,,,,,,,,,,,,,,,,,,,,,,2235,eng ENG,"FW,MF",eng Premier League,28,1997,0.3,0,1,0,0.0,3.21,0.0,0.0,,0,0,2779,eng ENG,"FW,MF",eng Premier League,28,1997,1,28,28,0.8,0.3,0,,0,1,28,2,0.0,0,1,-1,-3.21,-3.08,2235,eng ENG,"FW,MF",eng Premier League,28,1997,0.3,0,0,0,0,0,0,0,0,0,0
234803,2024-05-27,30000000,Liverpool FC,31,GB1,Andrew Robertson,2236,sct SCO,DF,Liverpool,eng Premier League,31.0,1994,24,11,1176,13.1,1,0,1,1,0,0,0,0,0.08,,,,,,,,,,,,,,,,,,,,,,,,,2236,sct SCO,DF,eng Premier League,31,1994,13.1,1,10,3,30.0,0.77,0.23,0.1,0.33,0,0,2780,sct SCO,DF,eng Premier League,31,1994,24,1176,49,34.4,13.1,11,80,4,13,23,14,1.58,22,16,+6,0.46,0.3,2236,sct SCO,DF,eng Premier League,31,1994,13.1,0,0,0,4,1,5,53,7,10,0
349701,2025-12-09,30000000,Fulham FC,931,GB1,Antonee Robinson,2237,us USA,"DF,MF",Fulham,eng Premier League,27.0,1997,22,17,1492,16.6,1,0,1,0,1,1,5,0,0.0,,,,,,,,,,,,,,,,,,,,,,,,,2237,us USA,"DF,MF",eng Premier League,27,1997,16.6,1,6,1,16.7,0.36,0.06,0.0,0.0,1,1,2781,us USA,"DF,MF",eng Premier League,27,1997,22,1492,68,43.6,16.6,17,83,12,5,17,5,1.36,13,19,-6,-0.36,-0.46,2237,us USA,"DF,MF",eng Premier League,27,1997,16.6,5,0,0,15,9,2,77,28,31,0
895326,2025-12-12,5000000,Girona FC,12321,ES1,Joel Roca,2238,es ESP,"MF,FW",Girona,es La Liga,20.0,2005,32,16,1473,16.4,3,1,4,3,0,0,4,1,0.24,,,,,,,,,,,,,,,,,,,,,,,,,2238,es ESP,"MF,FW",es La Liga,20,2005,16.4,3,48,16,33.3,2.93,0.98,0.06,0.19,0,0,2782,es ESP,"MF,FW",es La Liga,20,2005,32,1473,46,43.1,16.4,16,70,5,16,22,2,1.06,17,26,-9,-0.55,-0.23,2238,es ESP,"MF,FW",es La Liga,20,2005,16.4,4,1,0,13,45,4,33,2,11,0
336869,2024-06-07,9000000,Real Betis Balompié,150,ES1,Marc Roca,2239,es ESP,MF,Real Betis,es La Liga,28.0,1996,29,23,2026,22.5,1,1,2,1,0,0,1,0,0.09,,,,,,,,,,,,,,,,,,,,,,,,,2239,es ESP,MF,es La Liga,28,1996,22.5,1,17,7,41.2,0.76,0.31,0.06,0.14,0,0,2783,es ESP,MF,es La Liga,28,1996,29,2026,70,59.2,22.5,23,82,17,6,24,6,1.69,36,30,+6,0.27,-0.06,2239,es ESP,MF,es La Liga,28,1996,22.5,1,0,0,42,23,0,10,23,29,0
860078,2025-12-09,200000,Crystal Palace U21,873,GB1,Kaden Rodney,2241,eng ENG,"DF,MF",Crystal Palace,eng Premier League,20.0,2004,1,0,4,0.0,0,0,0,0,0,0,0,0,0.0,,,,,,,,,,,,,,,,,,,,,,,,,2241,eng ENG,"DF,MF",eng Premier League,20,2004,0.0,0,0,0,,0.0,0.0,,,0,0,2785,eng ENG,"DF,MF",eng Premier League,20,2004,1,4,4,0.1,0.0,0,,0,1,4,10,0.0,0,0,0,0.0,0.26,2241,eng ENG,"DF,MF",eng Premier League,20,2004,0.0,0,0,0,1,0,0,0,0,0,0
297212,2024-05-24,8000000,Leeds United,399,GB1,Joe Rodon,2242,wls WAL,DF,Leeds United,eng Premier League,27.0,1997,35,33,2951,32.8,2,0,2,2,0,0,3,0,0.06,,,,,,,,,,,,,,,,,,,,,,,,,2242,wls WAL,DF,eng Premier League,27,1997,32.8,2,18,7,38.9,0.55,0.21,0.11,0.29,0,0,2786,wls WAL,DF,eng Premier League,27,1997,35,2951,84,86.3,32.8,33,88,30,2,23,0,1.2,42,52,-10,-0.3,-0.88,2242,wls WAL,DF,eng Premier League,27,1997,32.8,3,0,0,17,19,1,6,30,19,0
357565,2025-12-09,75000000,Manchester City,281,GB1,Rodri,2243,es ESP,MF,Manchester City,eng Premier League,29.0,1996,21,17,1511,16.8,1,0,1,1,0,0,3,0,0.06,,,,,,,,,,,,,,,,,,,,,,,,,2243,es ESP,MF,eng Premier League,29,1996,16.8,1,16,3,18.8,0.95,0.18,0.06,0.33,0,0,2787,es ESP,MF,eng Premier League,29,1996,21,1511,72,44.2,16.8,17,84,12,4,22,1,1.81,28,15,+13,0.77,-0.59,2243,es ESP,MF,eng Premier League,29,1996,16.8,3,0,0,14,31,0,5,12,25,0
948275,2025-12-12,4000000,Elche CF,1531,ES1,Álvaro Rodríguez,2244,uy URU,FW,Elche,es La Liga,21.0,2004,34,24,2201,24.5,7,5,12,7,0,0,2,0,0.49,,,,,,,,,,,,,,,,,,,,,,,,,2244,uy URU,FW,es La Liga,21,2004,24.5,7,75,24,32.0,3.07,0.98,0.09,0.29,0,0,2789,uy URU,FW,es La Liga,21,2004,34,2201,65,64.4,24.5,24,83,12,10,21,3,1.06,30,36,-6,-0.25,-0.1,2244,uy URU,FW,es La Liga,21,2004,24.5,2,0,0,37,49,18,10,4,14,0
715628,2024-06-07,500000,RC Celta Fortuna,8733,,Damián Rodríguez,2245,es ESP,MF,Celta Vigo,es La Liga,22.0,2003,2,2,150,1.7,0,0,0,0,0,0,1,0,0.0,,,,,,,,,,,,,,,,,,,,,,,,,2245,es ESP,MF,es La Liga,22,2003,1.7,0,3,0,0.0,1.8,0.0,0.0,,0,0,2790,es ESP,MF,es La Liga,22,2003,2,150,75,4.4,1.7,2,75,1,0,,12,2.0,2,3,-1,-0.6,-0.77,2245,es ESP,MF,es La Liga,22,2003,1.7,1,0,0,3,0,0,3,1,0,0
139435,2025-12-12,100000,RCD Mallorca,237,ES1,Dani Rodríguez,2246,es ESP,"FW,MF",Mallorca,es La Liga,37.0,1988,2,0,68,0.8,0,0,0,0,0,0,0,0,0.0,,,,,,,,,,,,,,,,,,,,,,,,,2246,es ESP,"FW,MF",es La Liga,37,1988,0.8,0,1,0,0.0,1.32,0.0,0.0,,0,0,2791,es ESP,"FW,MF",es La Liga,37,1988,2,68,34,2.0,0.8,0,,0,2,34,1,0.5,1,1,0,0.0,0.27,2246,es ESP,"FW,MF",es La Liga,37,1988,0.8,0,0,0,0,3,0,2,0,1,0
342385,2025-12-09,6000000,West Ham United,1049,ES1,Guido Rodríguez,2247,ar ARG,MF,West Ham United,eng Premier League,31.0,1994,6,2,180,2.0,0,0,0,0,0,0,1,0,0.0,,,,,,,,,,,,,,,,,,,,,,,,,2247,ar ARG,MF,eng Premier League,31,1994,2.0,0,1,0,0.0,0.5,0.0,0.0,,0,0,2792,ar ARG,MF,eng Premier League,31,1994,6,180,30,5.3,2.0,2,67,0,4,12,15,0.67,1,2,-1,-0.5,0.0,2247,ar ARG,MF,eng Premier League,31,1994,2.0,1,0,0,2,4,0,2,2,0,0
342385,2025-12-09,6000000,West Ham United,1049,ES1,Guido Rodríguez,2248,ar ARG,MF,Valencia,es La Liga,31.0,1994,16,14,1309,14.5,4,0,4,4,0,0,4,0,0.28,,,,,,,,,,,,,,,,,,,,,,,,,2248,ar ARG,MF,es La Liga,31,1994,14.5,4,15,5,33.3,1.03,0.34,0.27,0.8,0,0,2793,ar ARG,MF,es La Liga,31,1994,16,1309,82,38.3,14.5,14,90,13,2,26,0,1.63,23,19,+4,0.28,0.83,2248,ar ARG,MF,es La Liga,31,1994,14.5,4,0,0,21,28,0,3,10,27,0
1076815,2025-12-12,15000000,Celta de Vigo,940,ES1,Javi Rodríguez,2249,es ESP,DF,Celta Vigo,es La Liga,22.0,2003,33,28,2558,28.4,0,1,1,0,0,0,5,0,0.04,,,,,,,,,,,,,,,,,,,,,,,,,2249,es ESP,DF,es La Liga,22,2003,28.4,0,12,1,8.3,0.42,0.04,0.0,0.0,0,0,2794,es ESP,DF,es La Liga,22,2003,33,2558,78,74.8,28.4,28,85,21,5,33,3,1.42,31,33,-2,-0.07,-0.8,2249,es ESP,DF,es La Liga,22,2003,28.4,5,0,0,33,33,1,1,28,23,0
275028,2023-06-30,250000,SD Amorebieta,2448,ES1,Juan Rodríguez,2251,uy URU,DF,Cagliari,it Serie A,20.0,2005,17,16,1310,14.6,1,0,1,1,0,0,3,0,0.07,,,,,,,,,,,,,,,,,,,,,,,,,2251,uy URU,DF,it Serie A,20,2005,14.6,1,3,2,66.7,0.21,0.14,0.33,0.5,0,0,2796,uy URU,DF,it Serie A,20,2005,17,1310,77,38.3,14.6,16,81,9,1,9,16,1.06,14,23,-9,-0.62,-0.45,2251,uy URU,DF,it Serie A,20,2005,14.6,3,0,0,15,8,0,5,17,27,0
86784,2024-06-05,3500000,Torino FC,150,ES1,Ricardo Rodríguez,2252,ch SUI,DF,Real Betis,es La Liga,32.0,1992,23,18,1547,17.2,0,1,1,0,0,0,0,0,0.06,,,,,,,,,,,,,,,,,,,,,,,,,2252,ch SUI,DF,es La Liga,32,1992,17.2,0,3,0,0.0,0.17,0.0,0.0,,0,0,2797,ch SUI,DF,es La Liga,32,1992,23,1547,67,45.2,17.2,18,84,14,5,7,11,1.91,32,17,+15,0.87,1.06,2252,ch SUI,DF,es La Liga,32,1992,17.2,0,0,0,11,5,0,15,8,14,0
412363,2024-06-07,110000000,Real Madrid,418,ES1,Rodrygo,2253,br BRA,"MF,FW",Real Madrid,es La Liga,24.0,2001,19,6,684,7.6,1,3,4,1,0,0,3,0,0.53,,,,,,,,,,,,,,,,,,,,,,,,,2253,br BRA,"MF,FW",es La Liga,24,2001,7.6,1,27,11,40.7,3.55,1.45,0.04,0.09,0,0,2798,br BRA,"MF,FW",es La Liga,24,2001,19,684,36,20.0,7.6,6,75,1,13,18,3,2.21,11,5,+6,0.79,-0.39,2253,br BRA,"MF,FW",es La Liga,24,2001,7.6,3,0,0,5,23,0,42,3,8,0
646991,2024-05-31,600000,NEC Nijmegen,289,GB1,Robin Roefs,2254,nl NED,GK,Sunderland,eng Premier League,22.0,2003,35,35,3150,35.0,0,0,0,0,0,0,4,0,0.0,146,nl NED,GK,eng Premier League,22,2003,35,35,3150,35.0,46,1.31,151,108,70.9,12,12,11,10,28.6,3,2,1,0,2254,nl NED,GK,eng Premier League,22,2003,35.0,0,0,0,,0.0,0.0,,,0,0,2799,nl NED,GK,eng Premier League,22,2003,35,3150,90,92.1,35.0,35,90,35,0,,0,1.37,39,46,-7,-0.2,-0.53,2254,nl NED,GK,eng Premier League,22,2003,35.0,4,0,0,0,14,0,0,0,0,0
503743,2025-12-09,70000000,Aston Villa,405,GB1,Morgan Rogers,2255,eng ENG,MF,Aston Villa,eng Premier League,23.0,2002,37,37,3280,36.4,10,6,16,10,0,0,7,0,0.44,,,,,,,,,,,,,,,,,,,,,,,,,2255,eng ENG,MF,eng Premier League,23,2002,36.4,10,84,32,38.1,2.3,0.88,0.12,0.31,0,0,2802,eng ENG,MF,eng Premier League,23,2002,37,3280,89,95.9,36.4,37,89,32,0,,0,1.68,53,48,+5,0.14,-1.15,2255,eng ENG,MF,eng Premier League,23,2002,36.4,7,0,0,46,49,3,51,13,23,0
608832,2025-12-09,16000000,Everton FC,29,GB1,Merlin Röhl,2256,de GER,MF,Freiburg,de Bundesliga,23.0,2002,2,0,66,0.7,0,0,0,0,0,0,0,0,0.0,,,,,,,,,,,,,,,,,,,,,,,,,2256,de GER,MF,de Bundesliga,23,2002,0.7,0,0,0,,0.0,0.0,,,0,0,2803,de GER,MF,de Bundesliga,23,2002,2,66,33,2.2,0.7,0,,0,2,33,0,0.0,1,3,-2,-2.73,-2.61,2256,de GER,MF,de Bundesliga,23,2002,0.7,0,0,0,2,0,0,1,0,1,0
608832,2025-12-09,16000000,Everton FC,29,GB1,Merlin Röhl,2257,de GER,MF,Everton,eng Premier League,23.0,2002,16,6,682,7.6,1,0,1,1,0,0,0,0,0.13,,,,,,,,,,,,,,,,,,,,,,,,,2257,de GER,MF,eng Premier League,23,2002,7.6,1,11,1,9.1,1.45,0.13,0.09,1.0,0,0,2804,de GER,MF,eng Premier League,23,2002,16,682,43,19.9,7.6,6,83,2,10,19,11,1.06,12,13,-1,-0.13,-0.07,2257,de GER,MF,eng Premier League,23,2002,7.6,0,0,0,20,7,2,5,4,13,0
256678,2023-06-15,400000,US Sassuolo,6574,IT1,Filippo Romagna,2258,it ITA,DF,Sassuolo,it Serie A,28.0,1997,5,4,313,3.5,0,0,0,0,0,0,0,0,0.0,,,,,,,,,,,,,,,,,,,,,,,,,2258,it ITA,DF,it Serie A,28,1997,3.5,0,2,0,0.0,0.58,0.0,0.0,,0,0,2805,it ITA,DF,it Serie A,28,1997,5,313,63,9.2,3.5,4,65,1,1,55,17,1.4,4,4,0,0.0,0.12,2258,it ITA,DF,it Serie A,28,1997,3.5,0,0,0,0,1,0,1,5,1,0
197747,2025-12-23,7000000,SS Lazio,398,IT1,Alessio Romagnoli,2259,it ITA,DF,Lazio,it Serie A,30.0,1995,32,31,2666,29.6,0,0,0,0,0,0,6,1,0.0,,,,,,,,,,,,,,,,,,,,,,,,,2259,it ITA,DF,it Serie A,30,1995,29.6,0,9,4,44.4,0.3,0.14,0.0,0.0,0,0,2806,it ITA,DF,it Serie A,30,1995,32,2666,83,78.0,29.6,31,86,27,1,14,0,1.41,28,30,-2,-0.07,-0.43,2259,it ITA,DF,it Serie A,30,1995,29.6,6,1,0,18,15,0,2,32,14,0
562742,2025-12-12,5000000,RCD Mallorca,237,ES1,Leo Román,2260,es ESP,GK,Mallorca,es La Liga,25.0,2000,33,33,2970,33.0,0,0,0,0,0,0,4,0,0.0,147,es ESP,GK,es La Liga,25,2000,33,33,2970,33.0,50,1.52,142,99,69.0,10,7,16,4,12.1,8,6,1,1,2260,es ESP,GK,es La Liga,25,2000,33.0,0,0,0,,0.0,0.0,,,0,0,2807,es ESP,GK,es La Liga,25,2000,33,2970,90,86.8,33.0,33,90,33,0,,0,1.12,43,50,-7,-0.21,0.39,2260,es ESP,GK,es La Liga,25,2000,33.0,4,0,0,1,2,0,0,1,1,0
911224,2025-06-27,500000,Roma U20,11997,,Alessandro Romano,2262,ch SUI,MF,Roma,it Serie A,19.0,2006,2,0,8,0.1,0,0,0,0,0,0,0,0,0.0,,,,,,,,,,,,,,,,,,,,,,,,,2262,ch SUI,MF,it Serie A,19,2006,0.1,0,0,0,,0.0,0.0,,,0,0,2809,ch SUI,MF,it Serie A,19,2006,2,8,4,0.2,0.1,0,,0,2,4,2,3.0,0,0,0,0.0,-0.74,2262,ch SUI,MF,it Serie A,19,2006,0.1,0,0,0,2,0,0,0,0,0,0
709372,2024-06-07,1500000,Villarreal CF B,714,ES1,Carlos Romero,2263,es ESP,DF,Espanyol,es La Liga,23.0,2001,36,36,3191,35.5,6,3,9,6,0,0,4,0,0.25,,,,,,,,,,,,,,,,,,,,,,,,,2263,es ESP,DF,es La Liga,23,2001,35.5,6,42,12,28.6,1.18,0.34,0.14,0.5,0,0,2811,es ESP,DF,es La Liga,23,2001,36,3191,89,93.3,35.5,36,89,32,0,,0,1.28,41,47,-6,-0.17,2.19,2263,es ESP,DF,es La Liga,23,2001,35.5,4,0,0,40,19,1,89,38,60,0
355915,2025-12-09,60000000,Tottenham Hotspur,148,GB1,Cristian Romero,2264,ar ARG,DF,Tottenham Hotspur,eng Premier League,27.0,1998,23,22,1868,20.8,4,1,5,4,0,0,11,2,0.24,,,,,,,,,,,,,,,,,,,,,,,,,2264,ar ARG,DF,eng Premier League,27,1998,20.8,4,17,6,35.3,0.82,0.29,0.24,0.67,0,0,2813,ar ARG,DF,eng Premier League,27,1998,23,1868,81,54.6,20.8,22,84,15,1,31,0,1.0,26,31,-5,-0.24,-0.01,2264,ar ARG,DF,eng Premier League,27,1998,20.8,11,2,1,32,16,1,1,31,30,0
687609,2024-06-07,18000000,Sevilla FC,368,ES1,Isaac Romero,2265,es ESP,"FW,MF",Sevilla,es La Liga,25.0,2000,29,18,1484,16.5,4,0,4,4,0,1,6,1,0.24,,,,,,,,,,,,,,,,,,,,,,,,,2265,es ESP,"FW,MF",es La Liga,25,2000,16.5,4,41,14,34.1,2.49,0.85,0.1,0.29,0,1,2814,es ESP,"FW,MF",es La Liga,25,2000,29,1484,51,43.4,16.5,18,69,1,11,22,4,1.0,16,21,-5,-0.3,0.12,2265,es ESP,"FW,MF",es La Liga,25,2000,16.5,6,1,0,29,24,5,10,5,10,0
628886,2023-06-14,800000,CD Tenerife,3368,ES1,Iván Romero,2266,es ESP,"FW,MF",Levante,es La Liga,24.0,2001,32,28,2259,25.1,7,1,8,7,0,1,5,0,0.32,,,,,,,,,,,,,,,,,,,,,,,,,2266,es ESP,"FW,MF",es La Liga,24,2001,25.1,7,59,18,30.5,2.35,0.72,0.12,0.39,0,1,2815,es ESP,"FW,MF",es La Liga,24,2001,32,2259,71,66.1,25.1,28,77,4,4,25,3,1.16,27,31,-4,-0.16,0.62,2266,es ESP,"FW,MF",es La Liga,24,2001,25.1,5,0,0,41,77,7,21,12,22,0
741142,2025-12-10,2000000,Club Brugge KV,3709,ES1,Zaid Romero,2267,ar ARG,DF,Getafe,es La Liga,25.0,1999,15,15,1349,15.0,1,0,1,1,0,0,5,1,0.07,,,,,,,,,,,,,,,,,,,,,,,,,2267,ar ARG,DF,es La Liga,25,1999,15.0,1,10,2,20.0,0.67,0.13,0.1,0.5,0,0,2816,ar ARG,DF,es La Liga,25,1999,15,1349,90,39.4,15.0,15,90,14,0,,0,1.8,16,8,+8,0.53,1.14,2267,ar ARG,DF,es La Liga,25,1999,15.0,5,1,1,11,12,0,4,28,23,0
520462,2023-11-27,450000,Criciúma Esporte Clube,7378,PO1,Rômulo,2268,br BRA,FW,RB Leipzig,de Bundesliga,23.0,2002,30,27,2188,24.3,9,4,13,9,0,1,3,0,0.53,,,,,,,,,,,,,,,,,,,,,,,,,2268,br BRA,FW,de Bundesliga,23,2002,24.3,9,63,27,42.9,2.59,1.11,0.14,0.33,0,1,2817,br BRA,FW,de Bundesliga,23,2002,30,2188,73,71.5,24.3,27,78,4,3,30,0,1.93,47,27,+20,0.82,0.93,2268,br BRA,FW,de Bundesliga,23,2002,24.3,3,0,0,20,20,8,0,11,19,1
80197,2023-10-04,1000000,CA River Plate,4035,MEX1,Salomón Rondón,2269,ve VEN,FW,Oviedo,es La Liga,35.0,1989,16,13,1032,11.5,2,0,2,2,0,1,2,0,0.17,,,,,,,,,,,,,,,,,,,,,,,,,2269,ve VEN,FW,es La Liga,35,1989,11.5,2,24,5,20.8,2.09,0.44,0.08,0.4,0,1,2818,ve VEN,FW,es La Liga,35,1989,16,1032,65,30.2,11.5,13,75,4,3,18,1,0.69,6,17,-11,-0.96,-0.09,2269,ve VEN,FW,es La Liga,35,1989,11.5,2,0,0,11,21,12,2,1,0,0
332889,2025-12-15,9000000,Stade Rennais FC,273,FR1,Valentin Rongier,2270,fr FRA,MF,Rennes,fr Ligue 1,30.0,1994,31,31,2745,30.5,2,5,7,2,0,0,6,0,0.23,,,,,,,,,,,,,,,,,,,,,,,,,2270,fr FRA,MF,fr Ligue 1,30,1994,30.5,2,22,10,45.5,0.72,0.33,0.09,0.2,0,0,2819,fr FRA,MF,fr Ligue 1,30,1994,31,2745,89,89.7,30.5,31,89,30,0,,1,1.77,56,44,+12,0.39,1.25,2270,fr FRA,MF,fr Ligue 1,30,1994,30.5,6,0,0,48,26,0,21,36,48,0
133179,2024-06-05,7000000,Atalanta BC,800,IT1,Marten de Roon,2271,nl NED,MF,Atalanta,it Serie A,34.0,1991,34,32,2691,29.9,1,2,3,1,0,0,8,1,0.1,,,,,,,,,,,,,,,,,,,,,,,,,2271,nl NED,MF,it Serie A,34,1991,29.9,1,16,4,25.0,0.54,0.13,0.06,0.25,0,0,2820,nl NED,MF,it Serie A,34,1991,34,2691,79,78.7,29.9,32,82,18,2,35,1,1.62,42,27,+15,0.5,0.5,2271,nl NED,MF,it Serie A,34,1991,29.9,8,1,1,37,11,0,13,26,44,0
370791,2025-12-18,8000000,FC Porto,720,PO1,Pablo Rosario,2272,do DOM,"DF,MF",Nice,fr Ligue 1,28.0,1997,1,0,28,0.3,0,0,0,0,0,0,0,0,0.0,,,,,,,,,,,,,,,,,,,,,,,,,2272,do DOM,"DF,MF",fr Ligue 1,28,1997,0.3,0,2,1,50.0,6.43,3.21,0.0,0.0,0,0,2821,do DOM,"DF,MF",fr Ligue 1,28,1997,1,28,28,0.9,0.3,0,,0,1,28,0,3.0,1,0,+1,3.21,3.93,2272,do DOM,"DF,MF",fr Ligue 1,28,1997,0.3,0,0,0,0,0,0,0,0,0,0
599419,2025-12-19,8000000,SC Freiburg,60,L1,Max Rosenfelder,2273,de GER,DF,Freiburg,de Bundesliga,22.0,2003,12,5,492,5.5,0,0,0,0,0,0,0,0,0.0,,,,,,,,,,,,,,,,,,,,,,,,,2273,de GER,DF,de Bundesliga,22,2003,5.5,0,1,0,0.0,0.18,0.0,0.0,,0,0,2822,de GER,DF,de Bundesliga,22,2003,12,492,41,16.1,5.5,5,81,3,7,12,2,1.25,6,8,-2,-0.37,-0.23,2273,de GER,DF,de Bundesliga,22,2003,5.5,0,0,0,2,5,1,0,5,5,1
441170,2025-12-12,3000000,CA Osasuna,331,ES1,Valentin Rosier,2275,fr FRA,"DF,MF",Osasuna,es La Liga,28.0,1996,31,30,2547,28.3,1,1,2,1,0,0,6,1,0.07,,,,,,,,,,,,,,,,,,,,,,,,,2275,fr FRA,"DF,MF",es La Liga,28,1996,28.3,1,19,3,15.8,0.67,0.11,0.05,0.33,0,0,2824,fr FRA,"DF,MF",es La Liga,28,1996,31,2547,82,74.5,28.3,30,84,22,1,22,1,1.16,29,37,-8,-0.28,-0.49,2275,fr FRA,"DF,MF",es La Liga,28,1996,28.3,6,1,1,33,20,3,46,43,32,0
798043,2025-12-19,10000000,1.FC Union Berlin,89,L1,Tom Rothe,2276,de GER,"MF,DF",Union Berlin,de Bundesliga,20.0,2004,21,10,1029,11.4,2,0,2,2,0,0,1,1,0.17,,,,,,,,,,,,,,,,,,,,,,,,,2276,de GER,"MF,DF",de Bundesliga,20,2004,11.4,2,19,5,26.3,1.66,0.44,0.11,0.4,0,0,2826,de GER,"MF,DF",de Bundesliga,20,2004,21,1029,49,33.6,11.4,10,81,5,11,20,1,1.1,17,22,-5,-0.44,-0.04,2276,de GER,"MF,DF",de Bundesliga,20,2004,11.4,1,1,0,10,6,2,35,21,15,0
690799,2025-12-15,9000000,Stade Rennais FC,273,FR1,Anthony Rouault,2277,fr FRA,DF,Rennes,fr Ligue 1,24.0,2001,21,19,1724,19.2,1,0,1,1,0,0,4,0,0.05,,,,,,,,,,,,,,,,,,,,,,,,,2277,fr FRA,DF,fr Ligue 1,24,2001,19.2,1,9,3,33.3,0.47,0.16,0.11,0.33,0,0,2828,fr FRA,DF,fr Ligue 1,24,2001,21,1724,82,56.3,19.2,19,88,17,2,23,11,1.71,30,23,+7,0.37,0.23,2277,fr FRA,DF,fr Ligue 1,24,2001,19.2,4,0,0,26,8,0,0,18,13,0
525704,2025-12-23,28000000,SS Lazio,398,IT1,Nicolò Rovella,2278,it ITA,MF,Lazio,it Serie A,23.0,2001,11,6,512,5.7,0,1,1,0,0,0,2,1,0.18,,,,,,,,,,,,,,,,,,,,,,,,,2278,it ITA,MF,it Serie A,23,2001,5.7,0,1,0,0.0,0.18,0.0,0.0,,0,0,2832,it ITA,MF,it Serie A,23,2001,11,512,47,15.0,5.7,6,60,1,5,31,5,0.91,7,6,+1,0.18,0.18,2278,it ITA,MF,it Serie A,23,2001,5.7,2,1,0,7,12,0,11,9,10,0
672381,2023-06-01,500000,Norwich City,1025,IT1,Jonathan Rowe,2279,eng ENG,"MF,FW",Bologna,it Serie A,22.0,2003,28,17,1605,17.8,3,2,5,3,0,0,2,0,0.28,,,,,,,,,,,,,,,,,,,,,,,,,2279,eng ENG,"MF,FW",it Serie A,22,2003,17.8,3,48,17,35.4,2.69,0.95,0.06,0.18,0,0,2834,eng ENG,"MF,FW",it Serie A,22,2003,28,1605,57,46.9,17.8,17,76,3,11,29,8,1.32,21,20,+1,0.06,-0.04,2279,eng ENG,"MF,FW",it Serie A,22,2003,17.8,2,0,0,23,50,4,53,9,14,0
672381,2023-06-01,500000,Norwich City,1025,IT1,Jonathan Rowe,2280,eng ENG,FW,Marseille,fr Ligue 1,22.0,2003,1,1,62,0.7,0,0,0,0,0,0,0,0,0.0,,,,,,,,,,,,,,,,,,,,,,,,,2280,eng ENG,FW,fr Ligue 1,22,2003,0.7,0,5,0,0.0,7.26,0.0,0.0,,0,0,2835,eng ENG,FW,fr Ligue 1,22,2003,1,62,62,2.0,0.7,1,62,0,0,,0,0.0,0,0,0,0.0,-0.54,2280,eng ENG,FW,fr Ligue 1,22,2003,0.7,0,0,0,2,2,0,4,1,0,0
257732,2025-12-23,12000000,SSC Napoli,6195,IT1,Amir Rrahmani,2282,xk KVX,DF,Napoli,it Serie A,31.0,1994,21,21,1795,19.9,2,1,3,2,0,0,2,0,0.15,,,,,,,,,,,,,,,,,,,,,,,,,2282,xk KVX,DF,it Serie A,31,1994,19.9,2,15,4,26.7,0.75,0.2,0.13,0.5,0,0,2838,xk KVX,DF,it Serie A,31,1994,21,1795,85,52.5,19.9,21,85,16,0,,3,2.0,32,15,+17,0.85,0.58,2282,xk KVX,DF,it Serie A,31,1994,19.9,2,0,0,20,16,2,1,22,12,0
86202,2024-06-07,25000000,Real Madrid,418,ES1,Antonio Rüdiger,2284,de GER,DF,Real Madrid,es La Liga,32.0,1993,18,16,1490,16.6,1,0,1,1,0,0,0,0,0.06,,,,,,,,,,,,,,,,,,,,,,,,,2284,de GER,DF,es La Liga,32,1993,16.6,1,13,1,7.7,0.79,0.06,0.08,1.0,0,0,2841,de GER,DF,es La Liga,32,1993,18,1490,83,43.6,16.6,16,86,13,2,57,5,2.11,32,16,+16,0.97,-0.25,2284,de GER,DF,es La Liga,32,1993,16.6,0,0,0,11,2,2,2,4,5,0
652331,2024-06-24,250000,RC Celta Fortuna,940,ES1,Javi Rueda,2285,es ESP,MF,Celta Vigo,es La Liga,23.0,2002,26,16,1404,15.6,2,6,8,2,0,0,6,0,0.51,,,,,,,,,,,,,,,,,,,,,,,,,2285,es ESP,MF,es La Liga,23,2002,15.6,2,11,3,27.3,0.71,0.19,0.18,0.67,0,0,2842,es ESP,MF,es La Liga,23,2002,26,1404,54,41.1,15.6,16,73,5,10,24,8,1.42,19,15,+4,0.26,0.21,2285,es ESP,MF,es La Liga,23,2002,15.6,6,0,0,25,21,3,27,20,12,0
162959,2025-12-23,2000000,Juventus FC,430,IT1,Daniele Rugani,2286,it ITA,DF,Fiorentina,it Serie A,31.0,1994,6,4,327,3.6,0,0,0,0,0,0,2,0,0.0,,,,,,,,,,,,,,,,,,,,,,,,,2286,it ITA,DF,it Serie A,31,1994,3.6,0,1,0,0.0,0.28,0.0,0.0,,0,0,2843,it ITA,DF,it Serie A,31,1994,6,327,55,9.6,3.6,4,79,2,2,6,7,1.83,2,3,-1,-0.28,-0.04,2286,it ITA,DF,it Serie A,31,1994,3.6,2,0,0,7,0,0,0,5,4,0
162959,2025-12-23,2000000,Juventus FC,430,IT1,Daniele Rugani,2287,it ITA,DF,Juventus,it Serie A,31.0,1994,6,3,250,2.8,0,0,0,0,0,0,0,0,0.0,,,,,,,,,,,,,,,,,,,,,,,,,2287,it ITA,DF,it Serie A,31,1994,2.8,0,0,0,,0.0,0.0,,,0,0,2844,it ITA,DF,it Serie A,31,1994,6,250,42,7.3,2.8,3,71,0,3,13,7,1.83,2,3,-1,-0.36,-1.15,2287,it ITA,DF,it Serie A,31,1994,2.8,0,0,0,2,0,0,0,5,3,0
616631,2025-12-12,15000000,Atlético de Madrid,13,ES1,Matteo Ruggeri,2288,it ITA,DF,Atlético Madrid,es La Liga,23.0,2002,26,20,1774,19.7,0,3,3,0,0,0,4,0,0.15,,,,,,,,,,,,,,,,,,,,,,,,,2288,it ITA,DF,es La Liga,23,2002,19.7,0,5,2,40.0,0.25,0.1,0.0,0.0,0,0,2845,it ITA,DF,es La Liga,23,2002,26,1774,68,51.9,19.7,20,81,13,6,27,11,1.69,33,23,+10,0.51,0.07,2288,it ITA,DF,es La Liga,23,2002,19.7,4,0,0,28,2,1,86,20,23,0
378139,2025-12-12,3500000,Real Betis Balompié,150,ES1,Aitor Ruibal,2289,es ESP,"DF,MF",Real Betis,es La Liga,29.0,1996,27,20,1808,20.1,4,2,6,4,0,0,6,1,0.3,,,,,,,,,,,,,,,,,,,,,,,,,2289,es ESP,"DF,MF",es La Liga,29,1996,20.1,4,31,12,38.7,1.54,0.6,0.13,0.33,0,0,2846,es ESP,"DF,MF",es La Liga,29,1996,27,1808,67,52.9,20.1,20,80,9,7,29,4,1.67,30,21,+9,0.45,0.34,2289,es ESP,"DF,MF",es La Liga,29,1996,20.1,6,1,1,32,25,1,31,20,32,0
340376,2025-12-12,3000000,Girona FC,12321,ES1,Abel Ruiz,2290,es ESP,FW,Girona,es La Liga,25.0,2000,9,0,187,2.1,0,0,0,0,0,0,0,0,0.0,,,,,,,,,,,,,,,,,,,,,,,,,2290,es ESP,FW,es La Liga,25,2000,2.1,0,5,1,20.0,2.41,0.48,0.0,0.0,0,0,2847,es ESP,FW,es La Liga,25,2000,9,187,21,5.5,2.1,0,,0,9,21,11,1.44,3,0,+3,1.44,1.97,2290,es ESP,FW,es La Liga,25,2000,2.1,0,0,0,2,1,1,2,1,1,0
229604,2025-12-15,9000000,Olympique Marseille,244,FR1,Gerónimo Rulli,2292,ar ARG,GK,Marseille,fr Ligue 1,33.0,1992,29,29,2610,29.0,0,0,0,0,0,0,3,0,0.0,148,ar ARG,GK,fr Ligue 1,33,1992,29,29,2610,29.0,34,1.17,105,76,72.4,15,5,9,8,27.6,6,5,0,1,2292,ar ARG,GK,fr Ligue 1,33,1992,29.0,0,1,0,0.0,0.03,0.0,0.0,,0,0,2849,ar ARG,GK,fr Ligue 1,33,1992,29,2610,90,85.3,29.0,29,90,29,0,,3,1.77,53,35,+18,0.62,0.62,2292,ar ARG,GK,fr Ligue 1,33,1992,29.0,3,0,0,1,14,0,0,0,0,0
1055860,2025-12-30,300000,Real Sociedad B,9899,,Iñaki Rupérez,2293,es ESP,DF,Real Sociedad,es La Liga,22.0,2003,1,0,1,0.0,0,0,0,0,0,0,0,0,0.0,,,,,,,,,,,,,,,,,,,,,,,,,2293,es ESP,DF,es La Liga,22,2003,0.0,0,0,0,,0.0,0.0,,,0,0,2850,es ESP,DF,es La Liga,22,2003,1,1,1,0.0,0.0,0,,0,1,1,0,1.0,0,0,0,0.0,0.05,2293,es ESP,DF,es La Liga,22,2003,0.0,0,0,0,0,0,0,0,0,0,0
538977,2025-12-09,32000000,Brighton & Hove Albion,1237,GB1,Georginio Rutter,2295,fr FRA,"MF,FW",Brighton,eng Premier League,23.0,2002,32,20,1786,19.8,3,3,6,3,0,0,2,0,0.3,,,,,,,,,,,,,,,,,,,,,,,,,2295,fr FRA,"MF,FW",eng Premier League,23,2002,19.8,3,42,14,33.3,2.12,0.71,0.07,0.21,0,0,2852,fr FRA,"MF,FW",eng Premier League,23,2002,32,1786,56,52.2,19.8,20,78,4,12,19,4,1.38,27,20,+7,0.35,0.41,2295,fr FRA,"MF,FW",eng Premier League,23,2002,19.8,2,0,0,30,34,11,20,11,19,1
128969,2025-12-12,2000000,Levante UD,3368,ES1,Mathew Ryan,2296,au AUS,GK,Levante,es La Liga,33.0,1992,36,36,3240,36.0,0,0,0,0,0,0,4,0,0.0,149,au AUS,GK,es La Liga,33,1992,36,36,3240,36.0,56,1.56,176,124,69.9,11,9,16,9,25.0,4,3,1,0,2296,au AUS,GK,es La Liga,33,1992,36.0,0,2,0,0.0,0.06,0.0,0.0,,0,0,2853,au AUS,GK,es La Liga,33,1992,36,3240,90,94.7,36.0,36,90,36,0,,0,1.17,44,56,-12,-0.33,0.67,2296,au AUS,GK,es La Liga,33,1992,36.0,4,0,0,0,1,0,0,1,1,0
370789,2025-12-19,20000000,Borussia Dortmund,16,L1,Julian Ryerson,2297,no NOR,MF,Dortmund,de Bundesliga,27.0,1997,31,26,2266,25.2,0,15,15,0,0,0,8,0,0.6,,,,,,,,,,,,,,,,,,,,,,,,,2297,no NOR,MF,de Bundesliga,27,1997,25.2,0,12,1,8.3,0.48,0.04,0.0,0.0,0,0,2854,no NOR,MF,de Bundesliga,27,1997,31,2266,73,74.1,25.2,26,84,15,5,17,2,2.23,48,21,+27,1.07,0.05,2297,no NOR,MF,de Bundesliga,27,1997,25.2,8,0,0,26,21,4,250,12,21,0
249994,2025-12-09,5000000,Wolverhampton Wanderers,543,GB1,José Sá,2300,pt POR,GK,Wolves,eng Premier League,32.0,1993,23,23,2070,23.0,0,0,0,0,0,0,2,0,0.0,151,pt POR,GK,eng Premier League,32,1993,23,23,2070,23.0,37,1.61,99,65,65.7,3,8,12,4,17.4,3,3,0,0,2300,pt POR,GK,eng Premier League,32,1993,23.0,0,0,0,,0.0,0.0,,,0,0,2857,pt POR,GK,eng Premier League,32,1993,23,2070,90,60.5,23.0,23,90,23,0,,11,0.74,20,37,-17,-0.74,0.86,2300,pt POR,GK,eng Premier League,32,1993,23.0,2,0,0,0,6,0,0,0,0,0
167491,2025-12-23,1400000,Genoa CFC,252,IT1,Stefano Sabelli,2303,it ITA,"MF,DF",Genoa,it Serie A,32.0,1993,16,12,913,10.1,0,0,0,0,0,0,0,0,0.0,,,,,,,,,,,,,,,,,,,,,,,,,2303,it ITA,"MF,DF",it Serie A,32,1993,10.1,0,8,0,0.0,0.79,0.0,0.0,,0,0,2860,it ITA,"MF,DF",it Serie A,32,1993,16,913,57,26.7,10.1,12,73,1,4,10,22,1.56,9,10,-1,-0.1,0.22,2303,it ITA,"MF,DF",it Serie A,32,1993,10.1,0,0,0,6,19,0,27,3,14,1
340394,2024-06-04,2200000,Al-Fayha FC,430,IT1,Abdelhamid Sabiri,2304,ma MAR,MF,Fiorentina,it Serie A,28.0,1996,1,0,27,0.3,0,0,0,0,0,0,0,0,0.0,,,,,,,,,,,,,,,,,,,,,,,,,2304,ma MAR,MF,it Serie A,28,1996,0.3,0,1,0,0.0,3.33,0.0,0.0,,0,0,2862,ma MAR,MF,it Serie A,28,1996,1,27,27,0.8,0.3,0,,0,1,27,6,1.0,2,0,+2,6.67,6.96,2304,ma MAR,MF,it Serie A,28,1996,0.3,0,0,0,1,1,0,4,0,2,0
106987,2025-12-19,7000000,Borussia Dortmund,16,L1,Marcel Sabitzer,2305,at AUT,MF,Dortmund,de Bundesliga,31.0,1994,26,21,1817,20.2,1,2,3,1,0,0,3,0,0.15,,,,,,,,,,,,,,,,,,,,,,,,,2305,at AUT,MF,de Bundesliga,31,1994,20.2,1,20,4,20.0,0.99,0.2,0.05,0.25,0,0,2863,at AUT,MF,de Bundesliga,31,1994,26,1817,70,59.4,20.2,21,83,11,5,16,3,2.04,39,22,+17,0.84,-0.53,2305,at AUT,MF,de Bundesliga,31,1994,20.2,3,0,0,20,17,3,37,20,19,0
727089,2024-06-04,5000000,Union Saint-Gilloise,289,GB1,Noah Sadiki,2306,cd COD,MF,Sunderland,eng Premier League,20.0,2004,33,33,2889,32.1,0,1,1,0,0,0,9,0,0.03,,,,,,,,,,,,,,,,,,,,,,,,,2306,cd COD,MF,eng Premier League,20,2004,32.1,0,19,5,26.3,0.59,0.16,0.0,0.0,0,0,2866,cd COD,MF,eng Premier League,20,2004,33,2889,88,84.5,32.1,33,88,26,0,,0,1.52,37,42,-5,-0.16,0.01,2306,cd COD,MF,eng Premier League,20,2004,32.1,9,0,0,31,40,2,21,33,26,0
337715,2025-12-12,4000000,Real Sociedad,1049,ES1,Umar Sadiq,2307,ng NGA,FW,Valencia,es La Liga,28.0,1997,20,8,911,10.1,4,2,6,4,0,0,3,0,0.59,,,,,,,,,,,,,,,,,,,,,,,,,2307,ng NGA,FW,es La Liga,28,1997,10.1,4,25,10,40.0,2.47,0.99,0.16,0.4,0,0,2867,ng NGA,FW,es La Liga,28,1997,20,911,46,26.6,10.1,8,79,4,12,23,0,1.65,18,14,+4,0.4,0.86,2307,ng NGA,FW,es La Liga,28,1997,10.1,3,0,0,30,19,13,5,1,5,0
337715,2025-12-12,4000000,Real Sociedad,1049,ES1,Umar Sadiq,2308,ng NGA,FW,Real Sociedad,es La Liga,28.0,1997,5,2,153,1.7,0,0,0,0,0,0,1,0,0.0,,,,,,,,,,,,,,,,,,,,,,,,,2308,ng NGA,FW,es La Liga,28,1997,1.7,0,4,0,0.0,2.35,0.0,0.0,,0,0,2868,ng NGA,FW,es La Liga,28,1997,5,153,31,4.5,1.7,2,55,0,3,14,6,0.8,1,2,-1,-0.59,-0.56,2308,ng NGA,FW,es La Liga,28,1997,1.7,1,0,0,2,2,2,1,0,0,0
381950,2024-06-05,12000000,Bologna FC 1909,5,IT1,Alexis Saelemaekers,2309,be BEL,MF,Milan,it Serie A,26.0,1999,35,33,2788,31.0,3,3,6,3,0,0,5,0,0.19,,,,,,,,,,,,,,,,,,,,,,,,,2309,be BEL,MF,it Serie A,26,1999,31.0,3,43,11,25.6,1.39,0.36,0.07,0.27,0,0,2870,be BEL,MF,it Serie A,26,1999,35,2788,80,81.5,31.0,33,83,16,2,32,0,1.74,39,30,+9,0.29,-0.99,2309,be BEL,MF,it Serie A,26,1999,31.0,5,0,0,26,64,2,82,30,38,0
580657,2025-12-15,10000000,LOSC Lille,1082,FR1,Osame Sahraoui,2312,ma MAR,MF,Lille,fr Ligue 1,24.0,2001,18,4,505,5.6,1,2,3,1,0,0,0,0,0.53,,,,,,,,,,,,,,,,,,,,,,,,,2312,ma MAR,MF,fr Ligue 1,24,2001,5.6,1,12,4,33.3,2.14,0.71,0.08,0.25,0,0,2873,ma MAR,MF,fr Ligue 1,24,2001,18,505,28,16.5,5.6,4,64,0,14,18,3,1.61,12,6,+6,1.07,0.75,2312,ma MAR,MF,fr Ligue 1,24,2001,5.6,0,0,0,4,25,1,3,4,3,0
182916,2025-12-15,4000000,RC Lens,826,FR1,Wesley Saïd,2313,fr FRA,MF,Lens,fr Ligue 1,30.0,1995,29,26,1991,22.1,12,2,14,11,1,1,2,0,0.59,,,,,,,,,,,,,,,,,,,,,,,,,2313,fr FRA,MF,fr Ligue 1,30,1995,22.1,12,60,27,45.0,2.71,1.22,0.18,0.41,1,1,2875,fr FRA,MF,fr Ligue 1,30,1995,29,1991,69,65.1,22.1,26,73,2,3,29,1,2.17,39,21,+18,0.81,-0.28,2313,fr FRA,MF,fr Ligue 1,30,1995,22.1,2,0,0,37,13,13,22,9,15,0
272642,2023-10-24,24000000,Al-Ahli SFC,826,FR1,Allan Saint-Maximin,2314,fr FRA,MF,Lens,fr Ligue 1,28.0,1997,10,2,410,4.6,3,3,6,3,0,0,0,0,1.32,,,,,,,,,,,,,,,,,,,,,,,,,2314,fr FRA,MF,fr Ligue 1,28,1997,4.6,3,21,3,14.3,4.61,0.66,0.14,1.0,0,0,2876,fr FRA,MF,fr Ligue 1,28,1997,10,410,41,13.4,4.6,2,82,1,8,31,0,1.5,14,6,+8,1.76,0.97,2314,fr FRA,MF,fr Ligue 1,28,1997,4.6,0,0,0,3,7,1,24,0,0,0
433177,2025-12-09,130000000,Arsenal FC,11,GB1,Bukayo Saka,2315,eng ENG,"FW,MF",Arsenal,eng Premier League,23.0,2001,31,25,2222,24.7,7,5,12,6,1,1,2,0,0.45,,,,,,,,,,,,,,,,,,,,,,,,,2315,eng ENG,"FW,MF",eng Premier League,23,2001,24.7,7,71,27,38.0,2.88,1.09,0.08,0.22,1,1,2878,eng ENG,"FW,MF",eng Premier League,23,2001,31,2222,72,65.0,24.7,25,82,15,6,27,1,2.35,46,16,+30,1.22,0.16,2315,eng ENG,"FW,MF",eng Premier League,23,2001,24.7,2,0,0,33,54,14,122,16,19,0
986310,2025-12-11,150000,Rodez AF,11273,,Mathis Saka,2316,fr FRA,FW,Toulouse,fr Ligue 1,18.0,2006,1,0,8,0.1,0,0,0,0,0,0,0,0,0.0,,,,,,,,,,,,,,,,,,,,,,,,,2316,fr FRA,FW,fr Ligue 1,18,2006,0.1,0,0,0,,0.0,0.0,,,0,0,2879,fr FRA,FW,fr Ligue 1,18,2006,1,8,8,0.3,0.1,0,,0,1,8,2,3.0,0,0,0,0.0,-0.03,2316,fr FRA,FW,fr Ligue 1,18,2006,0.1,0,0,0,1,0,0,0,0,0,0
582664,2023-10-13,300000,Córdoba CF,1005,IT1,Álex Sala,2317,es ESP,MF,Lecce,it Serie A,24.0,2001,9,2,167,1.9,0,1,1,0,0,0,0,0,0.54,,,,,,,,,,,,,,,,,,,,,,,,,2317,es ESP,MF,it Serie A,24,2001,1.9,0,4,2,50.0,2.16,1.08,0.0,0.0,0,0,2880,es ESP,MF,it Serie A,24,2001,9,167,19,4.9,1.9,2,52,0,7,9,28,0.0,2,6,-4,-2.16,-1.66,2317,es ESP,MF,it Serie A,24,2001,1.9,0,0,0,6,5,0,11,3,2,0
928323,2025-12-29,2000000,FC Basel 1893,26,C1,Ibrahim Salah,2318,ma MAR,MF,Rennes,fr Ligue 1,23.0,2001,2,0,35,0.4,0,0,0,0,0,0,0,0,0.0,,,,,,,,,,,,,,,,,,,,,,,,,2318,ma MAR,MF,fr Ligue 1,23,2001,0.4,0,1,0,0.0,2.57,0.0,0.0,,0,0,2882,ma MAR,MF,fr Ligue 1,23,2001,2,35,18,1.1,0.4,0,,0,2,18,0,1.5,1,2,-1,-2.57,-2.87,2318,ma MAR,MF,fr Ligue 1,23,2001,0.4,0,0,0,0,2,1,0,0,1,0
148455,2025-12-09,30000000,Liverpool FC,31,GB1,Mohamed Salah,2319,eg EGY,MF,Liverpool,eng Premier League,33.0,1992,27,23,2146,23.8,7,7,14,6,1,1,1,0,0.55,,,,,,,,,,,,,,,,,,,,,,,,,2319,eg EGY,MF,eng Premier League,33,1992,23.8,7,68,19,27.9,2.85,0.8,0.09,0.32,1,1,2883,eg EGY,MF,eng Premier League,33,1992,27,2146,79,62.7,23.8,23,87,16,4,39,2,1.67,40,35,+5,0.21,-0.14,2319,eg EGY,MF,eng Premier League,33,1992,23.8,1,0,0,10,16,14,117,3,12,0
1063574,2025-12-30,500000,Córdoba CF,237,ES1,Jan Salas,2320,es ESP,MF,Mallorca,es La Liga,19.0,2005,2,0,17,0.2,0,0,0,0,0,0,0,0,0.0,,,,,,,,,,,,,,,,,,,,,,,,,2320,es ESP,MF,es La Liga,19,2005,0.2,0,0,0,,0.0,0.0,,,0,0,2884,es ESP,MF,es La Liga,19,2005,2,17,9,0.5,0.2,0,,0,2,9,0,0.5,1,1,0,0.0,0.26,2320,es ESP,MF,es La Liga,19,2005,0.2,0,0,0,0,1,0,0,0,0,0
766583,2025-12-12,6000000,Sevilla FC,368,ES1,Kike Salas,2321,es ESP,DF,Sevilla,es La Liga,23.0,2002,26,24,2203,24.5,2,0,2,2,0,0,1,0,0.08,,,,,,,,,,,,,,,,,,,,,,,,,2321,es ESP,DF,es La Liga,23,2002,24.5,2,19,8,42.1,0.78,0.33,0.11,0.25,0,0,2885,es ESP,DF,es La Liga,23,2002,26,2203,85,64.4,24.5,24,90,23,2,26,8,1.0,26,38,-12,-0.49,-0.34,2321,es ESP,DF,es La Liga,23,2002,24.5,1,0,0,31,20,2,10,37,35,0
242661,2023-06-28,1500000,FC St. Pauli,35,L1,Manolis Saliakas,2322,gr GRE,MF,St Pauli,de Bundesliga,28.0,1996,17,12,1106,12.3,1,3,4,1,0,0,3,0,0.33,,,,,,,,,,,,,,,,,,,,,,,,,2322,gr GRE,MF,de Bundesliga,28,1996,12.3,1,16,3,18.8,1.3,0.24,0.06,0.33,0,0,2888,gr GRE,MF,de Bundesliga,28,1996,17,1106,65,36.1,12.3,12,81,4,5,27,8,1.12,12,21,-9,-0.73,0.28,2322,gr GRE,MF,de Bundesliga,28,1996,12.3,3,0,0,4,7,4,44,13,20,0
495666,2025-12-09,90000000,Arsenal FC,11,GB1,William Saliba,2323,fr FRA,DF,Arsenal,eng Premier League,24.0,2001,31,30,2614,29.0,1,0,1,1,0,0,2,0,0.03,,,,,,,,,,,,,,,,,,,,,,,,,2323,fr FRA,DF,eng Premier League,24,2001,29.0,1,5,1,20.0,0.17,0.03,0.2,1.0,0,0,2889,fr FRA,DF,eng Premier League,24,2001,31,2614,84,76.4,29.0,30,86,28,1,45,0,2.29,60,20,+40,1.38,0.93,2323,fr FRA,DF,eng Premier League,24,2001,29.0,2,0,0,22,16,1,9,15,23,0
819590,2023-06-14,1000000,CD Mirandés,714,ES1,José Salinas,2324,es ESP,DF,Espanyol,es La Liga,24.0,2000,11,2,257,2.9,0,0,0,0,0,0,2,0,0.0,,,,,,,,,,,,,,,,,,,,,,,,,2324,es ESP,DF,es La Liga,24,2000,2.9,0,1,0,0.0,0.35,0.0,0.0,,0,0,2890,es ESP,DF,es La Liga,24,2000,11,257,23,7.5,2.9,2,90,2,9,9,27,1.55,2,9,-7,-2.45,-2.31,2324,es ESP,DF,es La Liga,24,2000,2.9,2,0,0,8,4,0,7,3,2,1
563963,2025-12-15,10000000,AS Monaco,162,FR1,Mohammed Salisu,2325,gh GHA,DF,Monaco,fr Ligue 1,26.0,1999,12,12,1080,12.0,1,0,1,1,0,0,3,0,0.08,,,,,,,,,,,,,,,,,,,,,,,,,2325,gh GHA,DF,fr Ligue 1,26,1999,12.0,1,8,2,25.0,0.67,0.17,0.13,0.5,0,0,2891,gh GHA,DF,fr Ligue 1,26,1999,12,1080,90,35.3,12.0,12,90,12,0,,3,1.17,15,21,-6,-0.5,-1.05,2325,gh GHA,DF,fr Ligue 1,26,1999,12.0,3,0,0,17,3,4,0,19,11,1
191056,2025-12-15,10000000,Stade Rennais FC,273,FR1,Brice Samba,2329,fr FRA,GK,Rennes,fr Ligue 1,31.0,1994,32,32,2880,32.0,0,0,0,0,0,0,5,0,0.0,153,fr FRA,GK,fr Ligue 1,31,1994,32,32,2880,32.0,44,1.37,123,84,67.5,17,8,7,10,31.3,6,4,2,0,2329,fr FRA,GK,fr Ligue 1,31,1994,32.0,0,0,0,,0.0,0.0,,,0,0,2897,fr FRA,GK,fr Ligue 1,31,1994,32,2880,90,94.1,32.0,32,90,32,0,,0,1.84,57,44,+13,0.41,2.41,2329,fr FRA,GK,fr Ligue 1,31,1994,32.0,5,0,0,1,7,0,0,0,1,0
381967,2024-05-27,15000000,Luton Town,41,L1,Albert Sambi Lokonga,2330,be BEL,MF,Hamburger SV,de Bundesliga,25.0,1999,26,20,1710,19.0,5,0,5,5,0,0,3,0,0.26,,,,,,,,,,,,,,,,,,,,,,,,,2330,be BEL,MF,de Bundesliga,25,1999,19.0,5,19,11,57.9,1.0,0.58,0.26,0.45,0,0,2898,be BEL,MF,de Bundesliga,25,1999,26,1710,66,55.9,19.0,20,81,9,6,14,1,1.23,29,29,0,0.0,0.93,2330,be BEL,MF,de Bundesliga,25,1999,19.0,3,0,0,20,27,0,13,13,13,0
234523,2024-06-05,7000000,Torino FC,2239,IT1,Antonio Sanabria,2331,py PAR,FW,Cremonese,it Serie A,29.0,1996,25,10,945,10.5,1,1,2,1,0,0,2,0,0.19,,,,,,,,,,,,,,,,,,,,,,,,,2331,py PAR,FW,it Serie A,29,1996,10.5,1,12,4,33.3,1.14,0.38,0.08,0.25,0,0,2901,py PAR,FW,it Serie A,29,1996,25,945,38,27.6,10.5,10,65,0,15,20,5,1.04,9,12,-3,-0.29,0.51,2331,py PAR,FW,it Serie A,29,1996,10.5,2,0,0,15,15,6,2,1,2,0
571020,2025-12-12,40000000,Athletic Bilbao,621,ES1,Oihan Sancet,2332,es ESP,MF,Athletic Club,es La Liga,25.0,2000,28,22,1788,19.9,4,0,4,2,2,2,4,1,0.1,,,,,,,,,,,,,,,,,,,,,,,,,2332,es ESP,MF,es La Liga,25,2000,19.9,4,48,15,31.3,2.42,0.76,0.04,0.13,2,2,2902,es ESP,MF,es La Liga,25,2000,28,1788,64,52.3,19.9,22,71,2,6,37,0,1.0,17,25,-8,-0.4,-0.02,2332,es ESP,MF,es La Liga,25,2000,19.9,4,1,0,28,28,0,23,3,14,0
40433,2025-12-12,1400000,Sevilla FC,368,ES1,Alexis Sánchez,2334,cl CHI,"FW,MF",Sevilla,es La Liga,36.0,1988,28,11,1308,14.5,4,2,6,3,1,1,3,0,0.34,,,,,,,,,,,,,,,,,,,,,,,,,2334,cl CHI,"FW,MF",es La Liga,36,1988,14.5,4,25,9,36.0,1.72,0.62,0.12,0.33,1,1,2904,cl CHI,"FW,MF",es La Liga,36,1988,28,1308,47,38.2,14.5,11,74,3,17,29,3,1.14,20,32,-12,-0.83,-0.74,2334,cl CHI,"FW,MF",es La Liga,36,1988,14.5,3,0,0,16,26,13,25,7,13,0
513031,2025-12-12,2400000,RCD Mallorca,237,ES1,Antonio Sánchez,2335,es ESP,"MF,DF",Mallorca,es La Liga,28.0,1997,30,9,1073,11.9,0,0,0,0,0,0,5,1,0.0,,,,,,,,,,,,,,,,,,,,,,,,,2335,es ESP,"MF,DF",es La Liga,28,1997,11.9,0,6,3,50.0,0.5,0.25,0.0,0.0,0,0,2905,es ESP,"MF,DF",es La Liga,28,1997,30,1073,36,31.4,11.9,9,75,1,21,19,7,1.23,15,21,-6,-0.5,-0.35,2335,es ESP,"MF,DF",es La Liga,28,1997,11.9,5,1,1,16,10,1,29,16,12,0
676042,2025-12-12,15000000,Sevilla FC,368,ES1,Juanlu Sánchez,2336,es ESP,"MF,DF",Sevilla,es La Liga,21.0,2003,32,23,1990,22.1,0,3,3,0,0,0,6,1,0.14,,,,,,,,,,,,,,,,,,,,,,,,,2336,es ESP,"MF,DF",es La Liga,21,2003,22.1,0,14,1,7.1,0.63,0.05,0.0,0.0,0,0,2907,es ESP,"MF,DF",es La Liga,21,2003,32,1990,62,58.2,22.1,23,75,9,9,29,3,0.94,24,36,-12,-0.54,-0.42,2336,es ESP,"MF,DF",es La Liga,21,2003,22.1,6,1,1,23,42,4,59,11,42,0
618809,2024-06-07,8000000,Celta de Vigo,3368,ES1,Manu Sánchez,2338,es ESP,DF,Levante,es La Liga,24.0,2000,33,31,2814,31.3,1,2,3,1,0,0,8,0,0.1,,,,,,,,,,,,,,,,,,,,,,,,,2338,es ESP,DF,es La Liga,24,2000,31.3,1,13,4,30.8,0.42,0.13,0.08,0.25,0,0,2910,es ESP,DF,es La Liga,24,2000,33,2814,85,82.3,31.3,31,88,25,2,38,4,1.15,37,45,-8,-0.26,0.64,2338,es ESP,DF,es La Liga,24,2000,31.3,8,0,0,35,20,2,75,35,54,0
403151,2025-12-09,22000000,Chelsea FC,631,GB1,Robert Sánchez,2339,es ESP,GK,Chelsea,eng Premier League,27.0,1997,35,35,3039,33.8,0,1,1,0,0,0,3,1,0.03,154,es ESP,GK,eng Premier League,27,1997,35,35,3039,33.8,49,1.45,145,97,67.6,13,8,14,9,25.7,2,2,0,0,2339,es ESP,GK,eng Premier League,27,1997,33.8,0,0,0,,0.0,0.0,,,0,0,2911,es ESP,GK,eng Premier League,27,1997,35,3039,87,88.9,33.8,35,87,33,0,,1,1.34,50,47,+3,0.09,-0.62,2339,es ESP,GK,eng Premier League,27,1997,33.8,3,1,0,2,13,0,0,1,0,0
401173,2025-12-09,20000000,Aston Villa,405,GB1,Jadon Sancho,2341,eng ENG,MF,Aston Villa,eng Premier League,25.0,2000,23,9,876,9.7,0,2,2,0,0,0,0,0,0.21,,,,,,,,,,,,,,,,,,,,,,,,,2341,eng ENG,MF,eng Premier League,25,2000,9.7,0,10,3,30.0,1.03,0.31,0.0,0.0,0,0,2913,eng ENG,MF,eng Premier League,25,2000,23,876,38,25.6,9.7,9,67,0,14,20,6,1.74,12,10,+2,0.21,0.03,2341,eng ENG,MF,eng Premier League,25,2000,9.7,0,0,0,3,2,3,23,2,2,0
388409,2025-12-19,4000000,Borussia Mönchengladbach,18,L1,Philipp Sander,2343,de GER,"DF,MF",Gladbach,de Bundesliga,27.0,1998,30,29,2445,27.2,2,0,2,2,0,0,4,0,0.07,,,,,,,,,,,,,,,,,,,,,,,,,2343,de GER,"DF,MF",de Bundesliga,27,1998,27.2,2,25,8,32.0,0.92,0.29,0.08,0.25,0,0,2915,de GER,"DF,MF",de Bundesliga,27,1998,30,2445,82,79.9,27.2,29,83,18,1,30,1,1.0,35,39,-4,-0.15,0.88,2343,de GER,"DF,MF",de Bundesliga,27,1998,27.2,4,0,0,28,14,0,28,50,42,1
393321,2023-08-22,2500000,New York City FC,35,L1,James Sands,2344,us USA,MF,St Pauli,de Bundesliga,25.0,2000,24,23,1934,21.5,1,0,1,1,0,0,4,0,0.05,,,,,,,,,,,,,,,,,,,,,,,,,2344,us USA,MF,de Bundesliga,25,2000,21.5,1,16,4,25.0,0.74,0.19,0.06,0.25,0,0,2916,us USA,MF,de Bundesliga,25,2000,24,1934,81,63.2,21.5,23,84,15,1,11,0,1.0,17,34,-17,-0.79,0.33,2344,us USA,MF,de Bundesliga,25,2000,21.5,4,0,0,26,38,0,9,41,23,0
1111776,2024-06-03,300000,FC Metz,347,FR1,Ibou Sané,2345,sn SEN,"FW,MF",Metz,fr Ligue 1,20.0,2005,16,5,541,6.0,1,1,2,1,0,0,2,0,0.33,,,,,,,,,,,,,,,,,,,,,,,,,2345,sn SEN,"FW,MF",fr Ligue 1,20,2005,6.0,1,6,3,50.0,1.0,0.5,0.17,0.33,0,0,2917,sn SEN,"FW,MF",fr Ligue 1,20,2005,16,541,34,17.7,6.0,5,76,0,11,14,4,0.75,8,11,-3,-0.5,0.97,2345,sn SEN,"FW,MF",fr Ligue 1,20,2005,6.0,2,0,0,9,15,3,14,1,3,0
1111777,2024-06-03,800000,FC Metz,347,FR1,Sadibou Sané,2346,sn SEN,DF,Metz,fr Ligue 1,21.0,2004,23,22,1940,21.6,2,1,3,2,0,0,5,2,0.14,,,,,,,,,,,,,,,,,,,,,,,,,2346,sn SEN,DF,fr Ligue 1,21,2004,21.6,2,6,2,33.3,0.28,0.09,0.33,1.0,0,0,2918,sn SEN,DF,fr Ligue 1,21,2004,23,1940,84,63.4,21.6,22,87,20,1,17,3,0.26,17,48,-31,-1.44,-0.39,2346,sn SEN,DF,fr Ligue 1,21,2004,21.6,5,2,0,22,15,0,4,39,34,1
768380,2024-06-03,10000000,Le Havre AC,738,FR1,Arouna Sangante,2347,sn SEN,DF,Le Havre,fr Ligue 1,23.0,2002,28,28,2324,25.8,1,1,2,1,0,0,4,2,0.08,,,,,,,,,,,,,,,,,,,,,,,,,2347,sn SEN,DF,fr Ligue 1,23,2002,25.8,1,9,5,55.6,0.35,0.19,0.11,0.2,0,0,2919,sn SEN,DF,fr Ligue 1,23,2002,28,2324,83,75.9,25.8,28,83,17,0,,0,1.04,23,33,-10,-0.39,-0.14,2347,sn SEN,DF,fr Ligue 1,23,2002,25.8,4,2,0,42,41,0,8,36,25,0
962125,2025-12-23,1000000,AS Roma,1531,ES1,Buba Sangaré,2348,es ESP,"DF,MF",Elche,es La Liga,17.0,2007,12,8,538,6.0,0,0,0,0,0,0,3,0,0.0,,,,,,,,,,,,,,,,,,,,,,,,,2348,es ESP,"DF,MF",es La Liga,17,2007,6.0,0,2,0,0.0,0.33,0.0,0.0,,0,0,2920,es ESP,"DF,MF",es La Liga,17,2007,12,538,45,15.7,6.0,8,62,0,4,10,3,1.42,6,9,-3,-0.5,-0.35,2348,es ESP,"DF,MF",es La Liga,17,2007,6.0,3,0,0,23,7,0,12,8,12,0
375885,2025-12-09,22000000,Nottingham Forest,703,GB1,Ibrahim Sangaré,2349,ci CIV,MF,Nottingham Forest,eng Premier League,27.0,1997,28,25,2075,23.1,2,2,4,2,0,0,5,0,0.17,,,,,,,,,,,,,,,,,,,,,,,,,2349,ci CIV,MF,eng Premier League,27,1997,23.1,2,16,5,31.3,0.69,0.22,0.13,0.4,0,0,2922,ci CIV,MF,eng Premier League,27,1997,28,2075,74,60.7,23.1,25,82,16,3,12,3,1.32,32,26,+6,0.26,0.86,2349,ci CIV,MF,eng Premier League,27,1997,23.1,5,0,0,42,18,0,8,22,32,0
955281,2025-12-15,5000000,Paris FC,10004,FR1,Nhoa Sangui,2351,fr FRA,DF,Paris FC,fr Ligue 1,19.0,2006,26,18,1737,19.3,0,0,0,0,0,0,0,0,0.0,,,,,,,,,,,,,,,,,,,,,,,,,2351,fr FRA,DF,fr Ligue 1,19,2006,19.3,0,4,1,25.0,0.21,0.05,0.0,0.0,0,0,2924,fr FRA,DF,fr Ligue 1,19,2006,26,1737,67,56.8,19.3,18,89,16,8,16,0,1.35,24,29,-5,-0.26,-0.4,2351,fr FRA,DF,fr Ligue 1,19,2006,19.3,0,0,0,5,17,2,37,21,14,0
643574,2025-12-19,25000000,1.FSV Mainz 05,39,L1,Kaishu Sano,2353,jp JPN,MF,Mainz 05,de Bundesliga,24.0,2000,34,34,3059,34.0,1,2,3,1,0,0,1,0,0.09,,,,,,,,,,,,,,,,,,,,,,,,,2353,jp JPN,MF,de Bundesliga,24,2000,34.0,1,24,6,25.0,0.71,0.18,0.04,0.17,0,0,2926,jp JPN,MF,de Bundesliga,24,2000,34,3059,90,100.0,34.0,34,90,33,0,,0,1.18,44,53,-9,-0.26,-0.26,2353,jp JPN,MF,de Bundesliga,24,2000,34.0,1,0,0,14,29,4,18,67,31,0
174094,2025-12-15,4000000,OGC Nice,417,FR1,Morgan Sanson,2354,fr FRA,MF,Nice,fr Ligue 1,30.0,1994,31,20,1772,19.7,0,2,2,0,0,0,4,0,0.1,,,,,,,,,,,,,,,,,,,,,,,,,2354,fr FRA,MF,fr Ligue 1,30,1994,19.7,0,19,4,21.1,0.97,0.2,0.0,0.0,0,0,2927,fr FRA,MF,fr Ligue 1,30,1994,31,1772,57,57.9,19.7,20,79,7,11,17,0,0.9,14,39,-25,-1.27,-1.41,2354,fr FRA,MF,fr Ligue 1,30,1994,19.7,4,0,0,35,21,2,39,24,25,0
285323,2025-12-12,4500000,Valencia CF,1049,ES1,Baptiste Santamaria,2355,fr FRA,MF,Valencia,es La Liga,30.0,1995,19,7,754,8.4,1,1,2,1,0,0,2,0,0.24,,,,,,,,,,,,,,,,,,,,,,,,,2355,fr FRA,MF,es La Liga,30,1995,8.4,1,6,2,33.3,0.72,0.24,0.17,0.5,0,0,2928,fr FRA,MF,es La Liga,30,1995,19,754,40,22.0,8.4,7,84,6,12,14,18,1.21,11,17,-6,-0.72,-0.61,2355,fr FRA,MF,es La Liga,30,1995,8.4,2,0,0,13,10,1,3,8,5,0
706947,2023-12-19,200000,Tottenham Hotspur U21,1531,ES1,Yago Santiago,2356,es ESP,MF,Elche,es La Liga,22.0,2003,9,3,281,3.1,0,0,0,0,0,0,1,0,0.0,,,,,,,,,,,,,,,,,,,,,,,,,2356,es ESP,MF,es La Liga,22,2003,3.1,0,2,0,0.0,0.64,0.0,0.0,,0,0,2929,es ESP,MF,es La Liga,22,2003,9,281,31,8.2,3.1,3,64,0,6,15,10,0.67,3,5,-2,-0.64,-0.47,2356,es ESP,MF,es La Liga,22,2003,3.1,1,0,0,3,2,1,6,1,1,0
941869,2025-12-23,900000,Hellas Verona,8024,PO1,Yellu Santiago,2357,es ESP,MF,Hellas Verona,it Serie A,21.0,2004,2,0,6,0.1,0,0,0,0,0,0,0,0,0.0,,,,,,,,,,,,,,,,,,,,,,,,,2357,es ESP,MF,it Serie A,21,2004,0.1,0,2,1,50.0,30.0,15.0,0.0,0.0,0,0,2930,es ESP,MF,it Serie A,21,2004,2,6,3,0.2,0.1,0,,0,2,3,12,1.0,0,0,0,0.0,0.95,2357,es ESP,MF,it Serie A,21,2004,0.1,0,0,0,0,1,0,0,0,0,0
743600,2025-12-09,40000000,Chelsea FC,631,GB1,Andrey Santos,2359,br BRA,MF,Chelsea,eng Premier League,21.0,2004,27,13,1260,14.0,1,0,1,1,0,0,4,0,0.07,,,,,,,,,,,,,,,,,,,,,,,,,2359,br BRA,MF,eng Premier League,21,2004,14.0,1,11,2,18.2,0.79,0.14,0.09,0.5,0,0,2932,br BRA,MF,eng Premier League,21,2004,27,1260,47,36.8,14.0,13,71,4,14,24,10,1.48,21,18,+3,0.21,0.09,2359,br BRA,MF,eng Premier League,21,2004,14.0,4,0,0,13,22,1,2,18,21,0
997861,2025-12-19,7000000,Eintracht Frankfurt,24,L1,Kauã Santos,2360,br BRA,GK,Eintracht Frankfurt,de Bundesliga,22.0,2003,13,13,1084,12.0,0,0,0,0,0,0,0,0,0.0,155,br BRA,GK,de Bundesliga,22,2003,13,13,1084,12.0,32,2.66,68,37,54.4,3,4,6,2,15.4,1,1,0,0,2360,br BRA,GK,de Bundesliga,22,2003,12.0,0,0,0,,0.0,0.0,,,0,0,2933,br BRA,GK,de Bundesliga,22,2003,13,1084,83,35.4,12.0,13,83,12,0,,12,1.0,27,32,-5,-0.42,-0.46,2360,br BRA,GK,de Bundesliga,22,2003,12.0,0,0,0,0,3,0,0,0,1,0
816580,2025-12-15,12000000,LOSC Lille,1082,FR1,Tiago Santos,2361,pt POR,DF,Lille,fr Ligue 1,23.0,2002,15,8,709,7.9,0,0,0,0,0,0,0,0,0.0,,,,,,,,,,,,,,,,,,,,,,,,,2361,pt POR,DF,fr Ligue 1,23,2002,7.9,0,9,0,0.0,1.14,0.0,0.0,,0,0,2935,pt POR,DF,fr Ligue 1,23,2002,15,709,47,23.2,7.9,8,79,1,7,11,9,1.33,7,8,-1,-0.13,-0.74,2361,pt POR,DF,fr Ligue 1,23,2002,7.9,0,0,0,13,21,0,32,5,8,0
268642,2023-07-25,2200000,Clube Atlético Mineiro,1049,ES1,Renzo Saravia,2362,ar ARG,DF,Valencia,es La Liga,32.0,1993,5,4,351,3.9,0,0,0,0,0,0,2,0,0.0,,,,,,,,,,,,,,,,,,,,,,,,,2362,ar ARG,DF,es La Liga,32,1993,3.9,0,1,0,0.0,0.26,0.0,0.0,,0,0,2939,ar ARG,DF,es La Liga,32,1993,5,351,70,10.3,3.9,4,68,0,1,80,5,1.6,4,5,-1,-0.26,-0.02,2362,ar ARG,DF,es La Liga,32,1993,3.9,2,0,0,4,10,0,1,7,5,0
1000675,2025-12-19,2000000,Bayer 04 Leverkusen,18,L1,Alejo Sarco,2363,ar ARG,FW,Gladbach,de Bundesliga,19.0,2006,3,0,53,0.6,0,0,0,0,0,0,0,0,0.0,,,,,,,,,,,,,,,,,,,,,,,,,2363,ar ARG,FW,de Bundesliga,19,2006,0.6,0,2,0,0.0,3.4,0.0,0.0,,0,0,2940,ar ARG,FW,de Bundesliga,19,2006,3,53,18,1.7,0.6,0,,0,3,18,4,0.33,1,2,-1,-1.7,-1.4,2363,ar ARG,FW,de Bundesliga,19,2006,0.6,0,0,0,0,0,0,0,0,0,0
1000675,2025-12-19,2000000,Bayer 04 Leverkusen,18,L1,Alejo Sarco,2364,ar ARG,FW,Leverkusen,de Bundesliga,19.0,2006,3,0,74,0.8,0,0,0,0,0,0,0,0,0.0,,,,,,,,,,,,,,,,,,,,,,,,,2364,ar ARG,FW,de Bundesliga,19,2006,0.8,0,2,0,0.0,2.43,0.0,0.0,,0,0,2941,ar ARG,FW,de Bundesliga,19,2006,3,74,25,2.4,0.8,0,,0,3,25,8,2.0,0,0,0,0.0,-0.63,2364,ar ARG,FW,de Bundesliga,19,2006,0.8,0,0,0,2,2,0,0,0,0,0
568005,2025-12-23,5000000,US Cremonese,2239,IT1,Jeremy Sarmiento,2365,ec ECU,MF,Cremonese,it Serie A,23.0,2002,7,0,142,1.6,0,0,0,0,0,0,0,0,0.0,,,,,,,,,,,,,,,,,,,,,,,,,2365,ec ECU,MF,it Serie A,23,2002,1.6,0,2,2,100.0,1.27,1.27,0.0,0.0,0,0,2943,ec ECU,MF,it Serie A,23,2002,7,142,20,4.2,1.6,0,,0,7,20,6,1.0,2,2,0,0.0,0.69,2365,ec ECU,MF,it Serie A,23,2002,1.6,0,0,0,0,1,0,2,2,2,0
748382,2024-05-29,4000000,VfL Wolfsburg,276,IT1,Amin Sarr,2366,se SWE,"FW,MF",Hellas Verona,it Serie A,24.0,2001,34,9,1102,12.2,0,1,1,0,0,0,2,1,0.08,,,,,,,,,,,,,,,,,,,,,,,,,2366,se SWE,"FW,MF",it Serie A,24,2001,12.2,0,19,6,31.6,1.55,0.49,0.0,0.0,0,0,2945,se SWE,"FW,MF",it Serie A,24,2001,34,1102,32,32.2,12.2,9,66,0,25,20,2,0.56,8,33,-25,-2.04,-1.61,2366,se SWE,"FW,MF",it Serie A,24,2001,12.2,2,1,1,25,22,7,12,4,9,0
190685,2024-05-29,1500000,Bayern Munich,347,FR1,Bouna Sarr,2367,sn SEN,"MF,DF",Metz,fr Ligue 1,33.0,1992,12,10,895,9.9,0,0,0,0,0,0,1,0,0.0,,,,,,,,,,,,,,,,,,,,,,,,,2367,sn SEN,"MF,DF",fr Ligue 1,33,1992,9.9,0,15,3,20.0,1.51,0.3,0.0,0.0,0,0,2946,sn SEN,"MF,DF",fr Ligue 1,33,1992,12,895,75,29.2,9.9,10,84,6,2,30,2,0.33,9,22,-13,-1.31,-0.02,2367,sn SEN,"MF,DF",fr Ligue 1,33,1992,9.9,1,0,0,11,20,2,31,11,13,0
344596,2025-12-15,10000000,RC Lens,826,FR1,Malang Sarr,2369,fr FRA,DF,Lens,fr Ligue 1,26.0,1999,33,33,2925,32.5,0,1,1,0,0,0,4,0,0.03,,,,,,,,,,,,,,,,,,,,,,,,,2369,fr FRA,DF,fr Ligue 1,26,1999,32.5,0,23,5,21.7,0.71,0.15,0.0,0.0,0,0,2948,fr FRA,DF,fr Ligue 1,26,1999,33,2925,89,95.6,32.5,33,89,32,0,,0,2.12,65,33,+32,0.98,1.65,2369,fr FRA,DF,fr Ligue 1,26,1999,32.5,4,0,0,21,24,0,10,76,44,0
910905,2025-12-15,25000000,RC Strasbourg Alsace,631,GB1,Mamadou Sarr,2370,sn SEN,DF,Strasbourg,fr Ligue 1,19.0,2005,15,15,1305,14.5,0,0,0,0,0,0,3,0,0.0,,,,,,,,,,,,,,,,,,,,,,,,,2370,sn SEN,DF,fr Ligue 1,19,2005,14.5,0,1,0,0.0,0.07,0.0,0.0,,0,0,2949,sn SEN,DF,fr Ligue 1,19,2005,15,1305,87,42.6,14.5,15,87,14,0,,0,1.47,21,16,+5,0.34,0.04,2370,sn SEN,DF,fr Ligue 1,19,2005,14.5,3,0,0,16,11,0,0,5,13,0
910905,2025-12-15,25000000,RC Strasbourg Alsace,631,GB1,Mamadou Sarr,2371,sn SEN,DF,Chelsea,eng Premier League,19.0,2005,3,1,102,1.1,0,0,0,0,0,0,0,0,0.0,,,,,,,,,,,,,,,,,,,,,,,,,2371,sn SEN,DF,eng Premier League,19,2005,1.1,0,1,0,0.0,0.88,0.0,0.0,,0,0,2950,sn SEN,DF,eng Premier League,19,2005,3,102,34,3.0,1.1,1,89,0,2,7,7,1.33,1,3,-2,-1.76,-1.98,2371,sn SEN,DF,eng Premier League,19,2005,1.1,0,0,0,0,0,0,0,1,0,0
607093,2024-06-06,200000,Rio Ave FC,2425,PO1,Sávio,2376,br BRA,MF,Manchester City,eng Premier League,21.0,2004,24,7,833,9.3,1,1,2,1,0,0,2,0,0.22,,,,,,,,,,,,,,,,,,,,,,,,,2376,br BRA,MF,eng Premier League,21,2004,9.3,1,20,11,55.0,2.16,1.19,0.05,0.09,0,0,2956,br BRA,MF,eng Premier League,21,2004,24,833,35,24.4,9.3,7,78,3,17,17,3,2.29,15,7,+8,0.86,-0.32,2376,br BRA,MF,eng Premier League,21,2004,9.3,2,0,0,9,15,4,40,5,5,0
708072,2025-12-09,15000000,Nottingham Forest,703,GB1,Nicolò Savona,2377,it ITA,DF,Nottingham Forest,eng Premier League,22.0,2003,14,11,1028,11.4,2,0,2,2,0,0,2,0,0.18,,,,,,,,,,,,,,,,,,,,,,,,,2377,it ITA,DF,eng Premier League,22,2003,11.4,2,5,3,60.0,0.44,0.26,0.4,0.67,0,0,2957,it ITA,DF,eng Premier League,22,2003,14,1028,73,30.1,11.4,11,85,9,3,31,4,0.93,13,18,-5,-0.44,-0.51,2377,it ITA,DF,eng Premier League,22,2003,11.4,2,0,0,12,5,1,27,5,12,0
504153,2025-12-19,7000000,Borussia Mönchengladbach,18,L1,Joe Scally,2378,us USA,"DF,MF",Gladbach,de Bundesliga,22.0,2002,32,29,2608,29.0,2,3,5,2,0,0,8,0,0.17,,,,,,,,,,,,,,,,,,,,,,,,,2378,us USA,"DF,MF",de Bundesliga,22,2002,29.0,2,16,10,62.5,0.55,0.35,0.13,0.2,0,0,2961,us USA,"DF,MF",de Bundesliga,22,2002,32,2608,82,85.2,29.0,29,88,23,3,18,1,1.19,38,40,-2,-0.07,1.72,2378,us USA,"DF,MF",de Bundesliga,22,2002,29.0,8,0,0,33,51,3,47,18,27,1
571604,2024-06-05,45000000,Atalanta BC,800,IT1,Giorgio Scalvini,2379,it ITA,DF,Atalanta,it Serie A,21.0,2003,24,23,1808,20.1,3,1,4,3,0,0,2,0,0.2,,,,,,,,,,,,,,,,,,,,,,,,,2379,it ITA,DF,it Serie A,21,2003,20.1,3,20,6,30.0,1.0,0.3,0.15,0.5,0,0,2962,it ITA,DF,it Serie A,21,2003,24,1808,75,52.9,20.1,23,78,12,1,24,5,1.75,29,15,+14,0.7,0.64,2379,it ITA,DF,it Serie A,21,2003,20.1,2,0,0,31,10,2,5,38,23,0
315867,2024-06-05,35000000,Atalanta BC,800,IT1,Gianluca Scamacca,2380,it ITA,FW,Atalanta,it Serie A,26.0,1999,24,16,1315,14.6,10,1,11,8,2,2,2,0,0.62,,,,,,,,,,,,,,,,,,,,,,,,,2380,it ITA,FW,it Serie A,26,1999,14.6,10,57,22,38.6,3.9,1.51,0.14,0.36,2,2,2963,it ITA,FW,it Serie A,26,1999,24,1315,55,38.5,14.6,16,67,5,8,30,7,1.25,20,14,+6,0.41,0.03,2380,it ITA,FW,it Serie A,26,1999,14.6,2,0,0,26,19,8,0,3,5,0
922563,2025-12-09,8000000,West Ham United,379,GB1,Oliver Scarles,2381,eng ENG,"DF,MF",West Ham United,eng Premier League,19.0,2005,13,9,659,7.3,0,0,0,0,0,0,2,0,0.0,,,,,,,,,,,,,,,,,,,,,,,,,2381,eng ENG,"DF,MF",eng Premier League,19,2005,7.3,0,3,0,0.0,0.41,0.0,0.0,,0,0,2964,eng ENG,"DF,MF",eng Premier League,19,2005,13,659,51,19.3,7.3,9,69,4,4,9,17,0.85,8,16,-8,-1.09,-0.73,2381,eng ENG,"DF,MF",eng Premier League,19,2005,7.3,2,0,0,7,7,1,35,13,19,0
670883,2025-12-09,2000000,Tottenham Hotspur,903,SC1,Dane Scarlett,2382,eng ENG,FW,Tottenham Hotspur,eng Premier League,21.0,2004,2,0,9,0.1,0,0,0,0,0,0,0,0,0.0,,,,,,,,,,,,,,,,,,,,,,,,,2382,eng ENG,FW,eng Premier League,21,2004,0.1,0,0,0,,0.0,0.0,,,0,0,2965,eng ENG,FW,eng Premier League,21,2004,2,9,5,0.3,0.1,0,,0,2,5,9,1.0,1,0,+1,10.0,10.26,2382,eng ENG,FW,eng Premier League,21,2004,0.1,0,0,0,1,0,0,0,0,0,0
473050,2024-05-27,22000000,Brentford FC,1148,GB1,Kevin Schade,2383,de GER,"MF,FW",Brentford,eng Premier League,23.0,2001,35,32,2745,30.5,8,3,11,8,0,1,6,1,0.36,,,,,,,,,,,,,,,,,,,,,,,,,2383,de GER,"MF,FW",eng Premier League,23,2001,30.5,8,57,24,42.1,1.87,0.79,0.14,0.33,0,1,2966,de GER,"MF,FW",eng Premier League,23,2001,35,2745,78,80.3,30.5,32,82,18,3,39,0,1.37,41,34,+7,0.23,0.76,2383,de GER,"MF,FW",eng Premier League,23,2001,30.5,6,1,0,50,43,10,23,19,27,0
454863,2025-12-19,4500000,1.FC Union Berlin,89,L1,András Schäfer,2384,hu HUN,MF,Union Berlin,de Bundesliga,26.0,1999,28,16,1421,15.8,2,1,3,2,0,0,2,1,0.19,,,,,,,,,,,,,,,,,,,,,,,,,2384,hu HUN,MF,de Bundesliga,26,1999,15.8,2,27,10,37.0,1.71,0.63,0.07,0.2,0,0,2967,hu HUN,MF,de Bundesliga,26,1999,28,1421,51,46.4,15.8,16,74,6,12,20,1,1.07,21,22,-1,-0.06,0.65,2384,hu HUN,MF,de Bundesliga,26,1999,15.8,2,1,0,32,22,0,18,20,22,0
135343,2025-12-09,6000000,Newcastle United,762,GB1,Fabian Schär,2385,ch SUI,DF,Newcastle United,eng Premier League,33.0,1991,16,11,1091,12.1,0,0,0,0,0,0,1,0,0.0,,,,,,,,,,,,,,,,,,,,,,,,,2385,ch SUI,DF,eng Premier League,33,1991,12.1,0,17,4,23.5,1.4,0.33,0.0,0.0,0,0,2968,ch SUI,DF,eng Premier League,33,1991,16,1091,68,31.9,12.1,11,88,9,5,25,3,1.75,16,13,+3,0.25,0.44,2385,ch SUI,DF,eng Premier League,33,1991,12.1,1,0,0,15,7,1,4,16,9,0
820957,2023-06-22,700000,Hertha BSC,60,L1,Derry Scherhant,2387,de GER,MF,Freiburg,de Bundesliga,22.0,2002,31,12,1301,14.5,5,1,6,5,0,0,2,0,0.42,,,,,,,,,,,,,,,,,,,,,,,,,2387,de GER,MF,de Bundesliga,22,2002,14.5,5,36,13,36.1,2.49,0.9,0.14,0.38,0,0,2970,de GER,MF,de Bundesliga,22,2002,31,1301,42,42.5,14.5,12,75,2,19,21,3,1.39,26,24,+2,0.14,0.55,2387,de GER,MF,de Bundesliga,22,2002,14.5,2,0,0,19,36,4,72,7,9,0
242086,2025-12-19,25000000,Bayer 04 Leverkusen,15,L1,Patrik Schick,2388,cz CZE,FW,Leverkusen,de Bundesliga,29.0,1996,28,23,1988,22.1,16,3,19,12,4,5,2,0,0.68,,,,,,,,,,,,,,,,,,,,,,,,,2388,cz CZE,FW,de Bundesliga,29,1996,22.1,16,72,34,47.2,3.26,1.54,0.17,0.35,4,5,2971,cz CZE,FW,de Bundesliga,29,1996,28,1988,71,65.0,22.1,23,80,11,5,29,0,1.64,44,29,+15,0.68,0.18,2388,cz CZE,FW,de Bundesliga,29,1996,22.1,2,0,0,22,20,6,0,3,4,0
394033,2025-12-19,500000,1.FC Heidenheim 1846,2036,L1,Stefan Schimmer,2389,de GER,FW,Heidenheim,de Bundesliga,31.0,1994,27,3,820,9.1,5,1,6,5,0,0,1,0,0.66,,,,,,,,,,,,,,,,,,,,,,,,,2389,de GER,FW,de Bundesliga,31,1994,9.1,5,32,12,37.5,3.51,1.32,0.16,0.42,0,0,2972,de GER,FW,de Bundesliga,31,1994,27,820,30,26.8,9.1,3,67,0,24,26,4,0.78,14,18,-4,-0.44,0.65,2389,de GER,FW,de Bundesliga,31,1994,9.1,1,0,0,13,5,4,10,4,4,0
223979,2024-05-29,28000000,RB Leipzig,23826,L1,Xaver Schlager,2390,at AUT,MF,RB Leipzig,de Bundesliga,27.0,1997,26,21,1837,20.4,3,1,4,3,0,0,6,0,0.2,,,,,,,,,,,,,,,,,,,,,,,,,2390,at AUT,MF,de Bundesliga,27,1997,20.4,3,21,7,33.3,1.03,0.34,0.14,0.43,0,0,2973,at AUT,MF,de Bundesliga,27,1997,26,1837,71,60.0,20.4,21,83,16,5,21,1,1.88,40,29,+11,0.54,-0.05,2390,at AUT,MF,de Bundesliga,27,1997,20.4,6,0,0,25,16,2,11,7,25,0
413843,2025-12-19,6000000,FC Augsburg,167,L1,Keven Schlotterbeck,2391,de GER,DF,Augsburg,de Bundesliga,28.0,1997,24,22,2031,22.6,0,1,1,0,0,1,7,1,0.04,,,,,,,,,,,,,,,,,,,,,,,,,2391,de GER,DF,de Bundesliga,28,1997,22.6,0,12,3,25.0,0.53,0.13,0.0,0.0,0,1,2974,de GER,DF,de Bundesliga,28,1997,24,2031,85,66.4,22.6,22,90,21,2,31,7,1.29,29,36,-7,-0.31,0.48,2391,de GER,DF,de Bundesliga,28,1997,22.6,7,1,1,25,20,1,6,33,25,0
388198,2025-12-19,55000000,Borussia Dortmund,16,L1,Nico Schlotterbeck,2392,de GER,DF,Dortmund,de Bundesliga,25.0,1999,28,28,2520,28.0,5,1,6,5,0,0,8,0,0.21,,,,,,,,,,,,,,,,,,,,,,,,,2392,de GER,DF,de Bundesliga,25,1999,28.0,5,32,9,28.1,1.14,0.32,0.16,0.56,0,0,2975,de GER,DF,de Bundesliga,25,1999,28,2520,90,82.4,28.0,28,90,28,0,,0,2.11,55,29,+26,0.93,-0.74,2392,de GER,DF,de Bundesliga,25,1999,28.0,8,0,0,30,27,1,31,24,38,0
1045986,2025-12-19,150000,SV Werder Bremen,86,L1,Mick Schmetgens,2393,de GER,MF,Werder Bremen,de Bundesliga,17.0,2007,2,0,37,0.4,0,0,0,0,0,0,0,0,0.0,,,,,,,,,,,,,,,,,,,,,,,,,2393,de GER,MF,de Bundesliga,17,2007,0.4,0,0,0,,0.0,0.0,,,0,0,2976,de GER,MF,de Bundesliga,17,2007,2,37,19,1.2,0.4,0,,0,2,19,13,1.5,0,0,0,0.0,0.68,2393,de GER,MF,de Bundesliga,17,2007,0.4,0,0,0,0,0,0,2,1,0,0
346853,2025-12-19,17000000,SV Werder Bremen,86,L1,Romano Schmid,2394,at AUT,"MF,FW",Werder Bremen,de Bundesliga,25.0,2000,34,34,2982,33.1,4,8,12,1,3,4,4,0,0.27,,,,,,,,,,,,,,,,,,,,,,,,,2394,at AUT,"MF,FW",de Bundesliga,25,2000,33.1,4,57,21,36.8,1.72,0.63,0.02,0.05,3,4,2977,at AUT,"MF,FW",de Bundesliga,25,2000,34,2982,88,97.5,33.1,34,88,23,0,,0,0.94,34,57,-23,-0.69,-0.69,2394,at AUT,"MF,FW",de Bundesliga,25,2000,33.1,4,0,0,19,31,5,154,13,28,0
581357,2025-12-19,4000000,1.FC Heidenheim 1846,2036,L1,Jan Schöppner,2398,de GER,MF,Heidenheim,de Bundesliga,26.0,1999,31,29,2252,25.0,3,3,6,3,0,0,5,0,0.24,,,,,,,,,,,,,,,,,,,,,,,,,2398,de GER,MF,de Bundesliga,26,1999,25.0,3,25,7,28.0,1.0,0.28,0.12,0.43,0,0,2984,de GER,MF,de Bundesliga,26,1999,31,2252,73,73.6,25.0,29,76,15,2,28,2,0.81,26,51,-25,-1.0,-0.33,2398,de GER,MF,de Bundesliga,26,1999,25.0,5,0,0,21,17,3,14,32,17,0
160929,2024-05-29,4000000,1.FC Köln,3,L1,Marvin Schwäbe,2399,de GER,GK,Köln,de Bundesliga,30.0,1995,34,34,3060,34.0,0,0,0,0,0,0,2,0,0.0,157,de GER,GK,de Bundesliga,30,1995,34,34,3060,34.0,63,1.85,148,92,60.8,7,11,16,3,8.8,7,5,2,0,2399,de GER,GK,de Bundesliga,30,1995,34.0,0,0,0,,0.0,0.0,,,0,0,2985,de GER,GK,de Bundesliga,30,1995,34,3060,90,100.0,34.0,34,90,34,0,,0,0.94,49,63,-14,-0.41,,2399,de GER,GK,de Bundesliga,30,1995,34.0,2,0,0,1,4,0,0,3,1,0
804219,2025-12-03,9000000,Southampton FC,180,GB1,Léo Scienza,2400,br BRA,MF,Heidenheim,de Bundesliga,26.0,1998,2,2,180,2.0,1,0,1,1,0,0,0,0,0.5,,,,,,,,,,,,,,,,,,,,,,,,,2400,br BRA,MF,de Bundesliga,26,1998,2.0,1,4,1,25.0,2.0,0.5,0.25,1.0,0,0,2986,br BRA,MF,de Bundesliga,26,1998,2,180,90,5.9,2.0,2,90,2,0,,0,0.0,1,5,-4,-2.0,-1.16,2400,br BRA,MF,de Bundesliga,26,1998,2.0,0,0,0,1,7,0,13,0,2,0
855256,2025-12-09,30000000,AFC Bournemouth,989,GB1,Alex Scott,2401,eng ENG,MF,Bournemouth,eng Premier League,21.0,2003,37,34,2849,31.7,3,1,4,3,0,0,5,0,0.13,,,,,,,,,,,,,,,,,,,,,,,,,2401,eng ENG,MF,eng Premier League,21,2003,31.7,3,44,13,29.5,1.39,0.41,0.07,0.23,0,0,2987,eng ENG,MF,eng Premier League,21,2003,37,2849,77,83.3,31.7,34,80,19,3,39,0,1.51,50,42,+8,0.25,0.88,2401,eng ENG,MF,eng Premier League,21,2003,31.7,5,0,0,45,60,1,88,35,38,0
238993,2025-12-23,1000000,Pisa Sporting Club,4172,IT1,Simone Scuffet,2402,it ITA,GK,Pisa,it Serie A,29.0,1996,7,7,630,7.0,0,0,0,0,0,0,0,0,0.0,158,it ITA,GK,it Serie A,29,1996,7,7,630,7.0,15,2.14,26,14,53.8,0,3,4,1,14.3,3,3,0,0,2402,it ITA,GK,it Serie A,29,1996,7.0,0,0,0,,0.0,0.0,,,0,0,2988,it ITA,GK,it Serie A,29,1996,7,630,90,18.4,7.0,7,90,7,0,,25,0.43,6,15,-9,-1.29,-0.12,2402,it ITA,GK,it Serie A,29,1996,7.0,0,0,0,0,4,0,0,0,0,0
592387,2025-12-19,5500000,1.FC Köln,3,L1,Sebastian Sebulonsen,2403,no NOR,"DF,MF",Köln,de Bundesliga,25.0,2000,31,28,2498,27.8,0,0,0,0,0,0,5,0,0.0,,,,,,,,,,,,,,,,,,,,,,,,,2403,no NOR,"DF,MF",de Bundesliga,25,2000,27.8,0,31,5,16.1,1.12,0.18,0.0,0.0,0,0,2989,no NOR,"DF,MF",de Bundesliga,25,2000,31,2498,81,81.6,27.8,28,85,20,3,36,0,1.0,35,52,-17,-0.61,-1.09,2403,no NOR,"DF,MF",de Bundesliga,25,2000,27.8,5,0,0,11,9,4,67,17,26,0
617755,2023-07-04,2000000,Sunderland AFC,82,L1,Jenson Seelt,2404,nl NED,DF,Wolfsburg,de Bundesliga,22.0,2003,9,8,681,7.6,0,0,0,0,0,0,0,0,0.0,,,,,,,,,,,,,,,,,,,,,,,,,2404,nl NED,DF,de Bundesliga,22,2003,7.6,0,2,0,0.0,0.26,0.0,0.0,,0,0,2991,nl NED,DF,de Bundesliga,22,2003,9,681,76,22.3,7.6,8,84,7,1,6,2,1.22,15,17,-2,-0.26,0.57,2404,nl NED,DF,de Bundesliga,22,2003,7.6,0,0,0,5,6,0,0,5,9,1
617755,2023-07-04,2000000,Sunderland AFC,82,L1,Jenson Seelt,2405,nl NED,DF,Sunderland,eng Premier League,22.0,2003,2,1,134,1.5,0,0,0,0,0,0,0,0,0.0,,,,,,,,,,,,,,,,,,,,,,,,,2405,nl NED,DF,eng Premier League,22,2003,1.5,0,0,0,,0.0,0.0,,,0,0,2992,nl NED,DF,eng Premier League,22,2003,2,134,67,3.9,1.5,1,52,0,1,82,1,1.5,0,2,-2,-1.34,-1.23,2405,nl NED,DF,eng Premier League,22,2003,1.5,0,0,0,1,1,0,1,0,0,0
798404,2025-12-15,6000000,Stade Rennais FC,273,FR1,Alidu Seidu,2406,gh GHA,DF,Rennes,fr Ligue 1,25.0,2000,21,13,1186,13.2,0,1,1,0,0,0,1,0,0.08,,,,,,,,,,,,,,,,,,,,,,,,,2406,gh GHA,DF,fr Ligue 1,25,2000,13.2,0,5,1,20.0,0.38,0.08,0.0,0.0,0,0,2993,gh GHA,DF,fr Ligue 1,25,2000,21,1186,56,38.8,13.2,13,76,6,8,25,11,1.57,25,24,+1,0.08,-0.31,2406,gh GHA,DF,fr Ligue 1,25,2000,13.2,1,0,0,16,31,3,11,17,22,0
404950,2024-05-29,16000000,RB Leipzig,23826,L1,Nicolas Seiwald,2408,at AUT,MF,RB Leipzig,de Bundesliga,24.0,2001,33,31,2694,29.9,0,2,2,0,0,0,2,0,0.07,,,,,,,,,,,,,,,,,,,,,,,,,2408,at AUT,MF,de Bundesliga,24,2001,29.9,0,20,7,35.0,0.67,0.23,0.0,0.0,0,0,2995,at AUT,MF,de Bundesliga,24,2001,33,2694,82,88.0,29.9,31,85,19,2,23,0,1.88,57,37,+20,0.67,0.91,2408,at AUT,MF,de Bundesliga,24,2001,29.9,2,0,0,18,6,0,6,60,47,0
127202,2025-12-09,6000000,Nottingham Forest,703,GB1,Matz Sels,2410,be BEL,GK,Nottingham Forest,eng Premier League,33.0,1992,31,30,2668,29.6,0,0,0,0,0,0,2,0,0.0,159,be BEL,GK,eng Premier League,33,1992,31,30,2668,29.6,39,1.32,127,93,72.4,10,10,10,7,23.3,5,4,1,0,2410,be BEL,GK,eng Premier League,33,1992,29.6,0,0,0,,0.0,0.0,,,0,0,2997,be BEL,GK,eng Premier League,33,1992,31,2668,86,78.0,29.6,30,89,29,1,13,3,1.29,42,39,+3,0.1,0.82,2410,be BEL,GK,eng Premier League,33,1992,29.6,2,0,0,0,4,0,0,0,1,0
583255,2025-12-09,65000000,AFC Bournemouth,281,GB1,Antoine Semenyo,2411,gh GHA,MF,Bournemouth,eng Premier League,25.0,2000,20,20,1798,20.0,10,3,13,9,1,2,6,0,0.6,,,,,,,,,,,,,,,,,,,,,,,,,2411,gh GHA,MF,eng Premier League,25,2000,20.0,10,49,27,55.1,2.45,1.35,0.18,0.33,1,2,2999,gh GHA,MF,eng Premier League,25,2000,20,1798,90,52.6,20.0,20,90,18,0,,0,1.25,31,38,-7,-0.35,-0.96,2411,gh GHA,MF,eng Premier League,25,2000,20.0,6,0,0,37,14,12,28,6,20,0
583255,2025-12-09,65000000,AFC Bournemouth,281,GB1,Antoine Semenyo,2412,gh GHA,"MF,FW",Manchester City,eng Premier League,25.0,2000,17,17,1397,15.5,7,1,8,7,0,0,1,0,0.52,,,,,,,,,,,,,,,,,,,,,,,,,2412,gh GHA,"MF,FW",eng Premier League,25,2000,15.5,7,34,14,41.2,2.19,0.9,0.21,0.5,0,0,3000,gh GHA,"MF,FW",eng Premier League,25,2000,17,1397,82,40.8,15.5,17,82,9,0,,0,2.06,28,14,+14,0.9,-0.34,2412,gh GHA,"MF,FW",eng Premier League,25,2000,15.5,1,0,0,17,7,7,21,6,11,0
830890,2025-12-15,3000000,AJ Auxerre,290,FR1,Marvin Senaya,2414,gh GHA,"DF,MF",Auxerre,fr Ligue 1,24.0,2001,25,20,1780,19.8,1,0,1,1,0,0,5,0,0.05,,,,,,,,,,,,,,,,,,,,,,,,,2414,gh GHA,"DF,MF",fr Ligue 1,24,2001,19.8,1,15,5,33.3,0.76,0.25,0.07,0.2,0,0,3002,gh GHA,"DF,MF",fr Ligue 1,24,2001,25,1780,71,58.2,19.8,20,84,12,5,21,5,0.8,14,28,-14,-0.71,-0.99,2414,gh GHA,"DF,MF",fr Ligue 1,24,2001,19.8,5,0,0,26,32,1,42,34,31,0
469781,2025-12-09,22000000,AFC Bournemouth,989,GB1,Marcos Senesi,2415,ar ARG,DF,Bournemouth,eng Premier League,28.0,1997,37,37,3288,36.5,0,5,5,0,0,0,8,0,0.14,,,,,,,,,,,,,,,,,,,,,,,,,2415,ar ARG,DF,eng Premier League,28,1997,36.5,0,17,5,29.4,0.47,0.14,0.0,0.0,0,0,3003,ar ARG,DF,eng Premier League,28,1997,37,3288,89,96.1,36.5,37,89,35,0,,0,1.54,56,53,+3,0.08,-0.6,2415,ar ARG,DF,eng Premier League,28,1997,36.5,8,0,0,35,37,1,28,50,34,0
261905,2025-12-23,4500000,Hellas Verona,276,IT1,Suat Serdar,2416,de GER,MF,Hellas Verona,it Serie A,28.0,1997,20,12,1108,12.3,2,0,2,2,0,0,3,0,0.16,,,,,,,,,,,,,,,,,,,,,,,,,2416,de GER,MF,it Serie A,28,1997,12.3,2,19,7,36.8,1.54,0.57,0.11,0.29,0,0,3004,de GER,MF,it Serie A,28,1997,20,1108,55,32.4,12.3,12,78,4,8,21,0,0.55,8,24,-16,-1.3,-0.52,2416,de GER,MF,it Serie A,28,1997,12.3,3,0,0,19,12,1,7,10,20,0
392775,2025-12-09,20000000,Fulham FC,931,GB1,Ryan Sessegnon,2420,eng ENG,"DF,MF",Fulham,eng Premier League,25.0,2000,27,20,1823,20.3,3,1,4,3,0,0,0,0,0.2,,,,,,,,,,,,,,,,,,,,,,,,,2420,eng ENG,"DF,MF",eng Premier League,25,2000,20.3,3,16,4,25.0,0.79,0.2,0.19,0.75,0,0,3013,eng ENG,"DF,MF",eng Premier League,25,2000,27,1823,68,53.3,20.3,20,85,14,7,19,1,1.33,32,29,+3,0.15,0.54,2420,eng ENG,"DF,MF",eng Premier League,25,2000,20.3,0,0,0,33,3,4,55,23,29,0
94529,2025-12-23,2500000,AS Roma,12,IT1,Stephan El Shaarawy,2421,it ITA,"MF,FW",Roma,it Serie A,32.0,1992,20,5,666,7.4,1,2,3,1,0,0,4,0,0.41,,,,,,,,,,,,,,,,,,,,,,,,,2421,it ITA,"MF,FW",it Serie A,32,1992,7.4,1,18,7,38.9,2.43,0.95,0.06,0.14,0,0,3016,it ITA,"MF,FW",it Serie A,32,1992,20,666,33,19.5,7.4,5,56,0,15,26,11,2.0,13,3,+10,1.35,0.76,2421,it ITA,"MF,FW",it Serie A,32,1992,7.4,4,0,0,10,7,1,16,6,7,0
183288,2025-12-09,10000000,Manchester United,985,GB1,Luke Shaw,2422,eng ENG,DF,Manchester Utd,eng Premier League,30.0,1995,38,38,3219,35.8,1,1,2,1,0,0,9,0,0.06,,,,,,,,,,,,,,,,,,,,,,,,,2422,eng ENG,DF,eng Premier League,30,1995,35.8,1,10,3,30.0,0.28,0.08,0.1,0.33,0,0,3019,eng ENG,DF,eng Premier League,30,1995,38,3219,85,94.1,35.8,38,85,23,0,,0,1.87,66,45,+21,0.59,1.48,2422,eng ENG,DF,eng Premier League,30,1995,35.8,9,0,0,48,20,0,54,43,45,0
1144627,2025-12-02,2500000,NEC Nijmegen,82,L1,Kento Shiogai,2423,jp JPN,MF,Wolfsburg,de Bundesliga,20.0,2005,12,2,318,3.5,1,0,1,1,0,0,3,0,0.28,,,,,,,,,,,,,,,,,,,,,,,,,2423,jp JPN,MF,de Bundesliga,20,2005,3.5,1,9,6,66.7,2.55,1.7,0.11,0.17,0,0,3022,jp JPN,MF,de Bundesliga,20,2005,12,318,27,10.4,3.5,2,61,0,10,20,4,0.58,4,4,0,0.0,0.79,2423,jp JPN,MF,de Bundesliga,20,2005,3.5,3,0,0,8,3,3,1,3,4,0
538006,2023-06-30,300000,SD Amorebieta,2497,ES1,Kwasi Sibo,2424,gh GHA,MF,Oviedo,es La Liga,27.0,1998,26,21,1681,18.7,0,0,0,0,0,0,3,1,0.0,,,,,,,,,,,,,,,,,,,,,,,,,2424,gh GHA,MF,es La Liga,27,1998,18.7,0,9,2,22.2,0.48,0.11,0.0,0.0,0,0,3024,gh GHA,MF,es La Liga,27,1998,26,1681,65,49.2,18.7,21,75,9,5,21,10,0.88,16,26,-10,-0.54,0.71,2424,gh GHA,MF,es La Liga,27,1998,18.7,3,1,0,30,4,0,2,14,20,0
161869,2024-05-30,1500000,AEK Athens,415,FR1,Djibril Sidibé,2425,fr FRA,"MF,DF",Toulouse,fr Ligue 1,33.0,1992,33,26,2231,24.8,3,4,7,2,1,2,1,0,0.24,,,,,,,,,,,,,,,,,,,,,,,,,2425,fr FRA,"MF,DF",fr Ligue 1,33,1992,24.8,3,8,5,62.5,0.32,0.2,0.25,0.4,1,2,3025,fr FRA,"MF,DF",fr Ligue 1,33,1992,33,2231,68,72.9,24.8,26,82,13,7,14,1,1.3,31,34,-3,-0.12,-0.56,2425,fr FRA,"MF,DF",fr Ligue 1,33,1992,24.8,1,0,0,30,14,5,58,18,32,0
569033,2023-06-28,1500000,SpVgg Greuther Fürth,39,L1,Armindo Sieb,2426,de GER,FW,Mainz 05,de Bundesliga,22.0,2003,22,3,548,6.1,2,0,2,2,0,0,1,0,0.33,,,,,,,,,,,,,,,,,,,,,,,,,2426,de GER,FW,de Bundesliga,22,2003,6.1,2,18,6,33.3,2.96,0.99,0.11,0.33,0,0,3026,de GER,FW,de Bundesliga,22,2003,22,548,25,17.9,6.1,3,72,0,19,17,7,0.82,10,15,-5,-0.82,-0.68,2426,de GER,FW,de Bundesliga,22,2003,6.1,1,0,0,16,2,3,13,0,4,0
371436,2023-06-01,1200000,Watford FC,290,FR1,Francisco Sierralta,2428,cl CHI,DF,Auxerre,fr Ligue 1,28.0,1997,10,9,861,9.6,1,0,1,1,0,0,2,0,0.1,,,,,,,,,,,,,,,,,,,,,,,,,2428,cl CHI,DF,fr Ligue 1,28,1997,9.6,1,7,2,28.6,0.73,0.21,0.14,0.5,0,0,3030,cl CHI,DF,fr Ligue 1,28,1997,10,861,86,28.1,9.6,9,87,7,1,77,14,0.7,6,15,-9,-0.94,-0.9,2428,cl CHI,DF,fr Ligue 1,28,1997,9.6,2,0,0,8,5,0,0,9,6,0
337092,2025-12-19,2500000,1.FC Heidenheim 1846,2036,L1,Tim Siersleben,2429,de GER,DF,Heidenheim,de Bundesliga,25.0,2000,15,12,1081,12.0,0,0,0,0,0,0,2,0,0.0,,,,,,,,,,,,,,,,,,,,,,,,,2429,de GER,DF,de Bundesliga,25,2000,12.0,0,5,3,60.0,0.42,0.25,0.0,0.0,0,0,3031,de GER,DF,de Bundesliga,25,2000,15,1081,72,35.3,12.0,12,85,9,3,19,16,0.73,16,29,-13,-1.08,-0.26,2429,de GER,DF,de Bundesliga,25,2000,12.0,2,0,0,13,13,1,13,21,16,0
565232,2024-06-17,3500000,São Paulo Futebol Clube,585,BRA1,André Silva,2431,pt POR,FW,Elche,es La Liga,29.0,1995,31,22,1849,20.5,10,0,10,7,3,3,3,0,0.34,,,,,,,,,,,,,,,,,,,,,,,,,2431,pt POR,FW,es La Liga,29,1995,20.5,10,57,29,50.9,2.77,1.41,0.12,0.24,3,3,3035,pt POR,FW,es La Liga,29,1995,31,1849,60,54.1,20.5,22,78,10,9,15,2,1.0,23,35,-12,-0.58,-0.81,2431,pt POR,FW,es La Liga,29,1995,20.5,3,0,0,24,34,6,3,4,8,0
241641,2025-12-09,27000000,Manchester City,281,GB1,Bernardo Silva,2432,pt POR,MF,Manchester City,eng Premier League,30.0,1994,38,34,2872,31.9,2,4,6,2,0,0,10,0,0.19,,,,,,,,,,,,,,,,,,,,,,,,,2432,pt POR,MF,eng Premier League,30,1994,31.9,2,30,7,23.3,0.94,0.22,0.07,0.29,0,0,3036,pt POR,MF,eng Premier League,30,1994,38,2872,76,84.0,31.9,34,82,14,4,23,0,2.05,67,30,+37,1.16,0.34,2432,pt POR,MF,eng Premier League,30,1994,31.9,10,0,0,36,22,5,72,21,28,0
505653,2025-12-19,28000000,Borussia Dortmund,16,L1,Fábio Silva,2434,pt POR,"FW,MF",Dortmund,de Bundesliga,23.0,2002,28,7,817,9.1,2,6,8,2,0,0,3,0,0.88,,,,,,,,,,,,,,,,,,,,,,,,,2434,pt POR,"FW,MF",de Bundesliga,23,2002,9.1,2,23,8,34.8,2.53,0.88,0.09,0.25,0,0,3038,pt POR,"FW,MF",de Bundesliga,23,2002,28,817,29,26.7,9.1,7,68,0,21,16,2,2.11,24,10,+14,1.54,0.66,2434,pt POR,"FW,MF",de Bundesliga,23,2002,9.1,3,0,0,19,10,3,12,2,2,0
663244,2025-12-17,14000000,Besiktas JK,114,TR1,Jota Silva,2435,pt POR,FW,Nottingham Forest,eng Premier League,25.0,1999,1,0,12,0.1,0,0,0,0,0,0,0,0,0.0,,,,,,,,,,,,,,,,,,,,,,,,,2435,pt POR,FW,eng Premier League,25,1999,0.1,0,0,0,,0.0,0.0,,,0,0,3039,pt POR,FW,eng Premier League,25,1999,1,12,12,0.4,0.1,0,,0,1,12,0,3.0,0,0,0,0.0,0.08,2435,pt POR,FW,eng Premier League,25,1999,0.1,0,0,0,0,1,0,1,0,1,0
85528,2025-12-23,500000,US Cremonese,2239,IT1,Marco Silvestri,2436,it ITA,GK,Cremonese,it Serie A,34.0,1991,4,4,360,4.0,0,0,0,0,0,0,0,0,0.0,162,it ITA,GK,it Serie A,34,1991,4,4,360,4.0,7,1.75,22,15,68.2,0,3,1,0,0.0,0,0,0,0,2436,it ITA,GK,it Serie A,34,1991,4.0,0,0,0,,0.0,0.0,,,0,0,3042,it ITA,GK,it Serie A,34,1991,4,360,90,10.5,4.0,4,90,4,0,,34,0.75,4,7,-3,-0.75,-0.1,2436,it ITA,GK,it Serie A,34,1991,4.0,0,0,0,0,0,0,0,0,0,0
776798,2025-12-15,4000000,RC Lens,826,FR1,Abdallah Sima,2437,sn SEN,"MF,FW",Lens,fr Ligue 1,24.0,2001,21,6,718,8.0,2,2,4,2,0,0,3,0,0.5,,,,,,,,,,,,,,,,,,,,,,,,,2437,sn SEN,"MF,FW",fr Ligue 1,24,2001,8.0,2,30,9,30.0,3.76,1.13,0.07,0.22,0,0,3043,sn SEN,"MF,FW",fr Ligue 1,24,2001,21,718,34,23.5,8.0,6,71,0,15,20,10,1.86,12,11,+1,0.13,-1.03,2437,sn SEN,"MF,FW",fr Ligue 1,24,2001,8.0,3,0,0,14,14,3,14,1,5,0
282388,2025-12-23,5000000,Torino FC,416,IT1,Giovanni Simeone,2438,ar ARG,FW,Torino,it Serie A,30.0,1995,32,27,2230,24.8,11,0,11,11,0,0,1,0,0.44,,,,,,,,,,,,,,,,,,,,,,,,,2438,ar ARG,FW,it Serie A,30,1995,24.8,11,78,28,35.9,3.15,1.13,0.14,0.39,0,0,3044,ar ARG,FW,it Serie A,30,1995,32,2230,70,65.2,24.8,27,77,6,5,32,2,1.31,29,37,-8,-0.32,0.51,2438,ar ARG,FW,it Serie A,30,1995,24.8,1,0,0,31,41,18,9,5,9,0
742201,2025-12-12,40000000,Atlético de Madrid,13,ES1,Giuliano Simeone,2439,ar ARG,MF,Atlético Madrid,es La Liga,22.0,2002,31,25,2099,23.3,4,6,10,4,0,0,2,0,0.43,,,,,,,,,,,,,,,,,,,,,,,,,2439,ar ARG,MF,es La Liga,22,2002,23.3,4,36,14,38.9,1.54,0.6,0.11,0.29,0,0,3045,ar ARG,MF,es La Liga,22,2002,31,2099,68,61.4,23.3,25,75,7,6,35,2,1.9,42,26,+16,0.69,0.55,2439,ar ARG,MF,es La Liga,22,2002,23.3,2,0,0,21,40,7,48,20,25,0
274862,2025-12-15,7000000,Paris FC,10004,FR1,Moses Simon,2440,ng NGA,"MF,FW",Paris FC,fr Ligue 1,30.0,1995,29,25,2001,22.2,3,3,6,3,0,0,1,0,0.27,,,,,,,,,,,,,,,,,,,,,,,,,2440,ng NGA,"MF,FW",fr Ligue 1,30,1995,22.2,3,34,11,32.4,1.53,0.49,0.09,0.27,0,0,3047,ng NGA,"MF,FW",fr Ligue 1,30,1995,29,2001,69,65.4,22.2,25,75,1,4,33,2,1.28,31,30,+1,0.04,0.38,2440,ng NGA,"MF,FW",fr Ligue 1,30,1995,22.2,1,0,0,15,19,11,143,8,11,0
262396,2024-06-07,30000000,Athletic Bilbao,621,ES1,Unai Simón,2441,es ESP,GK,Athletic Club,es La Liga,28.0,1997,37,37,3330,37.0,0,0,0,0,0,0,1,0,0.0,163,es ESP,GK,es La Liga,28,1997,37,37,3330,37.0,54,1.46,146,97,65.1,13,6,18,6,16.2,6,3,2,1,2441,es ESP,GK,es La Liga,28,1997,37.0,0,0,0,,0.0,0.0,,,0,0,3048,es ESP,GK,es La Liga,28,1997,37,3330,90,97.4,37.0,37,90,37,0,,1,1.22,41,54,-13,-0.35,1.65,2441,es ESP,GK,es La Liga,28,1997,37.0,1,0,0,0,8,0,0,0,0,0
566931,2024-05-29,80000000,RB Leipzig,148,GB1,Xavi Simons,2442,nl NED,"MF,FW",Tottenham Hotspur,eng Premier League,22.0,2003,28,19,1755,19.5,2,5,7,2,0,0,5,1,0.36,,,,,,,,,,,,,,,,,,,,,,,,,2442,nl NED,"MF,FW",eng Premier League,22,2003,19.5,2,42,10,23.8,2.15,0.51,0.05,0.2,0,0,3049,nl NED,"MF,FW",eng Premier League,22,2003,28,1755,63,51.3,19.5,19,78,10,9,30,0,0.82,26,33,-7,-0.36,-0.25,2442,nl NED,"MF,FW",eng Premier League,22,2003,19.5,5,1,0,21,44,0,51,15,20,0
566931,2024-05-29,80000000,RB Leipzig,148,GB1,Xavi Simons,2443,nl NED,MF,RB Leipzig,de Bundesliga,22.0,2003,1,1,90,1.0,0,0,0,0,0,0,0,0,0.0,,,,,,,,,,,,,,,,,,,,,,,,,2443,nl NED,MF,de Bundesliga,22,2003,1.0,0,0,0,,0.0,0.0,,,0,0,3050,nl NED,MF,de Bundesliga,22,2003,1,90,90,2.9,1.0,1,90,1,0,,0,0.0,0,6,-6,-6.0,-6.76,2443,nl NED,MF,de Bundesliga,22,2003,1.0,0,0,0,1,3,0,2,1,0,0
942497,2025-12-10,4000000,Celtic FC,3,L1,Jahmai Simpson-Pusey,2444,eng ENG,DF,Köln,de Bundesliga,19.0,2005,11,10,863,9.6,0,0,0,0,0,0,2,1,0.0,,,,,,,,,,,,,,,,,,,,,,,,,2444,eng ENG,DF,de Bundesliga,19,2005,9.6,0,6,3,50.0,0.63,0.31,0.0,0.0,0,0,3051,eng ENG,DF,de Bundesliga,19,2005,11,863,78,28.2,9.6,10,84,8,1,22,0,0.91,13,19,-6,-0.63,-0.3,2444,eng ENG,DF,de Bundesliga,19,2005,9.6,2,1,0,4,4,0,2,12,8,0
346499,2023-06-01,1000000,Norwich City,35,L1,Danel Sinani,2445,lu LUX,"MF,FW",St Pauli,de Bundesliga,28.0,1997,30,23,2069,23.0,5,3,8,2,3,3,4,0,0.22,,,,,,,,,,,,,,,,,,,,,,,,,2445,lu LUX,"MF,FW",de Bundesliga,28,1997,23.0,5,49,18,36.7,2.13,0.78,0.04,0.11,3,3,3053,lu LUX,"MF,FW",de Bundesliga,28,1997,30,2069,69,67.6,23.0,23,83,15,7,22,2,0.77,18,43,-25,-1.09,-0.54,2445,lu LUX,"MF,FW",de Bundesliga,28,1997,23.0,4,0,0,39,27,10,135,5,16,0
569140,2023-06-27,1200000,AJ Auxerre,290,FR1,Lassine Sinayoko,2447,ml MLI,"FW,MF",Auxerre,fr Ligue 1,25.0,1999,32,32,2770,30.8,12,4,16,9,3,4,8,0,0.42,,,,,,,,,,,,,,,,,,,,,,,,,2447,ml MLI,"FW,MF",fr Ligue 1,25,1999,30.8,12,93,39,41.9,3.02,1.27,0.1,0.23,3,4,3055,ml MLI,"FW,MF",fr Ligue 1,25,1999,32,2770,87,90.5,30.8,32,87,21,0,,0,1.06,33,37,-4,-0.13,1.73,2447,ml MLI,"FW,MF",fr Ligue 1,25,1999,30.8,8,0,0,30,53,13,32,26,26,0
372712,2025-12-16,3000000,VfL Bochum,995,FR1,Ibrahima Sissoko,2448,ml MLI,"MF,DF",Nantes,fr Ligue 1,27.0,1997,14,10,893,9.9,0,0,0,0,0,0,4,0,0.0,,,,,,,,,,,,,,,,,,,,,,,,,2448,ml MLI,"MF,DF",fr Ligue 1,27,1997,9.9,0,6,0,0.0,0.6,0.0,0.0,,0,0,3059,ml MLI,"MF,DF",fr Ligue 1,27,1997,14,893,64,29.2,9.9,10,83,5,4,15,2,0.43,9,16,-7,-0.71,-0.04,2448,ml MLI,"MF,DF",fr Ligue 1,27,1997,9.9,4,0,0,25,8,2,6,17,7,0
298197,2025-12-12,6000000,Deportivo Alavés,1108,ES1,Antonio Sivera,2449,es ESP,GK,Alavés,es La Liga,28.0,1996,38,38,3420,38.0,0,0,0,0,0,0,3,0,0.0,164,es ESP,GK,es La Liga,28,1996,38,38,3420,38.0,56,1.47,148,97,65.5,11,10,17,5,13.2,5,5,0,0,2449,es ESP,GK,es La Liga,28,1996,38.0,0,0,0,,0.0,0.0,,,0,0,3061,es ESP,GK,es La Liga,28,1996,38,3420,90,100.0,38.0,38,90,38,0,,0,1.13,44,56,-12,-0.32,,2449,es ESP,GK,es La Liga,28,1996,38.0,3,0,0,1,1,0,0,0,1,1
1091353,2025-12-15,1000000,AJ Auxerre,290,FR1,Telli Siwe,2450,fr FRA,DF,Auxerre,fr Ligue 1,20.0,2004,4,4,315,3.5,0,0,0,0,0,0,0,0,0.0,,,,,,,,,,,,,,,,,,,,,,,,,2450,fr FRA,DF,fr Ligue 1,20,2004,3.5,0,2,1,50.0,0.57,0.29,0.0,0.0,0,0,3063,fr FRA,DF,fr Ligue 1,20,2004,4,315,79,10.3,3.5,4,79,3,0,,5,1.5,4,3,+1,0.29,0.65,2450,fr FRA,DF,fr Ligue 1,20,2004,3.5,0,0,0,3,0,0,0,5,4,0
287920,2025-12-19,1800000,1.FC Union Berlin,89,L1,Tim Skarke,2451,de GER,"MF,FW",Union Berlin,de Bundesliga,28.0,1996,22,4,623,6.9,1,1,2,1,0,0,0,0,0.29,,,,,,,,,,,,,,,,,,,,,,,,,2451,de GER,"MF,FW",de Bundesliga,28,1996,6.9,1,14,5,35.7,2.02,0.72,0.07,0.2,0,0,3064,de GER,"MF,FW",de Bundesliga,28,1996,22,623,28,20.4,6.9,4,59,0,18,22,8,1.41,12,12,0,0.0,0.52,2451,de GER,"MF,FW",de Bundesliga,28,1996,6.9,0,0,0,8,9,4,13,1,4,0
290587,2025-12-19,6000000,Eintracht Frankfurt,24,L1,Ellyes Skhiri,2452,tn TUN,"MF,DF",Eintracht Frankfurt,de Bundesliga,30.0,1995,25,16,1444,16.0,0,0,0,0,0,0,3,1,0.0,,,,,,,,,,,,,,,,,,,,,,,,,2452,tn TUN,"MF,DF",de Bundesliga,30,1995,16.0,0,8,0,0.0,0.5,0.0,0.0,,0,0,3065,tn TUN,"MF,DF",de Bundesliga,30,1995,25,1444,58,47.2,16.0,16,81,9,9,17,5,1.36,24,36,-12,-0.75,-1.19,2452,tn TUN,"MF,DF",de Bundesliga,30,1995,16.0,3,1,1,11,13,0,3,25,8,0
655207,2023-06-26,150000,Hobro IK,5724,DK1,Laurs Skjellerup,2454,dk DEN,FW,Sassuolo,it Serie A,22.0,2002,1,0,10,0.1,0,0,0,0,0,0,0,0,0.0,,,,,,,,,,,,,,,,,,,,,,,,,2454,dk DEN,FW,it Serie A,22,2002,0.1,0,1,0,0.0,9.0,0.0,0.0,,0,0,3067,dk DEN,FW,it Serie A,22,2002,1,10,10,0.3,0.1,0,,0,1,10,9,0.0,0,0,0,0.0,0.11,2454,dk DEN,FW,it Serie A,22,2002,0.1,0,0,0,0,0,0,0,0,0,0
432982,2025-12-19,10000000,VfL Wolfsburg,124,SC1,Andreas Skov Olsen,2456,dk DEN,MF,Wolfsburg,de Bundesliga,25.0,1999,8,4,362,4.0,1,0,1,1,0,0,1,0,0.25,,,,,,,,,,,,,,,,,,,,,,,,,2456,dk DEN,MF,de Bundesliga,25,1999,4.0,1,7,2,28.6,1.74,0.5,0.14,0.5,0,0,3069,dk DEN,MF,de Bundesliga,25,1999,8,362,45,11.8,4.0,4,67,0,4,24,4,1.0,7,7,0,0.0,0.8,2456,dk DEN,MF,de Bundesliga,25,1999,4.0,1,0,0,1,4,0,6,1,1,0
270393,2025-12-19,3000000,1.FC Union Berlin,89,L1,Robert Skov,2457,dk DEN,"DF,MF",Union Berlin,de Bundesliga,29.0,1996,3,3,220,2.4,0,0,0,0,0,0,0,0,0.0,,,,,,,,,,,,,,,,,,,,,,,,,2457,dk DEN,"DF,MF",de Bundesliga,29,1996,2.4,0,1,0,0.0,0.41,0.0,0.0,,0,0,3070,dk DEN,"DF,MF",de Bundesliga,29,1996,3,220,73,7.2,2.4,3,73,0,0,,1,1.0,4,6,-2,-0.82,-0.44,2457,dk DEN,"DF,MF",de Bundesliga,29,1996,2.4,0,0,0,5,3,0,12,2,5,0
851385,2025-12-23,2000000,Hellas Verona,276,IT1,Tobias Slotsager,2458,dk DEN,DF,Hellas Verona,it Serie A,19.0,2006,8,4,446,5.0,0,0,0,0,0,0,0,0,0.0,,,,,,,,,,,,,,,,,,,,,,,,,2458,dk DEN,DF,it Serie A,19,2006,5.0,0,3,1,33.3,0.61,0.2,0.0,0.0,0,0,3073,dk DEN,DF,it Serie A,19,2006,8,446,56,13.0,5.0,4,90,4,4,22,28,0.38,2,9,-7,-1.41,-0.53,2458,dk DEN,DF,it Serie A,19,2006,5.0,0,0,0,3,5,0,2,3,7,0
61841,2025-12-09,500000,AFC Bournemouth,989,GB1,Adam Smith,2459,eng ENG,DF,Bournemouth,eng Premier League,34.0,1991,22,14,1077,12.0,0,2,2,0,0,0,3,0,0.17,,,,,,,,,,,,,,,,,,,,,,,,,2459,eng ENG,DF,eng Premier League,34,1991,12.0,0,0,0,,0.0,0.0,,,0,0,3074,eng ENG,DF,eng Premier League,34,1991,22,1077,49,31.5,12.0,14,73,5,8,7,11,1.45,18,16,+2,0.17,0.09,2459,eng ENG,DF,eng Premier League,34,1991,12.0,3,0,0,19,11,0,13,10,12,0
292534,2025-12-19,5000000,FC St. Pauli,35,L1,Eric Smith,2460,se SWE,"DF,MF",St Pauli,de Bundesliga,28.0,1997,27,26,2311,25.7,2,2,4,2,0,0,4,1,0.16,,,,,,,,,,,,,,,,,,,,,,,,,2460,se SWE,"DF,MF",de Bundesliga,28,1997,25.7,2,12,5,41.7,0.47,0.19,0.17,0.4,0,0,3075,se SWE,"DF,MF",de Bundesliga,28,1997,27,2311,86,75.5,25.7,26,87,23,1,45,0,0.74,22,43,-21,-0.82,0.38,2460,se SWE,"DF,MF",de Bundesliga,28,1997,25.7,4,1,0,15,29,1,64,24,23,0
392765,2025-12-09,22000000,Fulham FC,931,GB1,Emile Smith Rowe,2461,eng ENG,MF,Fulham,eng Premier League,25.0,2000,37,22,1923,21.4,3,0,3,3,0,0,1,0,0.14,,,,,,,,,,,,,,,,,,,,,,,,,2461,eng ENG,MF,eng Premier League,25,2000,21.4,3,36,11,30.6,1.68,0.51,0.08,0.27,0,0,3076,eng ENG,MF,eng Premier League,25,2000,37,1923,52,56.2,21.4,22,73,1,15,21,0,1.38,27,28,-1,-0.05,0.13,2461,eng ENG,MF,eng Premier League,25,2000,21.4,1,0,0,10,17,3,13,22,22,0
507486,2023-10-11,2500000,Parma Calcio 1913,1025,IT1,Simon Sohm,2464,ch SUI,MF,Bologna,it Serie A,24.0,2001,12,9,717,8.0,0,0,0,0,0,0,1,0,0.0,,,,,,,,,,,,,,,,,,,,,,,,,2464,ch SUI,MF,it Serie A,24,2001,8.0,0,4,1,25.0,0.5,0.13,0.0,0.0,0,0,3080,ch SUI,MF,it Serie A,24,2001,12,717,60,21.0,8.0,9,74,2,3,18,5,1.83,8,7,+1,0.13,0.06,2464,ch SUI,MF,it Serie A,24,2001,8.0,1,0,0,9,3,3,2,3,5,0
507486,2023-10-11,2500000,Parma Calcio 1913,1025,IT1,Simon Sohm,2465,ch SUI,MF,Fiorentina,it Serie A,24.0,2001,16,9,708,7.9,0,1,1,0,0,0,2,0,0.13,,,,,,,,,,,,,,,,,,,,,,,,,2465,ch SUI,MF,it Serie A,24,2001,7.9,0,5,0,0.0,0.64,0.0,0.0,,0,0,3081,ch SUI,MF,it Serie A,24,2001,16,708,44,20.7,7.9,9,65,1,7,18,4,0.56,6,15,-9,-1.14,-1.14,2465,ch SUI,MF,it Serie A,24,2001,7.9,2,0,0,15,11,0,5,6,7,0
1216111,2025-12-18,100000,CF Estrela Amadora,2431,PO1,Alex Sola,2466,es ESP,"DF,FW",Getafe,es La Liga,26.0,1999,1,0,13,0.1,0,0,0,0,0,0,0,0,0.0,,,,,,,,,,,,,,,,,,,,,,,,,2466,es ESP,"DF,FW",es La Liga,26,1999,0.1,0,0,0,,0.0,0.0,,,0,0,3082,es ESP,"DF,FW",es La Liga,26,1999,1,13,13,0.4,0.1,0,,0,1,13,2,3.0,0,0,0,0.0,0.16,2466,es ESP,"DF,FW",es La Liga,26,1999,0.1,0,0,0,0,2,0,0,0,0,0
258889,2024-05-27,40000000,AFC Bournemouth,148,GB1,Dominic Solanke,2467,eng ENG,FW,Tottenham Hotspur,eng Premier League,27.0,1997,15,11,1001,11.1,3,0,3,3,0,0,1,0,0.27,,,,,,,,,,,,,,,,,,,,,,,,,2467,eng ENG,FW,eng Premier League,27,1997,11.1,3,20,11,55.0,1.8,0.99,0.15,0.27,0,0,3083,eng ENG,FW,eng Premier League,27,1997,15,1001,67,29.3,11.1,11,83,7,4,23,1,0.87,11,21,-10,-0.9,-0.94,2467,eng ENG,FW,eng Premier League,27,1997,11.1,1,0,0,12,9,3,2,3,16,0
372246,2025-12-12,8000000,Real Sociedad,681,ES1,Carlos Soler,2468,es ESP,MF,Real Sociedad,es La Liga,28.0,1997,33,26,2317,25.7,4,3,7,4,0,0,3,1,0.27,,,,,,,,,,,,,,,,,,,,,,,,,2468,es ESP,MF,es La Liga,28,1997,25.7,4,35,19,54.3,1.36,0.74,0.11,0.21,0,0,3084,es ESP,MF,es La Liga,28,1997,33,2317,70,67.7,25.7,26,81,10,7,31,1,1.21,37,39,-2,-0.08,-0.08,2468,es ESP,MF,es La Liga,28,1997,25.7,3,1,0,28,20,0,73,16,22,0
1009658,2025-12-09,8000000,AFC Bournemouth,989,GB1,Julio Soler,2469,ar ARG,DF,Bournemouth,eng Premier League,20.0,2005,3,0,35,0.4,0,0,0,0,0,0,0,0,0.0,,,,,,,,,,,,,,,,,,,,,,,,,2469,ar ARG,DF,eng Premier League,20,2005,0.4,0,0,0,,0.0,0.0,,,0,0,3085,ar ARG,DF,eng Premier League,20,2005,3,35,12,1.0,0.4,0,,0,3,12,14,1.0,0,2,-2,-5.14,-5.3,2469,ar ARG,DF,eng Premier League,20,2005,0.4,0,0,0,2,2,0,2,0,0,0
463665,2023-06-12,17000000,Red Bull Salzburg,410,IT1,Oumar Solet,2470,fr FRA,DF,Udinese,it Serie A,25.0,2000,35,34,2959,32.9,3,1,4,2,1,1,1,0,0.09,,,,,,,,,,,,,,,,,,,,,,,,,2470,fr FRA,DF,it Serie A,25,2000,32.9,3,33,6,18.2,1.0,0.18,0.06,0.33,1,1,3086,fr FRA,DF,it Serie A,25,2000,35,2959,85,86.5,32.9,34,87,31,1,16,1,1.31,39,42,-3,-0.09,-0.09,2470,fr FRA,DF,it Serie A,25,2000,32.9,1,0,0,30,29,2,20,47,57,1
396638,2024-05-27,13000000,Tottenham Hotspur,430,IT1,Manor Solomon,2472,il ISR,MF,Villarreal,es La Liga,26.0,1999,6,1,150,1.7,1,1,2,1,0,0,0,0,1.2,,,,,,,,,,,,,,,,,,,,,,,,,2472,il ISR,MF,es La Liga,26,1999,1.7,1,2,1,50.0,1.2,0.6,0.5,1.0,0,0,3088,il ISR,MF,es La Liga,26,1999,6,150,25,4.4,1.7,1,71,0,5,16,6,2.67,4,1,+3,1.8,1.17,2472,il ISR,MF,es La Liga,26,1999,1.7,0,0,0,0,2,1,10,0,1,0
396638,2024-05-27,13000000,Tottenham Hotspur,430,IT1,Manor Solomon,2473,il ISR,"FW,MF",Fiorentina,it Serie A,26.0,1999,16,9,890,9.9,2,1,3,2,0,0,1,0,0.3,,,,,,,,,,,,,,,,,,,,,,,,,2473,il ISR,"FW,MF",it Serie A,26,1999,9.9,2,11,4,36.4,1.11,0.4,0.18,0.5,0,0,3090,il ISR,"FW,MF",it Serie A,26,1999,16,890,56,26.0,9.9,9,85,5,7,18,0,1.56,11,15,-4,-0.4,-0.23,2473,il ISR,"FW,MF",it Serie A,26,1999,9.9,1,0,0,2,16,1,47,0,11,0
312773,2024-06-05,100000,Genoa CFC,252,IT1,Daniele Sommariva,2475,it ITA,GK,Genoa,it Serie A,28.0,1997,2,1,176,2.0,0,0,0,0,0,0,0,0,0.0,166,it ITA,GK,it Serie A,28,1997,2,1,176,2.0,4,2.05,12,8,66.7,0,0,1,0,0.0,0,0,0,0,2475,it ITA,GK,it Serie A,28,1997,2.0,0,0,0,,0.0,0.0,,,0,0,3092,it ITA,GK,it Serie A,28,1997,2,176,88,5.1,2.0,1,90,1,1,86,35,0.0,1,4,-3,-1.53,-1.34,2475,it ITA,GK,it Serie A,28,1997,2.0,0,0,0,0,1,0,0,0,0,0
42205,2025-12-23,2500000,Inter Milan,46,IT1,Yann Sommer,2476,ch SUI,GK,Inter,it Serie A,36.0,1988,33,33,2960,32.9,0,0,0,0,0,0,0,0,0.0,167,ch SUI,GK,it Serie A,36,1988,33,33,2960,32.9,30,0.91,91,64,71.4,23,5,5,15,45.5,4,4,0,0,2476,ch SUI,GK,it Serie A,36,1988,32.9,0,0,0,,0.0,0.0,,,0,0,3093,ch SUI,GK,it Serie A,36,1988,33,2960,90,86.5,32.9,33,90,32,0,,5,2.24,76,30,+46,1.4,-0.17,2476,ch SUI,GK,it Serie A,36,1988,32.9,0,0,0,0,2,0,0,0,0,0
541628,2025-12-09,4000000,Burnley FC,197,TS1,Oliver Sonne,2477,pe PER,DF,Burnley,eng Premier League,24.0,2000,7,1,169,1.9,1,0,1,1,0,0,0,0,0.53,,,,,,,,,,,,,,,,,,,,,,,,,2477,pe PER,DF,eng Premier League,24,2000,1.9,1,3,1,33.3,1.6,0.53,0.33,1.0,0,0,3094,pe PER,DF,eng Premier League,24,2000,7,169,24,4.9,1.9,1,73,0,6,16,3,0.71,3,4,-1,-0.53,0.46,2477,pe PER,DF,eng Premier League,24,2000,1.9,0,0,0,4,0,0,5,1,1,0
226012,2025-12-12,3000000,Getafe CF,3709,ES1,David Soria,2478,es ESP,GK,Getafe,es La Liga,32.0,1993,38,38,3420,38.0,0,0,0,0,0,0,2,0,0.0,168,es ESP,GK,es La Liga,32,1993,38,38,3420,38.0,38,1.0,151,115,75.5,15,6,17,12,31.6,4,1,2,1,2478,es ESP,GK,es La Liga,32,1993,38.0,0,0,0,,0.0,0.0,,,0,0,3096,es ESP,GK,es La Liga,32,1993,38,3420,90,100.0,38.0,38,90,38,0,,0,1.34,32,38,-6,-0.16,,2478,es ESP,GK,es La Liga,32,1993,38.0,2,0,0,0,3,0,0,0,0,0
293194,2025-12-09,4000000,Crystal Palace,873,GB1,Borna Sosa,2479,hr CRO,"DF,MF",Crystal Palace,eng Premier League,27.0,1998,7,0,101,1.1,0,0,0,0,0,0,1,0,0.0,,,,,,,,,,,,,,,,,,,,,,,,,2479,hr CRO,"DF,MF",eng Premier League,27,1998,1.1,0,1,0,0.0,0.89,0.0,0.0,,0,0,3097,hr CRO,"DF,MF",eng Premier League,27,1998,7,101,14,3.0,1.1,0,,0,7,14,23,0.71,3,2,+1,0.89,1.19,2479,hr CRO,"DF,MF",eng Premier League,27,1998,1.1,1,0,0,4,0,0,6,2,0,0
892221,2025-12-12,9000000,Celta de Vigo,940,ES1,Hugo Sotelo,2480,es ESP,MF,Celta Vigo,es La Liga,21.0,2003,20,16,1338,14.9,0,2,2,0,0,0,3,0,0.13,,,,,,,,,,,,,,,,,,,,,,,,,2480,es ESP,MF,es La Liga,21,2003,14.9,0,2,1,50.0,0.13,0.07,0.0,0.0,0,0,3098,es ESP,MF,es La Liga,21,2003,20,1338,67,39.1,14.9,16,78,7,4,24,14,1.1,27,25,+2,0.13,0.0,2480,es ESP,MF,es La Liga,21,2003,14.9,3,0,0,27,13,0,44,13,16,0
354726,2025-12-15,1500000,RC Lens,826,FR1,Florian Sotoca,2481,fr FRA,"MF,FW",Lens,fr Ligue 1,34.0,1990,26,4,507,5.6,1,0,1,1,0,0,1,0,0.18,,,,,,,,,,,,,,,,,,,,,,,,,2481,fr FRA,"MF,FW",fr Ligue 1,34,1990,5.6,1,13,1,7.7,2.31,0.18,0.08,1.0,0,0,3099,fr FRA,"MF,FW",fr Ligue 1,34,1990,26,507,20,16.6,5.6,4,70,1,22,10,8,2.27,15,8,+7,1.24,0.4,2481,fr FRA,"MF,FW",fr Ligue 1,34,1990,5.6,1,0,0,9,12,2,11,7,4,0
386455,2025-12-23,3500000,US Lecce,1005,IT1,Riccardo Sottil,2482,it ITA,"FW,MF",Lecce,it Serie A,26.0,1999,21,13,1066,11.8,1,2,3,1,0,0,1,0,0.25,,,,,,,,,,,,,,,,,,,,,,,,,2482,it ITA,"FW,MF",it Serie A,26,1999,11.8,1,20,3,15.0,1.69,0.25,0.05,0.33,0,0,3100,it ITA,"FW,MF",it Serie A,26,1999,21,1066,51,31.2,11.8,13,66,0,8,25,4,0.86,6,14,-8,-0.68,-0.14,2482,it ITA,"FW,MF",it Serie A,26,1999,11.8,1,0,0,10,27,4,100,2,2,0
283628,2025-12-09,12000000,West Ham United,379,GB1,Tomáš Souček,2483,cz CZE,MF,West Ham United,eng Premier League,30.0,1995,35,24,2200,24.4,5,0,5,5,0,0,3,1,0.2,,,,,,,,,,,,,,,,,,,,,,,,,2483,cz CZE,MF,eng Premier League,30,1995,24.4,5,26,14,53.8,1.06,0.57,0.19,0.36,0,0,3101,cz CZE,MF,eng Premier League,30,1995,35,2200,63,64.3,24.4,24,83,15,11,19,0,1.09,32,41,-9,-0.37,0.37,2483,cz CZE,MF,eng Premier League,30,1995,24.4,3,1,0,37,22,5,14,16,23,0
704270,2023-06-16,800000,Rodez AF,1158,FR1,Sambou Soumano,2486,sn SEN,FW,Lorient,fr Ligue 1,24.0,2001,31,8,941,10.5,4,2,6,4,0,1,2,0,0.57,,,,,,,,,,,,,,,,,,,,,,,,,2486,sn SEN,FW,fr Ligue 1,24,2001,10.5,4,28,10,35.7,2.68,0.96,0.14,0.4,0,1,3105,sn SEN,FW,fr Ligue 1,24,2001,31,941,30,30.8,10.5,8,66,0,23,18,2,1.23,15,17,-2,-0.19,-0.15,2486,sn SEN,FW,fr Ligue 1,24,2001,10.5,2,0,0,16,18,10,0,4,4,0
568698,2025-12-15,5000000,Le Havre AC,738,FR1,Issa Soumaré,2487,sn SEN,"FW,MF",Le Havre,fr Ligue 1,24.0,2000,34,33,2948,32.8,8,5,13,7,1,3,3,0,0.37,,,,,,,,,,,,,,,,,,,,,,,,,2487,sn SEN,"FW,MF",fr Ligue 1,24,2000,32.8,8,77,28,36.4,2.35,0.85,0.09,0.25,1,3,3106,sn SEN,"FW,MF",fr Ligue 1,24,2000,34,2948,87,96.3,32.8,33,88,32,1,45,0,1.03,31,43,-12,-0.37,-0.37,2487,sn SEN,"FW,MF",fr Ligue 1,24,2000,32.8,3,0,0,56,74,14,61,12,20,0
73741,2024-05-31,325000,Basaksehir FK,6890,TR1,Souza,2488,br BRA,MF,Tottenham Hotspur,eng Premier League,19.0,2006,4,2,144,1.6,0,0,0,0,0,0,1,0,0.0,,,,,,,,,,,,,,,,,,,,,,,,,2488,br BRA,MF,eng Premier League,19,2006,1.6,0,1,1,100.0,0.62,0.62,0.0,0.0,0,0,3107,br BRA,MF,eng Premier League,19,2006,4,144,36,4.2,1.6,2,49,0,2,24,8,0.25,1,3,-2,-1.25,-1.06,2488,br BRA,MF,eng Premier League,19,2006,1.6,1,0,0,3,2,0,3,2,0,0
212723,2024-06-07,9000000,Sevilla FC,368,ES1,Djibril Sow,2490,ch SUI,MF,Sevilla,es La Liga,28.0,1997,33,27,2187,24.3,5,4,9,5,0,0,6,0,0.37,,,,,,,,,,,,,,,,,,,,,,,,,2490,ch SUI,MF,es La Liga,28,1997,24.3,5,19,8,42.1,0.78,0.33,0.26,0.63,0,0,3109,ch SUI,MF,es La Liga,28,1997,33,2187,66,63.9,24.3,27,76,10,6,22,2,1.0,27,43,-16,-0.66,-0.8,2490,ch SUI,MF,es La Liga,28,1997,24.3,6,0,0,42,29,3,22,23,27,0
483348,2024-06-05,8000000,Genoa CFC,148,GB1,Djed Spence,2491,eng ENG,"DF,MF",Tottenham Hotspur,eng Premier League,24.0,2000,30,23,2055,22.8,0,0,0,0,0,0,4,0,0.0,,,,,,,,,,,,,,,,,,,,,,,,,2491,eng ENG,"DF,MF",eng Premier League,24,2000,22.8,0,13,8,61.5,0.57,0.35,0.0,0.0,0,0,3110,eng ENG,"DF,MF",eng Premier League,24,2000,30,2055,69,60.1,22.8,23,83,16,7,21,4,1.2,30,31,-1,-0.04,0.48,2491,eng ENG,"DF,MF",eng Premier League,24,2000,22.8,4,0,0,28,21,4,49,15,25,0
118689,2025-12-23,3500000,SSC Napoli,6195,IT1,Leonardo Spinazzola,2492,it ITA,"MF,DF",Napoli,it Serie A,32.0,1993,32,22,1901,21.1,3,3,6,3,0,0,2,0,0.28,,,,,,,,,,,,,,,,,,,,,,,,,2492,it ITA,"MF,DF",it Serie A,32,1993,21.1,3,21,7,33.3,0.99,0.33,0.14,0.43,0,0,3114,it ITA,"MF,DF",it Serie A,32,1993,32,1901,59,55.6,21.1,22,76,8,10,22,2,2.0,35,20,+15,0.71,0.3,2492,it ITA,"MF,DF",it Serie A,32,1993,21.1,2,0,0,9,10,2,73,4,10,0
199976,2024-06-05,1500000,AC Milan,800,IT1,Marco Sportiello,2493,it ITA,GK,Atalanta,it Serie A,33.0,1992,1,1,90,1.0,0,0,0,0,0,0,0,0,0.0,169,it ITA,GK,it Serie A,33,1992,1,1,90,1.0,1,1.0,4,3,75.0,0,1,0,0,0.0,0,0,0,0,2493,it ITA,GK,it Serie A,33,1992,1.0,0,0,0,,0.0,0.0,,,0,0,3116,it ITA,GK,it Serie A,33,1992,1,90,90,2.6,1.0,1,90,1,0,,37,1.0,1,1,0,0.0,-0.41,2493,it ITA,GK,it Serie A,33,1992,1.0,0,0,0,0,0,0,0,0,0,0
344069,2025-12-09,20000000,Leeds United,399,GB1,Anton Stach,2494,de GER,MF,Leeds United,eng Premier League,26.0,1998,29,28,2370,26.3,5,3,8,5,0,0,3,0,0.3,,,,,,,,,,,,,,,,,,,,,,,,,2494,de GER,MF,eng Premier League,26,1998,26.3,5,55,14,25.5,2.09,0.53,0.09,0.36,0,0,3117,de GER,MF,eng Premier League,26,1998,29,2370,82,69.3,26.3,28,84,19,1,31,1,1.03,31,36,-5,-0.19,-0.02,2494,de GER,MF,eng Premier League,26,1998,26.3,3,0,0,36,24,0,155,19,35,0
289835,2025-12-19,14000000,SV Werder Bremen,86,L1,Jens Stage,2495,dk DEN,MF,Werder Bremen,de Bundesliga,28.0,1996,29,29,2460,27.3,10,2,12,10,0,0,5,0,0.44,,,,,,,,,,,,,,,,,,,,,,,,,2495,dk DEN,MF,de Bundesliga,28,1996,27.3,10,56,21,37.5,2.05,0.77,0.18,0.48,0,0,3119,dk DEN,MF,de Bundesliga,28,1996,29,2460,85,80.4,27.3,29,85,21,0,,0,0.97,26,45,-19,-0.7,-0.1,2495,dk DEN,MF,de Bundesliga,28,1996,27.3,5,0,0,35,30,3,14,18,32,0
127160,2024-06-03,700000,Stade Reims,347,FR1,Benjamin Stambouli,2496,fr FRA,MF,Metz,fr Ligue 1,34.0,1990,19,10,960,10.7,0,0,0,0,0,0,0,0,0.0,,,,,,,,,,,,,,,,,,,,,,,,,2496,fr FRA,MF,fr Ligue 1,34,1990,10.7,0,6,1,16.7,0.56,0.09,0.0,0.0,0,0,3121,fr FRA,MF,fr Ligue 1,34,1990,19,960,51,31.4,10.7,10,83,5,9,15,5,0.58,10,26,-16,-1.5,-0.3,2496,fr FRA,MF,fr Ligue 1,34,1990,10.7,0,0,0,14,9,0,8,9,16,0
148372,2023-10-24,5000000,Damac FC,98080,,Nicolae Stanciu,2497,ro ROU,MF,Genoa,it Serie A,32.0,1993,4,2,180,2.0,0,0,0,0,0,1,0,0,0.0,,,,,,,,,,,,,,,,,,,,,,,,,2497,ro ROU,MF,it Serie A,32,1993,2.0,0,5,0,0.0,2.5,0.0,0.0,,0,1,3122,ro ROU,MF,it Serie A,32,1993,4,180,45,5.3,2.0,2,75,0,2,15,12,0.5,0,1,-1,-0.5,-0.25,2497,ro ROU,MF,it Serie A,32,1993,2.0,0,0,0,1,2,0,9,3,3,0
258987,2024-06-07,6000000,Celta de Vigo,940,ES1,Carl Starfelt,2500,se SWE,DF,Celta Vigo,es La Liga,30.0,1995,19,17,1491,16.6,0,0,0,0,0,0,3,1,0.0,,,,,,,,,,,,,,,,,,,,,,,,,2500,se SWE,DF,es La Liga,30,1995,16.6,0,4,1,25.0,0.24,0.06,0.0,0.0,0,0,3125,se SWE,DF,es La Liga,30,1995,19,1491,78,43.6,16.6,17,86,14,2,17,1,1.37,22,17,+5,0.3,0.3,2500,se SWE,DF,es La Liga,30,1995,16.6,3,1,1,19,8,0,0,16,16,1
162434,2025-12-19,3500000,SV Werder Bremen,86,L1,Niklas Stark,2501,de GER,DF,Werder Bremen,de Bundesliga,30.0,1995,14,9,697,7.7,0,0,0,0,0,0,8,2,0.0,,,,,,,,,,,,,,,,,,,,,,,,,2501,de GER,DF,de Bundesliga,30,1995,7.7,0,3,1,33.3,0.39,0.13,0.0,0.0,0,0,3126,de GER,DF,de Bundesliga,30,1995,14,697,50,22.8,7.7,9,68,2,5,16,5,1.43,9,14,-5,-0.65,0.04,2501,de GER,DF,de Bundesliga,30,1995,7.7,8,2,2,11,7,0,1,13,12,0
409344,2024-05-31,15000000,Feyenoord Rotterdam,4172,IT1,Calvin Stengs,2503,nl NED,"FW,MF",Pisa,it Serie A,26.0,1998,4,0,46,0.5,0,0,0,0,0,0,0,0,0.0,,,,,,,,,,,,,,,,,,,,,,,,,2503,nl NED,"FW,MF",it Serie A,26,1998,0.5,0,2,1,50.0,3.91,1.96,0.0,0.0,0,0,3131,nl NED,"FW,MF",it Serie A,26,1998,4,46,12,1.3,0.5,0,,0,4,12,11,0.0,0,2,-2,-3.91,-2.77,2503,nl NED,"FW,MF",it Serie A,26,1998,0.5,0,0,0,0,2,0,3,0,0,0
195246,2025-12-19,1200000,VfB Stuttgart,79,L1,Pascal Stenzel,2504,de GER,MF,Stuttgart,de Bundesliga,29.0,1996,2,2,106,1.2,0,0,0,0,0,0,2,0,0.0,,,,,,,,,,,,,,,,,,,,,,,,,2504,de GER,MF,de Bundesliga,29,1996,1.2,0,3,1,33.3,2.55,0.85,0.0,0.0,0,0,3132,de GER,MF,de Bundesliga,29,1996,2,106,53,3.5,1.2,2,53,0,0,,16,1.5,1,2,-1,-0.85,-1.55,2504,de GER,MF,de Bundesliga,29,1996,1.2,2,0,0,2,2,0,5,2,0,0
507345,2025-12-19,3500000,VfB Stuttgart,2036,L1,Leonidas Stergiou,2505,ch SUI,DF,Heidenheim,de Bundesliga,23.0,2002,5,1,206,2.3,0,0,0,0,0,0,0,0,0.0,,,,,,,,,,,,,,,,,,,,,,,,,2505,ch SUI,DF,de Bundesliga,23,2002,2.3,0,1,0,0.0,0.44,0.0,0.0,,0,0,3134,ch SUI,DF,de Bundesliga,23,2002,5,206,41,6.7,2.3,1,90,1,4,29,4,1.0,1,7,-6,-2.62,-1.83,2505,ch SUI,DF,de Bundesliga,23,2002,2.3,0,0,0,3,1,0,1,1,3,0
507345,2025-12-19,3500000,VfB Stuttgart,2036,L1,Leonidas Stergiou,2506,ch SUI,DF,Stuttgart,de Bundesliga,23.0,2002,1,0,1,0.0,0,0,0,0,0,0,0,0,0.0,,,,,,,,,,,,,,,,,,,,,,,,,2506,ch SUI,DF,de Bundesliga,23,2002,0.0,0,0,0,,0.0,0.0,,,0,0,3135,ch SUI,DF,de Bundesliga,23,2002,1,1,1,0.0,0.0,0,,0,1,1,3,3.0,0,0,0,0.0,-0.65,2506,ch SUI,DF,de Bundesliga,23,2002,0.0,0,0,0,0,0,0,0,0,0,0
443710,2025-12-19,45000000,VfB Stuttgart,79,L1,Angelo Stiller,2508,de GER,MF,Stuttgart,de Bundesliga,24.0,2001,34,30,2743,30.5,2,5,7,2,0,1,1,0,0.23,,,,,,,,,,,,,,,,,,,,,,,,,2508,de GER,MF,de Bundesliga,24,2001,30.5,2,17,8,47.1,0.56,0.26,0.12,0.25,0,1,3138,de GER,MF,de Bundesliga,24,2001,34,2743,81,89.6,30.5,30,88,23,4,26,0,1.82,65,43,+22,0.72,0.72,2508,de GER,MF,de Bundesliga,24,2001,30.5,1,0,0,18,44,0,105,28,23,0
106872,2025-12-19,3000000,Borussia Mönchengladbach,18,L1,Kevin Stöger,2509,at AUT,MF,Gladbach,de Bundesliga,31.0,1993,29,15,1324,14.7,1,1,2,1,0,1,3,0,0.14,,,,,,,,,,,,,,,,,,,,,,,,,2509,at AUT,MF,de Bundesliga,31,1993,14.7,1,23,7,30.4,1.56,0.48,0.04,0.14,0,1,3139,at AUT,MF,de Bundesliga,31,1993,29,1324,46,43.3,14.7,15,73,2,14,17,5,1.0,13,25,-12,-0.82,-0.87,2509,at AUT,MF,de Bundesliga,31,1993,14.7,3,0,0,23,29,0,61,13,20,0
186590,2025-12-09,18000000,Manchester City,281,GB1,John Stones,2511,eng ENG,DF,Manchester City,eng Premier League,31.0,1994,9,5,439,4.9,0,0,0,0,0,0,0,0,0.0,,,,,,,,,,,,,,,,,,,,,,,,,2511,eng ENG,DF,eng Premier League,31,1994,4.9,0,0,0,,0.0,0.0,,,0,0,3141,eng ENG,DF,eng Premier League,31,1994,9,439,49,12.8,4.9,5,80,2,4,10,15,1.44,7,10,-3,-0.62,-1.97,2511,eng ENG,DF,eng Premier League,31,1994,4.9,0,0,0,0,0,0,4,3,1,0
429983,2025-12-09,40000000,Wolverhampton Wanderers,873,GB1,Jørgen Strand Larsen,2512,no NOR,FW,Crystal Palace,eng Premier League,25.0,2000,14,12,903,10.0,3,0,3,3,0,0,2,0,0.3,,,,,,,,,,,,,,,,,,,,,,,,,2512,no NOR,FW,eng Premier League,25,2000,10.0,3,23,7,30.4,2.29,0.7,0.13,0.43,0,0,3142,no NOR,FW,eng Premier League,25,2000,14,903,65,26.4,10.0,12,71,3,2,26,0,1.14,12,15,-3,-0.3,-0.05,2512,no NOR,FW,eng Premier League,25,2000,10.0,2,0,0,21,10,1,0,1,0,0
429983,2025-12-09,40000000,Wolverhampton Wanderers,873,GB1,Jørgen Strand Larsen,2513,no NOR,FW,Wolves,eng Premier League,25.0,2000,22,14,1404,15.6,1,1,2,0,1,2,2,0,0.06,,,,,,,,,,,,,,,,,,,,,,,,,2513,no NOR,FW,eng Premier League,25,2000,15.6,1,21,7,33.3,1.35,0.45,0.0,0.0,1,2,3143,no NOR,FW,eng Premier League,25,2000,22,1404,64,41.1,15.6,14,83,7,8,31,0,0.36,6,26,-20,-1.28,-0.34,2513,no NOR,FW,eng Premier League,25,2000,15.6,2,0,0,30,11,9,3,3,2,0
457673,2025-12-12,7000000,Olympiacos Piraeus,130,IT1,Gabriel Strefezza,2514,br BRA,FW,Parma,it Serie A,28.0,1997,14,13,1007,11.2,2,2,4,2,0,0,3,0,0.36,,,,,,,,,,,,,,,,,,,,,,,,,2514,br BRA,FW,it Serie A,28,1997,11.2,2,24,7,29.2,2.14,0.63,0.08,0.29,0,0,3144,br BRA,FW,it Serie A,28,1997,14,1007,72,29.4,11.2,13,75,3,1,37,0,1.36,8,13,-5,-0.45,0.04,2514,br BRA,FW,it Serie A,28,1997,11.2,3,0,0,21,28,2,41,5,12,0
410708,2023-06-20,18000000,Leeds United,399,GB1,Pascal Struijk,2515,nl NED,DF,Leeds United,eng Premier League,25.0,1999,34,33,2936,32.6,0,1,1,0,0,0,5,0,0.03,,,,,,,,,,,,,,,,,,,,,,,,,2515,nl NED,DF,eng Premier League,25,1999,32.6,0,31,5,16.1,0.95,0.15,0.0,0.0,0,0,3145,nl NED,DF,eng Premier League,25,1999,34,2936,86,85.8,32.6,33,89,31,1,9,2,1.18,42,48,-6,-0.18,0.0,2515,nl NED,DF,eng Premier League,25,1999,32.6,5,0,0,27,22,5,2,32,22,0
59323,2025-12-12,900000,Girona FC,12321,ES1,Cristhian Stuani,2516,uy URU,FW,Girona,es La Liga,38.0,1986,21,1,412,4.6,5,0,5,2,3,4,4,0,0.44,,,,,,,,,,,,,,,,,,,,,,,,,2516,uy URU,FW,es La Liga,38,1986,4.6,5,19,12,63.2,4.15,2.62,0.11,0.17,3,4,3146,uy URU,FW,es La Liga,38,1986,21,412,20,12.0,4.6,1,63,0,20,17,5,0.9,6,8,-2,-0.44,-0.02,2516,uy URU,FW,es La Liga,38,1986,4.6,4,0,0,12,11,6,0,1,4,0
165007,2024-06-07,1500000,Villarreal CF,1108,ES1,Denis Suárez,2518,es ESP,MF,Alavés,es La Liga,31.0,1994,30,15,1406,15.6,1,2,3,1,0,0,6,0,0.19,,,,,,,,,,,,,,,,,,,,,,,,,2518,es ESP,MF,es La Liga,31,1994,15.6,1,9,4,44.4,0.58,0.26,0.11,0.25,0,0,3149,es ESP,MF,es La Liga,31,1994,30,1406,47,41.1,15.6,15,69,0,15,24,2,1.07,21,21,0,0.0,0.54,2518,es ESP,MF,es La Liga,31,1994,15.6,6,0,0,20,26,0,41,7,12,0
385105,2025-12-12,7000000,Sevilla FC,368,ES1,Gabriel Suazo,2519,cl CHI,"DF,MF",Sevilla,es La Liga,27.0,1997,29,25,2096,23.3,0,2,2,0,0,0,7,0,0.09,,,,,,,,,,,,,,,,,,,,,,,,,2519,cl CHI,"DF,MF",es La Liga,27,1997,23.3,0,5,2,40.0,0.21,0.09,0.0,0.0,0,0,3150,cl CHI,"DF,MF",es La Liga,27,1997,29,2096,72,61.3,23.3,25,81,19,4,18,1,1.31,28,37,-9,-0.39,-0.05,2519,cl CHI,"DF,MF",es La Liga,27,1997,23.3,7,0,0,33,15,2,95,29,62,0
405385,2025-12-19,7500000,SV Werder Bremen,86,L1,Yukinari Sugawara,2522,jp JPN,"DF,MF",Werder Bremen,de Bundesliga,25.0,2000,31,29,2428,27.0,0,6,6,0,0,0,2,1,0.22,,,,,,,,,,,,,,,,,,,,,,,,,2522,jp JPN,"DF,MF",de Bundesliga,25,2000,27.0,0,30,11,36.7,1.11,0.41,0.0,0.0,0,0,3153,jp JPN,"DF,MF",de Bundesliga,25,2000,31,2428,78,79.3,27.0,29,82,20,2,21,1,1.03,32,43,-11,-0.41,1.3,2522,jp JPN,"DF,MF",de Bundesliga,25,2000,27.0,2,1,0,22,11,2,74,15,22,0
166601,2025-12-19,5000000,Borussia Dortmund,16,L1,Niklas Süle,2524,de GER,DF,Dortmund,de Bundesliga,29.0,1995,11,7,486,5.4,0,1,1,0,0,0,3,0,0.19,,,,,,,,,,,,,,,,,,,,,,,,,2524,de GER,DF,de Bundesliga,29,1995,5.4,0,2,1,50.0,0.37,0.19,0.0,0.0,0,0,3155,de GER,DF,de Bundesliga,29,1995,11,486,44,15.9,5.4,7,61,1,4,15,9,2.09,12,7,+5,0.93,-0.16,2524,de GER,DF,de Bundesliga,29,1995,5.4,3,0,0,8,1,0,6,6,5,0
982267,2025-12-23,6000000,Bologna FC 1909,1390,IT1,Ibrahim Sulemana,2525,gh GHA,MF,Bologna,it Serie A,22.0,2003,3,0,45,0.5,0,0,0,0,0,0,1,0,0.0,,,,,,,,,,,,,,,,,,,,,,,,,2525,gh GHA,MF,it Serie A,22,2003,0.5,0,0,0,,0.0,0.0,,,0,0,3156,gh GHA,MF,it Serie A,22,2003,3,45,15,1.3,0.5,0,,0,3,15,12,1.33,1,1,0,0.0,-0.08,2525,gh GHA,MF,it Serie A,22,2003,0.5,1,0,0,1,0,0,0,0,0,0
982267,2025-12-23,6000000,Bologna FC 1909,1390,IT1,Ibrahim Sulemana,2526,gh GHA,MF,Cagliari,it Serie A,22.0,2003,16,7,860,9.6,1,0,1,1,0,0,2,0,0.1,,,,,,,,,,,,,,,,,,,,,,,,,2526,gh GHA,MF,it Serie A,22,2003,9.6,1,11,2,18.2,1.15,0.21,0.09,0.5,0,0,3158,gh GHA,MF,it Serie A,22,2003,16,860,54,25.1,9.6,7,87,5,9,28,1,1.13,5,15,-10,-1.05,-0.94,2526,gh GHA,MF,it Serie A,22,2003,9.6,2,0,0,12,10,0,2,6,13,0
746695,2025-12-23,18000000,Atalanta BC,800,IT1,Kamaldeen Sulemana,2527,gh GHA,MF,Atalanta,it Serie A,23.0,2002,25,9,1011,11.2,2,1,3,2,0,0,4,0,0.27,,,,,,,,,,,,,,,,,,,,,,,,,2527,gh GHA,MF,it Serie A,23,2002,11.2,2,25,10,40.0,2.23,0.89,0.08,0.2,0,0,3159,gh GHA,MF,it Serie A,23,2002,25,1011,40,29.6,11.2,9,70,1,16,24,9,1.52,17,12,+5,0.45,0.07,2527,gh GHA,MF,it Serie A,23,2002,11.2,4,0,0,14,14,5,22,2,5,0
474701,2025-12-09,22000000,West Ham United,379,GB1,Crysencio Summerville,2528,nl NED,"MF,FW",West Ham United,eng Premier League,23.0,2001,31,29,2470,27.4,5,2,7,5,0,0,6,0,0.26,,,,,,,,,,,,,,,,,,,,,,,,,2528,nl NED,"MF,FW",eng Premier League,23,2001,27.4,5,54,15,27.8,1.97,0.55,0.09,0.33,0,0,3161,nl NED,"MF,FW",eng Premier League,23,2001,31,2470,80,72.2,27.4,29,84,14,2,19,0,1.16,34,42,-8,-0.29,0.75,2528,nl NED,"MF,FW",eng Premier League,23,2001,27.4,6,0,0,49,67,6,59,15,26,0
668606,2025-12-19,15000000,SC Freiburg,60,L1,Yuito Suzuki,2530,jp JPN,MF,Freiburg,de Bundesliga,23.0,2001,25,18,1632,18.1,4,2,6,4,0,0,3,0,0.33,,,,,,,,,,,,,,,,,,,,,,,,,2530,jp JPN,MF,de Bundesliga,23,2001,18.1,4,38,14,36.8,2.1,0.77,0.11,0.29,0,0,3164,jp JPN,MF,de Bundesliga,23,2001,25,1632,65,53.3,18.1,18,79,6,7,31,4,1.28,31,31,0,0.0,0.38,2530,jp JPN,MF,de Bundesliga,23,2001,18.1,3,0,0,20,10,2,21,10,12,0
432298,2025-12-23,20000000,Parma Calcio 1913,130,IT1,Zion Suzuki,2531,jp JPN,GK,Parma,it Serie A,22.0,2002,20,20,1800,20.0,0,0,0,0,0,0,1,0,0.0,170,jp JPN,GK,it Serie A,22,2002,20,20,1800,20.0,28,1.4,90,65,71.1,3,7,10,5,25.0,3,2,1,0,2531,jp JPN,GK,it Serie A,22,2002,20.0,0,0,0,,0.0,0.0,,,0,0,3165,jp JPN,GK,it Serie A,22,2002,20,1800,90,52.6,20.0,20,90,20,0,,3,0.8,14,28,-14,-0.7,-0.48,2531,jp JPN,GK,it Serie A,22,2002,20.0,1,0,0,0,4,0,0,0,0,0
342405,2025-12-19,12000000,VfL Wolfsburg,82,L1,Mattias Svanberg,2532,se SWE,MF,Wolfsburg,de Bundesliga,26.0,1999,24,8,861,9.6,3,1,4,3,0,0,6,1,0.42,,,,,,,,,,,,,,,,,,,,,,,,,2532,se SWE,MF,de Bundesliga,26,1999,9.6,3,21,8,38.1,2.2,0.84,0.14,0.38,0,0,3166,se SWE,MF,de Bundesliga,26,1999,24,861,36,28.1,9.6,8,67,0,16,21,1,0.92,13,24,-11,-1.15,-0.62,2532,se SWE,MF,de Bundesliga,26,1999,9.6,6,1,1,18,19,1,8,10,7,0
579287,2025-12-19,22000000,Borussia Dortmund,16,L1,Daniel Svensson,2533,se SWE,MF,Dortmund,de Bundesliga,23.0,2002,33,27,2454,27.3,2,2,4,2,0,0,0,0,0.15,,,,,,,,,,,,,,,,,,,,,,,,,2533,se SWE,MF,de Bundesliga,23,2002,27.3,2,12,4,33.3,0.44,0.15,0.17,0.5,0,0,3167,se SWE,MF,de Bundesliga,23,2002,33,2454,74,80.2,27.3,27,86,22,6,22,1,2.12,54,28,+26,0.95,-0.53,2533,se SWE,MF,de Bundesliga,23,2002,27.3,0,0,0,28,22,2,129,20,26,0
338670,2025-12-23,35000000,AS Roma,12,IT1,Mile Svilar,2534,rs SRB,GK,Roma,it Serie A,25.0,1999,38,38,3420,38.0,0,0,0,0,0,0,0,0,0.0,171,rs SRB,GK,it Serie A,25,1999,38,38,3420,38.0,31,0.82,137,107,78.1,23,4,11,18,47.4,1,1,0,0,2534,rs SRB,GK,it Serie A,25,1999,38.0,0,0,0,,0.0,0.0,,,0,0,3169,rs SRB,GK,it Serie A,25,1999,38,3420,90,100.0,38.0,38,90,38,0,,0,1.92,59,31,+28,0.74,,2534,rs SRB,GK,it Serie A,25,1999,38.0,0,0,0,0,8,0,0,1,1,0
764859,2024-06-07,5000000,Celta de Vigo,940,ES1,Williot Swedberg,2535,se SWE,"FW,MF",Celta Vigo,es La Liga,21.0,2004,29,13,1270,14.1,5,5,10,5,0,0,2,0,0.71,,,,,,,,,,,,,,,,,,,,,,,,,2535,se SWE,"FW,MF",es La Liga,21,2004,14.1,5,23,12,52.2,1.63,0.85,0.22,0.42,0,0,3170,se SWE,"FW,MF",es La Liga,21,2004,29,1270,44,37.1,14.1,13,63,0,16,28,2,1.45,19,16,+3,0.21,0.13,2535,se SWE,"FW,MF",es La Liga,21,2004,14.1,2,0,0,30,34,6,8,4,17,0
962555,2025-12-15,3000000,RC Strasbourg Alsace,995,FR1,Abakar Sylla,2537,ci CIV,DF,Strasbourg,fr Ligue 1,22.0,2002,1,0,2,0.0,0,0,0,0,0,0,0,0,0.0,,,,,,,,,,,,,,,,,,,,,,,,,2537,ci CIV,DF,fr Ligue 1,22,2002,0.0,0,0,0,,0.0,0.0,,,0,0,3174,ci CIV,DF,fr Ligue 1,22,2002,1,2,2,0.1,0.0,0,,0,1,2,5,1.0,0,0,0,0.0,-0.32,2537,ci CIV,DF,fr Ligue 1,22,2002,0.0,0,0,0,0,0,0,0,0,0,0
962555,2025-12-15,3000000,RC Strasbourg Alsace,995,FR1,Abakar Sylla,2538,ci CIV,DF,Nantes,fr Ligue 1,22.0,2002,2,1,65,0.7,0,0,0,0,0,0,0,0,0.0,,,,,,,,,,,,,,,,,,,,,,,,,2538,ci CIV,DF,fr Ligue 1,22,2002,0.7,0,2,0,0.0,2.77,0.0,0.0,,0,0,3175,ci CIV,DF,fr Ligue 1,22,2002,2,65,33,2.1,0.7,1,45,0,1,20,0,0.0,1,3,-2,-2.77,-2.14,2538,ci CIV,DF,fr Ligue 1,22,2002,0.7,0,0,0,2,0,0,0,0,0,0
955359,2024-06-03,200000,RC Lens B,826,FR1,Fodé Sylla,2539,fr FRA,MF,Lens,fr Ligue 1,19.0,2006,4,1,99,1.1,0,0,0,0,0,0,0,0,0.0,,,,,,,,,,,,,,,,,,,,,,,,,2539,fr FRA,MF,fr Ligue 1,19,2006,1.1,0,0,0,,0.0,0.0,,,0,0,3176,fr FRA,MF,fr Ligue 1,19,2006,4,99,25,3.2,1.1,1,58,0,3,14,14,3.0,3,1,+2,1.82,0.94,2539,fr FRA,MF,fr Ligue 1,19,2006,1.1,0,0,0,3,0,0,0,3,6,0
451276,2025-12-09,85000000,Liverpool FC,31,GB1,Dominik Szoboszlai,2541,hu HUN,"MF,DF",Liverpool,eng Premier League,24.0,2000,36,36,3231,35.9,6,7,13,6,0,1,8,1,0.36,,,,,,,,,,,,,,,,,,,,,,,,,2541,hu HUN,"MF,DF",eng Premier League,24,2000,35.9,6,71,23,32.4,1.98,0.64,0.08,0.26,0,1,3179,hu HUN,"MF,DF",eng Premier League,24,2000,36,3231,90,94.5,35.9,36,90,34,0,,0,1.5,60,51,+9,0.25,-0.23,2541,hu HUN,"MF,DF",eng Premier League,24,2000,35.9,8,1,0,42,30,2,206,29,32,0
238407,2025-12-12,20000000,Atlético de Madrid,13,ES1,Alexander Sørloth,2543,no NOR,FW,Atlético Madrid,es La Liga,29.0,1995,35,20,1980,22.0,13,0,13,13,0,0,4,1,0.59,,,,,,,,,,,,,,,,,,,,,,,,,2543,no NOR,FW,es La Liga,29,1995,22.0,13,68,35,51.5,3.09,1.59,0.19,0.37,0,0,3181,no NOR,FW,es La Liga,29,1995,35,1980,57,57.9,22.0,20,76,9,15,31,0,1.8,35,27,+8,0.36,-0.26,2543,no NOR,FW,es La Liga,29,1995,22.0,4,1,0,30,16,11,10,0,7,0
203123,2025-12-19,3000000,Borussia Mönchengladbach,18,L1,Haris Tabakovic,2546,ba BIH,FW,Gladbach,de Bundesliga,31.0,1994,32,28,2382,26.5,13,3,16,13,0,2,5,0,0.6,,,,,,,,,,,,,,,,,,,,,,,,,2546,ba BIH,FW,de Bundesliga,31,1994,26.5,13,67,27,40.3,2.53,1.02,0.19,0.48,0,2,3184,ba BIH,FW,de Bundesliga,31,1994,32,2382,74,77.8,26.5,28,81,10,4,29,0,1.19,36,34,+2,0.08,1.8,2546,ba BIH,FW,de Bundesliga,31,1994,26.5,5,0,0,48,20,27,2,0,6,0
131225,2024-06-03,8000000,Olympique Lyon,1041,FR1,Nicolás Tagliafico,2547,ar ARG,DF,Lyon,fr Ligue 1,32.0,1992,20,14,1310,14.6,0,3,3,0,0,0,5,2,0.21,,,,,,,,,,,,,,,,,,,,,,,,,2547,ar ARG,DF,fr Ligue 1,32,1992,14.6,0,15,1,6.7,1.03,0.07,0.0,0.0,0,0,3185,ar ARG,DF,fr Ligue 1,32,1992,20,1310,66,42.8,14.6,14,85,8,6,20,6,1.55,21,15,+6,0.41,0.05,2547,ar ARG,DF,fr Ligue 1,32,1992,14.6,5,2,1,36,33,2,20,17,14,0
196357,2025-12-19,30000000,Bayern Munich,27,L1,Jonathan Tah,2548,de GER,DF,Bayern Munich,de Bundesliga,29.0,1996,28,23,2018,22.4,2,1,3,2,0,0,7,0,0.13,,,,,,,,,,,,,,,,,,,,,,,,,2548,de GER,DF,de Bundesliga,29,1996,22.4,2,8,5,62.5,0.36,0.22,0.25,0.4,0,0,3186,de GER,DF,de Bundesliga,29,1996,28,2018,72,65.9,22.4,23,85,18,5,14,5,2.61,79,23,+56,2.5,-0.09,2548,de GER,DF,de Bundesliga,29,1996,22.4,7,0,0,26,6,0,1,25,18,0
743384,2025-12-09,22000000,Sunderland AFC,289,GB1,Chemsdine Talbi,2550,ma MAR,"MF,FW",Sunderland,eng Premier League,20.0,2005,28,16,1561,17.3,4,1,5,4,0,0,0,0,0.29,,,,,,,,,,,,,,,,,,,,,,,,,2550,ma MAR,"MF,FW",eng Premier League,20,2005,17.3,4,25,10,40.0,1.44,0.58,0.16,0.4,0,0,3190,ma MAR,"MF,FW",eng Premier League,20,2005,28,1561,56,45.6,17.3,16,78,2,12,26,3,1.46,23,14,+9,0.52,1.25,2550,ma MAR,"MF,FW",eng Premier League,20,2005,17.3,0,0,0,5,1,2,50,3,6,0
496706,2024-06-03,7000000,FC Lorient,1158,FR1,Montassar Talbi,2551,tn TUN,DF,Lorient,fr Ligue 1,27.0,1998,29,29,2610,29.0,0,1,1,0,0,0,3,0,0.03,,,,,,,,,,,,,,,,,,,,,,,,,2551,tn TUN,DF,fr Ligue 1,27,1998,29.0,0,14,2,14.3,0.48,0.07,0.0,0.0,0,0,3191,tn TUN,DF,fr Ligue 1,27,1998,29,2610,90,85.3,29.0,29,90,29,0,,0,1.41,43,44,-1,-0.03,0.37,2551,tn TUN,DF,fr Ligue 1,27,1998,29.0,3,0,0,7,13,0,5,27,19,0
564545,2025-12-19,35000000,Bayer 04 Leverkusen,15,L1,Edmond Tapsoba,2556,bf BFA,DF,Leverkusen,de Bundesliga,26.0,1999,29,29,2575,28.6,5,3,8,5,0,0,7,0,0.28,,,,,,,,,,,,,,,,,,,,,,,,,2556,bf BFA,DF,de Bundesliga,26,1999,28.6,5,29,10,34.5,1.01,0.35,0.17,0.5,0,0,3197,bf BFA,DF,de Bundesliga,26,1999,29,2575,89,84.2,28.6,29,89,28,0,,0,1.79,60,38,+22,0.77,0.95,2556,bf BFA,DF,de Bundesliga,26,1999,28.6,7,0,0,31,2,2,13,21,15,0
173504,2025-12-09,7000000,Everton FC,29,GB1,James Tarkowski,2557,eng ENG,DF,Everton,eng Premier League,32.0,1992,37,37,3330,37.0,2,3,5,2,0,0,8,0,0.14,,,,,,,,,,,,,,,,,,,,,,,,,2557,eng ENG,DF,eng Premier League,32,1992,37.0,2,20,10,50.0,0.54,0.27,0.1,0.2,0,0,3198,eng ENG,DF,eng Premier League,32,1992,37,3330,90,97.4,37.0,37,90,37,0,,0,1.32,47,48,-1,-0.03,1.97,2557,eng ENG,DF,eng Premier League,32,1992,37.0,8,0,0,32,35,2,7,29,30,0
707274,2025-12-12,15000000,Valencia CF,1049,ES1,César Tárrega,2559,es ESP,DF,Valencia,es La Liga,23.0,2002,32,29,2598,28.9,0,0,0,0,0,0,7,0,0.0,,,,,,,,,,,,,,,,,,,,,,,,,2559,es ESP,DF,es La Liga,23,2002,28.9,0,11,1,9.1,0.38,0.03,0.0,0.0,0,0,3200,es ESP,DF,es La Liga,23,2002,32,2598,81,76.0,28.9,29,88,28,3,16,4,1.34,35,41,-6,-0.21,0.12,2559,es ESP,DF,es La Liga,23,2002,28.9,7,0,0,40,13,0,1,24,24,2
535955,2024-05-27,15000000,Nottingham Forest,398,IT1,Nuno Tavares,2561,pt POR,DF,Lazio,it Serie A,25.0,2000,23,17,1473,16.4,0,0,0,0,0,0,5,0,0.0,,,,,,,,,,,,,,,,,,,,,,,,,2561,pt POR,DF,it Serie A,25,2000,16.4,0,16,1,6.3,0.98,0.06,0.0,0.0,0,0,3203,pt POR,DF,it Serie A,25,2000,23,1473,64,43.1,16.4,17,81,11,6,15,10,1.35,20,18,+2,0.12,0.17,2561,pt POR,DF,it Serie A,25,2000,16.4,5,0,0,20,22,6,99,18,21,0
399434,2025-12-09,20000000,AFC Bournemouth,989,GB1,Marcus Tavernier,2562,eng ENG,MF,Bournemouth,eng Premier League,26.0,1999,34,31,2732,30.4,7,4,11,5,2,2,6,0,0.3,,,,,,,,,,,,,,,,,,,,,,,,,2562,eng ENG,MF,eng Premier League,26,1999,30.4,7,70,24,34.3,2.31,0.79,0.07,0.21,2,2,3204,eng ENG,MF,eng Premier League,26,1999,34,2732,80,79.9,30.4,31,86,15,3,24,0,1.38,45,44,+1,0.03,-0.36,2562,eng ENG,MF,eng Premier League,26,1999,30.4,6,0,0,31,35,4,114,16,21,0
470394,2025-12-02,23000000,Ajax Amsterdam,398,IT1,Kenneth Taylor,2563,nl NED,MF,Lazio,it Serie A,23.0,2002,17,17,1394,15.5,3,2,5,3,0,0,5,0,0.32,,,,,,,,,,,,,,,,,,,,,,,,,2563,nl NED,MF,it Serie A,23,2002,15.5,3,16,6,37.5,1.03,0.39,0.19,0.5,0,0,3205,nl NED,MF,it Serie A,23,2002,17,1394,82,40.8,15.5,17,82,8,0,,1,1.53,14,17,-3,-0.19,-0.37,2563,nl NED,MF,it Serie A,23,2002,15.5,5,0,0,17,13,1,9,9,11,0
607226,2025-12-09,15000000,Burnley FC,1132,GB1,Loum Tchaouna,2564,fr FRA,"MF,FW",Burnley,eng Premier League,21.0,2003,29,14,1272,14.1,2,1,3,2,0,0,2,0,0.21,,,,,,,,,,,,,,,,,,,,,,,,,2564,fr FRA,"MF,FW",eng Premier League,21,2003,14.1,2,23,9,39.1,1.63,0.64,0.09,0.22,0,0,3206,fr FRA,"MF,FW",eng Premier League,21,2003,29,1272,44,37.2,14.1,14,71,2,15,18,9,0.41,13,24,-11,-0.78,0.31,2564,fr FRA,"MF,FW",eng Premier League,21,2003,14.1,2,0,0,12,16,1,34,2,9,0
848509,2024-06-05,3000000,Hellas Verona,543,GB1,Jackson Tchatchoua,2565,cm CMR,"MF,DF",Wolves,eng Premier League,23.0,2001,31,19,1845,20.5,0,1,1,0,0,0,3,0,0.05,,,,,,,,,,,,,,,,,,,,,,,,,2565,cm CMR,"MF,DF",eng Premier League,23,2001,20.5,0,3,1,33.3,0.15,0.05,0.0,0.0,0,0,3207,cm CMR,"MF,DF",eng Premier League,23,2001,31,1845,60,53.9,20.5,19,82,14,12,24,6,0.55,17,37,-20,-0.98,0.22,2565,cm CMR,"MF,DF",eng Premier League,23,2001,20.5,3,0,0,8,9,2,90,14,15,0
413112,2024-06-07,100000000,Real Madrid,418,ES1,Aurélien Tchouaméni,2566,fr FRA,MF,Real Madrid,es La Liga,25.0,2000,33,31,2615,29.1,1,0,1,1,0,0,8,0,0.03,,,,,,,,,,,,,,,,,,,,,,,,,2566,fr FRA,MF,es La Liga,25,2000,29.1,1,45,7,15.6,1.55,0.24,0.02,0.14,0,0,3208,fr FRA,MF,es La Liga,25,2000,33,2615,79,76.5,29.1,31,83,20,2,16,1,2.33,57,26,+31,1.07,-0.16,2566,fr FRA,MF,es La Liga,25,2000,29.1,8,0,0,31,27,0,8,45,41,0
801734,2025-12-09,30000000,Tottenham Hotspur,148,GB1,Mathys Tel,2567,fr FRA,"MF,FW",Tottenham Hotspur,eng Premier League,20.0,2005,31,13,1349,15.0,4,1,5,4,0,0,1,0,0.33,,,,,,,,,,,,,,,,,,,,,,,,,2567,fr FRA,"MF,FW",eng Premier League,20,2005,15.0,4,35,8,22.9,2.34,0.53,0.11,0.5,0,0,3210,fr FRA,"MF,FW",eng Premier League,20,2005,31,1349,44,39.4,15.0,13,78,3,18,19,7,1.0,26,23,+3,0.2,0.72,2567,fr FRA,"MF,FW",eng Premier League,20,2005,15.0,1,0,0,19,23,3,92,5,12,0
340322,2025-12-19,15000000,Bayer 04 Leverkusen,15,L1,Nathan Tella,2568,ng NGA,MF,Leverkusen,de Bundesliga,26.0,1999,17,10,868,9.6,1,4,5,1,0,0,2,0,0.52,,,,,,,,,,,,,,,,,,,,,,,,,2568,ng NGA,MF,de Bundesliga,26,1999,9.6,1,24,8,33.3,2.49,0.83,0.04,0.13,0,0,3211,ng NGA,MF,de Bundesliga,26,1999,17,868,51,28.4,9.6,10,75,0,7,17,0,1.59,23,17,+6,0.62,0.01,2568,ng NGA,MF,de Bundesliga,26,1999,9.6,2,0,0,15,19,5,31,4,6,0
533568,2025-12-12,3000000,Deportivo Alavés,1108,ES1,Nahuel Tenaglia,2569,ar ARG,DF,Alavés,es La Liga,29.0,1996,36,36,3239,36.0,2,0,2,2,0,0,3,0,0.06,,,,,,,,,,,,,,,,,,,,,,,,,2569,ar ARG,DF,es La Liga,29,1996,36.0,2,24,8,33.3,0.67,0.22,0.08,0.25,0,0,3212,ar ARG,DF,es La Liga,29,1996,36,3239,90,94.7,36.0,36,90,35,0,,2,1.08,41,53,-12,-0.33,-0.33,2569,ar ARG,DF,es La Liga,29,1996,36.0,3,0,0,31,42,5,17,47,43,0
466783,2025-12-12,4000000,Villarreal CF,1050,ES1,Arnau Tenas,2570,es ESP,GK,Villarreal,es La Liga,24.0,2001,10,10,900,10.0,0,0,0,0,0,0,0,0,0.0,174,es ESP,GK,es La Liga,24,2001,10,10,900,10.0,16,1.6,44,30,68.2,4,3,3,0,0.0,2,2,0,0,2570,es ESP,GK,es La Liga,24,2001,10.0,0,0,0,,0.0,0.0,,,0,0,3213,es ESP,GK,es La Liga,24,2001,10,900,90,26.3,10.0,10,90,10,0,,26,1.5,21,16,+5,0.5,-0.25,2570,es ESP,GK,es La Liga,24,2001,10.0,0,0,0,0,1,0,0,0,1,0
74857,2024-06-07,28000000,FC Barcelona,12321,ES1,Marc-André ter Stegen,2571,de GER,GK,Girona,es La Liga,33.0,1992,2,2,180,2.0,0,0,0,0,0,0,0,0,0.0,175,de GER,GK,es La Liga,33,1992,2,2,180,2.0,2,1.0,6,4,66.7,0,1,1,0,0.0,0,0,0,0,2571,de GER,GK,es La Liga,33,1992,2.0,0,0,0,,0.0,0.0,,,0,0,3215,de GER,GK,es La Liga,33,1992,2,180,90,5.3,2.0,2,90,2,0,,0,0.5,1,2,-1,-0.5,-0.08,2571,de GER,GK,es La Liga,33,1992,2.0,0,0,0,0,0,0,0,0,0,0
631007,2024-06-05,4500000,AC Milan,2239,IT1,Filippo Terracciano,2572,it ITA,DF,Cremonese,it Serie A,22.0,2003,36,33,3011,33.5,2,0,2,2,0,0,6,0,0.06,,,,,,,,,,,,,,,,,,,,,,,,,2572,it ITA,DF,it Serie A,22,2003,33.5,2,14,4,28.6,0.42,0.12,0.14,0.5,0,0,3216,it ITA,DF,it Serie A,22,2003,36,3011,84,88.0,33.5,33,89,28,3,29,0,0.94,28,45,-17,-0.51,1.25,2572,it ITA,DF,it Serie A,22,2003,33.5,6,0,0,18,26,0,27,56,23,2
96254,2025-12-23,1000000,AC Milan,5,IT1,Pietro Terracciano,2573,it ITA,GK,Milan,it Serie A,35.0,1990,2,1,125,1.4,0,0,0,0,0,0,0,0,0.0,176,it ITA,GK,it Serie A,35,1990,2,1,125,1.4,0,0.0,4,4,100.0,1,0,0,2,200.0,0,0,0,0,2573,it ITA,GK,it Serie A,35,1990,1.4,0,0,0,,0.0,0.0,,,0,0,3217,it ITA,GK,it Serie A,35,1990,2,125,63,3.7,1.4,1,90,1,1,35,34,3.0,4,0,+4,2.88,2.5,2573,it ITA,GK,it Serie A,35,1990,1.4,0,0,0,0,0,0,0,0,0,0
783396,2024-06-07,4000000,Villarreal CF,714,ES1,Ramón Terrats,2574,es ESP,MF,Espanyol,es La Liga,24.0,2000,29,12,1030,11.4,1,2,3,1,0,0,0,0,0.26,,,,,,,,,,,,,,,,,,,,,,,,,2574,es ESP,MF,es La Liga,24,2000,11.4,1,15,3,20.0,1.31,0.26,0.07,0.33,0,0,3218,es ESP,MF,es La Liga,24,2000,29,1030,36,30.1,11.4,12,63,0,17,16,5,1.03,10,21,-11,-0.96,-0.92,2574,es ESP,MF,es La Liga,24,2000,11.4,0,0,0,15,22,1,30,11,13,0
442891,2025-12-19,12000000,Bayer 04 Leverkusen,15,L1,Martin Terrier,2575,fr FRA,"MF,FW",Leverkusen,de Bundesliga,28.0,1997,18,7,675,7.5,4,1,5,4,0,0,1,0,0.67,,,,,,,,,,,,,,,,,,,,,,,,,2575,fr FRA,"MF,FW",de Bundesliga,28,1997,7.5,4,17,6,35.3,2.27,0.8,0.24,0.67,0,0,3219,fr FRA,"MF,FW",de Bundesliga,28,1997,18,675,38,22.1,7.5,7,63,0,11,22,3,1.61,15,12,+3,0.4,-0.28,2575,fr FRA,"MF,FW",de Bundesliga,28,1997,7.5,1,0,0,1,13,1,5,1,4,0
670096,2025-12-15,12000000,Olympique Lyon,1041,FR1,Tanner Tessmann,2576,us USA,MF,Lyon,fr Ligue 1,23.0,2001,29,22,1953,21.7,1,0,1,1,0,0,2,0,0.05,,,,,,,,,,,,,,,,,,,,,,,,,2576,us USA,MF,fr Ligue 1,23,2001,21.7,1,26,8,30.8,1.2,0.37,0.04,0.13,0,0,3220,us USA,MF,fr Ligue 1,23,2001,29,1953,67,63.8,21.7,22,82,14,7,21,0,1.86,32,21,+11,0.51,0.34,2576,us USA,MF,fr Ligue 1,23,2001,21.7,2,0,0,21,19,3,17,13,21,0
206746,2025-12-09,11000000,Fulham FC,931,GB1,Kenny Tete,2577,nl NED,DF,Fulham,eng Premier League,29.0,1995,22,21,1791,19.9,1,0,1,1,0,0,2,0,0.05,,,,,,,,,,,,,,,,,,,,,,,,,2577,nl NED,DF,eng Premier League,29,1995,19.9,1,16,3,18.8,0.8,0.15,0.06,0.33,0,0,3221,nl NED,DF,eng Premier League,29,1995,22,1791,81,52.4,19.9,21,85,15,1,8,6,1.55,24,24,0,0.0,0.22,2577,nl NED,DF,eng Premier League,29,1995,19.9,2,0,0,27,31,1,34,26,38,0
364245,2025-12-15,12000000,AS Monaco,162,FR1,Jordan Teze,2578,nl NED,"MF,DF",Monaco,fr Ligue 1,25.0,1999,33,28,2489,27.7,1,2,3,1,0,0,8,0,0.11,,,,,,,,,,,,,,,,,,,,,,,,,2578,nl NED,"MF,DF",fr Ligue 1,25,1999,27.7,1,14,5,35.7,0.51,0.18,0.07,0.2,0,0,3222,nl NED,"MF,DF",fr Ligue 1,25,1999,33,2489,75,81.3,27.7,28,83,18,5,35,1,1.55,52,44,+8,0.29,0.6,2578,nl NED,"MF,DF",fr Ligue 1,25,1999,27.7,8,0,0,32,25,3,64,30,45,0
184892,2025-12-15,5000000,RC Lens,826,FR1,Florian Thauvin,2579,fr FRA,MF,Lens,fr Ligue 1,32.0,1993,33,29,2443,27.1,11,6,17,9,2,3,6,0,0.55,,,,,,,,,,,,,,,,,,,,,,,,,2579,fr FRA,MF,fr Ligue 1,32,1993,27.1,11,74,27,36.5,2.73,0.99,0.12,0.33,2,3,3223,fr FRA,MF,fr Ligue 1,32,1993,33,2443,74,79.8,27.1,29,80,6,4,31,0,2.03,53,27,+26,0.96,0.23,2579,fr FRA,MF,fr Ligue 1,32,1993,27.1,6,0,0,19,34,8,202,11,17,0
368891,2025-12-19,24000000,Eintracht Frankfurt,24,L1,Arthur Theate,2580,be BEL,DF,Eintracht Frankfurt,de Bundesliga,25.0,2000,24,24,2141,23.8,1,0,1,1,0,0,8,0,0.04,,,,,,,,,,,,,,,,,,,,,,,,,2580,be BEL,DF,de Bundesliga,25,2000,23.8,1,15,7,46.7,0.63,0.29,0.07,0.14,0,0,3224,be BEL,DF,de Bundesliga,25,2000,24,2141,89,70.0,23.8,24,89,21,0,,4,1.29,46,52,-6,-0.25,-0.45,2580,be BEL,DF,de Bundesliga,25,2000,23.8,8,0,0,15,13,1,13,34,21,0
739443,2024-06-04,25000000,Club Brugge KV,1148,GB1,Igor Thiago,2581,br BRA,FW,Brentford,eng Premier League,24.0,2001,38,37,3282,36.5,22,1,23,14,8,9,7,0,0.41,,,,,,,,,,,,,,,,,,,,,,,,,2581,br BRA,FW,eng Premier League,24,2001,36.5,22,84,43,51.2,2.3,1.18,0.17,0.33,8,9,3225,br BRA,FW,eng Premier League,24,2001,38,3282,86,96.0,36.5,37,88,30,1,31,0,1.39,52,49,+3,0.08,0.08,2581,br BRA,FW,eng Premier League,24,2001,36.5,7,0,0,74,26,24,19,12,21,0
521964,2024-06-05,25000000,AC Milan,762,GB1,Malick Thiaw,2582,de GER,DF,Newcastle United,eng Premier League,23.0,2001,35,33,2965,32.9,4,0,4,4,0,0,4,0,0.12,,,,,,,,,,,,,,,,,,,,,,,,,2582,de GER,DF,eng Premier League,23,2001,32.9,4,28,14,50.0,0.85,0.42,0.14,0.29,0,0,3227,de GER,DF,eng Premier League,23,2001,35,2965,85,86.7,32.9,33,88,31,2,24,3,1.26,47,52,-5,-0.15,-0.75,2582,de GER,DF,eng Premier League,23,2001,32.9,4,0,0,24,11,2,9,30,34,0
472249,2024-05-29,5000000,1.FC Köln,3,L1,Jan Thielmann,2583,de GER,"MF,FW",Köln,de Bundesliga,23.0,2002,26,20,1540,17.1,3,1,4,3,0,0,4,0,0.23,,,,,,,,,,,,,,,,,,,,,,,,,2583,de GER,"MF,FW",de Bundesliga,23,2002,17.1,3,27,10,37.0,1.58,0.58,0.11,0.3,0,0,3228,de GER,"MF,FW",de Bundesliga,23,2002,26,1540,59,50.3,17.1,20,72,4,6,18,1,1.04,22,31,-9,-0.53,-0.23,2583,de GER,"MF,FW",de Bundesliga,23,2002,17.1,4,0,0,11,23,4,36,13,12,0
215977,2025-12-15,4500000,RC Lens,826,FR1,Adrien Thomasson,2584,fr FRA,MF,Lens,fr Ligue 1,31.0,1993,32,31,2683,29.8,3,9,12,3,0,0,11,0,0.4,,,,,,,,,,,,,,,,,,,,,,,,,2584,fr FRA,MF,fr Ligue 1,31,1993,29.8,3,43,13,30.2,1.44,0.44,0.07,0.23,0,0,3229,fr FRA,MF,fr Ligue 1,31,1993,32,2683,84,87.7,29.8,31,86,22,1,30,0,2.0,56,33,+23,0.77,-1.14,2584,fr FRA,MF,fr Ligue 1,31,1993,29.8,11,0,0,54,43,4,121,20,56,0
226524,2024-06-05,3000000,Genoa CFC,2239,IT1,Morten Thorsby,2585,no NOR,MF,Genoa,it Serie A,29.0,1996,13,8,731,8.1,2,1,3,2,0,0,2,0,0.37,,,,,,,,,,,,,,,,,,,,,,,,,2585,no NOR,MF,it Serie A,29,1996,8.1,2,10,4,40.0,1.23,0.49,0.2,0.5,0,0,3230,no NOR,MF,it Serie A,29,1996,13,731,56,21.4,8.1,8,79,3,5,20,10,1.31,14,13,+1,0.12,0.49,2585,no NOR,MF,it Serie A,29,1996,8.1,2,0,0,15,5,5,5,3,1,0
226524,2024-06-05,3000000,Genoa CFC,2239,IT1,Morten Thorsby,2586,no NOR,MF,Cremonese,it Serie A,29.0,1996,11,8,643,7.1,1,0,1,1,0,0,2,0,0.14,,,,,,,,,,,,,,,,,,,,,,,,,2586,no NOR,MF,it Serie A,29,1996,7.1,1,11,4,36.4,1.54,0.56,0.09,0.25,0,0,3231,no NOR,MF,it Serie A,29,1996,11,643,58,18.8,7.1,8,74,4,3,17,2,0.91,4,12,-8,-1.12,-0.57,2586,no NOR,MF,it Serie A,29,1996,7.1,2,0,0,10,6,2,0,3,6,0
564785,2024-06-05,8000000,US Sassuolo,6574,IT1,Kristian Thorstvedt,2587,no NOR,MF,Sassuolo,it Serie A,26.0,1999,32,27,2460,27.3,4,4,8,4,0,0,9,0,0.29,,,,,,,,,,,,,,,,,,,,,,,,,2587,no NOR,MF,it Serie A,26,1999,27.3,4,43,13,30.2,1.57,0.48,0.09,0.31,0,0,3232,no NOR,MF,it Serie A,26,1999,32,2460,77,71.9,27.3,27,86,24,5,26,0,1.5,39,36,+3,0.11,0.77,2587,no NOR,MF,it Serie A,26,1999,27.3,9,0,0,34,57,1,13,31,20,0
463618,2025-12-23,40000000,Juventus FC,506,IT1,Khéphren Thuram,2588,fr FRA,MF,Juventus,it Serie A,24.0,2001,35,30,2442,27.1,3,3,6,3,0,0,2,0,0.22,,,,,,,,,,,,,,,,,,,,,,,,,2588,fr FRA,MF,it Serie A,24,2001,27.1,3,50,15,30.0,1.84,0.55,0.06,0.2,0,0,3233,fr FRA,MF,it Serie A,24,2001,35,2442,70,71.4,27.1,30,77,14,5,25,1,1.8,49,25,+24,0.88,0.61,2588,fr FRA,MF,it Serie A,24,2001,27.1,2,0,0,38,12,3,16,12,32,0
318528,2025-12-23,60000000,Inter Milan,46,IT1,Marcus Thuram,2589,fr FRA,FW,Inter,it Serie A,27.0,1997,29,24,1900,21.1,13,6,19,13,0,0,2,0,0.9,,,,,,,,,,,,,,,,,,,,,,,,,2589,fr FRA,FW,it Serie A,27,1997,21.1,13,74,29,39.2,3.51,1.37,0.18,0.45,0,0,3234,fr FRA,FW,it Serie A,27,1997,29,1900,66,55.6,21.1,24,75,6,5,22,2,2.41,47,19,+28,1.33,-0.21,2589,fr FRA,FW,it Serie A,27,1997,21.1,2,0,0,43,41,15,21,1,13,0
249565,2025-12-09,35000000,Aston Villa,405,GB1,Youri Tielemans,2591,be BEL,MF,Aston Villa,eng Premier League,28.0,1997,25,21,1862,20.7,0,4,4,0,0,0,0,0,0.19,,,,,,,,,,,,,,,,,,,,,,,,,2591,be BEL,MF,eng Premier League,28,1997,20.7,0,24,7,29.2,1.16,0.34,0.0,0.0,0,0,3237,be BEL,MF,eng Premier League,28,1997,25,1862,74,54.4,20.7,21,85,14,4,21,0,1.88,32,27,+5,0.24,0.13,2591,be BEL,MF,eng Premier League,28,1997,20.7,0,0,0,25,40,1,45,16,39,0
288340,2025-12-19,3500000,FC Augsburg,39,L1,Phillip Tietz,2592,de GER,FW,Augsburg,de Bundesliga,28.0,1997,10,0,198,2.2,1,0,1,1,0,0,2,0,0.45,,,,,,,,,,,,,,,,,,,,,,,,,2592,de GER,FW,de Bundesliga,28,1997,2.2,1,6,3,50.0,2.73,1.36,0.17,0.33,0,0,3238,de GER,FW,de Bundesliga,28,1997,10,198,20,6.5,2.2,0,,0,10,20,4,0.5,3,2,+1,0.45,0.99,2592,de GER,FW,de Bundesliga,28,1997,2.2,2,0,0,6,4,5,0,0,1,0
288340,2025-12-19,3500000,FC Augsburg,39,L1,Phillip Tietz,2593,de GER,FW,Mainz 05,de Bundesliga,28.0,1997,19,19,1610,17.9,5,2,7,5,0,1,2,0,0.39,,,,,,,,,,,,,,,,,,,,,,,,,2593,de GER,FW,de Bundesliga,28,1997,17.9,5,46,21,45.7,2.57,1.17,0.11,0.24,0,1,3239,de GER,FW,de Bundesliga,28,1997,19,1610,85,52.6,17.9,19,85,9,0,,0,1.68,30,22,+8,0.45,1.5,2593,de GER,FW,de Bundesliga,28,1997,17.9,2,0,0,32,21,16,4,7,4,0
467437,2025-12-19,35000000,Bayer 04 Leverkusen,15,L1,Malik Tillman,2594,us USA,MF,Leverkusen,de Bundesliga,23.0,2002,29,18,1674,18.6,6,1,7,6,0,0,2,0,0.38,,,,,,,,,,,,,,,,,,,,,,,,,2594,us USA,MF,de Bundesliga,23,2002,18.6,6,34,13,38.2,1.83,0.7,0.18,0.46,0,0,3241,us USA,MF,de Bundesliga,23,2002,29,1674,58,54.7,18.6,18,79,7,11,22,0,1.79,31,25,+6,0.32,-0.65,2594,us USA,MF,de Bundesliga,23,2002,18.6,2,0,0,19,29,1,18,19,30,0
420243,2025-12-09,70000000,Arsenal FC,11,GB1,Jurriën Timber,2595,nl NED,DF,Arsenal,eng Premier League,24.0,2001,30,28,2454,27.3,3,5,8,3,0,0,5,0,0.29,,,,,,,,,,,,,,,,,,,,,,,,,2595,nl NED,DF,eng Premier League,24,2001,27.3,3,25,7,28.0,0.92,0.26,0.12,0.43,0,0,3242,nl NED,DF,eng Premier League,24,2001,30,2454,82,71.8,27.3,28,85,23,2,34,0,2.23,51,20,+31,1.14,-0.07,2595,nl NED,DF,eng Premier League,24,2001,27.3,5,0,0,38,29,0,46,24,35,0
420213,2024-05-31,28000000,Feyenoord Rotterdam,244,FR1,Quinten Timber,2596,nl NED,MF,Marseille,fr Ligue 1,24.0,2001,15,14,1105,12.3,0,0,0,0,0,0,4,0,0.0,,,,,,,,,,,,,,,,,,,,,,,,,2596,nl NED,MF,fr Ligue 1,24,2001,12.3,0,10,2,20.0,0.81,0.16,0.0,0.0,0,0,3243,nl NED,MF,fr Ligue 1,24,2001,15,1105,74,36.1,12.3,14,78,4,1,9,0,1.6,14,16,-2,-0.16,-1.08,2596,nl NED,MF,fr Ligue 1,24,2001,12.3,4,0,0,13,20,1,7,9,17,0
605184,2025-12-09,23000000,West Ham United,379,GB1,Jean-Clair Todibo,2597,fr FRA,DF,West Ham United,eng Premier League,25.0,1999,23,22,1814,20.2,0,1,1,0,0,0,5,1,0.05,,,,,,,,,,,,,,,,,,,,,,,,,2597,fr FRA,DF,eng Premier League,25,1999,20.2,0,2,0,0.0,0.1,0.0,0.0,,0,0,3245,fr FRA,DF,eng Premier League,25,1999,23,1814,79,53.0,20.2,22,82,16,1,1,7,1.0,25,36,-11,-0.55,-0.1,2597,fr FRA,DF,eng Premier League,25,1999,20.2,5,1,0,9,3,1,2,16,24,0
569031,2025-12-19,5000000,TSG 1899 Hoffenheim,533,L1,Umut Tohumcu,2598,de GER,MF,Hoffenheim,de Bundesliga,20.0,2004,5,1,136,1.5,0,0,0,0,0,0,2,0,0.0,,,,,,,,,,,,,,,,,,,,,,,,,2598,de GER,MF,de Bundesliga,20,2004,1.5,0,2,0,0.0,1.32,0.0,0.0,,0,0,3246,de GER,MF,de Bundesliga,20,2004,5,136,27,4.4,1.5,1,58,0,4,20,10,0.8,1,4,-3,-1.99,-2.48,2598,de GER,MF,de Bundesliga,20,2004,1.5,2,0,0,2,2,0,1,0,1,0
190393,2024-06-03,5000000,Olympique Lyon,1041,FR1,Corentin Tolisso,2599,fr FRA,MF,Lyon,fr Ligue 1,30.0,1994,30,26,2302,25.6,11,4,15,9,2,3,4,0,0.51,,,,,,,,,,,,,,,,,,,,,,,,,2599,fr FRA,MF,fr Ligue 1,30,1994,25.6,11,54,27,50.0,2.11,1.06,0.17,0.33,2,3,3247,fr FRA,MF,fr Ligue 1,30,1994,30,2302,77,75.2,25.6,26,84,17,4,31,0,1.6,42,32,+10,0.39,0.03,2599,fr FRA,MF,fr Ligue 1,30,1994,25.6,4,0,0,42,55,3,49,17,18,0
129674,2024-06-05,3500000,US Sassuolo,3368,ES1,Jeremy Toljan,2600,de GER,DF,Levante,es La Liga,30.0,1994,37,37,3164,35.2,1,4,5,1,0,0,8,0,0.14,,,,,,,,,,,,,,,,,,,,,,,,,2600,de GER,DF,es La Liga,30,1994,35.2,1,9,1,11.1,0.26,0.03,0.11,1.0,0,0,3248,de GER,DF,es La Liga,30,1994,37,3164,86,92.5,35.2,37,86,28,0,,0,1.14,44,56,-12,-0.34,0.36,2600,de GER,DF,es La Liga,30,1994,35.2,8,0,0,33,19,2,76,31,39,1
616344,2025-12-19,15000000,VfB Stuttgart,79,L1,Tiago Tomás,2601,pt POR,"MF,FW",Stuttgart,de Bundesliga,23.0,2002,27,10,1020,11.3,5,3,8,5,0,0,4,0,0.71,,,,,,,,,,,,,,,,,,,,,,,,,2601,pt POR,"MF,FW",de Bundesliga,23,2002,11.3,5,35,10,28.6,3.09,0.88,0.14,0.5,0,0,3249,pt POR,"MF,FW",de Bundesliga,23,2002,27,1020,38,33.3,11.3,10,70,0,17,19,0,1.81,27,23,+4,0.35,-0.44,2601,pt POR,"MF,FW",de Bundesliga,23,2002,11.3,4,0,0,12,29,3,12,5,8,0
303254,2024-06-05,40000000,AC Milan,5,IT1,Fikayo Tomori,2602,eng ENG,DF,Milan,it Serie A,27.0,1997,33,31,2554,28.4,0,2,2,0,0,0,8,1,0.07,,,,,,,,,,,,,,,,,,,,,,,,,2602,eng ENG,DF,it Serie A,27,1997,28.4,0,9,2,22.2,0.32,0.07,0.0,0.0,0,0,3251,eng ENG,DF,it Serie A,27,1997,33,2554,77,74.7,28.4,31,82,20,2,13,3,2.03,37,21,+16,0.56,0.36,2602,eng ENG,DF,it Serie A,27,1997,28.4,8,1,1,36,7,2,17,28,40,0
397033,2025-12-09,75000000,Newcastle United,762,GB1,Sandro Tonali,2603,it ITA,MF,Newcastle United,eng Premier League,25.0,2000,35,31,2534,28.2,0,2,2,0,0,0,4,0,0.07,,,,,,,,,,,,,,,,,,,,,,,,,2603,it ITA,MF,eng Premier League,25,2000,28.2,0,37,8,21.6,1.31,0.28,0.0,0.0,0,0,3252,it ITA,MF,eng Premier League,25,2000,35,2534,72,74.1,28.2,31,80,16,4,12,0,1.31,32,37,-5,-0.18,-0.48,2603,it ITA,MF,eng Premier League,25,2000,28.2,4,0,0,24,42,1,95,28,25,0
991744,2025-12-17,2500000,Inter U23,41119,,Luka Topalović,2604,si SVN,MF,Inter,it Serie A,19.0,2006,1,0,10,0.1,0,1,1,0,0,0,0,0,9.0,,,,,,,,,,,,,,,,,,,,,,,,,2604,si SVN,MF,it Serie A,19,2006,0.1,0,0,0,,0.0,0.0,,,0,0,3254,si SVN,MF,it Serie A,19,2006,1,10,10,0.3,0.1,0,,0,1,10,1,1.0,1,0,+1,9.0,7.6,2604,si SVN,MF,it Serie A,19,2006,0.1,0,0,0,0,0,0,0,0,0,0
701757,2025-12-19,5000000,SV Werder Bremen,86,L1,Keke Topp,2605,de GER,FW,Werder Bremen,de Bundesliga,21.0,2004,20,7,638,7.1,1,1,2,1,0,0,4,0,0.28,,,,,,,,,,,,,,,,,,,,,,,,,2605,de GER,FW,de Bundesliga,21,2004,7.1,1,25,3,12.0,3.53,0.42,0.04,0.33,0,0,3255,de GER,FW,de Bundesliga,21,2004,20,638,32,20.8,7.1,7,65,1,13,14,7,0.9,9,10,-1,-0.14,0.68,2605,de GER,FW,de Bundesliga,21,2004,7.1,4,0,0,16,7,2,5,1,5,0
720038,2024-06-07,3000000,Girona FC,237,ES1,Pablo Torre,2606,es ESP,"MF,FW",Mallorca,es La Liga,22.0,2003,35,19,1599,17.8,4,4,8,4,0,0,4,0,0.45,,,,,,,,,,,,,,,,,,,,,,,,,2606,es ESP,"MF,FW",es La Liga,22,2003,17.8,4,25,12,48.0,1.41,0.68,0.16,0.33,0,0,3257,es ESP,"MF,FW",es La Liga,22,2003,35,1599,46,46.8,17.8,19,69,1,16,18,3,1.09,23,27,-4,-0.23,0.07,2606,es ESP,"MF,FW",es La Liga,22,2003,17.8,4,0,0,29,36,1,90,9,17,0
399776,2025-12-09,25000000,Aston Villa,405,GB1,Pau Torres,2609,es ESP,DF,Aston Villa,eng Premier League,28.0,1997,21,18,1676,18.6,0,0,0,0,0,0,1,0,0.0,,,,,,,,,,,,,,,,,,,,,,,,,2609,es ESP,DF,eng Premier League,28,1997,18.6,0,9,1,11.1,0.48,0.05,0.0,0.0,0,0,3261,es ESP,DF,eng Premier League,28,1997,21,1676,80,49.0,18.6,18,88,15,3,31,11,1.9,28,19,+9,0.48,0.59,2609,es ESP,DF,eng Premier League,28,1997,18.6,1,0,0,7,5,0,4,11,14,1
213670,2025-12-12,2800000,CA Osasuna,331,ES1,Lucas Torró,2610,es ESP,MF,Osasuna,es La Liga,31.0,1994,34,31,2293,25.5,0,1,1,0,0,0,6,0,0.04,,,,,,,,,,,,,,,,,,,,,,,,,2610,es ESP,MF,es La Liga,31,1994,25.5,0,29,9,31.0,1.14,0.35,0.0,0.0,0,0,3263,es ESP,MF,es La Liga,31,1994,34,2293,67,67.0,25.5,31,73,12,3,10,2,0.97,24,37,-13,-0.51,-1.07,2610,es ESP,MF,es La Liga,31,1994,25.5,6,0,0,40,27,0,2,30,19,0
227110,2025-12-19,4000000,Hamburger SV,41,L1,Jordan Torunarigha,2611,de GER,DF,Hamburger SV,de Bundesliga,27.0,1997,24,21,1962,21.8,0,0,0,0,0,0,3,0,0.0,,,,,,,,,,,,,,,,,,,,,,,,,2611,de GER,DF,de Bundesliga,27,1997,21.8,0,5,1,20.0,0.23,0.05,0.0,0.0,0,0,3264,de GER,DF,de Bundesliga,27,1997,24,1962,82,64.1,21.8,21,88,16,3,35,5,1.08,23,35,-12,-0.55,-0.39,2611,de GER,DF,de Bundesliga,27,1997,21.8,3,0,0,19,13,0,3,30,22,0
181382,2024-06-03,3000000,Le Havre AC,738,FR1,Abdoulaye Touré,2613,gn GUI,MF,Le Havre,fr Ligue 1,31.0,1994,11,8,740,8.2,2,0,2,2,0,1,2,0,0.24,,,,,,,,,,,,,,,,,,,,,,,,,2613,gn GUI,MF,fr Ligue 1,31,1994,8.2,2,13,4,30.8,1.58,0.49,0.15,0.5,0,1,3266,gn GUI,MF,fr Ligue 1,31,1994,11,740,67,24.2,8.2,8,83,4,3,26,0,1.18,6,8,-2,-0.24,0.14,2613,gn GUI,MF,fr Ligue 1,31,1994,8.2,2,0,0,13,17,0,13,10,6,0
1067904,2025-12-19,25000000,TSG 1899 Hoffenheim,533,L1,Bazoumana Touré,2615,ci CIV,"MF,FW",Hoffenheim,de Bundesliga,19.0,2006,30,29,2308,25.6,5,9,14,5,0,0,2,0,0.55,,,,,,,,,,,,,,,,,,,,,,,,,2615,ci CIV,"MF,FW",de Bundesliga,19,2006,25.6,5,48,13,27.1,1.87,0.51,0.1,0.38,0,0,3268,ci CIV,"MF,FW",de Bundesliga,19,2006,30,2308,77,75.4,25.6,29,79,10,1,27,3,1.7,49,44,+5,0.19,-0.76,2615,ci CIV,"MF,FW",de Bundesliga,19,2006,25.6,2,0,0,44,29,8,118,6,22,0
335516,2023-06-12,2500000,Pisa Sporting Club,4172,IT1,Idrissa Touré,2616,de GER,MF,Pisa,it Serie A,27.0,1998,32,26,2279,25.3,1,0,1,1,0,0,4,1,0.04,,,,,,,,,,,,,,,,,,,,,,,,,2616,de GER,MF,it Serie A,27,1998,25.3,1,29,8,27.6,1.15,0.32,0.03,0.13,0,0,3269,de GER,MF,it Serie A,27,1998,32,2279,71,66.6,25.3,26,83,19,6,19,4,0.53,17,46,-29,-1.15,0.12,2616,de GER,MF,it Serie A,27,1998,25.3,4,1,0,23,19,5,67,25,28,0
353948,2025-12-15,2000000,Stade Brestois 29,3911,FR1,Lucas Tousart,2620,fr FRA,"MF,DF",Brest,fr Ligue 1,28.0,1997,24,9,834,9.3,1,0,1,1,0,0,0,0,0.11,,,,,,,,,,,,,,,,,,,,,,,,,2620,fr FRA,"MF,DF",fr Ligue 1,28,1997,9.3,1,9,3,33.3,0.97,0.32,0.11,0.33,0,0,3273,fr FRA,"MF,DF",fr Ligue 1,28,1997,24,834,35,27.3,9.3,9,67,0,15,16,3,1.21,8,17,-9,-0.97,-0.85,2620,fr FRA,"MF,DF",fr Ligue 1,28,1997,9.3,0,0,0,21,5,0,3,9,12,0
566799,2024-05-27,18000000,Burnley FC,281,GB1,James Trafford,2621,eng ENG,GK,Manchester City,eng Premier League,22.0,2002,4,4,360,4.0,0,0,0,0,0,0,0,0,0.0,177,eng ENG,GK,eng Premier League,22,2002,4,4,360,4.0,6,1.5,19,14,73.7,1,0,3,1,25.0,1,1,0,0,2621,eng ENG,GK,eng Premier League,22,2002,4.0,0,0,0,,0.0,0.0,,,0,0,3275,eng ENG,GK,eng Premier League,22,2002,4,360,90,10.5,4.0,4,90,4,0,,34,0.75,6,6,0,0.0,-1.24,2621,eng ENG,GK,eng Premier League,22,2002,4.0,0,0,0,0,1,0,0,0,1,0
204103,2025-12-09,8000000,Fulham FC,379,GB1,Adama Traoré,2623,es ESP,"FW,MF",West Ham United,eng Premier League,29.0,1996,9,0,121,1.3,0,0,0,0,0,0,1,0,0.0,,,,,,,,,,,,,,,,,,,,,,,,,2623,es ESP,"FW,MF",eng Premier League,29,1996,1.3,0,2,0,0.0,1.49,0.0,0.0,,0,0,3277,es ESP,"FW,MF",eng Premier League,29,1996,9,121,13,3.5,1.3,0,,0,9,13,3,1.22,1,5,-4,-2.98,-2.57,2623,es ESP,"FW,MF",eng Premier League,29,1996,1.3,1,0,0,1,0,2,12,0,1,0
204103,2025-12-09,8000000,Fulham FC,379,GB1,Adama Traoré,2624,es ESP,MF,Fulham,eng Premier League,29.0,1996,15,1,274,3.0,0,0,0,0,0,0,0,0,0.0,,,,,,,,,,,,,,,,,,,,,,,,,2624,es ESP,MF,eng Premier League,29,1996,3.0,0,5,1,20.0,1.64,0.33,0.0,0.0,0,0,3278,es ESP,MF,eng Premier League,29,1996,15,274,18,8.0,3.0,1,75,0,14,14,6,1.2,4,7,-3,-0.99,-0.96,2624,es ESP,MF,eng Premier League,29,1996,3.0,0,0,0,6,8,3,15,0,1,0
131996,2025-12-09,5000000,Sunderland AFC,289,GB1,Bertrand Traoré,2625,bf BFA,"MF,FW",Sunderland,eng Premier League,29.0,1995,12,9,632,7.0,1,0,1,1,0,0,1,0,0.14,,,,,,,,,,,,,,,,,,,,,,,,,2625,bf BFA,"MF,FW",eng Premier League,29,1995,7.0,1,12,6,50.0,1.71,0.85,0.08,0.17,0,0,3279,bf BFA,"MF,FW",eng Premier League,29,1995,12,632,53,18.5,7.0,9,64,0,3,19,4,1.75,7,9,-2,-0.28,-0.16,2625,bf BFA,"MF,FW",eng Premier League,29,1995,7.0,1,0,0,11,12,1,13,2,4,0
649020,2025-12-15,5000000,FC Metz,347,FR1,Boubacar Traoré,2626,ml MLI,MF,Metz,fr Ligue 1,23.0,2001,20,16,1387,15.4,1,0,1,1,0,0,4,0,0.06,,,,,,,,,,,,,,,,,,,,,,,,,2626,ml MLI,MF,fr Ligue 1,23,2001,15.4,1,19,3,15.8,1.23,0.19,0.05,0.33,0,0,3280,ml MLI,MF,fr Ligue 1,23,2001,20,1387,69,45.3,15.4,16,82,6,4,19,0,0.5,13,32,-19,-1.23,0.11,2626,ml MLI,MF,fr Ligue 1,23,2001,15.4,4,0,0,32,5,0,2,15,26,0
297070,2024-06-07,6000000,Real Sociedad,10004,FR1,Hamari Traoré,2627,ml MLI,DF,Paris FC,fr Ligue 1,33.0,1992,18,14,1150,12.8,0,1,1,0,0,0,4,0,0.08,,,,,,,,,,,,,,,,,,,,,,,,,2627,ml MLI,DF,fr Ligue 1,33,1992,12.8,0,4,0,0.0,0.31,0.0,0.0,,0,0,3281,ml MLI,DF,fr Ligue 1,33,1992,18,1150,64,37.6,12.8,14,78,6,4,14,1,1.28,19,17,+2,0.16,0.39,2627,ml MLI,DF,fr Ligue 1,33,1992,12.8,4,0,0,21,6,1,27,18,22,0
388294,2025-12-19,3000000,1.FC Heidenheim 1846,2036,L1,Omar Traoré,2628,de GER,"DF,MF",Heidenheim,de Bundesliga,27.0,1998,26,16,1501,16.7,0,2,2,0,0,0,2,0,0.12,,,,,,,,,,,,,,,,,,,,,,,,,2628,de GER,"DF,MF",de Bundesliga,27,1998,16.7,0,10,2,20.0,0.6,0.12,0.0,0.0,0,0,3283,de GER,"DF,MF",de Bundesliga,27,1998,26,1501,58,49.1,16.7,16,78,8,10,26,7,0.65,21,41,-20,-1.2,-0.56,2628,de GER,"DF,MF",de Bundesliga,27,1998,16.7,2,0,0,22,19,2,37,17,11,0
45672,2025-12-15,2000000,Paris FC,10004,FR1,Kevin Trapp,2629,de GER,GK,Paris FC,fr Ligue 1,35.0,1990,22,22,1980,22.0,0,0,0,0,0,0,2,0,0.0,178,de GER,GK,fr Ligue 1,35,1990,22,22,1980,22.0,29,1.32,80,56,71.3,8,8,6,7,31.8,8,6,1,1,2629,de GER,GK,fr Ligue 1,35,1990,22.0,0,0,0,,0.0,0.0,,,0,0,3284,de GER,GK,fr Ligue 1,35,1990,22,1980,90,64.7,22.0,22,90,22,0,,11,1.45,29,29,0,0.0,0.25,2629,de GER,GK,fr Ligue 1,35,1990,22.0,2,0,0,0,6,0,0,1,0,0
30321,2024-06-07,1000000,Rayo Vallecano,367,ES1,Óscar Trejo,2630,ar ARG,MF,Rayo Vallecano,es La Liga,37.0,1988,7,1,144,1.6,0,1,1,0,0,0,2,0,0.62,,,,,,,,,,,,,,,,,,,,,,,,,2630,ar ARG,MF,es La Liga,37,1988,1.6,0,1,1,100.0,0.62,0.62,0.0,0.0,0,0,3286,ar ARG,MF,es La Liga,37,1988,7,144,21,4.2,1.6,1,65,0,6,13,25,0.88,3,3,0,0.0,0.08,2630,ar ARG,MF,es La Liga,37,1988,1.6,2,0,0,3,5,0,8,0,3,0
335993,2025-12-19,8000000,SC Freiburg,60,L1,Philipp Treu,2633,de GER,"DF,MF",Freiburg,de Bundesliga,24.0,2000,28,24,2186,24.3,1,2,3,1,0,0,2,0,0.12,,,,,,,,,,,,,,,,,,,,,,,,,2633,de GER,"DF,MF",de Bundesliga,24,2000,24.3,1,17,5,29.4,0.7,0.21,0.06,0.2,0,0,3289,de GER,"DF,MF",de Bundesliga,24,2000,28,2186,78,71.4,24.3,24,87,18,4,27,4,1.32,33,38,-5,-0.21,-0.1,2633,de GER,"DF,MF",de Bundesliga,24,2000,24.3,2,0,0,20,37,2,32,7,27,0
75921,2024-05-29,600000,1.FC Union Berlin,89,L1,Christopher Trimmel,2634,at AUT,"MF,DF",Union Berlin,de Bundesliga,38.0,1987,29,22,1861,20.7,0,3,3,0,0,0,8,0,0.15,,,,,,,,,,,,,,,,,,,,,,,,,2634,at AUT,"MF,DF",de Bundesliga,38,1987,20.7,0,5,1,20.0,0.24,0.05,0.0,0.0,0,0,3290,at AUT,"MF,DF",de Bundesliga,38,1987,29,1861,64,60.8,20.7,22,75,6,7,30,4,1.24,29,31,-2,-0.1,0.8,2634,at AUT,"MF,DF",de Bundesliga,38,1987,20.7,8,0,0,27,9,0,177,10,24,0
95810,2025-12-09,2500000,Newcastle United,762,GB1,Kieran Trippier,2635,eng ENG,DF,Newcastle United,eng Premier League,34.0,1990,21,18,1586,17.6,0,1,1,0,0,0,3,0,0.06,,,,,,,,,,,,,,,,,,,,,,,,,2635,eng ENG,DF,eng Premier League,34,1990,17.6,0,2,0,0.0,0.11,0.0,0.0,,0,0,3291,eng ENG,DF,eng Premier League,34,1990,21,1586,76,46.4,17.6,18,84,11,3,23,8,1.05,22,27,-5,-0.28,-0.43,2635,eng ENG,DF,eng Premier League,34,1990,17.6,3,0,0,22,19,1,96,7,13,0
144028,2025-12-09,20000000,Arsenal FC,11,GB1,Leandro Trossard,2637,be BEL,"FW,MF",Arsenal,eng Premier League,30.0,1994,31,21,2000,22.2,6,6,12,6,0,0,2,0,0.54,,,,,,,,,,,,,,,,,,,,,,,,,2637,be BEL,"FW,MF",eng Premier League,30,1994,22.2,6,53,15,28.3,2.39,0.68,0.11,0.4,0,0,3294,be BEL,"FW,MF",eng Premier League,30,1994,31,2000,65,58.5,22.2,21,81,5,10,30,3,2.23,42,15,+27,1.22,0.14,2637,be BEL,"FW,MF",eng Premier League,30,1994,22.2,2,0,0,13,39,5,58,9,15,0
654539,2025-12-09,20000000,AFC Bournemouth,989,GB1,Adrien Truffert,2638,fr FRA,DF,Bournemouth,eng Premier League,23.0,2001,38,38,3379,37.5,1,5,6,1,0,0,5,0,0.16,,,,,,,,,,,,,,,,,,,,,,,,,2638,fr FRA,DF,eng Premier League,23,2001,37.5,1,16,6,37.5,0.43,0.16,0.06,0.17,0,0,3295,fr FRA,DF,eng Premier League,23,2001,38,3379,89,98.8,37.5,38,89,36,0,,0,1.5,58,51,+7,0.19,6.77,2638,fr FRA,DF,eng Premier League,23,2001,37.5,5,0,0,39,32,0,142,43,51,0
342046,2025-12-09,5000000,Burnley FC,1132,GB1,Axel Tuanzebe,2642,cd COD,DF,Burnley,eng Premier League,27.0,1997,14,14,1201,13.3,1,0,1,1,0,0,1,0,0.07,,,,,,,,,,,,,,,,,,,,,,,,,2642,cd COD,DF,eng Premier League,27,1997,13.3,1,2,1,50.0,0.15,0.07,0.5,1.0,0,0,3300,cd COD,DF,eng Premier League,27,1997,14,1201,86,35.1,13.3,14,86,12,0,,0,0.71,16,26,-10,-0.75,0.35,2642,cd COD,DF,eng Premier League,27,1997,13.3,1,0,0,13,2,1,1,12,8,1
543666,2024-06-05,7000000,Frosinone Calcio,6574,IT1,Stefano Turati,2644,it ITA,GK,Sassuolo,it Serie A,23.0,2001,6,6,532,5.9,0,0,0,0,0,0,0,0,0.0,179,it ITA,GK,it Serie A,23,2001,6,6,532,5.9,7,1.18,22,15,68.2,2,1,3,2,33.3,0,0,0,0,2644,it ITA,GK,it Serie A,23,2001,5.9,0,0,0,,0.0,0.0,,,0,0,3302,it ITA,GK,it Serie A,23,2001,6,532,89,15.6,5.9,6,89,5,0,,25,1.17,6,7,-1,-0.17,-0.08,2644,it ITA,GK,it Serie A,23,2001,5.9,0,0,0,0,1,0,0,1,0,0
634431,2025-12-12,8000000,Real Sociedad,681,ES1,Beñat Turrientes,2645,es ESP,MF,Real Sociedad,es La Liga,23.0,2002,27,16,1348,15.0,0,3,3,0,0,0,7,0,0.2,,,,,,,,,,,,,,,,,,,,,,,,,2645,es ESP,MF,es La Liga,23,2002,15.0,0,20,6,30.0,1.34,0.4,0.0,0.0,0,0,3303,es ESP,MF,es La Liga,23,2002,27,1348,50,39.4,15.0,16,70,4,11,21,10,1.33,24,21,+3,0.2,0.42,2645,es ESP,MF,es La Liga,23,2002,15.0,7,0,0,28,23,0,9,9,23,0
950091,2024-05-30,1800000,PAOK Thessaloniki,1237,GB1,Stefanos Tzimas,2646,gr GRE,FW,Brighton,eng Premier League,19.0,2006,9,1,139,1.5,1,1,2,1,0,0,0,0,1.29,,,,,,,,,,,,,,,,,,,,,,,,,2646,gr GRE,FW,eng Premier League,19,2006,1.5,1,4,1,25.0,2.59,0.65,0.25,1.0,0,0,3306,gr GRE,FW,eng Premier League,19,2006,9,139,15,4.1,1.5,1,23,0,8,15,2,1.56,7,2,+5,3.24,3.21,2646,gr GRE,FW,eng Premier League,19,2006,1.5,0,0,0,4,1,1,1,0,1,0
1124005,2025-12-09,15000000,Crystal Palace,873,GB1,Christantus Uche,2647,ng NGA,FW,Crystal Palace,eng Premier League,22.0,2003,14,0,173,1.9,0,0,0,0,0,0,0,0,0.0,,,,,,,,,,,,,,,,,,,,,,,,,2647,ng NGA,FW,eng Premier League,22,2003,1.9,0,6,2,33.3,3.12,1.04,0.0,0.0,0,0,3307,ng NGA,FW,eng Premier League,22,2003,14,173,12,5.1,1.9,0,,0,14,12,11,0.64,3,4,-1,-0.52,-0.27,2647,ng NGA,FW,eng Premier League,22,2003,1.9,0,0,0,4,7,3,6,0,1,0
1124005,2025-12-09,15000000,Crystal Palace,873,GB1,Christantus Uche,2648,ng NGA,FW,Getafe,es La Liga,22.0,2003,3,3,270,3.0,1,1,2,1,0,0,1,0,0.67,,,,,,,,,,,,,,,,,,,,,,,,,2648,ng NGA,FW,es La Liga,22,2003,3.0,1,6,1,16.7,2.0,0.33,0.17,1.0,0,0,3308,ng NGA,FW,es La Liga,22,2003,3,270,90,7.9,3.0,3,90,3,0,,0,2.0,4,4,0,0.0,0.17,2648,ng NGA,FW,es La Liga,22,2003,3.0,1,0,0,10,8,1,1,0,2,0
556385,2025-12-09,40000000,Tottenham Hotspur,148,GB1,Destiny Udogie,2649,it ITA,"DF,MF",Tottenham Hotspur,eng Premier League,22.0,2002,20,14,1339,14.9,0,1,1,0,0,0,4,0,0.07,,,,,,,,,,,,,,,,,,,,,,,,,2649,it ITA,"DF,MF",eng Premier League,22,2002,14.9,0,4,1,25.0,0.27,0.07,0.0,0.0,0,0,3309,it ITA,"DF,MF",eng Premier League,22,2002,20,1339,67,39.2,14.9,14,83,7,6,29,1,1.0,18,25,-7,-0.47,-0.38,2649,it ITA,"DF,MF",eng Premier League,22,2002,14.9,4,0,0,17,22,3,27,7,20,0
344886,2024-06-03,2500000,FC Metz,826,FR1,Matthieu Udol,2650,fr FRA,"MF,DF",Lens,fr Ligue 1,29.0,1996,34,33,3002,33.4,1,7,8,1,0,0,2,0,0.24,,,,,,,,,,,,,,,,,,,,,,,,,2650,fr FRA,"MF,DF",fr Ligue 1,29,1996,33.4,1,47,17,36.2,1.41,0.51,0.02,0.06,0,0,3310,fr FRA,"MF,DF",fr Ligue 1,29,1996,34,3002,88,98.1,33.4,33,90,30,1,45,0,2.06,62,35,+27,0.81,-5.4,2650,fr FRA,"MF,DF",fr Ligue 1,29,1996,33.4,2,0,0,30,27,2,115,51,21,0
476701,2025-12-09,30000000,Manchester United,985,GB1,Manuel Ugarte,2651,uy URU,MF,Manchester Utd,eng Premier League,24.0,2001,22,8,887,9.9,0,0,0,0,0,0,1,0,0.0,,,,,,,,,,,,,,,,,,,,,,,,,2651,uy URU,MF,eng Premier League,24,2001,9.9,0,13,1,7.7,1.32,0.1,0.0,0.0,0,0,3311,uy URU,MF,eng Premier League,24,2001,22,887,40,25.9,9.9,8,80,3,14,17,15,1.55,12,23,-11,-1.12,-2.18,2651,uy URU,MF,eng Premier League,24,2001,9.9,1,0,0,24,15,0,1,20,30,0
711999,2025-12-09,25000000,Burnley FC,1132,GB1,Lesley Ugochukwu,2652,fr FRA,MF,Burnley,eng Premier League,21.0,2004,35,27,2336,26.0,3,1,4,3,0,0,3,1,0.15,,,,,,,,,,,,,,,,,,,,,,,,,2652,fr FRA,MF,eng Premier League,21,2004,26.0,3,23,8,34.8,0.89,0.31,0.13,0.38,0,0,3313,fr FRA,MF,eng Premier League,21,2004,35,2336,67,68.3,26.0,27,78,5,8,29,2,0.6,28,50,-22,-0.85,0.4,2652,fr FRA,MF,eng Premier League,21,2004,26.0,3,1,1,28,30,1,7,17,26,0
394236,2023-10-19,4000000,BSC Young Boys,1049,ES1,Filip Ugrinic,2653,ch SUI,MF,Valencia,es La Liga,26.0,1999,27,17,1504,16.7,0,3,3,0,0,0,3,0,0.18,,,,,,,,,,,,,,,,,,,,,,,,,2653,ch SUI,MF,es La Liga,26,1999,16.7,0,20,3,15.0,1.2,0.18,0.0,0.0,0,0,3314,ch SUI,MF,es La Liga,26,1999,27,1504,56,44.0,16.7,17,74,3,10,24,4,1.3,18,24,-6,-0.36,-0.22,2653,ch SUI,MF,es La Liga,26,1999,16.7,3,0,0,17,13,6,56,11,16,0
787151,2025-12-19,7000000,Borussia Mönchengladbach,18,L1,Lukas Ullrich,2654,de GER,"DF,MF",Gladbach,de Bundesliga,21.0,2004,23,14,1305,14.5,0,0,0,0,0,0,2,0,0.0,,,,,,,,,,,,,,,,,,,,,,,,,2654,de GER,"DF,MF",de Bundesliga,21,2004,14.5,0,10,2,20.0,0.69,0.14,0.0,0.0,0,0,3315,de GER,"DF,MF",de Bundesliga,21,2004,23,1305,57,42.6,14.5,14,79,5,9,22,11,0.78,19,29,-10,-0.69,-0.64,2654,de GER,"DF,MF",de Bundesliga,21,2004,14.5,2,0,0,17,11,1,38,21,17,0
40680,2024-05-29,700000,Bayern Munich,27,L1,Sven Ulreich,2655,de GER,GK,Bayern Munich,de Bundesliga,36.0,1988,1,1,90,1.0,0,0,0,0,0,0,1,0,0.0,180,de GER,GK,de Bundesliga,36,1988,1,1,90,1.0,1,1.0,7,6,85.7,0,1,0,0,0.0,0,0,0,0,2655,de GER,GK,de Bundesliga,36,1988,1.0,0,0,0,,0.0,0.0,,,0,0,3316,de GER,GK,de Bundesliga,36,1988,1,90,90,2.9,1.0,1,90,1,0,,11,1.0,1,1,0,0.0,-2.61,2655,de GER,GK,de Bundesliga,36,1988,1.0,1,0,0,0,1,0,0,0,0,0
251106,2025-12-09,8000000,AFC Bournemouth,989,GB1,Enes Ünal,2656,tr TUR,FW,Bournemouth,eng Premier League,28.0,1997,23,0,232,2.6,1,0,1,1,0,0,1,0,0.39,,,,,,,,,,,,,,,,,,,,,,,,,2656,tr TUR,FW,eng Premier League,28,1997,2.6,1,15,3,20.0,5.82,1.16,0.07,0.33,0,0,3317,tr TUR,FW,eng Premier League,28,1997,23,232,10,6.8,2.6,0,,0,23,10,4,1.65,8,3,+5,1.94,1.97,2656,tr TUR,FW,eng Premier League,28,1997,2.6,1,0,0,6,10,3,2,0,1,0
339314,2024-05-29,25000000,VfB Stuttgart,79,L1,Deniz Undav,2657,de GER,"FW,MF",Stuttgart,de Bundesliga,29.0,1996,29,25,2241,24.9,19,7,26,19,0,1,5,0,1.04,,,,,,,,,,,,,,,,,,,,,,,,,2657,de GER,"FW,MF",de Bundesliga,29,1996,24.9,19,124,46,37.1,4.98,1.85,0.15,0.41,0,1,3318,de GER,"FW,MF",de Bundesliga,29,1996,29,2241,77,73.2,24.9,25,84,13,4,36,0,1.83,55,36,+19,0.76,0.43,2657,de GER,"FW,MF",de Bundesliga,29,1996,24.9,5,0,0,32,23,25,16,4,14,0
344695,2025-12-19,70000000,Bayern Munich,27,L1,Dayot Upamecano,2658,fr FRA,DF,Bayern Munich,de Bundesliga,26.0,1998,24,21,1794,19.9,1,1,2,1,0,0,4,0,0.1,,,,,,,,,,,,,,,,,,,,,,,,,2658,fr FRA,DF,de Bundesliga,26,1998,19.9,1,8,2,25.0,0.4,0.1,0.13,0.5,0,0,3319,fr FRA,DF,de Bundesliga,26,1998,24,1794,75,58.6,19.9,21,81,13,3,30,7,2.75,77,19,+58,2.91,0.92,2658,fr FRA,DF,de Bundesliga,26,1998,19.9,4,0,0,15,5,0,7,21,26,0
607720,2023-10-20,2000000,SpVgg Greuther Fürth,27,L1,Jonas Urbig,2660,de GER,GK,Bayern Munich,de Bundesliga,21.0,2003,14,11,1111,12.3,0,0,0,0,0,0,0,0,0.0,181,de GER,GK,de Bundesliga,21,2003,14,11,1111,12.3,15,1.22,46,32,69.6,9,1,1,6,54.5,2,1,0,1,2660,de GER,GK,de Bundesliga,21,2003,12.3,0,0,0,,0.0,0.0,,,0,0,3321,de GER,GK,de Bundesliga,21,2003,14,1111,79,36.3,12.3,11,90,11,3,40,17,2.64,40,15,+25,2.03,-0.79,2660,de GER,GK,de Bundesliga,21,2003,12.3,0,0,0,0,2,0,0,0,0,0
816585,2025-12-19,45000000,Eintracht Frankfurt,24,L1,Can Uzun,2661,tr TUR,MF,Eintracht Frankfurt,de Bundesliga,19.0,2005,21,15,1156,12.8,8,4,12,7,1,1,3,0,0.86,,,,,,,,,,,,,,,,,,,,,,,,,2661,tr TUR,MF,de Bundesliga,19,2005,12.8,8,41,19,46.3,3.19,1.48,0.17,0.37,1,1,3322,tr TUR,MF,de Bundesliga,19,2005,21,1156,55,37.8,12.8,15,68,2,6,23,2,1.19,28,27,+1,0.08,0.31,2661,tr TUR,MF,de Bundesliga,19,2005,12.8,3,0,0,15,26,0,24,3,9,0
448258,2025-12-19,10000000,VfB Stuttgart,79,L1,Josha Vagnoman,2662,de GER,"DF,MF",Stuttgart,de Bundesliga,24.0,2000,27,18,1587,17.6,1,3,4,1,0,0,3,0,0.23,,,,,,,,,,,,,,,,,,,,,,,,,2662,de GER,"DF,MF",de Bundesliga,24,2000,17.6,1,19,11,57.9,1.08,0.62,0.05,0.09,0,0,3323,de GER,"DF,MF",de Bundesliga,24,2000,27,1587,59,51.9,17.6,18,84,11,9,9,4,1.78,32,29,+3,0.17,-0.99,2662,de GER,"DF,MF",de Bundesliga,24,2000,17.6,3,0,0,17,16,1,33,3,19,0
488935,2024-05-27,2500000,Brentford FC,1148,GB1,Hákon Valdimarsson,2664,is ISL,GK,Brentford,eng Premier League,23.0,2001,1,1,90,1.0,0,0,0,0,0,0,0,0,0.0,182,is ISL,GK,eng Premier League,23,2001,1,1,90,1.0,3,3.0,4,1,25.0,1,0,0,0,0.0,0,0,0,0,2664,is ISL,GK,eng Premier League,23,2001,1.0,0,0,0,,0.0,0.0,,,0,0,3325,is ISL,GK,eng Premier League,23,2001,1,90,90,2.6,1.0,1,90,1,0,,37,3.0,4,3,+1,1.0,0.95,2664,is ISL,GK,eng Premier League,23,2001,1.0,0,0,0,0,0,0,0,0,0,0
625202,2025-12-23,1500000,Parma Calcio 1913,130,IT1,Lautaro Valenti,2665,ar ARG,DF,Parma,it Serie A,26.0,1999,27,25,2252,25.0,0,0,0,0,0,0,7,0,0.0,,,,,,,,,,,,,,,,,,,,,,,,,2665,ar ARG,DF,it Serie A,26,1999,25.0,0,17,4,23.5,0.68,0.16,0.0,0.0,0,0,3326,ar ARG,DF,it Serie A,26,1999,27,2252,83,65.8,25.0,25,87,23,2,39,4,1.15,19,31,-12,-0.48,-0.02,2665,ar ARG,DF,it Serie A,26,1999,25.0,7,0,0,25,17,0,20,26,30,0
517753,2024-06-07,4000000,Rayo Vallecano,367,ES1,Óscar Valentín,2666,es ESP,MF,Rayo Vallecano,es La Liga,30.0,1994,33,26,2109,23.4,1,0,1,1,0,0,3,1,0.04,,,,,,,,,,,,,,,,,,,,,,,,,2666,es ESP,MF,es La Liga,30,1994,23.4,1,13,4,30.8,0.55,0.17,0.08,0.25,0,0,3327,es ESP,MF,es La Liga,30,1994,33,2109,64,61.7,23.4,26,76,11,7,19,4,1.39,19,19,0,0.0,0.21,2666,es ESP,MF,es La Liga,30,1994,23.4,3,1,0,31,22,0,3,29,43,0
860992,2025-12-23,5000000,Hellas Verona,276,IT1,Nicolás Valentini,2667,ar ARG,DF,Hellas Verona,it Serie A,24.0,2001,21,15,1409,15.7,0,0,0,0,0,0,8,1,0.0,,,,,,,,,,,,,,,,,,,,,,,,,2667,ar ARG,DF,it Serie A,24,2001,15.7,0,16,7,43.8,1.02,0.45,0.0,0.0,0,0,3328,ar ARG,DF,it Serie A,24,2001,21,1409,67,41.2,15.7,15,86,13,6,21,6,0.71,10,22,-12,-0.77,0.31,2667,ar ARG,DF,it Serie A,24,2001,15.7,8,1,1,30,7,1,15,16,18,0
548188,2025-12-12,5000000,Elche CF,1531,ES1,Germán Valera,2668,es ESP,"MF,DF",Elche,es La Liga,23.0,2002,36,33,2857,31.7,4,5,9,4,0,0,4,1,0.28,,,,,,,,,,,,,,,,,,,,,,,,,2668,es ESP,"MF,DF",es La Liga,23,2002,31.7,4,28,8,28.6,0.88,0.25,0.14,0.5,0,0,3329,es ESP,"MF,DF",es La Liga,23,2002,36,2857,79,83.5,31.7,33,85,17,3,20,0,1.17,41,48,-7,-0.22,-0.06,2668,es ESP,"MF,DF",es La Liga,23,2002,31.7,4,1,0,40,70,4,104,23,40,0
445126,2024-06-05,2300000,Frosinone Calcio,130,IT1,Emanuele Valeri,2669,it ITA,"MF,DF",Parma,it Serie A,26.0,1998,34,29,2643,29.4,0,2,2,0,0,0,2,0,0.07,,,,,,,,,,,,,,,,,,,,,,,,,2669,it ITA,"MF,DF",it Serie A,26,1998,29.4,0,23,5,21.7,0.78,0.17,0.0,0.0,0,0,3330,it ITA,"MF,DF",it Serie A,26,1998,34,2643,78,77.3,29.4,29,86,23,5,29,0,1.26,21,32,-11,-0.37,0.44,2669,it ITA,"MF,DF",it Serie A,26,1998,29.4,2,0,0,23,26,3,234,20,32,0
277384,2025-12-12,4500000,RCD Mallorca,237,ES1,Martin Valjent,2670,sk SVK,DF,Mallorca,es La Liga,29.0,1995,37,37,3308,36.8,0,0,0,0,0,0,6,0,0.0,,,,,,,,,,,,,,,,,,,,,,,,,2670,sk SVK,DF,es La Liga,29,1995,36.8,0,17,8,47.1,0.46,0.22,0.0,0.0,0,0,3331,sk SVK,DF,es La Liga,29,1995,37,3308,89,96.7,36.8,37,89,36,0,,0,1.05,44,56,-12,-0.33,-1.93,2670,sk SVK,DF,es La Liga,29,1995,36.8,6,0,0,36,12,0,2,24,33,0
709957,2025-12-23,10000000,Como 1907,1047,IT1,Álex Valle,2671,es ESP,DF,Como,it Serie A,21.0,2004,28,23,2026,22.5,1,4,5,1,0,0,3,0,0.22,,,,,,,,,,,,,,,,,,,,,,,,,2671,es ESP,DF,it Serie A,21,2004,22.5,1,11,2,18.2,0.49,0.09,0.09,0.5,0,0,3332,es ESP,DF,it Serie A,21,2004,28,2026,72,59.2,22.5,23,84,18,5,17,8,1.82,34,17,+17,0.76,-0.47,2671,es ESP,DF,it Serie A,21,2004,22.5,3,0,0,34,19,1,45,24,31,0
369081,2025-12-12,120000000,Real Madrid,418,ES1,Federico Valverde,2673,uy URU,"MF,DF",Real Madrid,es La Liga,27.0,1998,33,31,2740,30.4,5,8,13,5,0,0,3,1,0.43,,,,,,,,,,,,,,,,,,,,,,,,,2673,uy URU,"MF,DF",es La Liga,27,1998,30.4,5,51,22,43.1,1.68,0.72,0.1,0.23,0,0,3336,uy URU,"MF,DF",es La Liga,27,1998,33,2740,83,80.1,30.4,31,86,23,2,40,0,2.33,66,28,+38,1.25,0.72,2673,uy URU,"MF,DF",es La Liga,27,1998,30.4,3,1,0,18,14,1,30,25,25,0
139208,2025-12-09,18000000,Liverpool FC,31,GB1,Virgil van Dijk,2675,nl NED,DF,Liverpool,eng Premier League,34.0,1991,38,38,3420,38.0,6,0,6,6,0,0,4,0,0.16,,,,,,,,,,,,,,,,,,,,,,,,,2675,nl NED,DF,eng Premier League,34,1991,38.0,6,30,14,46.7,0.79,0.37,0.2,0.43,0,0,3339,nl NED,DF,eng Premier League,34,1991,38,3420,90,100.0,38.0,38,90,38,0,,0,1.58,63,53,+10,0.26,,2675,nl NED,DF,eng Premier League,34,1991,38.0,4,0,0,19,18,1,1,26,15,0
631821,2025-12-12,15000000,Girona FC,12321,ES1,Vladyslav Vanat,2676,ua UKR,FW,Girona,es La Liga,23.0,2002,27,27,1942,21.6,9,1,10,6,3,3,4,0,0.32,,,,,,,,,,,,,,,,,,,,,,,,,2676,ua UKR,FW,es La Liga,23,2002,21.6,9,27,18,66.7,1.25,0.83,0.22,0.33,3,3,3340,ua UKR,FW,es La Liga,23,2002,27,1942,72,56.8,21.6,27,72,7,0,,0,1.37,21,26,-5,-0.23,0.44,2676,ua UKR,FW,es La Liga,23,2002,21.6,4,0,0,28,17,20,5,3,3,0
258827,2023-10-11,1700000,US Catanzaro,2239,IT1,Jari Vandeputte,2677,be BEL,MF,Cremonese,it Serie A,29.0,1996,32,23,1944,21.6,1,5,6,1,0,0,3,0,0.28,,,,,,,,,,,,,,,,,,,,,,,,,2677,be BEL,MF,it Serie A,29,1996,21.6,1,20,8,40.0,0.93,0.37,0.05,0.13,0,0,3341,be BEL,MF,it Serie A,29,1996,32,1944,61,56.8,21.6,23,72,6,9,32,3,1.03,18,28,-10,-0.46,0.45,2677,be BEL,MF,it Serie A,29,1996,21.6,3,0,0,34,25,1,162,18,21,0
789082,2025-12-15,20000000,AS Monaco,162,FR1,Vanderson,2678,br BRA,"DF,MF",Monaco,fr Ligue 1,24.0,2001,14,7,616,6.8,0,2,2,0,0,0,4,0,0.29,,,,,,,,,,,,,,,,,,,,,,,,,2678,br BRA,"DF,MF",fr Ligue 1,24,2001,6.8,0,3,0,0.0,0.44,0.0,0.0,,0,0,3342,br BRA,"DF,MF",fr Ligue 1,24,2001,14,616,44,20.1,6.8,7,66,2,7,22,1,1.43,9,11,-2,-0.29,-0.59,2678,br BRA,"DF,MF",fr Ligue 1,24,2001,6.8,4,0,0,15,2,0,33,19,13,0
486046,2025-12-19,8000000,RB Leipzig,23826,L1,Maarten Vandevoordt,2679,be BEL,GK,RB Leipzig,de Bundesliga,23.0,2002,12,11,1052,11.7,0,0,0,0,0,0,0,0,0.0,184,be BEL,GK,de Bundesliga,23,2002,12,11,1052,11.7,15,1.28,44,30,65.9,8,1,2,2,18.2,1,0,1,0,2679,be BEL,GK,de Bundesliga,23,2002,11.7,0,0,0,,0.0,0.0,,,0,0,3343,be BEL,GK,de Bundesliga,23,2002,12,1052,88,34.4,11.7,11,90,11,1,62,22,2.17,25,15,+10,0.86,0.45,2679,be BEL,GK,de Bundesliga,23,2002,11.7,0,0,0,0,1,0,0,0,0,0
569845,2024-06-04,4500000,Union Saint-Gilloise,417,FR1,Charles Vanhoutte,2680,be BEL,MF,Nice,fr Ligue 1,26.0,1998,26,21,1772,19.7,0,2,2,0,0,0,7,0,0.1,,,,,,,,,,,,,,,,,,,,,,,,,2680,be BEL,MF,fr Ligue 1,26,1998,19.7,0,5,1,20.0,0.25,0.05,0.0,0.0,0,0,3344,be BEL,MF,fr Ligue 1,26,1998,26,1772,68,57.9,19.7,21,81,10,5,15,3,1.04,23,33,-10,-0.51,0.4,2680,be BEL,MF,fr Ligue 1,26,1998,19.7,7,0,0,35,8,0,13,21,28,0
197838,2023-10-27,2000000,Leicester City,2239,IT1,Jamie Vardy,2681,eng ENG,FW,Cremonese,it Serie A,38.0,1987,29,24,2105,23.4,7,2,9,7,0,0,5,0,0.38,,,,,,,,,,,,,,,,,,,,,,,,,2681,eng ENG,FW,it Serie A,38,1987,23.4,7,30,14,46.7,1.28,0.6,0.23,0.5,0,0,3345,eng ENG,FW,it Serie A,38,1987,29,2105,73,61.5,23.4,24,82,15,5,29,1,0.86,19,32,-13,-0.56,0.27,2681,eng ENG,FW,it Serie A,38,1987,23.4,5,0,0,19,21,23,14,3,10,0
248454,2025-12-19,4500000,FC St. Pauli,35,L1,Nikola Vasilj,2684,ba BIH,GK,St Pauli,de Bundesliga,29.0,1995,34,34,3060,34.0,0,0,0,0,0,0,0,0,0.0,185,ba BIH,GK,de Bundesliga,29,1995,34,34,3060,34.0,60,1.76,178,123,68.0,6,8,20,5,14.7,6,3,2,1,2684,ba BIH,GK,de Bundesliga,29,1995,34.0,0,0,0,,0.0,0.0,,,0,0,3348,ba BIH,GK,de Bundesliga,29,1995,34,3060,90,100.0,34.0,34,90,34,0,,0,0.76,29,60,-31,-0.91,,2684,ba BIH,GK,de Bundesliga,29,1995,34.0,0,0,0,0,1,0,0,1,1,1
532937,2024-06-05,10000000,Genoa CFC,252,IT1,Johan Vásquez,2685,mx MEX,DF,Genoa,it Serie A,26.0,1998,36,36,3215,35.7,1,0,1,1,0,0,2,0,0.03,,,,,,,,,,,,,,,,,,,,,,,,,2685,mx MEX,DF,it Serie A,26,1998,35.7,1,24,6,25.0,0.67,0.17,0.04,0.17,0,0,3350,mx MEX,DF,it Serie A,26,1998,36,3215,89,94.0,35.7,36,89,34,0,,2,1.11,39,49,-10,-0.28,-0.28,2685,mx MEX,DF,it Serie A,26,1998,35.7,2,0,0,23,46,1,24,46,38,0
936739,2025-12-17,2000000,Atalanta U23,41110,,Dominic Vavassori,2686,it ITA,FW,Atalanta,it Serie A,19.0,2005,1,0,10,0.1,0,0,0,0,0,0,0,0,0.0,,,,,,,,,,,,,,,,,,,,,,,,,2686,it ITA,FW,it Serie A,19,2005,0.1,0,0,0,,0.0,0.0,,,0,0,3351,it ITA,FW,it Serie A,19,2005,1,10,10,0.3,0.1,0,,0,1,10,5,1.0,1,0,+1,9.0,8.63,2686,it ITA,FW,it Serie A,19,2005,0.1,0,0,0,1,1,0,0,0,0,0
239962,2025-12-19,7000000,VfL Wolfsburg,82,L1,Denis Vavro,2687,sk SVK,DF,Wolfsburg,de Bundesliga,29.0,1996,17,13,1176,13.1,1,0,1,1,0,0,2,0,0.08,,,,,,,,,,,,,,,,,,,,,,,,,2687,sk SVK,DF,de Bundesliga,29,1996,13.1,1,12,5,41.7,0.92,0.38,0.08,0.2,0,0,3352,sk SVK,DF,de Bundesliga,29,1996,17,1176,69,38.4,13.1,13,89,11,4,5,8,0.94,16,27,-11,-0.84,-0.22,2687,sk SVK,DF,de Bundesliga,29,1996,13.1,2,0,0,9,5,0,4,14,5,0
1131161,2025-12-15,10000000,Olympique Marseille,12,IT1,Robinio Vaz,2689,fr FRA,FW,Marseille,fr Ligue 1,18.0,2007,14,3,379,4.2,4,2,6,4,0,0,2,0,1.42,,,,,,,,,,,,,,,,,,,,,,,,,2689,fr FRA,FW,fr Ligue 1,18,2007,4.2,4,8,6,75.0,1.9,1.42,0.5,0.67,0,0,3354,fr FRA,FW,fr Ligue 1,18,2007,14,379,27,12.4,4.2,3,59,0,11,18,2,1.86,16,6,+10,2.37,2.11,2689,fr FRA,FW,fr Ligue 1,18,2007,4.2,2,0,0,8,9,3,4,3,4,0
1131161,2025-12-15,10000000,Olympique Marseille,12,IT1,Robinio Vaz,2690,fr FRA,FW,Roma,it Serie A,18.0,2007,12,0,216,2.4,1,0,1,1,0,0,0,0,0.42,,,,,,,,,,,,,,,,,,,,,,,,,2690,fr FRA,FW,it Serie A,18,2007,2.4,1,5,2,40.0,2.08,0.83,0.2,0.5,0,0,3355,fr FRA,FW,it Serie A,18,2007,12,216,18,6.3,2.4,0,,0,12,18,5,1.75,3,2,+1,0.42,-0.34,2690,fr FRA,FW,it Serie A,18,2007,2.4,0,0,0,2,12,3,3,2,0,0
76163,2023-10-11,1500000,US Cremonese,2417,ARG1,Franco Vázquez,2691,ar ARG,"FW,MF",Cremonese,it Serie A,36.0,1989,15,4,524,5.8,1,1,2,1,0,0,1,0,0.34,,,,,,,,,,,,,,,,,,,,,,,,,2691,ar ARG,"FW,MF",it Serie A,36,1989,5.8,1,12,4,33.3,2.06,0.69,0.08,0.25,0,0,3356,ar ARG,"FW,MF",it Serie A,36,1989,15,524,35,15.3,5.8,4,74,1,11,21,5,0.93,5,11,-6,-1.03,-0.44,2691,ar ARG,"FW,MF",it Serie A,36,1989,5.8,1,0,0,9,16,0,19,4,12,0
221316,2025-12-19,2500000,Bayer 04 Leverkusen,15,L1,Lucas Vázquez,2693,es ESP,MF,Leverkusen,de Bundesliga,34.0,1991,12,6,481,5.3,1,2,3,1,0,0,2,0,0.56,,,,,,,,,,,,,,,,,,,,,,,,,2693,es ESP,MF,de Bundesliga,34,1991,5.3,1,4,1,25.0,0.75,0.19,0.25,1.0,0,0,3358,es ESP,MF,de Bundesliga,34,1991,12,481,40,15.7,5.3,6,63,1,6,18,4,1.92,11,2,+9,1.68,1.27,2693,es ESP,MF,de Bundesliga,34,1991,5.3,2,0,0,6,8,1,20,2,4,0
844516,2025-12-10,2000000,RSC Anderlecht,3709,ES1,Luis Vázquez,2694,ar ARG,FW,Getafe,es La Liga,24.0,2001,17,14,1194,13.3,3,1,4,3,0,0,2,0,0.3,,,,,,,,,,,,,,,,,,,,,,,,,2694,ar ARG,FW,es La Liga,24,2001,13.3,3,25,9,36.0,1.88,0.68,0.12,0.33,0,0,3359,ar ARG,FW,es La Liga,24,2001,17,1194,70,34.9,13.3,14,77,2,3,37,1,1.59,12,7,+5,0.38,0.82,2694,ar ARG,FW,es La Liga,24,2001,13.3,2,0,0,21,32,17,2,4,3,0
143812,2025-12-23,1500000,SS Lazio,940,ES1,Matías Vecino,2695,uy URU,MF,Lazio,it Serie A,33.0,1991,13,5,603,6.7,0,1,1,0,0,0,1,0,0.15,,,,,,,,,,,,,,,,,,,,,,,,,2695,uy URU,MF,it Serie A,33,1991,6.7,0,7,1,14.3,1.04,0.15,0.0,0.0,0,0,3360,uy URU,MF,it Serie A,33,1991,13,603,46,17.6,6.7,5,73,2,8,30,2,1.62,7,4,+3,0.45,0.51,2695,uy URU,MF,it Serie A,33,1991,6.7,1,0,0,8,3,0,0,7,9,0
143812,2025-12-23,1500000,SS Lazio,940,ES1,Matías Vecino,2696,uy URU,MF,Celta Vigo,es La Liga,33.0,1991,6,2,135,1.5,0,0,0,0,0,0,0,0,0.0,,,,,,,,,,,,,,,,,,,,,,,,,2696,uy URU,MF,es La Liga,33,1991,1.5,0,2,0,0.0,1.33,0.0,0.0,,0,0,3361,uy URU,MF,es La Liga,33,1991,6,135,23,3.9,1.5,2,57,0,4,6,4,1.33,1,3,-2,-1.33,-1.53,2696,uy URU,MF,es La Liga,33,1991,1.5,0,0,0,4,0,0,1,4,6,0
728485,2025-12-23,2000000,US Lecce,1005,IT1,Danilo Veiga,2697,pt POR,DF,Lecce,it Serie A,22.0,2002,36,33,3020,33.6,0,1,1,0,0,0,9,0,0.03,,,,,,,,,,,,,,,,,,,,,,,,,2697,pt POR,DF,it Serie A,22,2002,33.6,0,6,2,33.3,0.18,0.06,0.0,0.0,0,0,3362,pt POR,DF,it Serie A,22,2002,36,3020,84,88.3,33.6,33,88,29,3,41,1,1.06,25,42,-17,-0.51,0.62,2697,pt POR,DF,it Serie A,22,2002,33.6,9,0,0,46,47,1,89,32,53,0
805714,2025-12-12,25000000,Villarreal CF,1050,ES1,Renato Veiga,2698,pt POR,DF,Villarreal,es La Liga,22.0,2003,32,27,2481,27.6,0,0,0,0,0,0,5,1,0.0,,,,,,,,,,,,,,,,,,,,,,,,,2698,pt POR,DF,es La Liga,22,2003,27.6,0,9,3,33.3,0.33,0.11,0.0,0.0,0,0,3363,pt POR,DF,es La Liga,22,2003,32,2481,78,72.5,27.6,27,88,26,5,21,3,1.84,50,37,+13,0.47,-0.77,2698,pt POR,DF,es La Liga,22,2003,27.6,5,1,0,24,6,3,2,26,9,0
111195,2025-12-09,2500000,Brighton & Hove Albion,1237,GB1,Joël Veltman,2699,nl NED,DF,Brighton,eng Premier League,33.0,1992,24,9,1057,11.7,1,0,1,1,0,0,5,0,0.09,,,,,,,,,,,,,,,,,,,,,,,,,2699,nl NED,DF,eng Premier League,33,1992,11.7,1,4,1,25.0,0.34,0.09,0.25,1.0,0,0,3364,nl NED,DF,eng Premier League,33,1992,24,1057,44,30.9,11.7,9,83,7,15,21,9,1.75,18,12,+6,0.51,0.51,2699,nl NED,DF,eng Premier League,33,1992,11.7,5,0,0,10,22,2,18,19,17,0
557459,2024-05-27,55000000,Tottenham Hotspur,148,GB1,Micky van de Ven,2700,nl NED,DF,Tottenham Hotspur,eng Premier League,24.0,2001,35,35,3041,33.8,4,1,5,4,0,0,9,1,0.15,,,,,,,,,,,,,,,,,,,,,,,,,2700,nl NED,DF,eng Premier League,24,2001,33.8,4,16,6,37.5,0.47,0.18,0.25,0.67,0,0,3365,nl NED,DF,eng Premier League,24,2001,35,3041,87,88.9,33.8,35,87,32,0,,1,1.09,43,47,-4,-0.12,1.07,2700,nl NED,DF,eng Premier League,24,2001,33.8,9,1,0,28,22,2,3,21,20,0
601143,2025-12-19,1500000,1.FSV Mainz 05,39,L1,Nikolas Veratschnig,2704,at AUT,"MF,DF",Mainz 05,de Bundesliga,22.0,2003,21,6,660,7.3,0,1,1,0,0,0,3,0,0.14,,,,,,,,,,,,,,,,,,,,,,,,,2704,at AUT,"MF,DF",de Bundesliga,22,2003,7.3,0,4,1,25.0,0.55,0.14,0.0,0.0,0,0,3371,at AUT,"MF,DF",de Bundesliga,22,2003,21,660,31,21.6,7.3,6,67,2,15,17,8,1.1,9,13,-4,-0.55,-0.36,2704,at AUT,"MF,DF",de Bundesliga,22,2003,7.3,3,0,0,12,10,1,21,10,13,0
565093,2025-12-09,35000000,Brighton & Hove Albion,1237,GB1,Bart Verbruggen,2705,nl NED,GK,Brighton,eng Premier League,22.0,2002,38,38,3420,38.0,0,0,0,0,0,0,3,0,0.0,186,nl NED,GK,eng Premier League,22,2002,38,38,3420,38.0,46,1.21,145,103,71.7,14,11,13,10,26.3,6,5,1,0,2705,nl NED,GK,eng Premier League,22,2002,38.0,0,0,0,,0.0,0.0,,,0,0,3372,nl NED,GK,eng Premier League,22,2002,38,3420,90,100.0,38.0,38,90,38,0,,0,1.39,52,46,+6,0.16,,2705,nl NED,GK,eng Premier League,22,2002,38.0,3,0,0,2,2,0,0,0,1,1
258364,2025-12-15,3000000,LOSC Lille,1082,FR1,Calvin Verdonk,2706,id IDN,DF,Lille,fr Ligue 1,28.0,1997,18,7,790,8.8,0,0,0,0,0,0,3,1,0.0,,,,,,,,,,,,,,,,,,,,,,,,,2706,id IDN,DF,fr Ligue 1,28,1997,8.8,0,3,1,33.3,0.34,0.11,0.0,0.0,0,0,3373,id IDN,DF,fr Ligue 1,28,1997,18,790,44,25.8,8.8,7,84,3,11,19,7,1.61,9,10,-1,-0.11,-0.75,2706,id IDN,DF,fr Ligue 1,28,1997,8.8,3,1,0,14,3,0,30,15,10,0
703245,2023-06-19,175000,FC Pro Vercelli 1892,6195,IT1,Antonio Vergara,2707,it ITA,MF,Napoli,it Serie A,22.0,2003,12,8,612,6.8,1,2,3,1,0,0,2,0,0.44,,,,,,,,,,,,,,,,,,,,,,,,,2707,it ITA,MF,it Serie A,22,2003,6.8,1,10,3,30.0,1.47,0.44,0.1,0.33,0,0,3374,it ITA,MF,it Serie A,22,2003,12,612,51,17.9,6.8,8,73,1,4,8,17,2.17,11,9,+2,0.29,-0.35,2707,it ITA,MF,it Serie A,22,2003,6.8,2,0,0,17,20,2,11,4,9,0
926694,2025-12-15,28000000,Olympique Marseille,244,FR1,Arthur Vermeeren,2708,be BEL,MF,Marseille,fr Ligue 1,20.0,2005,20,10,828,9.2,0,1,1,0,0,0,1,1,0.11,,,,,,,,,,,,,,,,,,,,,,,,,2708,be BEL,MF,fr Ligue 1,20,2005,9.2,0,3,1,33.3,0.33,0.11,0.0,0.0,0,0,3375,be BEL,MF,fr Ligue 1,20,2005,20,828,41,27.1,9.2,10,68,4,10,15,10,1.8,11,14,-3,-0.33,-1.17,2708,be BEL,MF,fr Ligue 1,20,2005,9.2,1,1,0,15,1,0,3,11,11,0
300168,2024-06-07,4000000,Athletic Bilbao,621,ES1,Mikel Vesga,2711,es ESP,MF,Athletic Club,es La Liga,32.0,1993,23,1,465,5.2,0,0,0,0,0,0,0,0,0.0,,,,,,,,,,,,,,,,,,,,,,,,,2711,es ESP,MF,es La Liga,32,1993,5.2,0,3,0,0.0,0.58,0.0,0.0,,0,0,3379,es ESP,MF,es La Liga,32,1993,23,465,20,13.6,5.2,1,45,0,22,19,13,1.13,6,13,-7,-1.35,-1.11,2711,es ESP,MF,es La Liga,32,1993,5.2,0,0,0,8,7,0,4,9,10,0
286047,2025-12-09,30000000,Tottenham Hotspur,148,GB1,Guglielmo Vicario,2712,it ITA,GK,Tottenham Hotspur,eng Premier League,28.0,1996,31,31,2790,31.0,0,0,0,0,0,0,1,0,0.0,187,it ITA,GK,eng Premier League,28,1996,31,31,2790,31.0,50,1.61,131,83,63.4,7,9,15,7,22.6,2,2,0,0,2712,it ITA,GK,eng Premier League,28,1996,31.0,0,0,0,,0.0,0.0,,,0,0,3381,it ITA,GK,eng Premier League,28,1996,31,2790,90,81.6,31.0,31,90,31,0,,2,0.97,40,50,-10,-0.32,-0.47,2712,it ITA,GK,eng Premier League,28,1996,31.0,1,0,0,0,3,0,0,0,1,0
540536,2024-06-07,4000000,Deportivo Alavés,1108,ES1,Carlos Vicente,2713,es ESP,MF,Alavés,es La Liga,26.0,1999,21,11,1258,14.0,5,0,5,2,3,3,1,0,0.14,,,,,,,,,,,,,,,,,,,,,,,,,2713,es ESP,MF,es La Liga,26,1999,14.0,5,12,6,50.0,0.86,0.43,0.17,0.33,3,3,3382,es ESP,MF,es La Liga,26,1999,21,1258,60,36.8,14.0,11,79,6,10,39,0,1.05,12,19,-7,-0.5,-0.29,2713,es ESP,MF,es La Liga,26,1999,14.0,1,0,0,12,42,10,128,7,18,0
216870,2025-12-12,1600000,Real Oviedo,2497,ES1,Nacho Vidal,2714,es ESP,DF,Oviedo,es La Liga,30.0,1995,29,27,2263,25.1,0,0,0,0,0,0,4,0,0.0,,,,,,,,,,,,,,,,,,,,,,,,,2714,es ESP,DF,es La Liga,30,1995,25.1,0,15,3,20.0,0.6,0.12,0.0,0.0,0,0,3383,es ESP,DF,es La Liga,30,1995,29,2263,78,66.2,25.1,27,83,16,2,16,2,0.79,18,32,-14,-0.56,1.0,2714,es ESP,DF,es La Liga,30,1995,25.1,4,0,0,24,27,1,40,29,30,0
398163,2024-06-07,3000000,Granada CF,1531,ES1,Gonzalo Villar,2717,es ESP,MF,Elche,es La Liga,27.0,1998,12,8,718,8.0,1,0,1,1,0,0,3,0,0.13,,,,,,,,,,,,,,,,,,,,,,,,,2717,es ESP,MF,es La Liga,27,1998,8.0,1,4,1,25.0,0.5,0.13,0.25,1.0,0,0,3390,es ESP,MF,es La Liga,27,1998,12,718,60,21.0,8.0,8,80,4,4,19,4,1.42,11,10,+1,0.13,0.43,2717,es ESP,MF,es La Liga,27,1998,8.0,3,0,0,11,25,0,11,2,9,0
493702,2024-06-05,5000000,US Sassuolo,6574,IT1,Mattia Viti,2720,it ITA,"MF,DF",Fiorentina,it Serie A,23.0,2002,10,2,265,2.9,0,0,0,0,0,0,3,1,0.0,,,,,,,,,,,,,,,,,,,,,,,,,2720,it ITA,"MF,DF",it Serie A,23,2002,2.9,0,0,0,,0.0,0.0,,,0,0,3396,it ITA,"MF,DF",it Serie A,23,2002,10,265,27,7.7,2.9,2,65,0,8,17,7,0.6,1,6,-5,-1.7,-1.58,2720,it ITA,"MF,DF",it Serie A,23,2002,2.9,3,1,1,9,4,0,0,3,4,0
487469,2025-12-15,110000000,Paris Saint-Germain,583,FR1,Vitinha,2722,pt POR,"FW,MF",Genoa,it Serie A,25.0,2000,35,28,2226,24.7,5,1,6,5,0,0,5,0,0.24,,,,,,,,,,,,,,,,,,,,,,,,,2722,pt POR,"FW,MF",it Serie A,25,2000,24.7,5,65,20,30.8,2.63,0.81,0.08,0.25,0,0,3398,pt POR,"FW,MF",it Serie A,25,2000,35,2226,64,65.1,24.7,28,75,5,7,17,2,1.06,26,34,-8,-0.32,-0.17,2722,pt POR,"FW,MF",it Serie A,25,2000,24.7,5,0,0,33,68,14,67,14,32,0
487469,2025-12-15,110000000,Paris Saint-Germain,583,FR1,Vitinha,2723,pt POR,MF,Paris Saint-Germain,fr Ligue 1,25.0,2000,29,24,2119,23.5,1,7,8,1,0,0,2,0,0.34,,,,,,,,,,,,,,,,,,,,,,,,,2723,pt POR,MF,fr Ligue 1,25,2000,23.5,1,34,10,29.4,1.44,0.42,0.03,0.1,0,0,3399,pt POR,MF,fr Ligue 1,25,2000,29,2119,73,69.2,23.5,24,81,18,5,35,2,2.24,50,19,+31,1.32,-0.02,2723,pt POR,MF,fr Ligue 1,25,2000,23.5,2,0,0,14,21,0,21,26,20,0
124419,2025-12-12,4000000,Sevilla FC,368,ES1,Odysseas Vlachodimos,2725,gr GRE,GK,Sevilla,es La Liga,31.0,1994,33,33,2970,33.0,0,0,0,0,0,0,1,0,0.0,188,gr GRE,GK,es La Liga,31,1994,33,33,2970,33.0,52,1.58,131,88,66.4,11,6,16,5,15.2,10,8,1,1,2725,gr GRE,GK,es La Liga,31,1994,33.0,0,0,0,,0.0,0.0,,,0,0,3401,gr GRE,GK,es La Liga,31,1994,33,2970,90,86.8,33.0,33,90,33,0,,3,1.18,39,52,-13,-0.39,-0.19,2725,gr GRE,GK,es La Liga,31,1994,33.0,1,0,0,0,2,0,0,1,0,0
357498,2025-12-23,35000000,Juventus FC,506,IT1,Dušan Vlahović,2726,rs SRB,FW,Juventus,it Serie A,25.0,2000,19,11,968,10.8,7,1,8,6,1,1,0,0,0.65,,,,,,,,,,,,,,,,,,,,,,,,,2726,rs SRB,FW,it Serie A,25,2000,10.8,7,49,18,36.7,4.56,1.67,0.12,0.33,1,1,3404,rs SRB,FW,it Serie A,25,2000,19,968,51,28.3,10.8,11,73,2,8,21,1,1.58,16,12,+4,0.37,-0.47,2726,rs SRB,FW,it Serie A,25,2000,10.8,0,0,0,9,18,9,3,2,3,0
293200,2024-06-05,10000000,Torino FC,416,IT1,Nikola Vlašić,2727,hr CRO,"MF,FW",Torino,it Serie A,27.0,1997,37,36,3043,33.8,8,3,11,3,5,5,7,0,0.18,,,,,,,,,,,,,,,,,,,,,,,,,2727,hr CRO,"MF,FW",it Serie A,27,1997,33.8,8,49,17,34.7,1.45,0.5,0.06,0.18,5,5,3405,hr CRO,"MF,FW",it Serie A,27,1997,37,3043,82,89.0,33.8,36,84,23,1,33,0,1.19,37,57,-20,-0.59,-0.83,2727,hr CRO,"MF,FW",it Serie A,27,1997,33.8,7,0,0,44,45,4,48,22,39,0
336125,2025-12-23,3000000,Como 1907,1047,IT1,Mërgim Vojvoda,2728,xk KVX,"MF,DF",Como,it Serie A,30.0,1995,30,19,1591,17.7,2,2,4,2,0,0,2,0,0.23,,,,,,,,,,,,,,,,,,,,,,,,,2728,xk KVX,"MF,DF",it Serie A,30,1995,17.7,2,18,7,38.9,1.02,0.4,0.11,0.29,0,0,3406,xk KVX,"MF,DF",it Serie A,30,1995,30,1591,53,46.5,17.7,19,69,4,11,26,7,1.9,33,14,+19,1.07,0.24,2728,xk KVX,"MF,DF",it Serie A,30,1995,17.7,2,0,0,15,12,5,66,14,4,0
746891,2024-06-05,4500000,US Sassuolo,6574,IT1,Cristian Volpato,2729,it ITA,FW,Sassuolo,it Serie A,21.0,2003,24,11,1064,11.8,2,4,6,2,0,0,4,0,0.51,,,,,,,,,,,,,,,,,,,,,,,,,2729,it ITA,FW,it Serie A,21,2003,11.8,2,21,7,33.3,1.78,0.59,0.1,0.29,0,0,3407,it ITA,FW,it Serie A,21,2003,24,1064,44,31.1,11.8,11,70,0,13,23,8,1.33,19,14,+5,0.42,0.77,2729,it ITA,FW,it Serie A,21,2003,11.8,4,0,0,19,11,0,49,6,11,0
503881,2025-12-23,7000000,US Sassuolo,6574,IT1,Aster Vranckx,2731,be BEL,MF,Sassuolo,it Serie A,22.0,2002,16,9,690,7.7,0,0,0,0,0,0,2,0,0.0,,,,,,,,,,,,,,,,,,,,,,,,,2731,be BEL,MF,it Serie A,22,2002,7.7,0,3,1,33.3,0.39,0.13,0.0,0.0,0,0,3409,be BEL,MF,it Serie A,22,2002,16,690,43,20.2,7.7,9,63,0,7,18,15,0.94,4,9,-5,-0.65,-0.69,2731,be BEL,MF,it Serie A,22,2002,7.7,2,0,0,16,17,1,5,0,9,0
111196,2025-12-23,3500000,Inter Milan,46,IT1,Stefan de Vrij,2732,nl NED,DF,Inter,it Serie A,33.0,1992,11,8,670,7.4,0,0,0,0,0,0,1,0,0.0,,,,,,,,,,,,,,,,,,,,,,,,,2732,nl NED,DF,it Serie A,33,1992,7.4,0,6,2,33.3,0.81,0.27,0.0,0.0,0,0,3410,nl NED,DF,it Serie A,33,1992,11,670,61,19.6,7.4,8,82,5,3,5,27,2.45,19,8,+11,1.48,0.07,2732,nl NED,DF,it Serie A,33,1992,7.4,1,0,0,5,5,0,0,7,12,0
989621,2024-06-05,200000,Frosinone Calcio,4172,IT1,İsak Vural,2733,tr TUR,MF,Pisa,it Serie A,19.0,2006,15,9,752,8.4,0,0,0,0,0,0,4,0,0.0,,,,,,,,,,,,,,,,,,,,,,,,,2733,tr TUR,MF,it Serie A,19,2006,8.4,0,6,1,16.7,0.72,0.12,0.0,0.0,0,0,3412,tr TUR,MF,it Serie A,19,2006,15,752,50,22.0,8.4,9,70,2,6,20,6,0.53,6,16,-10,-1.2,-0.02,2733,tr TUR,MF,it Serie A,19,2006,8.4,4,0,0,16,33,1,5,2,7,0
659542,2025-12-19,12000000,Eintracht Frankfurt,417,FR1,Elye Wahi,2736,ci CIV,FW,Nice,fr Ligue 1,22.0,2003,14,11,922,10.2,5,1,6,4,1,1,5,0,0.49,,,,,,,,,,,,,,,,,,,,,,,,,2736,ci CIV,FW,fr Ligue 1,22,2003,10.2,5,23,15,65.2,2.25,1.46,0.17,0.27,1,1,3416,ci CIV,FW,fr Ligue 1,22,2003,14,922,66,30.1,10.2,11,76,2,3,30,0,0.93,11,15,-4,-0.39,0.41,2736,ci CIV,FW,fr Ligue 1,22,2003,10.2,5,0,0,21,5,20,9,2,4,0
659542,2025-12-19,12000000,Eintracht Frankfurt,417,FR1,Elye Wahi,2737,ci CIV,FW,Eintracht Frankfurt,de Bundesliga,22.0,2003,10,3,324,3.6,0,1,1,0,0,0,1,0,0.28,,,,,,,,,,,,,,,,,,,,,,,,,2737,ci CIV,FW,de Bundesliga,22,2003,3.6,0,7,3,42.9,1.94,0.83,0.0,0.0,0,0,3417,ci CIV,FW,de Bundesliga,22,2003,10,324,32,10.6,3.6,3,75,0,7,14,2,1.9,7,13,-6,-1.67,-1.73,2737,ci CIV,FW,de Bundesliga,22,2003,3.6,1,0,0,2,4,4,5,0,1,0
154147,2025-12-19,1500000,FC St. Pauli,35,L1,Hauke Wahl,2738,de GER,DF,St Pauli,de Bundesliga,31.0,1994,30,29,2592,28.8,2,1,3,2,0,0,1,0,0.1,,,,,,,,,,,,,,,,,,,,,,,,,2738,de GER,DF,de Bundesliga,31,1994,28.8,2,10,4,40.0,0.35,0.14,0.2,0.5,0,0,3418,de GER,DF,de Bundesliga,31,1994,30,2592,86,84.7,28.8,29,88,28,1,27,0,0.77,25,47,-22,-0.76,0.97,2738,de GER,DF,de Bundesliga,31,1994,28.8,1,0,0,11,13,4,12,31,32,0
196095,2024-05-29,2500000,1.FC Köln,3,L1,Luca Waldschmidt,2739,de GER,"FW,MF",Köln,de Bundesliga,29.0,1996,24,7,677,7.5,5,4,9,3,2,2,1,0,0.93,,,,,,,,,,,,,,,,,,,,,,,,,2739,de GER,"FW,MF",de Bundesliga,29,1996,7.5,5,26,13,50.0,3.46,1.73,0.12,0.23,2,2,3419,de GER,"FW,MF",de Bundesliga,29,1996,24,677,28,22.1,7.5,7,60,0,17,15,8,0.75,17,10,+7,0.93,1.72,2739,de GER,"FW,MF",de Bundesliga,29,1996,7.5,1,0,0,9,6,2,22,4,3,0
95424,2025-12-09,2500000,Burnley FC,1132,GB1,Kyle Walker,2740,eng ENG,"DF,MF",Burnley,eng Premier League,35.0,1990,36,35,3096,34.4,0,2,2,0,0,0,9,0,0.06,,,,,,,,,,,,,,,,,,,,,,,,,2740,eng ENG,"DF,MF",eng Premier League,35,1990,34.4,0,4,0,0.0,0.12,0.0,0.0,,0,0,3420,eng ENG,"DF,MF",eng Premier League,35,1990,36,3096,86,90.5,34.4,35,88,32,1,9,1,0.61,31,66,-35,-1.02,-0.46,2740,eng ENG,"DF,MF",eng Premier League,35,1990,34.4,9,0,0,32,22,1,37,43,32,0
341051,2025-12-09,13000000,West Ham United,379,GB1,Kyle Walker-Peters,2741,eng ENG,DF,West Ham United,eng Premier League,28.0,1997,23,15,1383,15.4,1,0,1,1,0,0,2,0,0.07,,,,,,,,,,,,,,,,,,,,,,,,,2741,eng ENG,DF,eng Premier League,28,1997,15.4,1,5,3,60.0,0.33,0.2,0.2,0.33,0,0,3421,eng ENG,DF,eng Premier League,28,1997,23,1383,60,40.4,15.4,15,85,12,8,14,15,1.13,20,25,-5,-0.33,0.29,2741,eng ENG,DF,eng Premier League,28,1997,15.4,2,0,0,12,25,1,20,9,30,0
345458,2025-12-23,4500000,US Sassuolo,6574,IT1,Sebastian Walukiewicz,2742,pl POL,DF,Sassuolo,it Serie A,25.0,2000,34,33,2852,31.7,0,1,1,0,0,0,7,0,0.03,,,,,,,,,,,,,,,,,,,,,,,,,2742,pl POL,DF,it Serie A,25,2000,31.7,0,7,0,0.0,0.22,0.0,0.0,,0,0,3422,pl POL,DF,it Serie A,25,2000,34,2852,84,83.4,31.7,33,86,27,1,22,0,1.35,37,40,-3,-0.09,0.06,2742,pl POL,DF,it Serie A,25,2000,31.7,7,0,0,35,13,1,45,23,34,0
477758,2025-12-09,22000000,West Ham United,379,GB1,Aaron Wan-Bissaka,2743,cd COD,"DF,MF",West Ham United,eng Premier League,27.0,1997,25,23,2081,23.1,0,2,2,0,0,0,4,0,0.09,,,,,,,,,,,,,,,,,,,,,,,,,2743,cd COD,"DF,MF",eng Premier League,27,1997,23.1,0,0,0,,0.0,0.0,,,0,0,3424,cd COD,"DF,MF",eng Premier League,27,1997,25,2081,83,60.8,23.1,23,87,19,2,36,5,0.96,27,43,-16,-0.69,-0.49,2743,cd COD,"DF,MF",eng Premier League,27,1997,23.1,4,0,0,23,12,1,43,41,24,0
181579,2025-12-09,6000000,West Ham United,1132,GB1,James Ward-Prowse,2744,eng ENG,MF,West Ham United,eng Premier League,30.0,1994,5,5,413,4.6,0,0,0,0,0,0,0,0,0.0,,,,,,,,,,,,,,,,,,,,,,,,,2744,eng ENG,MF,eng Premier League,30,1994,4.6,0,2,0,0.0,0.44,0.0,0.0,,0,0,3425,eng ENG,MF,eng Premier League,30,1994,5,413,83,12.1,4.6,5,83,2,0,,1,0.6,2,11,-9,-1.96,-1.66,2744,eng ENG,MF,eng Premier League,30,1994,4.6,0,0,0,4,2,0,22,6,2,0
181579,2025-12-09,6000000,West Ham United,1132,GB1,James Ward-Prowse,2745,eng ENG,MF,Burnley,eng Premier League,30.0,1994,13,7,684,7.6,0,1,1,0,0,0,1,0,0.13,,,,,,,,,,,,,,,,,,,,,,,,,2745,eng ENG,MF,eng Premier League,30,1994,7.6,0,3,2,66.7,0.39,0.26,0.0,0.0,0,0,3426,eng ENG,MF,eng Premier League,30,1994,13,684,53,20.0,7.6,7,82,4,6,18,1,0.54,6,16,-10,-1.32,-0.43,2745,eng ENG,MF,eng Premier League,30,1994,7.6,1,0,0,4,11,0,52,15,4,0
324358,2025-12-09,30000000,Aston Villa,405,GB1,Ollie Watkins,2746,eng ENG,FW,Aston Villa,eng Premier League,29.0,1995,37,33,2839,31.5,16,3,19,16,0,0,4,0,0.6,,,,,,,,,,,,,,,,,,,,,,,,,2746,eng ENG,FW,eng Premier League,29,1995,31.5,16,83,38,45.8,2.63,1.2,0.19,0.42,0,0,3427,eng ENG,FW,eng Premier League,29,1995,37,2839,77,83.0,31.5,33,82,13,4,33,0,1.76,48,38,+10,0.32,0.78,2746,eng ENG,FW,eng Premier League,29,1995,31.5,4,0,0,35,32,25,7,5,14,0
370846,2025-12-15,20000000,Olympique Marseille,244,FR1,Timothy Weah,2748,us USA,"MF,DF",Marseille,fr Ligue 1,25.0,2000,29,26,2253,25.0,2,2,4,2,0,0,5,0,0.16,,,,,,,,,,,,,,,,,,,,,,,,,2748,us USA,"MF,DF",fr Ligue 1,25,2000,25.0,2,29,10,34.5,1.16,0.4,0.07,0.2,0,0,3429,us USA,"MF,DF",fr Ligue 1,25,2000,29,2253,78,73.6,25.0,26,82,15,3,37,1,1.69,47,34,+13,0.52,-0.04,2748,us USA,"MF,DF",fr Ligue 1,25,2000,25.0,5,0,0,32,18,1,62,15,35,0
796213,2025-12-19,12000000,1.FSV Mainz 05,39,L1,Nelson Weiper,2750,de GER,FW,Mainz 05,de Bundesliga,20.0,2005,24,3,558,6.2,0,0,0,0,0,0,1,0,0.0,,,,,,,,,,,,,,,,,,,,,,,,,2750,de GER,FW,de Bundesliga,20,2005,6.2,0,13,6,46.2,2.1,0.97,0.0,0.0,0,0,3431,de GER,FW,de Bundesliga,20,2005,24,558,23,18.2,6.2,3,83,2,21,15,4,1.04,4,12,-8,-1.29,-1.25,2750,de GER,FW,de Bundesliga,20,2005,6.2,1,0,0,6,3,6,6,3,2,0
67063,2025-12-09,4000000,Brighton & Hove Albion,1237,GB1,Danny Welbeck,2752,eng ENG,FW,Brighton,eng Premier League,34.0,1990,37,26,2258,25.1,13,1,14,12,1,3,5,0,0.52,,,,,,,,,,,,,,,,,,,,,,,,,2752,eng ENG,FW,eng Premier League,34,1990,25.1,13,56,28,50.0,2.23,1.12,0.21,0.43,1,3,3433,eng ENG,FW,eng Premier League,34,1990,37,2258,61,66.0,25.1,26,79,7,11,18,0,1.41,33,28,+5,0.2,0.12,2752,eng ENG,FW,eng Premier League,34,1990,25.1,5,0,0,31,10,5,3,8,14,0
170527,2024-05-27,17000000,Tottenham Hotspur,218,MLS1,Timo Werner,2753,de GER,"FW,MF",RB Leipzig,de Bundesliga,29.0,1996,3,0,14,0.2,0,0,0,0,0,0,0,0,0.0,,,,,,,,,,,,,,,,,,,,,,,,,2753,de GER,"FW,MF",de Bundesliga,29,1996,0.2,0,0,0,,0.0,0.0,,,0,0,3435,de GER,"FW,MF",de Bundesliga,29,1996,3,14,5,0.5,0.2,0,,0,3,5,1,1.0,0,2,-2,-12.86,-13.48,2753,de GER,"FW,MF",de Bundesliga,29,1996,0.2,0,0,0,0,0,1,2,0,0,0
744149,2025-12-09,60000000,Crystal Palace,873,GB1,Adam Wharton,2756,eng ENG,MF,Crystal Palace,eng Premier League,21.0,2004,34,29,2552,28.4,1,5,6,1,0,0,6,1,0.21,,,,,,,,,,,,,,,,,,,,,,,,,2756,eng ENG,MF,eng Premier League,21,2004,28.4,1,32,6,18.8,1.13,0.21,0.03,0.17,0,0,3438,eng ENG,MF,eng Premier League,21,2004,34,2552,75,74.6,28.4,29,83,15,5,30,0,1.15,33,43,-10,-0.35,-0.35,2756,eng ENG,MF,eng Premier League,21,2004,28.4,6,1,1,35,31,0,86,27,36,0
335721,2025-12-09,30000000,Arsenal FC,11,GB1,Ben White,2757,eng ENG,DF,Arsenal,eng Premier League,27.0,1997,12,9,702,7.8,0,1,1,0,0,0,0,0,0.13,,,,,,,,,,,,,,,,,,,,,,,,,2757,eng ENG,DF,eng Premier League,27,1997,7.8,0,5,1,20.0,0.64,0.13,0.0,0.0,0,0,3439,eng ENG,DF,eng Premier League,27,1997,12,702,59,20.5,7.8,9,72,4,3,19,17,1.83,10,6,+4,0.51,-0.81,2757,eng ENG,DF,eng Premier League,27,1997,7.8,0,0,0,5,6,3,16,9,9,0
168989,2025-12-19,800000,1.FSV Mainz 05,39,L1,Silvan Widmer,2758,ch SUI,MF,Mainz 05,de Bundesliga,32.0,1993,27,22,1810,20.1,2,1,3,2,0,0,5,0,0.15,,,,,,,,,,,,,,,,,,,,,,,,,2758,ch SUI,MF,de Bundesliga,32,1993,20.1,2,20,4,20.0,0.99,0.2,0.1,0.5,0,0,3442,ch SUI,MF,de Bundesliga,32,1993,27,1810,67,59.2,20.1,22,78,6,5,19,5,1.37,29,26,+3,0.15,1.01,2758,ch SUI,MF,de Bundesliga,32,1993,20.1,5,0,0,15,11,4,37,18,27,0
415381,2025-12-09,25000000,Brighton & Hove Albion,1237,GB1,Mats Wieffer,2759,nl NED,DF,Brighton,eng Premier League,25.0,1999,26,23,1903,21.1,2,3,5,2,0,0,8,0,0.24,,,,,,,,,,,,,,,,,,,,,,,,,2759,nl NED,DF,eng Premier League,25,1999,21.1,2,18,6,33.3,0.85,0.28,0.11,0.33,0,0,3443,nl NED,DF,eng Premier League,25,1999,26,1903,73,55.6,21.1,23,79,14,3,29,0,1.54,31,26,+5,0.24,0.18,2759,nl NED,DF,eng Premier League,25,1999,21.1,8,0,0,30,22,2,17,24,43,0
255508,2024-06-07,25000000,Athletic Bilbao,621,ES1,Iñaki Williams,2760,gh GHA,"MF,FW",Athletic Club,es La Liga,31.0,1994,30,25,2157,24.0,3,6,9,2,1,1,2,0,0.33,,,,,,,,,,,,,,,,,,,,,,,,,2760,gh GHA,"MF,FW",es La Liga,31,1994,24.0,3,57,20,35.1,2.38,0.83,0.04,0.1,1,1,3445,gh GHA,"MF,FW",es La Liga,31,1994,30,2157,72,63.1,24.0,25,78,10,5,39,0,1.2,25,34,-9,-0.38,0.05,2760,gh GHA,"MF,FW",es La Liga,31,1994,24.0,2,0,0,28,23,10,67,8,9,0
503680,2024-05-27,17000000,Nottingham Forest,703,GB1,Neco Williams,2761,wls WAL,DF,Nottingham Forest,eng Premier League,24.0,2001,37,36,3204,35.6,2,3,5,2,0,0,6,1,0.14,,,,,,,,,,,,,,,,,,,,,,,,,2761,wls WAL,DF,eng Premier League,24,2001,35.6,2,46,19,41.3,1.29,0.53,0.04,0.11,0,0,3446,wls WAL,DF,eng Premier League,24,2001,37,3204,87,93.7,35.6,36,88,33,1,46,0,1.19,45,47,-2,-0.06,0.36,2761,wls WAL,DF,eng Premier League,24,2001,35.6,6,1,0,29,52,4,143,46,61,0
709187,2025-12-12,60000000,Athletic Bilbao,621,ES1,Nico Williams,2762,es ESP,MF,Athletic Club,es La Liga,23.0,2002,25,20,1674,18.6,6,3,9,5,1,2,2,0,0.43,,,,,,,,,,,,,,,,,,,,,,,,,2762,es ESP,MF,es La Liga,23,2002,18.6,6,46,16,34.8,2.47,0.86,0.11,0.31,1,2,3447,es ESP,MF,es La Liga,23,2002,25,1674,67,48.9,18.6,20,74,2,5,40,0,1.32,24,27,-3,-0.16,0.46,2762,es ESP,MF,es La Liga,23,2002,18.6,2,0,0,26,29,7,76,7,9,0
340329,2025-12-09,16000000,Newcastle United,762,GB1,Joe Willock,2764,eng ENG,MF,Newcastle United,eng Premier League,25.0,1999,24,10,983,10.9,0,2,2,0,0,0,3,0,0.18,,,,,,,,,,,,,,,,,,,,,,,,,2764,eng ENG,MF,eng Premier League,25,1999,10.9,0,17,6,35.3,1.56,0.55,0.0,0.0,0,0,3449,eng ENG,MF,eng Premier League,25,1999,24,983,41,28.7,10.9,10,70,1,14,20,13,1.46,13,18,-5,-0.46,-0.57,2764,eng ENG,MF,eng Premier League,25,1999,10.9,3,0,0,16,11,2,16,7,15,0
123682,2025-12-09,5000000,West Ham United,379,GB1,Callum Wilson,2765,eng ENG,FW,West Ham United,eng Premier League,33.0,1992,32,11,1251,13.9,7,1,8,7,0,0,1,0,0.58,,,,,,,,,,,,,,,,,,,,,,,,,2765,eng ENG,FW,eng Premier League,33,1992,13.9,7,38,16,42.1,2.73,1.15,0.18,0.44,0,0,3450,eng ENG,FW,eng Premier League,33,1992,32,1251,39,36.6,13.9,11,69,2,21,23,5,1.16,23,24,-1,-0.07,0.67,2765,eng ENG,FW,eng Premier League,33,1992,13.9,1,0,0,12,14,9,5,3,2,0
279455,2025-12-09,20000000,Fulham FC,931,GB1,Harry Wilson,2766,wls WAL,MF,Fulham,eng Premier League,28.0,1997,36,32,2673,29.7,10,7,17,10,0,0,7,0,0.57,,,,,,,,,,,,,,,,,,,,,,,,,2766,wls WAL,MF,eng Premier League,28,1997,29.7,10,78,25,32.1,2.63,0.84,0.13,0.4,0,0,3451,wls WAL,MF,eng Premier League,28,1997,36,2673,74,78.2,29.7,32,81,8,4,23,0,1.44,40,38,+2,0.07,0.79,2766,wls WAL,MF,eng Premier League,28,1997,29.7,7,0,0,13,37,13,115,16,19,0
533295,2025-12-19,15000000,VfL Wolfsburg,82,L1,Patrick Wimmer,2767,at AUT,MF,Wolfsburg,de Bundesliga,24.0,2001,25,21,1621,18.0,4,3,7,4,0,0,4,0,0.39,,,,,,,,,,,,,,,,,,,,,,,,,2767,at AUT,MF,de Bundesliga,24,2001,18.0,4,24,8,33.3,1.33,0.44,0.17,0.5,0,0,3453,at AUT,MF,de Bundesliga,24,2001,25,1621,65,53.0,18.0,21,73,3,4,24,0,1.0,27,32,-5,-0.28,0.91,2767,at AUT,MF,de Bundesliga,24,2001,18.0,4,0,0,28,33,2,25,23,20,0
391004,2025-12-19,7000000,VfL Wolfsburg,82,L1,Jonas Wind,2768,dk DEN,FW,Wolfsburg,de Bundesliga,26.0,1999,11,5,481,5.3,1,0,1,1,0,0,1,0,0.19,,,,,,,,,,,,,,,,,,,,,,,,,2768,dk DEN,FW,de Bundesliga,26,1999,5.3,1,9,6,66.7,1.68,1.12,0.11,0.17,0,0,3454,dk DEN,FW,de Bundesliga,26,1999,11,481,44,15.7,5.3,5,75,1,6,17,2,0.45,5,13,-8,-1.5,-0.94,2768,dk DEN,FW,de Bundesliga,26,1999,5.3,1,0,0,2,14,2,0,0,0,0
854721,2025-11-26,450000,Barnet FC,2804,,Ben Winterburn,2769,eng ENG,MF,Bournemouth,eng Premier League,20.0,2004,1,0,7,0.1,0,0,0,0,0,0,0,0,0.0,,,,,,,,,,,,,,,,,,,,,,,,,2769,eng ENG,MF,eng Premier League,20,2004,0.1,0,0,0,,0.0,0.0,,,0,0,3455,eng ENG,MF,eng Premier League,20,2004,1,7,7,0.2,0.1,0,,0,1,7,0,0.0,0,2,-2,-25.71,-25.87,2769,eng ENG,MF,eng Premier League,20,2004,0.1,0,0,0,0,0,0,0,0,0,0
598577,2025-12-09,110000000,Liverpool FC,31,GB1,Florian Wirtz,2770,de GER,MF,Liverpool,eng Premier League,22.0,2003,33,27,2378,26.4,5,3,8,5,0,0,1,0,0.3,,,,,,,,,,,,,,,,,,,,,,,,,2770,de GER,MF,eng Premier League,22,2003,26.4,5,51,18,35.3,1.93,0.68,0.1,0.28,0,0,3456,de GER,MF,eng Premier League,22,2003,33,2378,72,69.5,26.4,27,82,9,6,27,0,1.61,38,32,+6,0.23,-0.12,2770,de GER,MF,eng Premier League,22,2003,26.4,1,0,0,22,19,2,32,12,26,0
388165,2024-05-27,28000000,Brentford FC,762,GB1,Yoane Wissa,2771,cd COD,FW,Newcastle United,eng Premier League,28.0,1996,19,4,531,5.9,1,0,1,1,0,0,3,0,0.17,,,,,,,,,,,,,,,,,,,,,,,,,2771,cd COD,FW,eng Premier League,28,1996,5.9,1,13,5,38.5,2.2,0.85,0.08,0.2,0,0,3458,cd COD,FW,eng Premier League,28,1996,19,531,28,15.5,5.9,4,70,0,15,17,4,1.11,10,11,-1,-0.17,-0.14,2771,cd COD,FW,eng Premier League,28,1996,5.9,3,0,0,6,2,4,1,0,5,0
35047,2025-12-12,1400000,Girona FC,12321,ES1,Axel Witsel,2772,be BEL,MF,Girona,es La Liga,36.0,1989,32,30,2526,28.1,1,2,3,1,0,0,2,1,0.11,,,,,,,,,,,,,,,,,,,,,,,,,2772,be BEL,MF,es La Liga,36,1989,28.1,1,20,5,25.0,0.71,0.18,0.05,0.2,0,0,3459,be BEL,MF,es La Liga,36,1989,32,2526,79,73.9,28.1,30,82,21,2,28,1,1.03,31,41,-10,-0.36,0.25,2772,be BEL,MF,es La Liga,36,1989,28.1,2,1,1,34,37,1,1,30,24,0
263361,2024-05-29,10000000,Borussia Mönchengladbach,86,L1,Maximilian Wöber,2773,at AUT,DF,Werder Bremen,de Bundesliga,27.0,1998,2,0,37,0.4,0,0,0,0,0,0,0,0,0.0,,,,,,,,,,,,,,,,,,,,,,,,,2773,at AUT,DF,de Bundesliga,27,1998,0.4,0,0,0,,0.0,0.0,,,0,0,3460,at AUT,DF,de Bundesliga,27,1998,2,37,19,1.2,0.4,0,,0,2,19,3,0.5,0,0,0,0.0,0.68,2773,at AUT,DF,de Bundesliga,27,1998,0.4,0,0,0,1,0,0,1,2,1,0
193900,2025-12-19,2500000,FC Augsburg,167,L1,Marius Wolf,2774,de GER,MF,Augsburg,de Bundesliga,30.0,1995,29,12,1019,11.3,1,1,2,1,0,0,4,0,0.18,,,,,,,,,,,,,,,,,,,,,,,,,2774,de GER,MF,de Bundesliga,30,1995,11.3,1,14,5,35.7,1.24,0.44,0.07,0.2,0,0,3461,de GER,MF,de Bundesliga,30,1995,29,1019,35,33.3,11.3,12,64,1,17,15,4,1.17,17,19,-2,-0.18,0.44,2774,de GER,MF,de Bundesliga,30,1995,11.3,4,0,0,10,2,11,43,13,10,0
455661,2025-12-09,70000000,Newcastle United,762,GB1,Nick Woltemade,2775,de GER,MF,Stuttgart,de Bundesliga,23.0,2002,1,1,90,1.0,0,0,0,0,0,0,0,0,0.0,,,,,,,,,,,,,,,,,,,,,,,,,2775,de GER,MF,de Bundesliga,23,2002,1.0,0,0,0,,0.0,0.0,,,0,0,3462,de GER,MF,de Bundesliga,23,2002,1,90,90,2.9,1.0,1,90,1,0,,0,0.0,1,2,-1,-1.0,-1.7,2775,de GER,MF,de Bundesliga,23,2002,1.0,0,0,0,1,3,1,0,0,0,0
455661,2025-12-09,70000000,Newcastle United,762,GB1,Nick Woltemade,2776,de GER,"FW,MF",Newcastle United,eng Premier League,23.0,2002,33,24,1902,21.1,8,3,11,7,1,1,0,0,0.47,,,,,,,,,,,,,,,,,,,,,,,,,2776,de GER,"FW,MF",eng Premier League,23,2002,21.1,8,32,13,40.6,1.51,0.62,0.22,0.54,1,1,3463,de GER,"FW,MF",eng Premier League,23,2002,33,1902,58,55.6,21.1,24,73,3,9,16,1,1.24,31,29,+2,0.09,0.33,2776,de GER,"FW,MF",eng Premier League,23,2002,21.1,0,0,0,20,20,8,3,5,13,1
108725,2025-12-09,8000000,Nottingham Forest,703,GB1,Chris Wood,2778,nz NZL,FW,Nottingham Forest,eng Premier League,33.0,1991,15,11,901,10.0,3,0,3,3,0,0,0,0,0.3,,,,,,,,,,,,,,,,,,,,,,,,,2778,nz NZL,FW,eng Premier League,33,1991,10.0,3,23,9,39.1,2.3,0.9,0.13,0.33,0,0,3465,nz NZL,FW,eng Premier League,33,1991,15,901,60,26.3,10.0,11,74,0,4,22,0,1.13,14,14,0,0.0,0.11,2778,nz NZL,FW,eng Premier League,33,1991,10.0,0,0,0,6,6,4,1,1,1,0
226049,2023-10-27,5000000,Preston North End,31,GB1,Freddie Woodman,2779,eng ENG,GK,Liverpool,eng Premier League,28.0,1997,3,2,213,2.4,0,0,0,0,0,0,0,0,0.0,190,eng ENG,GK,eng Premier League,28,1997,3,2,213,2.4,4,1.69,13,9,69.2,1,0,1,0,0.0,0,0,0,0,2779,eng ENG,GK,eng Premier League,28,1997,2.4,0,0,0,,0.0,0.0,,,0,0,3466,eng ENG,GK,eng Premier League,28,1997,3,213,71,6.2,2.4,2,90,2,1,33,16,2.0,6,4,+2,0.85,0.62,2779,eng ENG,GK,eng Premier League,28,1997,2.4,0,0,0,0,0,0,0,0,0,0
572326,2025-12-16,5000000,Spartak Moscow,232,RU1,Christopher Wooh,2780,cm CMR,DF,Rennes,fr Ligue 1,23.0,2001,2,1,64,0.7,0,0,0,0,0,0,0,1,0.0,,,,,,,,,,,,,,,,,,,,,,,,,2780,cm CMR,DF,fr Ligue 1,23,2001,0.7,0,0,0,,0.0,0.0,,,0,0,3467,cm CMR,DF,fr Ligue 1,23,2001,2,64,32,2.1,0.7,1,10,0,1,54,0,1.5,1,0,+1,1.41,1.17,2780,cm CMR,DF,fr Ligue 1,23,2001,0.7,0,1,0,1,0,0,0,0,0,0
415970,2024-05-31,7500000,Besiktas JK,1132,GB1,Joe Worrall,2781,eng ENG,DF,Burnley,eng Premier League,28.0,1997,11,5,500,5.6,0,0,0,0,0,0,0,0,0.0,,,,,,,,,,,,,,,,,,,,,,,,,2781,eng ENG,DF,eng Premier League,28,1997,5.6,0,1,0,0.0,0.18,0.0,0.0,,0,0,3468,eng ENG,DF,eng Premier League,28,1997,11,500,45,14.6,5.6,5,83,4,6,14,13,0.82,10,11,-1,-0.18,0.93,2781,eng ENG,DF,eng Premier League,28,1997,5.6,0,0,0,4,1,0,0,6,2,0
111455,2025-12-09,10000000,Sunderland AFC,289,GB1,Granit Xhaka,2783,ch SUI,MF,Sunderland,eng Premier League,32.0,1992,34,32,2904,32.3,1,6,7,1,0,0,8,0,0.22,,,,,,,,,,,,,,,,,,,,,,,,,2783,ch SUI,MF,eng Premier League,32,1992,32.3,1,21,5,23.8,0.65,0.15,0.05,0.2,0,0,3472,ch SUI,MF,eng Premier League,32,1992,34,2904,85,84.9,32.3,32,89,30,2,29,0,1.5,38,39,-1,-0.03,0.84,2783,ch SUI,MF,eng Premier League,32,1992,32.3,8,0,0,23,40,0,99,29,33,0
937958,2024-07-18,120000000,FC Barcelona,131,ES1,Lamine Yamal,2784,es ESP,"MF,FW",Barcelona,es La Liga,18.0,2007,28,26,2262,25.1,16,11,27,13,3,4,1,0,0.95,,,,,,,,,,,,,,,,,,,,,,,,,2784,es ESP,"MF,FW",es La Liga,18,2007,25.1,16,117,37,31.6,4.66,1.47,0.11,0.35,3,4,3473,es ESP,"MF,FW",es La Liga,18,2007,28,2262,81,66.1,25.1,26,85,16,2,29,0,2.61,62,23,+39,1.55,0.0,2784,es ESP,"MF,FW",es La Liga,18,2007,25.1,1,0,0,28,52,14,77,8,20,0
221958,2024-06-07,3500000,Valencia CF,1041,FR1,Roman Yaremchuk,2786,ua UKR,FW,Lyon,fr Ligue 1,29.0,1995,11,5,561,6.2,4,1,5,4,0,0,1,0,0.8,,,,,,,,,,,,,,,,,,,,,,,,,2786,ua UKR,FW,fr Ligue 1,29,1995,6.2,4,16,6,37.5,2.57,0.96,0.25,0.67,0,0,3475,ua UKR,FW,fr Ligue 1,29,1995,11,561,51,18.3,6.2,5,74,0,6,32,1,1.36,12,9,+3,0.48,0.12,2786,ua UKR,FW,fr Ligue 1,29,1995,6.2,1,0,0,7,4,5,1,0,3,0
425902,2025-12-09,10000000,Nottingham Forest,703,GB1,Ryan Yates,2789,eng ENG,MF,Nottingham Forest,eng Premier League,27.0,1997,22,2,617,6.9,0,2,2,0,0,0,3,0,0.29,,,,,,,,,,,,,,,,,,,,,,,,,2789,eng ENG,MF,eng Premier League,27,1997,6.9,0,9,2,22.2,1.31,0.29,0.0,0.0,0,0,3478,eng ENG,MF,eng Premier League,27,1997,22,617,28,18.0,6.9,2,77,1,20,23,10,1.45,14,7,+7,1.02,1.34,2789,eng ENG,MF,eng Premier League,27,1997,6.9,3,0,0,13,13,0,5,9,10,0
672803,2025-12-17,2200000,Basaksehir FK,6890,TR1,Bertuğ Yıldırım,2791,tr TUR,FW,Rennes,fr Ligue 1,23.0,2002,1,0,3,0.0,0,0,0,0,0,0,0,0,0.0,,,,,,,,,,,,,,,,,,,,,,,,,2791,tr TUR,FW,fr Ligue 1,23,2002,0.0,0,0,0,,0.0,0.0,,,0,0,3480,tr TUR,FW,fr Ligue 1,23,2002,1,3,3,0.1,0.0,0,,0,1,3,2,1.0,0,0,0,0.0,-0.26,2791,tr TUR,FW,fr Ligue 1,23,2002,0.0,0,0,0,0,0,0,0,0,0,0
845654,2025-12-23,75000000,Juventus FC,506,IT1,Kenan Yıldız,2792,tr TUR,"MF,FW",Juventus,it Serie A,20.0,2005,36,33,2825,31.4,10,6,16,9,1,2,2,0,0.48,,,,,,,,,,,,,,,,,,,,,,,,,2792,tr TUR,"MF,FW",it Serie A,20,2005,31.4,10,97,40,41.2,3.09,1.27,0.09,0.23,1,2,3481,tr TUR,"MF,FW",it Serie A,20,2005,36,2825,78,82.6,31.4,33,83,12,3,25,1,1.81,49,26,+23,0.73,0.13,2792,tr TUR,"MF,FW",it Serie A,20,2005,31.4,2,0,0,23,56,7,122,7,14,0
717118,2024-06-03,1500000,FC Lorient,1158,FR1,Darlin Yongwa,2793,cm CMR,"DF,MF",Lorient,fr Ligue 1,24.0,2000,23,14,1312,14.6,0,1,1,0,0,0,4,1,0.07,,,,,,,,,,,,,,,,,,,,,,,,,2793,cm CMR,"DF,MF",fr Ligue 1,24,2000,14.6,0,10,2,20.0,0.69,0.14,0.0,0.0,0,0,3483,cm CMR,"DF,MF",fr Ligue 1,24,2000,23,1312,57,42.9,14.6,14,84,12,9,15,4,1.04,18,20,-2,-0.14,-0.09,2793,cm CMR,"DF,MF",fr Ligue 1,24,2000,14.6,4,1,0,14,22,1,38,11,24,0
923831,2025-12-09,55000000,Manchester United,985,GB1,Leny Yoro,2794,fr FRA,DF,Manchester Utd,eng Premier League,19.0,2005,32,18,1740,19.3,0,0,0,0,0,0,1,0,0.0,,,,,,,,,,,,,,,,,,,,,,,,,2794,fr FRA,DF,eng Premier League,19,2005,19.3,0,9,3,33.3,0.47,0.16,0.0,0.0,0,0,3484,fr FRA,DF,eng Premier League,19,2005,32,1740,54,50.9,19.3,18,82,9,14,20,5,1.72,28,33,-5,-0.26,-1.54,2794,fr FRA,DF,eng Premier League,19,2005,19.3,1,0,0,17,5,2,3,31,20,0
1153105,2025-12-18,4000000,FC Famalicão,273,FR1,Yassir Zabiri,2798,ma MAR,MF,Rennes,fr Ligue 1,20.0,2005,6,0,48,0.5,0,0,0,0,0,0,0,0,0.0,,,,,,,,,,,,,,,,,,,,,,,,,2798,ma MAR,MF,fr Ligue 1,20,2005,0.5,0,4,2,50.0,7.5,3.75,0.0,0.0,0,0,3489,ma MAR,MF,fr Ligue 1,20,2005,6,48,8,1.6,0.5,0,,0,6,8,6,1.67,1,0,+1,1.87,1.64,2798,ma MAR,MF,fr Ligue 1,20,2005,0.5,0,0,0,6,0,0,1,0,1,0
283735,2025-12-23,15000000,SS Lazio,398,IT1,Mattia Zaccagni,2799,it ITA,FW,Lazio,it Serie A,30.0,1995,26,26,2104,23.4,3,0,3,3,0,1,6,1,0.13,,,,,,,,,,,,,,,,,,,,,,,,,2799,it ITA,FW,it Serie A,30,1995,23.4,3,34,14,41.2,1.45,0.6,0.09,0.21,0,1,3490,it ITA,FW,it Serie A,30,1995,26,2104,81,61.5,23.4,26,81,15,0,,1,1.42,20,21,-1,-0.04,-0.18,2799,it ITA,FW,it Serie A,30,1995,23.4,6,1,0,30,82,6,55,20,21,0
659648,2023-06-13,150000,Sassuolo Primavera,6574,IT1,Gioele Zacchi,2800,it ITA,GK,Sassuolo,it Serie A,22.0,2003,1,0,8,0.1,0,0,0,0,0,0,0,0,0.0,191,it ITA,GK,it Serie A,22,2003,1,0,8,0.1,0,0.0,0,0,,0,0,0,0,,0,0,0,0,2800,it ITA,GK,it Serie A,22,2003,0.1,0,0,0,,0.0,0.0,,,0,0,3491,it ITA,GK,it Serie A,22,2003,1,8,8,0.2,0.1,0,,0,1,8,33,0.0,0,0,0,0.0,0.11,2800,it ITA,GK,it Serie A,22,2003,0.1,0,0,0,0,0,0,0,0,0,0
344598,2025-12-19,2000000,VfB Stuttgart,79,L1,Dan-Axel Zagadou,2802,fr FRA,DF,Stuttgart,de Bundesliga,26.0,1999,3,3,209,2.3,0,0,0,0,0,0,0,0,0.0,,,,,,,,,,,,,,,,,,,,,,,,,2802,fr FRA,DF,de Bundesliga,26,1999,2.3,0,6,1,16.7,2.58,0.43,0.0,0.0,0,0,3493,fr FRA,DF,de Bundesliga,26,1999,3,209,70,6.8,2.3,3,70,1,0,,8,2.33,4,4,0,0.0,-0.69,2802,fr FRA,DF,de Bundesliga,26,1999,2.3,0,0,0,5,1,0,0,5,4,0
810092,2025-12-15,50000000,Paris Saint-Germain,583,FR1,Warren Zaïre-Emery,2804,fr FRA,"DF,MF",Paris Saint-Germain,fr Ligue 1,19.0,2006,32,27,2447,27.2,3,4,7,3,0,0,3,0,0.26,,,,,,,,,,,,,,,,,,,,,,,,,2804,fr FRA,"DF,MF",fr Ligue 1,19,2006,27.2,3,19,7,36.8,0.7,0.26,0.16,0.43,0,0,3495,fr FRA,"DF,MF",fr Ligue 1,19,2006,32,2447,76,80.0,27.2,27,83,18,5,39,0,2.19,60,23,+37,1.36,0.19,2804,fr FRA,"DF,MF",fr Ligue 1,19,2006,27.2,3,0,0,35,17,0,15,11,29,0
334526,2025-12-15,25000000,AS Monaco,162,FR1,Denis Zakaria,2805,ch SUI,"DF,MF",Monaco,fr Ligue 1,28.0,1996,24,23,2031,22.6,2,1,3,2,0,0,4,1,0.13,,,,,,,,,,,,,,,,,,,,,,,,,2805,ch SUI,"DF,MF",fr Ligue 1,28,1996,22.6,2,18,3,16.7,0.8,0.13,0.11,0.67,0,0,3496,ch SUI,"DF,MF",fr Ligue 1,28,1996,24,2031,85,66.4,22.6,23,88,19,1,12,0,1.67,40,32,+8,0.35,0.53,2805,ch SUI,"DF,MF",fr Ligue 1,28,1996,22.6,4,1,0,26,7,0,11,45,25,1
555143,2024-06-07,18000000,Real Sociedad,681,ES1,Arsen Zakharyan,2806,ru RUS,MF,Real Sociedad,es La Liga,22.0,2003,17,3,458,5.1,0,0,0,0,0,0,2,0,0.0,,,,,,,,,,,,,,,,,,,,,,,,,2806,ru RUS,MF,es La Liga,22,2003,5.1,0,14,3,21.4,2.75,0.59,0.0,0.0,0,0,3497,ru RUS,MF,es La Liga,22,2003,17,458,27,13.4,5.1,3,59,0,14,20,15,1.0,11,13,-2,-0.39,-0.39,2806,ru RUS,MF,es La Liga,22,2003,5.1,2,0,0,9,2,4,26,2,6,0
550108,2025-12-23,15000000,Atalanta BC,800,IT1,Nicola Zalewski,2807,pl POL,MF,Atalanta,it Serie A,23.0,2002,33,24,1897,21.1,2,4,6,2,0,0,3,0,0.28,,,,,,,,,,,,,,,,,,,,,,,,,2807,pl POL,MF,it Serie A,23,2002,21.1,2,38,7,18.4,1.8,0.33,0.05,0.29,0,0,3498,pl POL,MF,it Serie A,23,2002,33,1897,57,55.5,21.1,24,69,5,9,28,3,1.64,29,13,+16,0.76,0.82,2807,pl POL,MF,it Serie A,23,2002,21.1,3,0,0,21,51,3,124,16,20,0
392085,2025-12-23,13000000,Udinese Calcio,410,IT1,Nicolò Zaniolo,2809,it ITA,"FW,MF",Udinese,it Serie A,26.0,1999,32,28,2257,25.1,5,6,11,5,0,0,8,0,0.44,,,,,,,,,,,,,,,,,,,,,,,,,2809,it ITA,"FW,MF",it Serie A,26,1999,25.1,5,72,22,30.6,2.87,0.88,0.07,0.23,0,0,3500,it ITA,"FW,MF",it Serie A,26,1999,32,2257,71,66.0,25.1,28,77,10,4,23,0,1.34,29,27,+2,0.08,0.47,2809,it ITA,"FW,MF",it Serie A,26,1999,25.1,8,0,0,61,61,6,120,4,21,0
397225,2024-06-05,5000000,US Salernitana 1919,410,IT1,Alessandro Zanoli,2810,it ITA,MF,Udinese,it Serie A,24.0,2000,19,16,1280,14.2,1,2,3,1,0,0,1,0,0.21,,,,,,,,,,,,,,,,,,,,,,,,,2810,it ITA,MF,it Serie A,24,2000,14.2,1,3,1,33.3,0.21,0.07,0.33,1.0,0,0,3501,it ITA,MF,it Serie A,24,2000,19,1280,67,37.4,14.2,16,75,1,3,26,1,1.16,16,18,-2,-0.14,-0.1,2810,it ITA,MF,it Serie A,24,2000,14.2,1,0,0,16,5,1,40,7,18,0
73794,2024-06-05,8000000,Torino FC,416,IT1,Duván Zapata,2811,co COL,FW,Torino,it Serie A,34.0,1991,28,11,1103,12.3,3,1,4,3,0,1,0,0,0.33,,,,,,,,,,,,,,,,,,,,,,,,,2811,co COL,FW,it Serie A,34,1991,12.3,3,34,15,44.1,2.77,1.22,0.09,0.2,0,1,3503,co COL,FW,it Serie A,34,1991,28,1103,39,32.3,12.3,11,66,1,17,22,5,1.18,21,22,-1,-0.08,0.62,2811,co COL,FW,it Serie A,34,1991,12.3,0,0,0,15,24,7,8,1,2,0
392569,2025-12-23,4000000,Cagliari Calcio,1390,IT1,Gabriele Zappa,2812,it ITA,"DF,MF",Cagliari,it Serie A,25.0,1999,31,18,1597,17.7,0,3,3,0,0,0,2,0,0.17,,,,,,,,,,,,,,,,,,,,,,,,,2812,it ITA,"DF,MF",it Serie A,25,1999,17.7,0,11,2,18.2,0.62,0.11,0.0,0.0,0,0,3504,it ITA,"DF,MF",it Serie A,25,1999,31,1597,52,46.7,17.7,18,77,10,13,16,4,1.03,19,27,-8,-0.45,-0.2,2812,it ITA,"DF,MF",it Serie A,25,1999,17.7,2,0,0,13,5,0,37,18,17,0
173859,2025-12-23,3500000,Atalanta BC,800,IT1,Davide Zappacosta,2813,it ITA,MF,Atalanta,it Serie A,33.0,1992,35,30,2569,28.5,3,3,6,3,0,0,3,0,0.21,,,,,,,,,,,,,,,,,,,,,,,,,2813,it ITA,MF,it Serie A,33,1992,28.5,3,37,9,24.3,1.3,0.32,0.08,0.33,0,0,3505,it ITA,MF,it Serie A,33,1992,35,2569,73,75.1,28.5,30,79,15,5,37,3,1.54,41,24,+17,0.6,0.81,2813,it ITA,MF,it Serie A,33,1992,28.5,3,0,0,18,8,7,107,18,14,0
713644,2025-12-12,10000000,Celta de Vigo,12,IT1,Bryan Zaragoza,2814,es ESP,MF,Roma,it Serie A,23.0,2001,4,2,135,1.5,0,1,1,0,0,0,1,0,0.67,,,,,,,,,,,,,,,,,,,,,,,,,2814,es ESP,MF,it Serie A,23,2001,1.5,0,1,1,100.0,0.67,0.67,0.0,0.0,0,0,3506,es ESP,MF,it Serie A,23,2001,4,135,34,3.9,1.5,2,50,0,2,18,7,2.0,2,2,0,0.0,-0.77,2814,es ESP,MF,it Serie A,23,2001,1.5,1,0,0,5,5,0,9,0,1,0
713644,2025-12-12,10000000,Celta de Vigo,12,IT1,Bryan Zaragoza,2815,es ESP,"FW,MF",Celta Vigo,es La Liga,23.0,2001,19,13,1131,12.6,1,1,2,0,1,1,1,0,0.08,,,,,,,,,,,,,,,,,,,,,,,,,2815,es ESP,"FW,MF",es La Liga,23,2001,12.6,1,26,12,46.2,2.07,0.95,0.0,0.0,1,1,3507,es ESP,"FW,MF",es La Liga,23,2001,19,1131,60,33.1,12.6,13,76,4,6,24,2,1.47,16,12,+4,0.32,0.28,2815,es ESP,"FW,MF",es La Liga,23,2001,12.6,1,0,0,7,17,6,67,2,5,0
524010,2025-12-23,1800000,Udinese Calcio,410,IT1,Oier Zarraga,2816,es ESP,MF,Udinese,it Serie A,26.0,1999,24,2,475,5.3,0,0,0,0,0,0,2,0,0.0,,,,,,,,,,,,,,,,,,,,,,,,,2816,es ESP,MF,it Serie A,26,1999,5.3,0,4,1,25.0,0.76,0.19,0.0,0.0,0,0,3508,es ESP,MF,it Serie A,26,1999,24,475,20,13.9,5.3,2,83,1,22,14,14,1.71,5,10,-5,-0.95,-1.01,2816,es ESP,MF,it Serie A,26,1999,5.3,2,0,0,8,5,0,12,7,6,0
730484,2024-06-06,1500000,SC Paderborn 07,82,L1,Aaron Zehnter,2818,de GER,"DF,MF",Wolfsburg,de Bundesliga,20.0,2004,20,17,1456,16.2,2,0,2,2,0,0,0,0,0.12,,,,,,,,,,,,,,,,,,,,,,,,,2818,de GER,"DF,MF",de Bundesliga,20,2004,16.2,2,11,5,45.5,0.68,0.31,0.18,0.4,0,0,3510,de GER,"DF,MF",de Bundesliga,20,2004,20,1456,73,47.6,16.2,17,85,10,3,3,8,1.1,23,29,-6,-0.37,0.64,2818,de GER,"DF,MF",de Bundesliga,20,2004,16.2,0,0,0,2,0,0,36,16,10,0
633530,2025-12-23,4000000,Udinese Calcio,410,IT1,Jordan Zemura,2819,zw ZIM,"MF,DF",Udinese,it Serie A,25.0,1999,17,13,1127,12.5,0,1,1,0,0,0,3,0,0.08,,,,,,,,,,,,,,,,,,,,,,,,,2819,zw ZIM,"MF,DF",it Serie A,25,1999,12.5,0,5,1,20.0,0.4,0.08,0.0,0.0,0,0,3513,zw ZIM,"MF,DF",it Serie A,25,1999,17,1127,66,33.0,12.5,13,81,8,4,19,8,1.12,14,16,-2,-0.16,-0.12,2819,zw ZIM,"MF,DF",it Serie A,25,1999,12.5,3,0,0,26,11,2,35,6,17,0
160963,2025-12-19,3000000,1.FSV Mainz 05,39,L1,Robin Zentner,2820,de GER,GK,Mainz 05,de Bundesliga,30.0,1994,10,10,876,9.7,0,0,0,0,0,0,2,1,0.0,192,de GER,GK,de Bundesliga,30,1994,10,10,876,9.7,14,1.44,45,31,68.9,1,3,6,0,0.0,0,0,0,0,2820,de GER,GK,de Bundesliga,30,1994,9.7,0,0,0,,0.0,0.0,,,0,0,3514,de GER,GK,de Bundesliga,30,1994,10,876,88,28.6,9.7,10,88,9,0,,3,0.6,9,14,-5,-0.51,-0.35,2820,de GER,GK,de Bundesliga,30,1994,9.7,2,1,0,2,1,0,0,0,0,0
433584,2025-12-23,2200000,US Cremonese,2239,IT1,Alessio Zerbin,2821,it ITA,MF,Cremonese,it Serie A,26.0,1999,32,17,1646,18.3,0,3,3,0,0,0,1,0,0.16,,,,,,,,,,,,,,,,,,,,,,,,,2821,it ITA,MF,it Serie A,26,1999,18.3,0,21,7,33.3,1.15,0.38,0.0,0.0,0,0,3515,it ITA,MF,it Serie A,26,1999,32,1646,51,48.1,18.3,17,73,3,15,27,2,0.88,11,24,-13,-0.71,-0.1,2821,it ITA,MF,it Serie A,26,1999,18.3,1,0,0,37,20,7,58,3,20,0
196813,2025-12-19,4500000,Eintracht Frankfurt,24,L1,Michael Zetterer,2823,de GER,GK,Eintracht Frankfurt,de Bundesliga,30.0,1995,22,21,1976,22.0,0,0,0,0,0,0,1,0,0.0,193,de GER,GK,de Bundesliga,30,1995,22,21,1976,22.0,33,1.5,93,62,66.7,8,7,6,6,28.6,2,2,0,0,2823,de GER,GK,de Bundesliga,30,1995,22.0,0,0,0,,0.0,0.0,,,0,0,3517,de GER,GK,de Bundesliga,30,1995,22,1976,90,64.6,22.0,21,90,21,1,86,12,1.55,34,33,+1,0.05,0.46,2823,de GER,GK,de Bundesliga,30,1995,22.0,1,0,0,0,6,0,0,1,1,0
496857,2025-12-23,20000000,Juventus FC,506,IT1,Edon Zhegrova,2824,xk KVX,MF,Juventus,it Serie A,26.0,1999,19,0,382,4.2,0,0,0,0,0,0,1,0,0.0,,,,,,,,,,,,,,,,,,,,,,,,,2824,xk KVX,MF,it Serie A,26,1999,4.2,0,19,9,47.4,4.48,2.12,0.0,0.0,0,0,3519,xk KVX,MF,it Serie A,26,1999,19,382,20,11.2,4.2,0,,0,19,20,15,1.47,10,4,+6,1.41,0.79,2824,xk KVX,MF,it Serie A,26,1999,4.2,1,0,0,4,6,2,48,0,3,0
203853,2025-12-09,15000000,Nottingham Forest,610,NL1,Oleksandr Zinchenko,2826,ua UKR,DF,Nottingham Forest,eng Premier League,28.0,1996,5,4,353,3.9,0,0,0,0,0,0,0,0,0.0,,,,,,,,,,,,,,,,,,,,,,,,,2826,ua UKR,DF,eng Premier League,28,1996,3.9,0,4,2,50.0,1.02,0.51,0.0,0.0,0,0,3523,ua UKR,DF,eng Premier League,28,1996,5,353,71,10.3,3.9,4,86,3,1,10,3,0.2,1,6,-5,-1.27,-1.33,2826,ua UKR,DF,eng Premier League,28,1996,3.9,0,0,0,1,2,1,18,2,6,0
548347,2025-12-15,300000,Angers SCO,1420,FR1,Melvin Zinga,2827,fr FRA,GK,Angers,fr Ligue 1,23.0,2002,3,2,222,2.5,0,0,0,0,0,0,0,0,0.0,194,fr FRA,GK,fr Ligue 1,23,2002,3,2,222,2.5,5,2.03,13,8,61.5,0,0,2,0,0.0,0,0,0,0,2827,fr FRA,GK,fr Ligue 1,23,2002,2.5,0,0,0,,0.0,0.0,,,0,0,3524,fr FRA,GK,fr Ligue 1,23,2002,3,222,74,7.3,2.5,2,90,2,1,42,21,0.33,3,5,-2,-0.81,-0.27,2827,fr FRA,GK,fr Ligue 1,23,2002,2.5,0,0,0,0,0,0,0,0,1,0
435648,2025-12-09,25000000,Manchester United,985,GB1,Joshua Zirkzee,2829,nl NED,"FW,MF",Manchester Utd,eng Premier League,24.0,2001,24,5,626,7.0,2,1,3,2,0,0,3,0,0.43,,,,,,,,,,,,,,,,,,,,,,,,,2829,nl NED,"FW,MF",eng Premier League,24,2001,7.0,2,25,9,36.0,3.59,1.29,0.08,0.22,0,0,3527,nl NED,"FW,MF",eng Premier League,24,2001,24,626,26,18.3,7.0,5,73,2,19,14,12,1.79,9,8,+1,0.14,-0.44,2829,nl NED,"FW,MF",eng Premier League,24,2001,7.0,3,0,0,8,6,1,5,1,6,0
187097,2025-12-19,1200000,1.FC Heidenheim 1846,2036,L1,Budu Zivzivadze,2830,ge GEO,FW,Heidenheim,de Bundesliga,31.0,1994,20,14,1142,12.7,6,0,6,6,0,0,2,1,0.47,,,,,,,,,,,,,,,,,,,,,,,,,2830,ge GEO,FW,de Bundesliga,31,1994,12.7,6,28,14,50.0,2.21,1.1,0.21,0.43,0,0,3528,ge GEO,FW,de Bundesliga,31,1994,20,1142,57,37.3,12.7,14,70,3,6,28,0,0.7,19,30,-11,-0.87,0.07,2830,ge GEO,FW,de Bundesliga,31,1994,12.7,2,1,0,15,13,8,6,1,10,0
1144999,2024-06-03,100000,Stade Brestois 29,3911,FR1,Luck Zogbé,2831,ci CIV,DF,Brest,fr Ligue 1,20.0,2005,9,3,288,3.2,0,0,0,0,0,0,0,0,0.0,,,,,,,,,,,,,,,,,,,,,,,,,2831,ci CIV,DF,fr Ligue 1,20,2005,3.2,0,3,0,0.0,0.94,0.0,0.0,,0,0,3529,ci CIV,DF,fr Ligue 1,20,2005,9,288,32,9.4,3.2,3,90,3,6,3,20,1.33,4,7,-3,-0.94,-0.65,2831,ci CIV,DF,fr Ligue 1,20,2005,3.2,0,0,0,7,5,0,11,3,5,0
392966,2025-12-23,7500000,Bologna FC 1909,1025,IT1,Nadir Zortea,2832,it ITA,DF,Bologna,it Serie A,26.0,1999,32,16,1819,20.2,0,2,2,0,0,0,2,0,0.1,,,,,,,,,,,,,,,,,,,,,,,,,2832,it ITA,DF,it Serie A,26,1999,20.2,0,11,1,9.1,0.54,0.05,0.0,0.0,0,0,3531,it ITA,DF,it Serie A,26,1999,32,1819,57,53.2,20.2,16,87,11,16,27,6,1.31,20,27,-7,-0.35,-0.91,2832,it ITA,DF,it Serie A,26,1999,20.2,2,0,0,28,17,1,67,20,17,0
691841,2025-12-15,1800000,Le Havre AC,738,FR1,Yanis Zouaoui,2833,dz ALG,"DF,MF",Le Havre,fr Ligue 1,27.0,1998,30,28,2338,26.0,1,1,2,0,1,1,7,0,0.04,,,,,,,,,,,,,,,,,,,,,,,,,2833,dz ALG,"DF,MF",fr Ligue 1,27,1998,26.0,1,16,5,31.3,0.62,0.19,0.0,0.0,1,1,3532,dz ALG,"DF,MF",fr Ligue 1,27,1998,30,2338,78,76.4,26.0,28,82,14,2,25,0,0.93,24,37,-13,-0.5,-0.63,2833,dz ALG,"DF,MF",fr Ligue 1,27,1998,26.0,7,0,0,22,26,1,182,27,30,1
355628,2025-12-12,9000000,Real Sociedad,681,ES1,Igor Zubeldia,2834,es ESP,DF,Real Sociedad,es La Liga,28.0,1997,25,23,2082,23.1,0,1,1,0,0,0,9,0,0.04,,,,,,,,,,,,,,,,,,,,,,,,,2834,es ESP,DF,es La Liga,28,1997,23.1,0,6,1,16.7,0.26,0.04,0.0,0.0,0,0,3533,es ESP,DF,es La Liga,28,1997,25,2082,83,60.9,23.1,23,88,22,2,25,3,1.28,34,37,-3,-0.13,-0.2,2834,es ESP,DF,es La Liga,28,1997,23.1,9,0,0,38,5,0,0,23,21,0
423440,2024-06-07,50000000,Real Sociedad,11,GB1,Martín Zubimendi,2835,es ESP,MF,Arsenal,eng Premier League,26.0,1999,38,34,2992,33.2,5,1,6,5,0,0,4,0,0.18,,,,,,,,,,,,,,,,,,,,,,,,,2835,es ESP,MF,eng Premier League,26,1999,33.2,5,27,9,33.3,0.81,0.27,0.19,0.56,0,0,3534,es ESP,MF,eng Premier League,26,1999,38,2992,79,87.5,33.2,34,84,22,4,32,0,2.24,57,25,+32,0.96,-1.56,2835,es ESP,MF,eng Premier League,26,1999,33.2,4,0,0,33,15,1,13,39,39,0
316264,2025-12-09,75000000,Arsenal FC,11,GB1,Martin Ødegaard,2836,no NOR,MF,Arsenal,eng Premier League,26.0,1998,24,16,1369,15.2,1,6,7,1,0,0,0,0,0.46,,,,,,,,,,,,,,,,,,,,,,,,,2836,no NOR,MF,eng Premier League,26,1998,15.2,1,22,8,36.4,1.45,0.53,0.05,0.13,0,0,3535,no NOR,MF,eng Premier League,26,1998,24,1369,57,40.0,15.2,16,72,7,8,26,1,2.17,29,13,+16,1.05,-0.18,2836,no NOR,MF,eng Premier League,26,1998,15.2,0,0,0,9,9,2,22,7,9,0
